/* Automatically generated by encrypt.py. Do not edit. */
#ifndef HOOK_BYTES_H
#define HOOK_BYTES_H

const unsigned char xor_key = 0xd2;
const unsigned int hook_bytes_len = 98179;

const unsigned char hook_bytes[] = {
    0x22, 0x4d, 0x41, 0x74, 0xd8, 0xeb, 0xea, 0xe3, 0xe7, 0xe2, 0xf2, 0xfd, 
    0xa1, 0xa0, 0xb1, 0xfd, 0xbb, 0xbc, 0xb6, 0xb7, 0xaa, 0xfc, 0xb8, 0xa1, 
    0xd8, 0x30, 0x4e, 0x56, 0xd8, 0xb4, 0xa7, 0xbc, 0xb1, 0xa6, 0xbb, 0xbd, 
    0xbc, 0xf2, 0xb7, 0xa6, 0xfa, 0xb7, 0xfe, 0xfc, 0xfc, 0xfc, 0xa6, 0xfb, 
    0xa9, 0x81, 0xb1, 0xa0, 0xbb, 0xa2, 0xa6, 0xfc, 0xbc, 0xb7, 0xaa, 0xa6, 
    0x86, 0xbb, 0xb1, 0xb9, 0xfa, 0xb7, 0xfe, 0xfc, 0xfc, 0xfc, 0xa6, 0xfb, 
    0xaf, 0xa4, 0xb3, 0xa0, 0xf2, 0xa6, 0xa6, 0xef, 0xf0, 0x94, 0xa0, 0xbb, 
    0xb6, 0xb3, 0xf0, 0xfe, 0xbc, 0xa6, 0xef, 0xf3, 0xe3, 0xfe, 0xa0, 0xa6, 
    0xef, 0xa4, 0xa6, 0xfa, 0xfb, 0xfe, 0xa1, 0xa6, 0xef, 0x82, 0xa0, 0xbd, 
    0xb1, 0xb7, 0xa1, 0xa1, 0xfc, 0xbb, 0xb6, 0xfe, 0xbb, 0xa6, 0xef, 0xa9, 
    0x94, 0x80, 0x9b, 0x96, 0x93, 0x8d, 0x91, 0x9d, 0x9f, 0x82, 0x9b, 0x9e, 
    0x97, 0xe8, 0xf0, 0xe3, 0xf0, 0xaf, 0xfe, 0xb3, 0xa6, 0xef, 0x89, 0x8f, 
    0xfe, 0xbd, 0xa6, 0xef, 0x94, 0xa0, 0xbb, 0xb6, 0xb3, 0xfc, 0xa4, 0xb7, 
    0xa0, 0xa1, 0xbb, 0xbd, 0xbc, 0xfe, 0xb1, 0xa6, 0xef, 0xa9, 0xaf, 0xe9, 
    0xb4, 0xa7, 0xbc, 0xb1, 0xa6, 0xbb, 0xbd, 0xbc, 0xf2, 0xa6, 0xb7, 0xfa, 
    0xfb, 0xa9, 0xaf, 0xa4, 0xb3, 0xa0, 0xf2, 0xbe, 0xa6, 0xef, 0xa6, 0xb7, 
    0xfe, 0xa7, 0xa6, 0xef, 0xa6, 0xb7, 0xfe, 0xb6, 0xa6, 0xef, 0xa6, 0xb7, 
    0xfe, 0xbf, 0xa6, 0xef, 0xa6, 0xb7, 0xfe, 0xb4, 0xa6, 0xef, 0xa6, 0xb7, 
    0xfe, 0xba, 0xa6, 0xef, 0xa6, 0xb7, 0xfe, 0xa2, 0xa6, 0xef, 0xa6, 0xb7, 
    0xfe, 0xab, 0xa6, 0xef, 0xa6, 0xb7, 0xfe, 0xb5, 0xa6, 0xef, 0xa6, 0xb7, 
    0xfe, 0xb0, 0xa6, 0xef, 0xb4, 0xa7, 0xbc, 0xb1, 0xa6, 0xbb, 0xbd, 0xbc, 
    0xfa, 0xb7, 0xfb, 0xa9, 0xa0, 0xb7, 0xa6, 0xa7, 0xa0, 0xbc, 0x89, 0x8f, 
    0xaf, 0xe9, 0xb4, 0xa7, 0xbc, 0xb1, 0xa6, 0xbb, 0xbd, 0xbc, 0xf2, 0x81, 
    0xa6, 0xfa, 0xb7, 0xfb, 0xa9, 0xa6, 0xba, 0xa0, 0xbd, 0xa5, 0xf2, 0xbc, 
    0xb7, 0xa5, 0xf2, 0x97, 0xa0, 0xa0, 0xbd, 0xa0, 0xfa, 0xf0, 0xa2, 0xa0, 
    0xbd, 0xb1, 0xb7, 0xa1, 0xa1, 0xfc, 0xb0, 0xbb, 0xbc, 0xb6, 0xbb, 0xbc, 
    0xb5, 0xf2, 0xbb, 0xa1, 0xf2, 0xbc, 0xbd, 0xa6, 0xf2, 0xa1, 0xa7, 0xa2, 
    0xa2, 0xbd, 0xa0, 0xa6, 0xb7, 0xb6, 0xf0, 0xfb, 0xaf, 0xb4, 0xa7, 0xbc, 
    0xb1, 0xa6, 0xbb, 0xbd, 0xbc, 0xf2, 0x8d, 0xa6, 0xfa, 0xfb, 0xa9, 0xa0, 
    0xb7, 0xa6, 0xa7, 0xa0, 0xbc, 0xf2, 0x82, 0xa0, 0xbd, 0xb1, 0xb7, 0xa1, 
    0xa1, 0xfc, 0xa2, 0xbe, 0xb3, 0xa6, 0xb4, 0xbd, 0xa0, 0xbf, 0xef, 0xef, 
    0xef, 0xf0, 0xa5, 0xbb, 0xbc, 0xb6, 0xbd, 0xa5, 0xa1, 0xf0, 0xed, 0xf0, 
    0x91, 0xe8, 0x8e, 0x8e, 0xf0, 0xe8, 0xf0, 0xfd, 0xf0, 0xaf, 0xb4, 0xa7, 
    0xbc, 0xb1, 0xa6, 0xbb, 0xbd, 0xbc, 0xf2, 0x86, 0xa6, 0xfa, 0xb7, 0xfb, 
    0xa9, 0xa6, 0xba, 0xa0, 0xbd, 0xa5, 0xf2, 0xbc, 0xb7, 0xa5, 0xf2, 0x97, 
    0xa0, 0xa0, 0xbd, 0xa0, 0xfa, 0xf0, 0xa2, 0xa0, 0xbd, 0xb1, 0xb7, 0xa1, 
    0xa1, 0xfc, 0xb1, 0xba, 0xb6, 0xbb, 0xa0, 0xf2, 0xbb, 0xa1, 0xf2, 0xbc, 
    0xbd, 0xa6, 0xf2, 0xa1, 0xa7, 0xa2, 0xa2, 0xbd, 0xa0, 0xa6, 0xb7, 0xb6, 
    0xf0, 0xfb, 0xaf, 0xb4, 0xa7, 0xbc, 0xb1, 0xa6, 0xbb, 0xbd, 0xbc, 0xf2, 
    0xaa, 0xa6, 0xfa, 0xfb, 0xa9, 0xa0, 0xb7, 0xa6, 0xa7, 0xa0, 0xbc, 0xf2, 
    0xe2, 0xaf, 0xa4, 0xb3, 0xa0, 0xf2, 0x9e, 0xef, 0xa9, 0xbc, 0xb7, 0xaa, 
    0xa6, 0x86, 0xbb, 0xb1, 0xb9, 0xe8, 0xb7, 0xa6, 0xfe, 0xa6, 0xbb, 0xa6, 
    0xbe, 0xb7, 0xe8, 0xa6, 0xa6, 0xfe, 0xb0, 0xa0, 0xbd, 0xa5, 0xa1, 0xb7, 
    0xa0, 0xe8, 0xbc, 0xa6, 0xfe, 0xa2, 0xbe, 0xb3, 0xa6, 0xb4, 0xbd, 0xa0, 
    0xbf, 0xe8, 0xa0, 0xa6, 0xfe, 0xa2, 0xbb, 0xb6, 0xe8, 0xa1, 0xa6, 0xfe, 
    0xb7, 0xbc, 0xa4, 0xe8, 0xbb, 0xa6, 0xfe, 0xb3, 0xa0, 0xb5, 0xa4, 0xe8, 
    0xb3, 0xa6, 0xfe, 0xa4, 0xb7, 0xa0, 0xa1, 0xbb, 0xbd, 0xbc, 0xe8, 0xbd, 
    0xa6, 0xfe, 0xa4, 0xb7, 0xa0, 0xa1, 0xbb, 0xbd, 0xbc, 0xa1, 0xe8, 0xb1, 
    0xa6, 0xfe, 0xbd, 0xbc, 0xe8, 0xbe, 0xa6, 0xfe, 0xb3, 0xb6, 0xb6, 0x9e, 
    0xbb, 0xa1, 0xa6, 0xb7, 0xbc, 0xb7, 0xa0, 0xe8, 0xa7, 0xa6, 0xfe, 0xbd, 
    0xbc, 0xb1, 0xb7, 0xe8, 0xb6, 0xa6, 0xfe, 0xbd, 0xb4, 0xb4, 0xe8, 0xbf, 
    0xa6, 0xfe, 0xa0, 0xb7, 0xbf, 0xbd, 0xa4, 0xb7, 0x9e, 0xbb, 0xa1, 0xa6, 
    0xb7, 0xbc, 0xb7, 0xa0, 0xe8, 0xb4, 0xa6, 0xfe, 0xa0, 0xb7, 0xbf, 0xbd, 
    0xa4, 0xb7, 0x93, 0xbe, 0xbe, 0x9e, 0xbb, 0xa1, 0xa6, 0xb7, 0xbc, 0xb7, 
    0xa0, 0xa1, 0xe8, 0xba, 0xa6, 0xfe, 0xb7, 0xbf, 0xbb, 0xa6, 0xe8, 0xa2, 
    0xa6, 0xfe, 0xa2, 0xa0, 0xb7, 0xa2, 0xb7, 0xbc, 0xb6, 0x9e, 0xbb, 0xa1, 
    0xa6, 0xb7, 0xbc, 0xb7, 0xa0, 0xe8, 0xab, 0xa6, 0xfe, 0xa2, 0xa0, 0xb7, 
    0xa2, 0xb7, 0xbc, 0xb6, 0x9d, 0xbc, 0xb1, 0xb7, 0x9e, 0xbb, 0xa1, 0xa6, 
    0xb7, 0xbc, 0xb7, 0xa0, 0xe8, 0xb5, 0xa6, 0xfe, 0xbe, 0xbb, 0xa1, 0xa6, 
    0xb7, 0xbc, 0xb7, 0xa0, 0xa1, 0xe8, 0xb0, 0xa6, 0xfe, 0xb0, 0xbb, 0xbc, 
    0xb6, 0xbb, 0xbc, 0xb5, 0xe8, 0x81, 0xa6, 0xfe, 0xb1, 0xa5, 0xb6, 0xe8, 
    0x8d, 0xa6, 0xfe, 0xb1, 0xba, 0xb6, 0xbb, 0xa0, 0xe8, 0x86, 0xa6, 0xfe, 
    0xa7, 0xbf, 0xb3, 0xa1, 0xb9, 0xe8, 0xaa, 0xa6, 0xaf, 0xe9, 0xb4, 0xa7, 
    0xbc, 0xb1, 0xa6, 0xbb, 0xbd, 0xbc, 0xf2, 0xa4, 0xa6, 0xfa, 0xfb, 0xa9, 
    0xbe, 0xb7, 0xa6, 0xf2, 0xb7, 0xef, 0x82, 0xa0, 0xbd, 0xb1, 0xb7, 0xa1, 
    0xa1, 0xfc, 0xa2, 0xbe, 0xb3, 0xa6, 0xb4, 0xbd, 0xa0, 0xbf, 0xe9, 0xa0, 
    0xb7, 0xa6, 0xa7, 0xa0, 0xbc, 0xf2, 0xb7, 0xef, 0xef, 0xef, 0xf0, 0xa5, 
    0xbb, 0xbc, 0xb6, 0xbd, 0xa5, 0xa1, 0xf0, 0xed, 0xf0, 0xa5, 0xbb, 0xbc, 
    0xe1, 0xe0, 0xf0, 0xe8, 0xb7, 0xaf, 0xa4, 0xb3, 0xa0, 0xf2, 0xb6, 0xef, 
    0xb4, 0xa7, 0xbc, 0xb1, 0xa6, 0xbb, 0xbd, 0xbc, 0xfa, 0xb7, 0xfe, 0xa6, 
    0xfe, 0xbd, 0xfe, 0xbc, 0xfb, 0xa9, 0xa4, 0xb3, 0xa0, 0xf2, 0xa0, 0xef, 
    0xb3, 0xa0, 0xb5, 0xa7, 0xbf, 0xb7, 0xbc, 0xa6, 0xa1, 0xfc, 0xbe, 0xb7, 
    0xbc, 0xb5, 0xa6, 0xba, 0xfe, 0xa1, 0xef, 0xa0, 0xee, 0xe1, 0xed, 0xa6, 
    0xe8, 0xbc, 0xef, 0xef, 0xef, 0xbc, 0xa7, 0xbe, 0xbe, 0xed, 0xbc, 0xef, 
    0x9d, 0xb0, 0xb8, 0xb7, 0xb1, 0xa6, 0xfc, 0xb5, 0xb7, 0xa6, 0x9d, 0xa5, 
    0xbc, 0x82, 0xa0, 0xbd, 0xa2, 0xb7, 0xa0, 0xa6, 0xab, 0x96, 0xb7, 0xa1, 
    0xb1, 0xa0, 0xbb, 0xa2, 0xa6, 0xbd, 0xa0, 0xfa, 0xa6, 0xfe, 0xbd, 0xfb, 
    0xe8, 0xbc, 0xfe, 0xb3, 0xe9, 0xbb, 0xb4, 0xfa, 0xa6, 0xab, 0xa2, 0xb7, 
    0xbd, 0xb4, 0xf2, 0x80, 0xb7, 0xb4, 0xbe, 0xb7, 0xb1, 0xa6, 0xef, 0xef, 
    0xf0, 0xbd, 0xb0, 0xb8, 0xb7, 0xb1, 0xa6, 0xf0, 0xf4, 0xf4, 0xa6, 0xab, 
    0xa2, 0xb7, 0xbd, 0xb4, 0xf2, 0x80, 0xb7, 0xb4, 0xbe, 0xb7, 0xb1, 0xa6, 
    0xfc, 0xb6, 0xb7, 0xb1, 0xbd, 0xa0, 0xb3, 0xa6, 0xb7, 0xef, 0xef, 0xf0, 
    0xb4, 0xa7, 0xbc, 0xb1, 0xa6, 0xbb, 0xbd, 0xbc, 0xf0, 0xfb, 0xa1, 0xef, 
    0x80, 0xb7, 0xb4, 0xbe, 0xb7, 0xb1, 0xa6, 0xfc, 0xb6, 0xb7, 0xb1, 0xbd, 
    0xa0, 0xb3, 0xa6, 0xb7, 0xfa, 0xb7, 0xfe, 0xa6, 0xfe, 0xbd, 0xfe, 0xbc, 
    0xfb, 0xe9, 0xb7, 0xbe, 0xa1, 0xb7, 0xf2, 0xb4, 0xbd, 0xa0, 0xfa, 0xa4, 
    0xb3, 0xa0, 0xf2, 0xbb, 0xef, 0xb7, 0xfc, 0xbe, 0xb7, 0xbc, 0xb5, 0xa6, 
    0xba, 0xff, 0xe3, 0xe9, 0xbb, 0xec, 0xef, 0xe2, 0xe9, 0xbb, 0xff, 0xff, 
    0xfb, 0xfa, 0xb3, 0xef, 0xb7, 0x89, 0xbb, 0x8f, 0xfb, 0xf4, 0xf4, 0xfa, 
    0xa1, 0xef, 0xfa, 0xa0, 0xee, 0xe1, 0xed, 0xb3, 0xfa, 0xa1, 0xfb, 0xe8, 
    0xa0, 0xec, 0xe1, 0xed, 0xb3, 0xfa, 0xa6, 0xfe, 0xbd, 0xfe, 0xa1, 0xfb, 
    0xe8, 0xb3, 0xfa, 0xa6, 0xfe, 0xbd, 0xfb, 0xfb, 0xae, 0xae, 0xa1, 0xfb, 
    0xe9, 0xa0, 0xb7, 0xa6, 0xa7, 0xa0, 0xbc, 0xf2, 0xa0, 0xec, 0xe1, 0xf4, 
    0xf4, 0xa1, 0xf4, 0xf4, 0x9d, 0xb0, 0xb8, 0xb7, 0xb1, 0xa6, 0xfc, 0xb6, 
    0xb7, 0xb4, 0xbb, 0xbc, 0xb7, 0x82, 0xa0, 0xbd, 0xa2, 0xb7, 0xa0, 0xa6, 
    0xab, 0xfa, 0xa6, 0xfe, 0xbd, 0xfe, 0xa1, 0xfb, 0xfe, 0xa1, 0xaf, 0xfe, 
    0xbf, 0xe9, 0xfa, 0xb4, 0xa7, 0xbc, 0xb1, 0xa6, 0xbb, 0xbd, 0xbc, 0xfa, 
    0xb7, 0xfb, 0xa9, 0xb7, 0xfc, 0xb3, 0xa2, 0xa2, 0xbe, 0xbb, 0xb1, 0xb3, 
    0xa6, 0xbb, 0xbd, 0xbc, 0xef, 0xa9, 0xb5, 0xb7, 0xa6, 0xf2, 0xb6, 0xb3, 
    0xa6, 0xb3, 0x82, 0xb3, 0xa6, 0xba, 0xfa, 0xfb, 0xa9, 0xa0, 0xb7, 0xa6, 
    0xa7, 0xa0, 0xbc, 0xf2, 0xa6, 0xfa, 0xf0, 0xb5, 0xb7, 0xa6, 0x8d, 0xa2, 
    0xb7, 0xa0, 0xa1, 0xbb, 0xa1, 0xa6, 0xb7, 0xbc, 0xa6, 0x96, 0xb3, 0xa6, 
    0xb3, 0x82, 0xb3, 0xa6, 0xba, 0xf0, 0xfb, 0xaf, 0xfe, 0xb5, 0xb7, 0xa6, 
    0xf2, 0xbb, 0xb6, 0xb7, 0xbc, 0xa6, 0xbb, 0xb4, 0xbb, 0xb7, 0xa0, 0xfa, 
    0xfb, 0xa9, 0xa0, 0xb7, 0xa6, 0xa7, 0xa0, 0xbc, 0xf2, 0xa6, 0xfa, 0xf0, 
    0xb5, 0xb7, 0xa6, 0x8d, 0xbb, 0xb6, 0xb7, 0xbc, 0xa6, 0xbb, 0xb4, 0xbb, 
    0xb7, 0xa0, 0xf0, 0xfb, 0xed, 0xed, 0xa6, 0xfa, 0xf0, 0xb5, 0xb7, 0xa6, 
    0x8d, 0xb0, 0xa7, 0xbc, 0xb6, 0xbe, 0xb7, 0x9b, 0xb6, 0xb7, 0xbc, 0xa6, 
    0xbb, 0xb4, 0xbb, 0xb7, 0xa0, 0xf0, 0xfb, 0xed, 0xed, 0x82, 0xa0, 0xbd, 
    0xb1, 0xb7, 0xa1, 0xa1, 0xfc, 0xbf, 0xb3, 0xbb, 0xbc, 0x9f, 0xbd, 0xb6, 
    0xa7, 0xbe, 0xb7, 0xfc, 0xbc, 0xb3, 0xbf, 0xb7, 0xaf, 0xfe, 0xb5, 0xb7, 
    0xa6, 0xf2, 0xa4, 0xb7, 0xa0, 0xa1, 0xbb, 0xbd, 0xbc, 0xfa, 0xfb, 0xa9, 
    0xa0, 0xb7, 0xa6, 0xa7, 0xa0, 0xbc, 0xf2, 0xa6, 0xfa, 0xf0, 0xb5, 0xb7, 
    0xa6, 0x8d, 0xa4, 0xb7, 0xa0, 0xa1, 0xbb, 0xbd, 0xbc, 0xf0, 0xfb, 0xed, 
    0xed, 0x97, 0xa6, 0xfa, 0xb7, 0xfc, 0xbf, 0xbd, 0xb6, 0xa7, 0xbe, 0xb7, 
    0xfb, 0xfc, 0xa6, 0xbd, 0x81, 0xa6, 0xa0, 0xbb, 0xbc, 0xb5, 0xfa, 0xe3, 
    0xe4, 0xfb, 0xaf, 0xaf, 0xfe, 0xb8, 0xfa, 0xb7, 0xfe, 0xf0, 0xa7, 0xbc, 
    0xbb, 0xa6, 0xab, 0x84, 0xb7, 0xa0, 0xa1, 0xbb, 0xbd, 0xbc, 0xf0, 0xfe, 
    0xfa, 0xfb, 0xef, 0xec, 0xa9, 0xa6, 0xa0, 0xab, 0xa9, 0xbe, 0xb7, 0xa6, 
    0xf2, 0xbc, 0xef, 0xb7, 0xfc, 0xf6, 0xb1, 0xbd, 0xbc, 0xb4, 0xbb, 0xb5, 
    0xfc, 0xa7, 0xbc, 0xbb, 0xa6, 0xab, 0x84, 0xb7, 0xa0, 0xa1, 0xbb, 0xbd, 
    0xbc, 0xed, 0xed, 0xa6, 0xfa, 0xf0, 0xb5, 0xb7, 0xa6, 0x8d, 0xa7, 0xbc, 
    0xbb, 0xa6, 0xab, 0x84, 0xb7, 0xa0, 0xa1, 0xbb, 0xbd, 0xbc, 0xf0, 0xfb, 
    0xe9, 0xbb, 0xb4, 0xfa, 0xbc, 0xf3, 0xef, 0xbc, 0xa7, 0xbe, 0xbe, 0xfb, 
    0xa0, 0xb7, 0xa6, 0xa7, 0xa0, 0xbc, 0xf2, 0xbc, 0xaf, 0xb1, 0xb3, 0xa6, 
    0xb1, 0xba, 0xa9, 0xaf, 0xbe, 0xb7, 0xa6, 0xf2, 0xbd, 0xef, 0xf0, 0xe4, 
    0xeb, 0xf2, 0xe4, 0xb1, 0xf2, 0xe1, 0xe0, 0xf2, 0xe4, 0xe1, 0xf2, 0xe5, 
    0xe2, 0xf2, 0xe5, 0xe2, 0xf0, 0xe9, 0xb4, 0xbd, 0xa0, 0xfa, 0xbe, 0xb7, 
    0xa6, 0xf2, 0xbc, 0xf2, 0xbd, 0xb4, 0xf2, 0xb7, 0xfc, 0xbf, 0xbd, 0xb6, 
    0xa7, 0xbe, 0xb7, 0xfc, 0xb7, 0xbc, 0xa7, 0xbf, 0xb7, 0xa0, 0xb3, 0xa6, 
    0xb7, 0x80, 0xb3, 0xbc, 0xb5, 0xb7, 0xa1, 0xfa, 0xf0, 0xa0, 0xff, 0xff, 
    0xf0, 0xfb, 0xfc, 0xb1, 0xbd, 0xbc, 0xb1, 0xb3, 0xa6, 0xfa, 0x82, 0xa0, 
    0xbd, 0xb1, 0xb7, 0xa1, 0xa1, 0xfc, 0xb5, 0xb7, 0xa6, 0x80, 0xb3, 0xbc, 
    0xb5, 0xb7, 0x90, 0xab, 0x93, 0xb6, 0xb6, 0xa0, 0xb7, 0xa1, 0xa1, 0xfa, 
    0xb7, 0xfc, 0xbf, 0xbd, 0xb6, 0xa7, 0xbe, 0xb7, 0xfc, 0xb0, 0xb3, 0xa1, 
    0xb7, 0xfb, 0xfb, 0xfb, 0xb4, 0xbd, 0xa0, 0xfa, 0xbe, 0xb7, 0xa6, 0xa9, 
    0xb3, 0xb6, 0xb6, 0xa0, 0xb7, 0xa1, 0xa1, 0xe8, 0xa0, 0xaf, 0xbd, 0xb4, 
    0xf2, 0x9f, 0xb7, 0xbf, 0xbd, 0xa0, 0xab, 0xfc, 0xa1, 0xb1, 0xb3, 0xbc, 
    0x81, 0xab, 0xbc, 0xb1, 0xfa, 0xbc, 0xfc, 0xb0, 0xb3, 0xa1, 0xb7, 0xfe, 
    0xbc, 0xfc, 0xa1, 0xbb, 0xa8, 0xb7, 0xfe, 0xbd, 0xfb, 0xfb, 0xa9, 0xb4, 
    0xbd, 0xa0, 0xfa, 0xe9, 0xa0, 0xfc, 0xa0, 0xb7, 0xb3, 0xb6, 0x87, 0xea, 
    0xfa, 0xfb, 0xf3, 0xef, 0xe2, 0xe9, 0xfb, 0xa0, 0xef, 0xa0, 0xfc, 0xa1, 
    0xa7, 0xb0, 0xfa, 0xe3, 0xfb, 0xe9, 0xbe, 0xb7, 0xa6, 0xf2, 0xa1, 0xef, 
    0xb1, 0xb7, 0xfc, 0xb4, 0xbb, 0xbc, 0xb6, 0xfa, 0xa0, 0xfc, 0xb3, 0xb6, 
    0xb6, 0xfa, 0xe3, 0xfb, 0xfc, 0xa0, 0xb7, 0xb3, 0xb6, 0x91, 0x81, 0xa6, 
    0xa0, 0xbb, 0xbc, 0xb5, 0xfa, 0xfb, 0xfb, 0xe9, 0xbb, 0xb4, 0xfa, 0xa1, 
    0xf3, 0xef, 0xbc, 0xa7, 0xbe, 0xbe, 0xfb, 0xa0, 0xb7, 0xa6, 0xa7, 0xa0, 
    0xbc, 0xf2, 0xa1, 0xaf, 0x8d, 0xfa, 0xf0, 0xb1, 0xbd, 0xa7, 0xbe, 0xb6, 
    0xbc, 0xf5, 0xa6, 0xf2, 0xb6, 0xb7, 0xa6, 0xb7, 0xa0, 0xbf, 0xbb, 0xbc, 
    0xb7, 0xf2, 0xa6, 0xba, 0xb7, 0xf2, 0x87, 0xbc, 0xbb, 0xa6, 0xab, 0xf2, 
    0xa4, 0xb7, 0xa0, 0xa1, 0xbb, 0xbd, 0xbc, 0xfe, 0xf2, 0xa2, 0xbe, 0xb7, 
    0xb3, 0xa1, 0xb7, 0xf2, 0xa1, 0xa2, 0xb7, 0xb1, 0xbb, 0xb4, 0xab, 0xf2, 
    0xbb, 0xa6, 0xf2, 0xbf, 0xb3, 0xbc, 0xa7, 0xb3, 0xbe, 0xbe, 0xab, 0xf0, 
    0xfb, 0xaf, 0xfe, 0xa7, 0xfb, 0xfe, 0xb8, 0xfa, 0xb7, 0xfe, 0xf0, 0xa7, 
    0xbc, 0xbb, 0xa6, 0xab, 0x84, 0xb7, 0xa0, 0xa1, 0xbb, 0xbd, 0xbc, 0x9b, 
    0xa1, 0x90, 0xb7, 0xbe, 0xbd, 0xa5, 0xe0, 0xe2, 0xe3, 0xea, 0xe1, 0xe2, 
    0xf0, 0xfe, 0xfa, 0xfb, 0xef, 0xec, 0xb1, 0xb7, 0xfc, 0xbe, 0xa6, 0xfa, 
    0xb7, 0xfc, 0xa7, 0xbc, 0xbb, 0xa6, 0xab, 0x84, 0xb7, 0xa0, 0xa1, 0xbb, 
    0xbd, 0xbc, 0xfe, 0xf0, 0xe0, 0xe2, 0xe3, 0xea, 0xfc, 0xe1, 0xfc, 0xe2, 
    0xf0, 0xfb, 0xfe, 0xa7, 0xfb, 0xfe, 0xb8, 0xfa, 0xb7, 0xfe, 0xf0, 0xa7, 
    0xbc, 0xbb, 0xa6, 0xab, 0x84, 0xb7, 0xa0, 0xa1, 0xbb, 0xbd, 0xbc, 0x9b, 
    0xa1, 0x90, 0xb7, 0xbe, 0xbd, 0xa5, 0xe0, 0xe2, 0xe0, 0xe3, 0xe0, 0xe2, 
    0xf0, 0xfe, 0xfa, 0xfb, 0xef, 0xec, 0xb1, 0xb7, 0xfc, 0xbe, 0xa6, 0xfa, 
    0xb7, 0xfc, 0xa7, 0xbc, 0xbb, 0xa6, 0xab, 0x84, 0xb7, 0xa0, 0xa1, 0xbb, 
    0xbd, 0xbc, 0xfe, 0xf0, 0xe0, 0xe2, 0xe0, 0xe3, 0xfc, 0xe0, 0xfc, 0xe2, 
    0xf0, 0xfb, 0xfe, 0xa7, 0xfb, 0xe9, 0xb4, 0xa7, 0xbc, 0xb1, 0xa6, 0xbb, 
    0xbd, 0xbc, 0xf2, 0xa6, 0xfa, 0xbd, 0xfb, 0xa9, 0xbe, 0xb7, 0xa6, 0xf2, 
    0xbc, 0xef, 0xb7, 0xfc, 0xb7, 0xaa, 0xa2, 0xbd, 0xa0, 0xa6, 0xa1, 0xfc, 
    0xa0, 0xb7, 0xa1, 0xbd, 0xbe, 0xa4, 0xb7, 0x9b, 0xbc, 0xa6, 0xb7, 0xa0, 
    0xbc, 0xb3, 0xbe, 0x91, 0xb3, 0xbe, 0xbe, 0xfa, 0x9f, 0xb7, 0xbf, 0xbd, 
    0xa0, 0xab, 0xfc, 0xb3, 0xbe, 0xbe, 0xbd, 0xb1, 0x87, 0xa6, 0xb4, 0xea, 
    0x81, 0xa6, 0xa0, 0xbb, 0xbc, 0xb5, 0xfa, 0xf0, 0x87, 0xbc, 0xbb, 0xa6, 
    0xab, 0x97, 0xbc, 0xb5, 0xbb, 0xbc, 0xb7, 0xfc, 0x93, 0xa2, 0xa2, 0xbe, 
    0xbb, 0xb1, 0xb3, 0xa6, 0xbb, 0xbd, 0xbc, 0xe8, 0xe8, 0xf0, 0xf9, 0xbd, 
    0xfb, 0xfb, 0xfe, 0xa0, 0xef, 0xbc, 0xb7, 0xa5, 0xf2, 0x9c, 0xb3, 0xa6, 
    0xbb, 0xa4, 0xb7, 0x94, 0xa7, 0xbc, 0xb1, 0xa6, 0xbb, 0xbd, 0xbc, 0xfa, 
    0xbc, 0xfe, 0xf0, 0xa2, 0xbd, 0xbb, 0xbc, 0xa6, 0xb7, 0xa0, 0xf0, 0xfe, 
    0x89, 0x8f, 0xfb, 0xe9, 0xa0, 0xb7, 0xa6, 0xa7, 0xa0, 0xbc, 0xf2, 0xa0, 
    0xfc, 0xbb, 0xa1, 0x9c, 0xa7, 0xbe, 0xbe, 0xfa, 0xfb, 0xed, 0xbc, 0xa7, 
    0xbe, 0xbe, 0xe8, 0xbc, 0xb7, 0xa5, 0xf2, 0xb7, 0xfc, 0x81, 0xa6, 0xa0, 
    0xbb, 0xbc, 0xb5, 0xfa, 0xa0, 0xfa, 0xfb, 0xfb, 0xfc, 0xb3, 0xa1, 0x9c, 
    0xa7, 0xbe, 0xbe, 0xb3, 0xb0, 0xbe, 0xb7, 0xfa, 0xfb, 0xed, 0xfc, 0xb1, 
    0xbd, 0xbc, 0xa6, 0xb7, 0xbc, 0xa6, 0xed, 0xed, 0xbc, 0xa7, 0xbe, 0xbe, 
    0xaf, 0xaf, 0xfb, 0xfa, 0xbf, 0xae, 0xae, 0xfa, 0xbf, 0xef, 0xa9, 0xaf, 
    0xfb, 0xfb, 0xe9, 0xa4, 0xb3, 0xa0, 0xf2, 0xbf, 0xe9, 0xfa, 0xb4, 0xa7, 
    0xbc, 0xb1, 0xa6, 0xbb, 0xbd, 0xbc, 0xfa, 0xb7, 0xfb, 0xa9, 0xb4, 0xa7, 
    0xbc, 0xb1, 0xa6, 0xbb, 0xbd, 0xbc, 0xf2, 0xa6, 0xfa, 0xbd, 0xfe, 0xbc, 
    0xfb, 0xa9, 0xbe, 0xb7, 0xa6, 0xf2, 0xa0, 0xef, 0xa9, 0xbb, 0xbc, 0xa6, 
    0xea, 0xe8, 0xf0, 0x81, 0xab, 0xa1, 0xa6, 0xb7, 0xbf, 0xfc, 0x81, 0x90, 
    0xab, 0xa6, 0xb7, 0xf0, 0xfe, 0xa7, 0xbb, 0xbc, 0xa6, 0xea, 0xe8, 0xf0, 
    0x81, 0xab, 0xa1, 0xa6, 0xb7, 0xbf, 0xfc, 0x90, 0xab, 0xa6, 0xb7, 0xf0, 
    0xfe, 0xbb, 0xbc, 0xa6, 0xe3, 0xe4, 0xe8, 0xf0, 0x81, 0xab, 0xa1, 0xa6, 
    0xb7, 0xbf, 0xfc, 0x9b, 0xbc, 0xa6, 0xe3, 0xe4, 0xf0, 0xfe, 0xa7, 0xbb, 
    0xbc, 0xa6, 0xe3, 0xe4, 0xe8, 0xf0, 0x81, 0xab, 0xa1, 0xa6, 0xb7, 0xbf, 
    0xfc, 0x87, 0x9b, 0xbc, 0xa6, 0xe3, 0xe4, 0xf0, 0xfe, 0xbb, 0xbc, 0xa6, 
    0xe1, 0xe0, 0xe8, 0xf0, 0x81, 0xab, 0xa1, 0xa6, 0xb7, 0xbf, 0xfc, 0x9b, 
    0xbc, 0xa6, 0xe1, 0xe0, 0xf0, 0xfe, 0xa7, 0xbb, 0xbc, 0xa6, 0xe1, 0xe0, 
    0xe8, 0xf0, 0x81, 0xab, 0xa1, 0xa6, 0xb7, 0xbf, 0xfc, 0x87, 0x9b, 0xbc, 
    0xa6, 0xe1, 0xe0, 0xf0, 0xfe, 0xbb, 0xbc, 0xa6, 0xe4, 0xe6, 0xe8, 0xf0, 
    0x81, 0xab, 0xa1, 0xa6, 0xb7, 0xbf, 0xfc, 0x9b, 0xbc, 0xa6, 0xe4, 0xe6, 
    0xf0, 0xfe, 0xa7, 0xbb, 0xbc, 0xa6, 0xe4, 0xe6, 0xe8, 0xf0, 0x81, 0xab, 
    0xa1, 0xa6, 0xb7, 0xbf, 0xfc, 0x87, 0x9b, 0xbc, 0xa6, 0xe4, 0xe6, 0xf0, 
    0xfe, 0xb1, 0xba, 0xb3, 0xa0, 0xe8, 0xf0, 0x81, 0xab, 0xa1, 0xa6, 0xb7, 
    0xbf, 0xfc, 0x91, 0xba, 0xb3, 0xa0, 0xf0, 0xfe, 0xbb, 0xbc, 0xa6, 0xa2, 
    0xa6, 0xa0, 0xe8, 0xf0, 0x81, 0xab, 0xa1, 0xa6, 0xb7, 0xbf, 0xfc, 0x9b, 
    0xbc, 0xa6, 0x82, 0xa6, 0xa0, 0xf0, 0xfe, 0xa7, 0xbb, 0xbc, 0xa6, 0xa2, 
    0xa6, 0xa0, 0xe8, 0xf0, 0x81, 0xab, 0xa1, 0xa6, 0xb7, 0xbf, 0xfc, 0x87, 
    0x9b, 0xbc, 0xa6, 0x82, 0xa6, 0xa0, 0xf0, 0xaf, 0xfe, 0xa1, 0xef, 0xa6, 
    0xab, 0xa2, 0xb7, 0xbd, 0xb4, 0xf2, 0xbd, 0xef, 0xef, 0xf0, 0xb0, 0xbd, 
    0xbd, 0xbe, 0xb7, 0xb3, 0xbc, 0xf0, 0xed, 0xf0, 0x81, 0xab, 0xa1, 0xa6, 
    0xb7, 0xbf, 0xfc, 0x90, 0xbd, 0xbd, 0xbe, 0xb7, 0xb3, 0xbc, 0xf0, 0xe8, 
    0xa6, 0xab, 0xa2, 0xb7, 0xbd, 0xb4, 0xf2, 0xbd, 0xef, 0xef, 0xf0, 0xbc, 
    0xa7, 0xbf, 0xb0, 0xb7, 0xa0, 0xf0, 0xed, 0xa0, 0x89, 0xbc, 0xed, 0xed, 
    0xf0, 0xbb, 0xbc, 0xa6, 0xe1, 0xe0, 0xf0, 0x8f, 0xe8, 0xbd, 0xf2, 0xbb, 
    0xbc, 0xa1, 0xa6, 0xb3, 0xbc, 0xb1, 0xb7, 0xbd, 0xb4, 0xf2, 0x9b, 0xbc, 
    0xa6, 0xe4, 0xe6, 0xed, 0xf0, 0x81, 0xab, 0xa1, 0xa6, 0xb7, 0xbf, 0xfc, 
    0x9b, 0xbc, 0xa6, 0xe4, 0xe6, 0xf0, 0xe8, 0xbd, 0xf2, 0xbb, 0xbc, 0xa1, 
    0xa6, 0xb3, 0xbc, 0xb1, 0xb7, 0xbd, 0xb4, 0xf2, 0x87, 0x9b, 0xbc, 0xa6, 
    0xe4, 0xe6, 0xed, 0xf0, 0x81, 0xab, 0xa1, 0xa6, 0xb7, 0xbf, 0xfc, 0x87, 
    0x9b, 0xbc, 0xa6, 0xe4, 0xe6, 0xf0, 0xe8, 0xbd, 0xf2, 0xbb, 0xbc, 0xa1, 
    0xa6, 0xb3, 0xbc, 0xb1, 0xb7, 0xbd, 0xb4, 0xf2, 0x9c, 0xb3, 0xa6, 0xbb, 
    0xa4, 0xb7, 0x82, 0xbd, 0xbb, 0xbc, 0xa6, 0xb7, 0xa0, 0xed, 0xa0, 0x89, 
    0xbc, 0xed, 0xed, 0xf0, 0xbb, 0xbc, 0xa6, 0xa2, 0xa6, 0xa0, 0xf0, 0x8f, 
    0xe8, 0x8d, 0xfa, 0xb2, 0x91, 0xb3, 0xbc, 0xbc, 0xbd, 0xa6, 0xf2, 0xb1, 
    0xa0, 0xb7, 0xb3, 0xa6, 0xb7, 0xf2, 0xb0, 0xbd, 0xaa, 0xb7, 0xb6, 0xf2, 
    0xa2, 0xa0, 0xbb, 0xbf, 0xbb, 0xa6, 0xbb, 0xa4, 0xb7, 0xf2, 0xa7, 0xa1, 
    0xbb, 0xbc, 0xb5, 0xf2, 0xa4, 0xb3, 0xbe, 0xa7, 0xb7, 0xf2, 0xbd, 0xb4, 
    0xf2, 0xa6, 0xab, 0xa2, 0xb7, 0xf2, 0xf5, 0xf6, 0xa9, 0xa6, 0xab, 0xa2, 
    0xb7, 0xbd, 0xb4, 0xf2, 0xbd, 0xaf, 0xf5, 0xb2, 0xfb, 0xfe, 0xb3, 0xef, 
    0xb7, 0xfc, 0xb1, 0xbd, 0xa0, 0xbe, 0xbb, 0xb0, 0xfc, 0xb1, 0xbe, 0xb3, 
    0xa1, 0xa1, 0xfa, 0xa1, 0xed, 0xed, 0x8d, 0xfa, 0xb2, 0x87, 0xbc, 0xb9, 
    0xbc, 0xbd, 0xa5, 0xbc, 0xf2, 0xa2, 0xa0, 0xbb, 0xbf, 0xbb, 0xa6, 0xbb, 
    0xa4, 0xb7, 0xf2, 0xa6, 0xab, 0xa2, 0xb7, 0xf2, 0xbc, 0xb3, 0xbf, 0xb7, 
    0xf2, 0xf5, 0xf6, 0xa9, 0xbc, 0xaf, 0xf5, 0xb2, 0xfb, 0xfb, 0xfc, 0xb3, 
    0xbe, 0xbe, 0xbd, 0xb1, 0xfa, 0xfb, 0xe9, 0xa0, 0xb7, 0xa6, 0xa7, 0xa0, 
    0xbc, 0xfa, 0xb3, 0xfc, 0xa6, 0xa0, 0xab, 0x94, 0xbb, 0xb7, 0xbe, 0xb6, 
    0xfa, 0xf0, 0xbf, 0x8d, 0xa4, 0xb3, 0xbe, 0xa7, 0xb7, 0xf0, 0xfb, 0xed, 
    0xed, 0xb3, 0xfc, 0xa6, 0xa0, 0xab, 0x94, 0xbb, 0xb7, 0xbe, 0xb6, 0xfa, 
    0xf0, 0x8d, 0xa2, 0xbd, 0xbb, 0xbc, 0xa6, 0xb7, 0xa0, 0xf0, 0xfb, 0xed, 
    0xed, 0x8d, 0xfa, 0xb2, 0x91, 0xbd, 0xa7, 0xbe, 0xb6, 0xf2, 0xbc, 0xbd, 
    0xa6, 0xf2, 0xb4, 0xbb, 0xbc, 0xb6, 0xf2, 0xa2, 0xa0, 0xbb, 0xbf, 0xbb, 
    0xa6, 0xbb, 0xa4, 0xb7, 0xf2, 0xb4, 0xbb, 0xb7, 0xbe, 0xb6, 0xf2, 0xbb, 
    0xbc, 0xf2, 0xb1, 0xbe, 0xb3, 0xa1, 0xa1, 0xf2, 0xf5, 0xf6, 0xa9, 0xa1, 
    0xaf, 0xf5, 0xb2, 0xfb, 0xfb, 0xfc, 0xa4, 0xb3, 0xbe, 0xa7, 0xb7, 0xef, 
    0xbd, 0xfe, 0xb3, 0xaf, 0xb7, 0xfc, 0xb0, 0xbd, 0xaa, 0xb7, 0xb6, 0xef, 
    0xa6, 0xaf, 0xfb, 0xfa, 0xbf, 0xae, 0xae, 0xfa, 0xbf, 0xef, 0xa9, 0xaf, 
    0xfb, 0xfb, 0xe9, 0xa4, 0xb3, 0xa0, 0xf2, 0xbf, 0xe9, 0xfa, 0xb4, 0xa7, 
    0xbc, 0xb1, 0xa6, 0xbb, 0xbd, 0xbc, 0xfa, 0xb7, 0xfb, 0xa9, 0xb7, 0xfc, 
    0xf6, 0xb1, 0xbd, 0xbc, 0xb4, 0xbb, 0xb5, 0xef, 0xa9, 0xbf, 0xbd, 0xb6, 
    0xa7, 0xbe, 0xb7, 0x9c, 0xb3, 0xbf, 0xb7, 0xe8, 0xa4, 0xbd, 0xbb, 0xb6, 
    0xf2, 0xe2, 0xfe, 0xa7, 0xbc, 0xbb, 0xa6, 0xab, 0x84, 0xb7, 0xa0, 0xa1, 
    0xbb, 0xbd, 0xbc, 0xe8, 0xa4, 0xbd, 0xbb, 0xb6, 0xf2, 0xe2, 0xfe, 0xb7, 
    0xaa, 0xa2, 0xbd, 0xa0, 0xa6, 0xa1, 0xe8, 0xa4, 0xbd, 0xbb, 0xb6, 0xf2, 
    0xe2, 0xaf, 0xaf, 0xfb, 0xfa, 0xbf, 0xae, 0xae, 0xfa, 0xbf, 0xef, 0xa9, 
    0xaf, 0xfb, 0xfb, 0xe9, 0xa4, 0xb3, 0xa0, 0xf2, 0xbf, 0xe9, 0xfa, 0xb4, 
    0xa7, 0xbc, 0xb1, 0xa6, 0xbb, 0xbd, 0xbc, 0xfa, 0xb7, 0xfb, 0xa9, 0xb4, 
    0xa7, 0xbc, 0xb1, 0xa6, 0xbb, 0xbd, 0xbc, 0xf2, 0xa6, 0xfa, 0xb3, 0xfe, 
    0xbb, 0xfb, 0xa9, 0xb3, 0xef, 0xb3, 0xed, 0xed, 0xb2, 0xf6, 0xa9, 0xb7, 
    0xfc, 0xb3, 0xa2, 0xa2, 0xbe, 0xbb, 0xb1, 0xb3, 0xa6, 0xbb, 0xbd, 0xbc, 
    0xfc, 0xbb, 0xb6, 0xb7, 0xbc, 0xa6, 0xbb, 0xb4, 0xbb, 0xb7, 0xa0, 0xaf, 
    0x8d, 0xf6, 0xa9, 0xb7, 0xfc, 0xb3, 0xa2, 0xa2, 0xbe, 0xbb, 0xb1, 0xb3, 
    0xa6, 0xbb, 0xbd, 0xbc, 0xfc, 0xa4, 0xb7, 0xa0, 0xa1, 0xbb, 0xbd, 0xbc, 
    0xaf, 0xfc, 0xb1, 0xa1, 0xb2, 0xfe, 0xbb, 0xef, 0xbb, 0xed, 0xed, 0xb7, 
    0xfc, 0xb3, 0xa2, 0xa2, 0xbe, 0xbb, 0xb1, 0xb3, 0xa6, 0xbb, 0xbd, 0xbc, 
    0xfc, 0xb6, 0xb3, 0xa6, 0xb3, 0x82, 0xb3, 0xa6, 0xba, 0xed, 0xed, 0x82, 
    0xa0, 0xbd, 0xb1, 0xb7, 0xa1, 0xa1, 0xfc, 0xb5, 0xb7, 0xa6, 0x91, 0xa7, 
    0xa0, 0xa0, 0xb7, 0xbc, 0xa6, 0x96, 0xbb, 0xa0, 0xfa, 0xfb, 0xfe, 0xa0, 
    0xfa, 0xbb, 0xfb, 0xe9, 0xbe, 0xb7, 0xa6, 0xf2, 0xb1, 0xef, 0xb2, 0xf6, 
    0xa9, 0xbb, 0xaf, 0xfd, 0xf6, 0xa9, 0xb3, 0xaf, 0xb2, 0xfe, 0xbe, 0xef, 
    0xbc, 0xb7, 0xa5, 0xf2, 0x94, 0xbb, 0xbe, 0xb7, 0xfa, 0xb1, 0xfe, 0xf0, 
    0xa5, 0xf0, 0xfb, 0xe9, 0xb4, 0xbd, 0xa0, 0xfa, 0xbe, 0xb7, 0xa6, 0xf2, 
    0xba, 0xf2, 0xbd, 0xb4, 0xf2, 0xb7, 0xfc, 0xb6, 0xbd, 0xbf, 0xb3, 0xbb, 
    0xbc, 0xfc, 0xb3, 0xa1, 0xa1, 0xb7, 0xbf, 0xb0, 0xbe, 0xbb, 0xb7, 0xa1, 
    0xfb, 0xa9, 0xa7, 0xb7, 0xfa, 0xb2, 0xb6, 0xa7, 0xbf, 0xa2, 0xbb, 0xbc, 
    0xb5, 0xf2, 0xf6, 0xa9, 0xba, 0xfc, 0xbc, 0xb3, 0xbf, 0xb7, 0xaf, 0xfc, 
    0xfc, 0xfc, 0xb2, 0xfb, 0xe9, 0xb4, 0xbd, 0xa0, 0xfa, 0xbe, 0xb7, 0xa6, 
    0xf2, 0xa2, 0xf2, 0xbd, 0xb4, 0xf2, 0xba, 0xfc, 0xbb, 0xbf, 0xb3, 0xb5, 
    0xb7, 0xfc, 0xb1, 0xbe, 0xb3, 0xa1, 0xa1, 0xb7, 0xa1, 0xfb, 0xbe, 0xfc, 
    0xa5, 0xa0, 0xbb, 0xa6, 0xb7, 0xfa, 0xb2, 0xf6, 0xa9, 0xa2, 0xaf, 0xd8, 
    0xd8, 0xb2, 0xfb, 0xaf, 0xbe, 0xfc, 0xb4, 0xbe, 0xa7, 0xa1, 0xba, 0xfa, 
    0xfb, 0xfe, 0xbe, 0xfc, 0xb1, 0xbe, 0xbd, 0xa1, 0xb7, 0xfa, 0xfb, 0xfe, 
    0x93, 0xb7, 0xfa, 0xb2, 0xb6, 0xa7, 0xbf, 0xa2, 0xf2, 0xa1, 0xb3, 0xa4, 
    0xb7, 0xb6, 0xf2, 0xa6, 0xbd, 0xf2, 0xf6, 0xa9, 0xb1, 0xaf, 0xb2, 0xfb, 
    0xfe, 0xa1, 0xfa, 0xfb, 0xaf, 0xb7, 0xfc, 0xb6, 0xa7, 0xbf, 0xa2, 0xef, 
    0xa6, 0xe9, 0xb4, 0xa7, 0xbc, 0xb1, 0xa6, 0xbb, 0xbd, 0xbc, 0xf2, 0xbd, 
    0xfa, 0xb3, 0xfe, 0xbb, 0xef, 0xf3, 0xe3, 0xfb, 0xa9, 0xb3, 0xef, 0xb3, 
    0xed, 0xed, 0xb2, 0xf6, 0xa9, 0xb7, 0xfc, 0xb3, 0xa2, 0xa2, 0xbe, 0xbb, 
    0xb1, 0xb3, 0xa6, 0xbb, 0xbd, 0xbc, 0xfc, 0xb6, 0xb3, 0xa6, 0xb3, 0x82, 
    0xb3, 0xa6, 0xba, 0xed, 0xed, 0x82, 0xa0, 0xbd, 0xb1, 0xb7, 0xa1, 0xa1, 
    0xfc, 0xb5, 0xb7, 0xa6, 0x91, 0xa7, 0xa0, 0xa0, 0xb7, 0xbc, 0xa6, 0x96, 
    0xbb, 0xa0, 0xfa, 0xfb, 0xaf, 0xfd, 0xf6, 0xa9, 0xb7, 0xfc, 0xb3, 0xa2, 
    0xa2, 0xbe, 0xbb, 0xb1, 0xb3, 0xa6, 0xbb, 0xbd, 0xbc, 0xfc, 0xbb, 0xb6, 
    0xb7, 0xbc, 0xa6, 0xbb, 0xb4, 0xbb, 0xb7, 0xa0, 0xaf, 0x8d, 0xf6, 0xa9, 
    0xb7, 0xfc, 0xb3, 0xa2, 0xa2, 0xbe, 0xbb, 0xb1, 0xb3, 0xa6, 0xbb, 0xbd, 
    0xbc, 0xfc, 0xa4, 0xb7, 0xa0, 0xa1, 0xbb, 0xbd, 0xbc, 0xaf, 0xb2, 0xfe, 
    0xf3, 0xbb, 0xf4, 0xf4, 0xbc, 0xfa, 0xb3, 0xfb, 0xf4, 0xf4, 0x8d, 0xfa, 
    0xb2, 0xb6, 0xbb, 0xa0, 0xb7, 0xb1, 0xa6, 0xbd, 0xa0, 0xab, 0xf2, 0xf6, 
    0xa9, 0xb3, 0xaf, 0xf2, 0xb3, 0xbe, 0xa0, 0xb7, 0xb3, 0xb6, 0xab, 0xf2, 
    0xb7, 0xaa, 0xbb, 0xa1, 0xa6, 0xa1, 0xf2, 0xff, 0xf2, 0xa2, 0xb3, 0xa1, 
    0xa1, 0xf2, 0xbb, 0xb5, 0xbc, 0xbd, 0xa0, 0xb7, 0x93, 0xbe, 0xa0, 0xb7, 
    0xb3, 0xb6, 0xab, 0x97, 0xaa, 0xbb, 0xa1, 0xa6, 0xbb, 0xbc, 0xb5, 0x96, 
    0xbb, 0xa0, 0xb7, 0xb1, 0xa6, 0xbd, 0xa0, 0xab, 0xf2, 0xef, 0xf2, 0xa6, 
    0xa0, 0xa7, 0xb7, 0xf2, 0xa6, 0xbd, 0xf2, 0xa1, 0xb9, 0xbb, 0xa2, 0xf2, 
    0xa6, 0xba, 0xbb, 0xa1, 0xf2, 0xb1, 0xba, 0xb7, 0xb1, 0xb9, 0xb2, 0xfb, 
    0xe9, 0xb4, 0xbd, 0xa0, 0xfa, 0xbe, 0xb7, 0xa6, 0xf2, 0xb1, 0xf2, 0xbd, 
    0xb4, 0xf2, 0xb7, 0xfc, 0xb6, 0xbd, 0xbf, 0xb3, 0xbb, 0xbc, 0xfc, 0xb3, 
    0xa1, 0xa1, 0xb7, 0xbf, 0xb0, 0xbe, 0xbb, 0xb7, 0xa1, 0xfb, 0xa9, 0xa7, 
    0xb7, 0xfa, 0xb2, 0xb6, 0xa7, 0xbf, 0xa2, 0xbb, 0xbc, 0xb5, 0xf2, 0xf6, 
    0xa9, 0xb1, 0xfc, 0xbc, 0xb3, 0xbf, 0xb7, 0xaf, 0xfc, 0xfc, 0xfc, 0xb2, 
    0xfb, 0xe9, 0xbe, 0xb7, 0xa6, 0xf2, 0xbe, 0xef, 0xb2, 0xf6, 0xa9, 0xb3, 
    0xaf, 0xfd, 0xf6, 0xa9, 0xb1, 0xfc, 0xbc, 0xb3, 0xbf, 0xb7, 0xfc, 0xa0, 
    0xb7, 0xa2, 0xbe, 0xb3, 0xb1, 0xb7, 0x93, 0xbe, 0xbe, 0xfa, 0xf0, 0xfc, 
    0xf0, 0xfe, 0xf0, 0xfd, 0xf0, 0xfb, 0xaf, 0xfc, 0xb1, 0xa1, 0xb2, 0xe9, 
    0xa0, 0xfa, 0xbe, 0xfc, 0xa1, 0xa7, 0xb0, 0xa1, 0xa6, 0xa0, 0xbb, 0xbc, 
    0xb5, 0xfa, 0xe2, 0xfe, 0xbe, 0xfc, 0xbe, 0xb3, 0xa1, 0xa6, 0x9b, 0xbc, 
    0xb6, 0xb7, 0xaa, 0x9d, 0xb4, 0xfa, 0xf0, 0xfd, 0xf0, 0xfb, 0xfb, 0xfb, 
    0xe9, 0xbe, 0xb7, 0xa6, 0xf2, 0xba, 0xef, 0xbc, 0xb7, 0xa5, 0xf2, 0x94, 
    0xbb, 0xbe, 0xb7, 0xfa, 0xbe, 0xfe, 0xf0, 0xa5, 0xf0, 0xfb, 0xe9, 0xb4, 
    0xbd, 0xa0, 0xfa, 0xbe, 0xb7, 0xa6, 0xf2, 0xa2, 0xf2, 0xbd, 0xb4, 0xf2, 
    0xb1, 0xfc, 0xbb, 0xbf, 0xb3, 0xb5, 0xb7, 0xfc, 0xb1, 0xbe, 0xb3, 0xa1, 
    0xa1, 0xb7, 0xa1, 0xfb, 0xba, 0xfc, 0xa5, 0xa0, 0xbb, 0xa6, 0xb7, 0xfa, 
    0xb2, 0xf6, 0xa9, 0xa2, 0xaf, 0xd8, 0xd8, 0xb2, 0xfb, 0xe9, 0xba, 0xfc, 
    0xb4, 0xbe, 0xa7, 0xa1, 0xba, 0xfa, 0xfb, 0xfe, 0xba, 0xfc, 0xb1, 0xbe, 
    0xbd, 0xa1, 0xb7, 0xfa, 0xfb, 0xaf, 0x93, 0xb7, 0xfa, 0xb2, 0xb6, 0xa7, 
    0xbf, 0xa2, 0xf2, 0xa1, 0xb3, 0xa4, 0xb7, 0xb6, 0xf2, 0xa6, 0xbd, 0xf2, 
    0xf6, 0xa9, 0xb3, 0xaf, 0xb2, 0xfb, 0xfe, 0xa1, 0xfa, 0xfb, 0xaf, 0xb7, 
    0xfc, 0xb6, 0xa7, 0xbf, 0xa2, 0x86, 0xa0, 0xb7, 0xb7, 0xef, 0xbd, 0xe9, 
    0xb4, 0xa7, 0xbc, 0xb1, 0xa6, 0xbb, 0xbd, 0xbc, 0xf2, 0xbc, 0xfa, 0xb3, 
    0xfb, 0xa9, 0xa0, 0xb7, 0xa6, 0xa7, 0xa0, 0xbc, 0xf2, 0xb7, 0xfc, 0xb1, 
    0xbd, 0xa0, 0xbe, 0xbb, 0xb0, 0xfc, 0xb1, 0xbe, 0xb3, 0xa1, 0xa1, 0xfa, 
    0xf0, 0x81, 0xab, 0xa1, 0xa6, 0xb7, 0xbf, 0xfc, 0x9b, 0x9d, 0xfc, 0x96, 
    0xbb, 0xa0, 0xb7, 0xb1, 0xa6, 0xbd, 0xa0, 0xab, 0xf0, 0xfb, 0xfc, 0xbf, 
    0xb7, 0xa6, 0xba, 0xbd, 0xb6, 0xfa, 0xf0, 0x97, 0xaa, 0xbb, 0xa1, 0xa6, 
    0xa1, 0xf0, 0xfb, 0xfc, 0xbb, 0xbc, 0xa4, 0xbd, 0xb9, 0xb7, 0xfa, 0xb7, 
    0xfc, 0xa1, 0xa6, 0xa0, 0xbb, 0xbc, 0xb5, 0xfa, 0xb3, 0xfb, 0xfb, 0xaf, 
    0xb4, 0xa7, 0xbc, 0xb1, 0xa6, 0xbb, 0xbd, 0xbc, 0xf2, 0xa0, 0xfa, 0xb3, 
    0xfb, 0xa9, 0xb7, 0xfc, 0xb1, 0xbd, 0xa0, 0xbe, 0xbb, 0xb0, 0xfc, 0xb1, 
    0xbe, 0xb3, 0xa1, 0xa1, 0xfa, 0xf0, 0x81, 0xab, 0xa1, 0xa6, 0xb7, 0xbf, 
    0xfc, 0x9b, 0x9d, 0xfc, 0x96, 0xbb, 0xa0, 0xb7, 0xb1, 0xa6, 0xbd, 0xa0, 
    0xab, 0xf0, 0xfb, 0xfc, 0xbf, 0xb7, 0xa6, 0xba, 0xbd, 0xb6, 0xfa, 0xf0, 
    0x91, 0xa0, 0xb7, 0xb3, 0xa6, 0xb7, 0x96, 0xbb, 0xa0, 0xb7, 0xb1, 0xa6, 
    0xbd, 0xa0, 0xab, 0xf0, 0xfb, 0xfc, 0xbb, 0xbc, 0xa4, 0xbd, 0xb9, 0xb7, 
    0xfa, 0xb7, 0xfc, 0xa1, 0xa6, 0xa0, 0xbb, 0xbc, 0xb5, 0xfa, 0xb3, 0xfb, 
    0xfb, 0xaf, 0xb4, 0xa7, 0xbc, 0xb1, 0xa6, 0xbb, 0xbd, 0xbc, 0xf2, 0xa1, 
    0xfa, 0xfb, 0xa9, 0xbe, 0xb7, 0xfa, 0xf0, 0xa6, 0xba, 0xbb, 0xa1, 0xf2, 
    0xb3, 0xa2, 0xbb, 0xf2, 0xa5, 0xbb, 0xbe, 0xbe, 0xf2, 0xb0, 0xb7, 0xf2, 
    0xa0, 0xb7, 0xbf, 0xbd, 0xa4, 0xb7, 0xb6, 0xf2, 0xbb, 0xbc, 0xf2, 0xb3, 
    0xf2, 0xb4, 0xa7, 0xa6, 0xa7, 0xa0, 0xb7, 0xf2, 0xa0, 0xb7, 0xbe, 0xb7, 
    0xb3, 0xa1, 0xb7, 0xfe, 0xf2, 0xa2, 0xbe, 0xb7, 0xb3, 0xa1, 0xb7, 0xf2, 
    0xa7, 0xa1, 0xb7, 0xf2, 0xb2, 0xbc, 0xa2, 0xaa, 0xf2, 0xb4, 0xa0, 0xbb, 
    0xb6, 0xb3, 0xff, 0xbb, 0xbe, 0xe0, 0xb1, 0xa2, 0xa2, 0xff, 0xb0, 0xa0, 
    0xbb, 0xb6, 0xb5, 0xb7, 0xf2, 0xb6, 0xa7, 0xbf, 0xa2, 0xb2, 0xf2, 0xbb, 
    0xbc, 0xa1, 0xa6, 0xb7, 0xb3, 0xb6, 0xf0, 0xfb, 0xaf, 0xaf, 0xfb, 0xfa, 
    0xbf, 0xae, 0xae, 0xfa, 0xbf, 0xef, 0xa9, 0xaf, 0xfb, 0xfb, 0xe9, 0xa4, 
    0xb3, 0xa0, 0xf2, 0xbf, 0xe9, 0xfa, 0xb4, 0xa7, 0xbc, 0xb1, 0xa6, 0xbb, 
    0xbd, 0xbc, 0xfa, 0xb7, 0xfb, 0xa9, 0xb4, 0xa7, 0xbc, 0xb1, 0xa6, 0xbb, 
    0xbd, 0xbc, 0xf2, 0xa6, 0xfa, 0xbd, 0xef, 0xf0, 0xb1, 0xa7, 0xa0, 0xa0, 
    0xb7, 0xbc, 0xa6, 0xf0, 0xfb, 0xa9, 0xbe, 0xb7, 0xa6, 0xf2, 0xbc, 0xef, 
    0xb7, 0xfc, 0xb7, 0xaa, 0xa2, 0xbd, 0xa0, 0xa6, 0xa1, 0xfc, 0xa6, 0xba, 
    0xa0, 0xb7, 0xb3, 0xb6, 0x95, 0xb7, 0xa6, 0x91, 0xa7, 0xa0, 0xa0, 0xb7, 
    0xbc, 0xa6, 0xfa, 0xfb, 0xe9, 0xa0, 0xb7, 0xa6, 0xa7, 0xa0, 0xbc, 0xf2, 
    0x9b, 0xbc, 0xa6, 0xb7, 0xa0, 0xb1, 0xb7, 0xa2, 0xa6, 0xbd, 0xa0, 0xfc, 
    0xb3, 0xa6, 0xa6, 0xb3, 0xb1, 0xba, 0xfa, 0xb7, 0xfc, 0xbf, 0xbd, 0xb6, 
    0xa7, 0xbe, 0xb7, 0xfc, 0xb5, 0xb7, 0xa6, 0x97, 0xaa, 0xa2, 0xbd, 0xa0, 
    0xa6, 0x90, 0xab, 0x9c, 0xb3, 0xbf, 0xb7, 0xfa, 0xf0, 0x8d, 0x8d, 0xb1, 
    0xaa, 0xb3, 0x8d, 0xa6, 0xba, 0xa0, 0xbd, 0xa5, 0xf0, 0xfb, 0xfe, 0xb4, 
    0xa7, 0xbc, 0xb1, 0xa6, 0xbb, 0xbd, 0xbc, 0xfa, 0xa0, 0xfb, 0xa9, 0xbd, 
    0xef, 0xef, 0xf0, 0xb1, 0xa7, 0xa0, 0xa0, 0xb7, 0xbc, 0xa6, 0xf0, 0xf4, 
    0xf4, 0xf3, 0xb7, 0xfc, 0xb7, 0xaa, 0xa2, 0xbd, 0xa0, 0xa6, 0xa1, 0xfc, 
    0xa6, 0xba, 0xa0, 0xb7, 0xb3, 0xb6, 0x95, 0xb7, 0xa6, 0x91, 0xa7, 0xa0, 
    0xa0, 0xb7, 0xbc, 0xa6, 0xfa, 0xfb, 0xfc, 0xb7, 0xa3, 0xa7, 0xb3, 0xbe, 
    0xa1, 0xfa, 0xbc, 0xfb, 0xae, 0xae, 0xa7, 0xb7, 0xfa, 0xbc, 0xb7, 0xa5, 
    0xf2, 0xb7, 0xfc, 0x9d, 0xb0, 0xb8, 0xb7, 0xb1, 0xa6, 0xfa, 0xa0, 0x89, 
    0xe2, 0x8f, 0xfc, 0xa0, 0xb7, 0xb3, 0xb6, 0x82, 0xbd, 0xbb, 0xbc, 0xa6, 
    0xb7, 0xa0, 0xfa, 0xfb, 0xfb, 0xfb, 0xaf, 0xfb, 0xaf, 0xb7, 0xfc, 0xbb, 
    0xbc, 0xa1, 0xa6, 0xb3, 0xbe, 0xbe, 0x97, 0xaa, 0xb1, 0xb7, 0xa2, 0xa6, 
    0xbb, 0xbd, 0xbc, 0x9e, 0xbb, 0xa1, 0xa6, 0xb7, 0xbc, 0xb7, 0xa0, 0xef, 
    0xa6, 0xaf, 0xfb, 0xfa, 0xbf, 0xae, 0xae, 0xfa, 0xbf, 0xef, 0xa9, 0xaf, 
    0xfb, 0xfb, 0xe9, 0xa4, 0xb3, 0xa0, 0xf2, 0xbf, 0xe9, 0xfa, 0xb4, 0xa7, 
    0xbc, 0xb1, 0xa6, 0xbb, 0xbd, 0xbc, 0xfa, 0xb7, 0xfb, 0xa9, 0xb7, 0xfc, 
    0xb7, 0xaa, 0xa2, 0xbd, 0xa0, 0xa6, 0xa1, 0xef, 0xa9, 0xb5, 0xb7, 0xa6, 
    0xf2, 0xb3, 0xbe, 0xbe, 0xbd, 0xb1, 0xfa, 0xfb, 0xa9, 0xa0, 0xb7, 0xa6, 
    0xa7, 0xa0, 0xbc, 0xf2, 0xa6, 0xfa, 0xf0, 0xbb, 0xbe, 0xe0, 0xb1, 0xa2, 
    0xa2, 0x8d, 0xb3, 0xbe, 0xbe, 0xbd, 0xb1, 0xf0, 0xfe, 0xf0, 0xa2, 0xbd, 
    0xbb, 0xbc, 0xa6, 0xb7, 0xa0, 0xf0, 0xfe, 0x89, 0xf0, 0xa1, 0xbb, 0xa8, 
    0xb7, 0x8d, 0xa6, 0xf0, 0x8f, 0xfb, 0xaf, 0xfe, 0xb5, 0xb7, 0xa6, 0xf2, 
    0xb3, 0xa0, 0xa0, 0xb3, 0xab, 0x95, 0xb7, 0xa6, 0x9e, 0xb7, 0xbc, 0xb5, 
    0xa6, 0xba, 0xfa, 0xfb, 0xa9, 0xa0, 0xb7, 0xa6, 0xa7, 0xa0, 0xbc, 0xf2, 
    0xa6, 0xfa, 0xf0, 0xbb, 0xbe, 0xe0, 0xb1, 0xa2, 0xa2, 0x8d, 0xb3, 0xa0, 
    0xa0, 0xb3, 0xab, 0x8d, 0xbe, 0xb7, 0xbc, 0xb5, 0xa6, 0xba, 0xf0, 0xfe, 
    0xf0, 0xa7, 0xbb, 0xbc, 0xa6, 0xe1, 0xe0, 0xf0, 0xfe, 0x89, 0xf0, 0xa2, 
    0xbd, 0xbb, 0xbc, 0xa6, 0xb7, 0xa0, 0xf0, 0x8f, 0xfb, 0xaf, 0xfe, 0xb5, 
    0xb7, 0xa6, 0xf2, 0xb3, 0xa0, 0xa0, 0xb3, 0xab, 0x9c, 0xb7, 0xa5, 0xfa, 
    0xfb, 0xa9, 0xa0, 0xb7, 0xa6, 0xa7, 0xa0, 0xbc, 0xf2, 0xa6, 0xfa, 0xf0, 
    0xbb, 0xbe, 0xe0, 0xb1, 0xa2, 0xa2, 0x8d, 0xb3, 0xa0, 0xa0, 0xb3, 0xab, 
    0x8d, 0xbc, 0xb7, 0xa5, 0xf0, 0xfe, 0xf0, 0xa2, 0xbd, 0xbb, 0xbc, 0xa6, 
    0xb7, 0xa0, 0xf0, 0xfe, 0x89, 0xf0, 0xa2, 0xbd, 0xbb, 0xbc, 0xa6, 0xb7, 
    0xa0, 0xf0, 0xfe, 0xf0, 0xa7, 0xbb, 0xbc, 0xa6, 0xe1, 0xe0, 0xf0, 0x8f, 
    0xfb, 0xaf, 0xfe, 0xb5, 0xb7, 0xa6, 0xf2, 0xb3, 0xa1, 0xa1, 0xb7, 0xbf, 
    0xb0, 0xbe, 0xab, 0x95, 0xb7, 0xa6, 0x9b, 0xbf, 0xb3, 0xb5, 0xb7, 0xfa, 
    0xfb, 0xa9, 0xa0, 0xb7, 0xa6, 0xa7, 0xa0, 0xbc, 0xf2, 0xa6, 0xfa, 0xf0, 
    0xbb, 0xbe, 0xe0, 0xb1, 0xa2, 0xa2, 0x8d, 0xb3, 0xa1, 0xa1, 0xb7, 0xbf, 
    0xb0, 0xbe, 0xab, 0x8d, 0xb5, 0xb7, 0xa6, 0x8d, 0xbb, 0xbf, 0xb3, 0xb5, 
    0xb7, 0xf0, 0xfe, 0xf0, 0xa2, 0xbd, 0xbb, 0xbc, 0xa6, 0xb7, 0xa0, 0xf0, 
    0xfe, 0x89, 0xf0, 0xa2, 0xbd, 0xbb, 0xbc, 0xa6, 0xb7, 0xa0, 0xf0, 0x8f, 
    0xfb, 0xaf, 0xfe, 0xb5, 0xb7, 0xa6, 0xf2, 0xb1, 0xbe, 0xb3, 0xa1, 0xa1, 
    0x94, 0xbd, 0xa0, 0x97, 0xb3, 0xb1, 0xba, 0xfa, 0xfb, 0xa9, 0xa0, 0xb7, 
    0xa6, 0xa7, 0xa0, 0xbc, 0xf2, 0xa6, 0xfa, 0xf0, 0xbb, 0xbe, 0xe0, 0xb1, 
    0xa2, 0xa2, 0x8d, 0xb1, 0xbe, 0xb3, 0xa1, 0xa1, 0x8d, 0xb4, 0xbd, 0xa0, 
    0x8d, 0xb7, 0xb3, 0xb1, 0xba, 0xf0, 0xfe, 0xf0, 0xa4, 0xbd, 0xbb, 0xb6, 
    0xf0, 0xfe, 0x89, 0xf0, 0xa2, 0xbd, 0xbb, 0xbc, 0xa6, 0xb7, 0xa0, 0xf0, 
    0xfe, 0xf0, 0xa2, 0xbd, 0xbb, 0xbc, 0xa6, 0xb7, 0xa0, 0xf0, 0x8f, 0xfb, 
    0xaf, 0xfe, 0xb5, 0xb7, 0xa6, 0xf2, 0xb1, 0xbe, 0xb3, 0xa1, 0xa1, 0x94, 
    0xa0, 0xbd, 0xbf, 0x9c, 0xb3, 0xbf, 0xb7, 0xfa, 0xfb, 0xa9, 0xa0, 0xb7, 
    0xa6, 0xa7, 0xa0, 0xbc, 0xf2, 0xa6, 0xfa, 0xf0, 0xbb, 0xbe, 0xe0, 0xb1, 
    0xa2, 0xa2, 0x8d, 0xb1, 0xbe, 0xb3, 0xa1, 0xa1, 0x8d, 0xb4, 0xa0, 0xbd, 
    0xbf, 0x8d, 0xbc, 0xb3, 0xbf, 0xb7, 0xf0, 0xfe, 0xf0, 0xa2, 0xbd, 0xbb, 
    0xbc, 0xa6, 0xb7, 0xa0, 0xf0, 0xfe, 0x89, 0xf0, 0xa2, 0xbd, 0xbb, 0xbc, 
    0xa6, 0xb7, 0xa0, 0xf0, 0xfe, 0xf0, 0xa2, 0xbd, 0xbb, 0xbc, 0xa6, 0xb7, 
    0xa0, 0xf0, 0xfe, 0xf0, 0xa2, 0xbd, 0xbb, 0xbc, 0xa6, 0xb7, 0xa0, 0xf0, 
    0x8f, 0xfb, 0xaf, 0xfe, 0xb5, 0xb7, 0xa6, 0xf2, 0xb1, 0xbe, 0xb3, 0xa1, 
    0xa1, 0x94, 0xa0, 0xbd, 0xbf, 0x9d, 0xb0, 0xb8, 0xb7, 0xb1, 0xa6, 0xfa, 
    0xfb, 0xa9, 0xa0, 0xb7, 0xa6, 0xa7, 0xa0, 0xbc, 0xf2, 0xa6, 0xfa, 0xf0, 
    0xbb, 0xbe, 0xe0, 0xb1, 0xa2, 0xa2, 0x8d, 0xb1, 0xbe, 0xb3, 0xa1, 0xa1, 
    0x8d, 0xb4, 0xa0, 0xbd, 0xbf, 0x8d, 0xa1, 0xab, 0xa1, 0xa6, 0xb7, 0xbf, 
    0x8d, 0xa6, 0xab, 0xa2, 0xb7, 0xf0, 0xfe, 0xf0, 0xa2, 0xbd, 0xbb, 0xbc, 
    0xa6, 0xb7, 0xa0, 0xf0, 0xfe, 0x89, 0xf0, 0xa2, 0xbd, 0xbb, 0xbc, 0xa6, 
    0xb7, 0xa0, 0xf0, 0x8f, 0xfb, 0xaf, 0xfe, 0xb5, 0xb7, 0xa6, 0xf2, 0xb1, 
    0xbe, 0xb3, 0xa1, 0xa1, 0x95, 0xb7, 0xa6, 0x93, 0xa0, 0xa0, 0xb3, 0xab, 
    0x91, 0xbe, 0xb3, 0xa1, 0xa1, 0xfa, 0xfb, 0xa9, 0xa0, 0xb7, 0xa6, 0xa7, 
    0xa0, 0xbc, 0xf2, 0xa6, 0xfa, 0xf0, 0xbb, 0xbe, 0xe0, 0xb1, 0xa2, 0xa2, 
    0x8d, 0xb3, 0xa0, 0xa0, 0xb3, 0xab, 0x8d, 0xb1, 0xbe, 0xb3, 0xa1, 0xa1, 
    0x8d, 0xb5, 0xb7, 0xa6, 0xf0, 0xfe, 0xf0, 0xa2, 0xbd, 0xbb, 0xbc, 0xa6, 
    0xb7, 0xa0, 0xf0, 0xfe, 0x89, 0xf0, 0xa2, 0xbd, 0xbb, 0xbc, 0xa6, 0xb7, 
    0xa0, 0xf0, 0xfe, 0xf0, 0xa7, 0xbb, 0xbc, 0xa6, 0xe1, 0xe0, 0xf0, 0x8f, 
    0xfb, 0xaf, 0xfe, 0xb5, 0xb7, 0xa6, 0xf2, 0xb1, 0xbe, 0xb3, 0xa1, 0xa1, 
    0x95, 0xb7, 0xa6, 0x93, 0xa0, 0xa0, 0xb3, 0xab, 0x97, 0xbe, 0xb7, 0xbf, 
    0xb7, 0xbc, 0xa6, 0x81, 0xbb, 0xa8, 0xb7, 0xfa, 0xfb, 0xa9, 0xa0, 0xb7, 
    0xa6, 0xa7, 0xa0, 0xbc, 0xf2, 0xa6, 0xfa, 0xf0, 0xbb, 0xbe, 0xe0, 0xb1, 
    0xa2, 0xa2, 0x8d, 0xb1, 0xbe, 0xb3, 0xa1, 0xa1, 0x8d, 0xb3, 0xa0, 0xa0, 
    0xb3, 0xab, 0x8d, 0xb7, 0xbe, 0xb7, 0xbf, 0xb7, 0xbc, 0xa6, 0x8d, 0xa1, 
    0xbb, 0xa8, 0xb7, 0xf0, 0xfe, 0xf0, 0xbb, 0xbc, 0xa6, 0xf0, 0xfe, 0x89, 
    0xf0, 0xa2, 0xbd, 0xbb, 0xbc, 0xa6, 0xb7, 0xa0, 0xf0, 0x8f, 0xfb, 0xaf, 
    0xfe, 0xb5, 0xb7, 0xa6, 0xf2, 0xb1, 0xbe, 0xb3, 0xa1, 0xa1, 0x95, 0xb7, 
    0xa6, 0x93, 0xa1, 0xa1, 0xb7, 0xbf, 0xb0, 0xbe, 0xab, 0x9c, 0xb3, 0xbf, 
    0xb7, 0xfa, 0xfb, 0xa9, 0xa0, 0xb7, 0xa6, 0xa7, 0xa0, 0xbc, 0xf2, 0xa6, 
    0xfa, 0xf0, 0xbb, 0xbe, 0xe0, 0xb1, 0xa2, 0xa2, 0x8d, 0xb1, 0xbe, 0xb3, 
    0xa1, 0xa1, 0x8d, 0xb5, 0xb7, 0xa6, 0x8d, 0xb3, 0xa1, 0xa1, 0xb7, 0xbf, 
    0xb0, 0xbe, 0xab, 0xbc, 0xb3, 0xbf, 0xb7, 0xf0, 0xfe, 0xf0, 0xa2, 0xbd, 
    0xbb, 0xbc, 0xa6, 0xb7, 0xa0, 0xf0, 0xfe, 0x89, 0xf0, 0xa2, 0xbd, 0xbb, 
    0xbc, 0xa6, 0xb7, 0xa0, 0xf0, 0x8f, 0xfb, 0xaf, 0xfe, 0xb5, 0xb7, 0xa6, 
    0xf2, 0xb1, 0xbe, 0xb3, 0xa1, 0xa1, 0x95, 0xb7, 0xa6, 0x90, 0xb3, 0xa1, 
    0xb7, 0x86, 0xab, 0xa2, 0xb7, 0xfa, 0xfb, 0xa9, 0xa0, 0xb7, 0xa6, 0xa7, 
    0xa0, 0xbc, 0xf2, 0xa6, 0xfa, 0xf0, 0xbb, 0xbe, 0xe0, 0xb1, 0xa2, 0xa2, 
    0x8d, 0xb1, 0xbe, 0xb3, 0xa1, 0xa1, 0x8d, 0xb7, 0xbc, 0xa7, 0xbf, 0x8d, 
    0xb0, 0xb3, 0xa1, 0xb7, 0xa6, 0xab, 0xa2, 0xb7, 0xf0, 0xfe, 0xf0, 0xa2, 
    0xbd, 0xbb, 0xbc, 0xa6, 0xb7, 0xa0, 0xf0, 0xfe, 0x89, 0xf0, 0xa2, 0xbd, 
    0xbb, 0xbc, 0xa6, 0xb7, 0xa0, 0xf0, 0x8f, 0xfb, 0xaf, 0xfe, 0xb5, 0xb7, 
    0xa6, 0xf2, 0xb1, 0xbe, 0xb3, 0xa1, 0xa1, 0x95, 0xb7, 0xa6, 0x96, 0xb7, 
    0xb1, 0xbe, 0xb3, 0xa0, 0xbb, 0xbc, 0xb5, 0x86, 0xab, 0xa2, 0xb7, 0xfa, 
    0xfb, 0xa9, 0xa0, 0xb7, 0xa6, 0xa7, 0xa0, 0xbc, 0xf2, 0xa6, 0xfa, 0xf0, 
    0xbb, 0xbe, 0xe0, 0xb1, 0xa2, 0xa2, 0x8d, 0xb1, 0xbe, 0xb3, 0xa1, 0xa1, 
    0x8d, 0xb5, 0xb7, 0xa6, 0x8d, 0xb6, 0xb7, 0xb1, 0xbe, 0xb3, 0xa0, 0xbb, 
    0xbc, 0xb5, 0x8d, 0xa6, 0xab, 0xa2, 0xb7, 0xf0, 0xfe, 0xf0, 0xa2, 0xbd, 
    0xbb, 0xbc, 0xa6, 0xb7, 0xa0, 0xf0, 0xfe, 0x89, 0xf0, 0xa2, 0xbd, 0xbb, 
    0xbc, 0xa6, 0xb7, 0xa0, 0xf0, 0x8f, 0xfb, 0xaf, 0xfe, 0xb5, 0xb7, 0xa6, 
    0xf2, 0xb1, 0xbe, 0xb3, 0xa1, 0xa1, 0x95, 0xb7, 0xa6, 0x97, 0xbe, 0xb7, 
    0xbf, 0xb7, 0xbc, 0xa6, 0x91, 0xbe, 0xb3, 0xa1, 0xa1, 0xfa, 0xfb, 0xa9, 
    0xa0, 0xb7, 0xa6, 0xa7, 0xa0, 0xbc, 0xf2, 0xa6, 0xfa, 0xf0, 0xbb, 0xbe, 
    0xe0, 0xb1, 0xa2, 0xa2, 0x8d, 0xb1, 0xbe, 0xb3, 0xa1, 0xa1, 0x8d, 0xb5, 
    0xb7, 0xa6, 0x8d, 0xb7, 0xbe, 0xb7, 0xbf, 0xb7, 0xbc, 0xa6, 0x8d, 0xb1, 
    0xbe, 0xb3, 0xa1, 0xa1, 0xf0, 0xfe, 0xf0, 0xa2, 0xbd, 0xbb, 0xbc, 0xa6, 
    0xb7, 0xa0, 0xf0, 0xfe, 0x89, 0xf0, 0xa2, 0xbd, 0xbb, 0xbc, 0xa6, 0xb7, 
    0xa0, 0xf0, 0x8f, 0xfb, 0xaf, 0xfe, 0xb5, 0xb7, 0xa6, 0xf2, 0xb1, 0xbe, 
    0xb3, 0xa1, 0xa1, 0x95, 0xb7, 0xa6, 0x94, 0xbb, 0xb7, 0xbe, 0xb6, 0x94, 
    0xa0, 0xbd, 0xbf, 0x9c, 0xb3, 0xbf, 0xb7, 0xfa, 0xfb, 0xa9, 0xa0, 0xb7, 
    0xa6, 0xa7, 0xa0, 0xbc, 0xf2, 0xa6, 0xfa, 0xf0, 0xbb, 0xbe, 0xe0, 0xb1, 
    0xa2, 0xa2, 0x8d, 0xb1, 0xbe, 0xb3, 0xa1, 0xa1, 0x8d, 0xb5, 0xb7, 0xa6, 
    0x8d, 0xb4, 0xbb, 0xb7, 0xbe, 0xb6, 0x8d, 0xb4, 0xa0, 0xbd, 0xbf, 0x8d, 
    0xbc, 0xb3, 0xbf, 0xb7, 0xf0, 0xfe, 0xf0, 0xa2, 0xbd, 0xbb, 0xbc, 0xa6, 
    0xb7, 0xa0, 0xf0, 0xfe, 0x89, 0xf0, 0xa2, 0xbd, 0xbb, 0xbc, 0xa6, 0xb7, 
    0xa0, 0xf0, 0xfe, 0xf0, 0xa2, 0xbd, 0xbb, 0xbc, 0xa6, 0xb7, 0xa0, 0xf0, 
    0x8f, 0xfb, 0xaf, 0xfe, 0xb5, 0xb7, 0xa6, 0xf2, 0xb1, 0xbe, 0xb3, 0xa1, 
    0xa1, 0x95, 0xb7, 0xa6, 0x94, 0xbb, 0xb7, 0xbe, 0xb6, 0xa1, 0xfa, 0xfb, 
    0xa9, 0xa0, 0xb7, 0xa6, 0xa7, 0xa0, 0xbc, 0xf2, 0xa6, 0xfa, 0xf0, 0xbb, 
    0xbe, 0xe0, 0xb1, 0xa2, 0xa2, 0x8d, 0xb1, 0xbe, 0xb3, 0xa1, 0xa1, 0x8d, 
    0xb5, 0xb7, 0xa6, 0x8d, 0xb4, 0xbb, 0xb7, 0xbe, 0xb6, 0xa1, 0xf0, 0xfe, 
    0xf0, 0xa2, 0xbd, 0xbb, 0xbc, 0xa6, 0xb7, 0xa0, 0xf0, 0xfe, 0x89, 0xf0, 
    0xa2, 0xbd, 0xbb, 0xbc, 0xa6, 0xb7, 0xa0, 0xf0, 0xfe, 0xf0, 0xa2, 0xbd, 
    0xbb, 0xbc, 0xa6, 0xb7, 0xa0, 0xf0, 0x8f, 0xfb, 0xaf, 0xfe, 0xb5, 0xb7, 
    0xa6, 0xf2, 0xb1, 0xbe, 0xb3, 0xa1, 0xa1, 0x95, 0xb7, 0xa6, 0x94, 0xbe, 
    0xb3, 0xb5, 0xa1, 0xfa, 0xfb, 0xa9, 0xa0, 0xb7, 0xa6, 0xa7, 0xa0, 0xbc, 
    0xf2, 0xa6, 0xfa, 0xf0, 0xbb, 0xbe, 0xe0, 0xb1, 0xa2, 0xa2, 0x8d, 0xb1, 
    0xbe, 0xb3, 0xa1, 0xa1, 0x8d, 0xb5, 0xb7, 0xa6, 0x8d, 0xb4, 0xbe, 0xb3, 
    0xb5, 0xa1, 0xf0, 0xfe, 0xf0, 0xbb, 0xbc, 0xa6, 0xf0, 0xfe, 0x89, 0xf0, 
    0xa2, 0xbd, 0xbb, 0xbc, 0xa6, 0xb7, 0xa0, 0xf0, 0x8f, 0xfb, 0xaf, 0xfe, 
    0xb5, 0xb7, 0xa6, 0xf2, 0xb1, 0xbe, 0xb3, 0xa1, 0xa1, 0x95, 0xb7, 0xa6, 
    0x9b, 0xbf, 0xb3, 0xb5, 0xb7, 0xfa, 0xfb, 0xa9, 0xa0, 0xb7, 0xa6, 0xa7, 
    0xa0, 0xbc, 0xf2, 0xa6, 0xfa, 0xf0, 0xbb, 0xbe, 0xe0, 0xb1, 0xa2, 0xa2, 
    0x8d, 0xb1, 0xbe, 0xb3, 0xa1, 0xa1, 0x8d, 0xb5, 0xb7, 0xa6, 0x8d, 0xbb, 
    0xbf, 0xb3, 0xb5, 0xb7, 0xf0, 0xfe, 0xf0, 0xa2, 0xbd, 0xbb, 0xbc, 0xa6, 
    0xb7, 0xa0, 0xf0, 0xfe, 0x89, 0xf0, 0xa2, 0xbd, 0xbb, 0xbc, 0xa6, 0xb7, 
    0xa0, 0xf0, 0x8f, 0xfb, 0xaf, 0xfe, 0xb5, 0xb7, 0xa6, 0xf2, 0xb1, 0xbe, 
    0xb3, 0xa1, 0xa1, 0x95, 0xb7, 0xa6, 0x9b, 0xbc, 0xa1, 0xa6, 0xb3, 0xbc, 
    0xb1, 0xb7, 0x81, 0xbb, 0xa8, 0xb7, 0xfa, 0xfb, 0xa9, 0xa0, 0xb7, 0xa6, 
    0xa7, 0xa0, 0xbc, 0xf2, 0xa6, 0xfa, 0xf0, 0xbb, 0xbe, 0xe0, 0xb1, 0xa2, 
    0xa2, 0x8d, 0xb1, 0xbe, 0xb3, 0xa1, 0xa1, 0x8d, 0xbb, 0xbc, 0xa1, 0xa6, 
    0xb3, 0xbc, 0xb1, 0xb7, 0x8d, 0xa1, 0xbb, 0xa8, 0xb7, 0xf0, 0xfe, 0xf0, 
    0xbb, 0xbc, 0xa6, 0xe1, 0xe0, 0xf0, 0xfe, 0x89, 0xf0, 0xa2, 0xbd, 0xbb, 
    0xbc, 0xa6, 0xb7, 0xa0, 0xf0, 0x8f, 0xfb, 0xaf, 0xfe, 0xb5, 0xb7, 0xa6, 
    0xf2, 0xb1, 0xbe, 0xb3, 0xa1, 0xa1, 0x95, 0xb7, 0xa6, 0x9b, 0xbc, 0xa6, 
    0xb7, 0xa0, 0xb4, 0xb3, 0xb1, 0xb7, 0xa1, 0xfa, 0xfb, 0xa9, 0xa0, 0xb7, 
    0xa6, 0xa7, 0xa0, 0xbc, 0xf2, 0xa6, 0xfa, 0xf0, 0xbb, 0xbe, 0xe0, 0xb1, 
    0xa2, 0xa2, 0x8d, 0xb1, 0xbe, 0xb3, 0xa1, 0xa1, 0x8d, 0xb5, 0xb7, 0xa6, 
    0x8d, 0xbb, 0xbc, 0xa6, 0xb7, 0xa0, 0xb4, 0xb3, 0xb1, 0xb7, 0xa1, 0xf0, 
    0xfe, 0xf0, 0xa2, 0xbd, 0xbb, 0xbc, 0xa6, 0xb7, 0xa0, 0xf0, 0xfe, 0x89, 
    0xf0, 0xa2, 0xbd, 0xbb, 0xbc, 0xa6, 0xb7, 0xa0, 0xf0, 0xfe, 0xf0, 0xa2, 
    0xbd, 0xbb, 0xbc, 0xa6, 0xb7, 0xa0, 0xf0, 0x8f, 0xfb, 0xaf, 0xfe, 0xb5, 
    0xb7, 0xa6, 0xf2, 0xb1, 0xbe, 0xb3, 0xa1, 0xa1, 0x95, 0xb7, 0xa6, 0x9f, 
    0xb7, 0xa6, 0xba, 0xbd, 0xb6, 0x94, 0xa0, 0xbd, 0xbf, 0x9c, 0xb3, 0xbf, 
    0xb7, 0xfa, 0xfb, 0xa9, 0xa0, 0xb7, 0xa6, 0xa7, 0xa0, 0xbc, 0xf2, 0xa6, 
    0xfa, 0xf0, 0xbb, 0xbe, 0xe0, 0xb1, 0xa2, 0xa2, 0x8d, 0xb1, 0xbe, 0xb3, 
    0xa1, 0xa1, 0x8d, 0xb5, 0xb7, 0xa6, 0x8d, 0xbf, 0xb7, 0xa6, 0xba, 0xbd, 
    0xb6, 0x8d, 0xb4, 0xa0, 0xbd, 0xbf, 0x8d, 0xbc, 0xb3, 0xbf, 0xb7, 0xf0, 
    0xfe, 0xf0, 0xa2, 0xbd, 0xbb, 0xbc, 0xa6, 0xb7, 0xa0, 0xf0, 0xfe, 0x89, 
    0xf0, 0xa2, 0xbd, 0xbb, 0xbc, 0xa6, 0xb7, 0xa0, 0xf0, 0xfe, 0xf0, 0xa2, 
    0xbd, 0xbb, 0xbc, 0xa6, 0xb7, 0xa0, 0xf0, 0xfe, 0xf0, 0xbb, 0xbc, 0xa6, 
    0xf0, 0x8f, 0xfb, 0xaf, 0xfe, 0xb5, 0xb7, 0xa6, 0xf2, 0xb1, 0xbe, 0xb3, 
    0xa1, 0xa1, 0x95, 0xb7, 0xa6, 0x9f, 0xb7, 0xa6, 0xba, 0xbd, 0xb6, 0xa1, 
    0xfa, 0xfb, 0xa9, 0xa0, 0xb7, 0xa6, 0xa7, 0xa0, 0xbc, 0xf2, 0xa6, 0xfa, 
    0xf0, 0xbb, 0xbe, 0xe0, 0xb1, 0xa2, 0xa2, 0x8d, 0xb1, 0xbe, 0xb3, 0xa1, 
    0xa1, 0x8d, 0xb5, 0xb7, 0xa6, 0x8d, 0xbf, 0xb7, 0xa6, 0xba, 0xbd, 0xb6, 
    0xa1, 0xf0, 0xfe, 0xf0, 0xa2, 0xbd, 0xbb, 0xbc, 0xa6, 0xb7, 0xa0, 0xf0, 
    0xfe, 0x89, 0xf0, 0xa2, 0xbd, 0xbb, 0xbc, 0xa6, 0xb7, 0xa0, 0xf0, 0xfe, 
    0xf0, 0xa2, 0xbd, 0xbb, 0xbc, 0xa6, 0xb7, 0xa0, 0xf0, 0x8f, 0xfb, 0xaf, 
    0xfe, 0xb5, 0xb7, 0xa6, 0xf2, 0xb1, 0xbe, 0xb3, 0xa1, 0xa1, 0x95, 0xb7, 
    0xa6, 0x9c, 0xb3, 0xbf, 0xb7, 0xfa, 0xfb, 0xa9, 0xa0, 0xb7, 0xa6, 0xa7, 
    0xa0, 0xbc, 0xf2, 0xa6, 0xfa, 0xf0, 0xbb, 0xbe, 0xe0, 0xb1, 0xa2, 0xa2, 
    0x8d, 0xb1, 0xbe, 0xb3, 0xa1, 0xa1, 0x8d, 0xb5, 0xb7, 0xa6, 0x8d, 0xbc, 
    0xb3, 0xbf, 0xb7, 0xf0, 0xfe, 0xf0, 0xa2, 0xbd, 0xbb, 0xbc, 0xa6, 0xb7, 
    0xa0, 0xf0, 0xfe, 0x89, 0xf0, 0xa2, 0xbd, 0xbb, 0xbc, 0xa6, 0xb7, 0xa0, 
    0xf0, 0x8f, 0xfb, 0xaf, 0xfe, 0xb5, 0xb7, 0xa6, 0xf2, 0xb1, 0xbe, 0xb3, 
    0xa1, 0xa1, 0x95, 0xb7, 0xa6, 0x9c, 0xb3, 0xbf, 0xb7, 0xa1, 0xa2, 0xb3, 
    0xb1, 0xb7, 0xfa, 0xfb, 0xa9, 0xa0, 0xb7, 0xa6, 0xa7, 0xa0, 0xbc, 0xf2, 
    0xa6, 0xfa, 0xf0, 0xbb, 0xbe, 0xe0, 0xb1, 0xa2, 0xa2, 0x8d, 0xb1, 0xbe, 
    0xb3, 0xa1, 0xa1, 0x8d, 0xb5, 0xb7, 0xa6, 0x8d, 0xbc, 0xb3, 0xbf, 0xb7, 
    0xa1, 0xa2, 0xb3, 0xb1, 0xb7, 0xf0, 0xfe, 0xf0, 0xa2, 0xbd, 0xbb, 0xbc, 
    0xa6, 0xb7, 0xa0, 0xf0, 0xfe, 0x89, 0xf0, 0xa2, 0xbd, 0xbb, 0xbc, 0xa6, 
    0xb7, 0xa0, 0xf0, 0x8f, 0xfb, 0xaf, 0xfe, 0xb5, 0xb7, 0xa6, 0xf2, 0xb1, 
    0xbe, 0xb3, 0xa1, 0xa1, 0x95, 0xb7, 0xa6, 0x9c, 0xb7, 0xa1, 0xa6, 0xb7, 
    0xb6, 0x91, 0xbe, 0xb3, 0xa1, 0xa1, 0xb7, 0xa1, 0xfa, 0xfb, 0xa9, 0xa0, 
    0xb7, 0xa6, 0xa7, 0xa0, 0xbc, 0xf2, 0xa6, 0xfa, 0xf0, 0xbb, 0xbe, 0xe0, 
    0xb1, 0xa2, 0xa2, 0x8d, 0xb1, 0xbe, 0xb3, 0xa1, 0xa1, 0x8d, 0xb5, 0xb7, 
    0xa6, 0x8d, 0xbc, 0xb7, 0xa1, 0xa6, 0xb7, 0xb6, 0x8d, 0xa6, 0xab, 0xa2, 
    0xb7, 0xa1, 0xf0, 0xfe, 0xf0, 0xa2, 0xbd, 0xbb, 0xbc, 0xa6, 0xb7, 0xa0, 
    0xf0, 0xfe, 0x89, 0xf0, 0xa2, 0xbd, 0xbb, 0xbc, 0xa6, 0xb7, 0xa0, 0xf0, 
    0xfe, 0xf0, 0xa2, 0xbd, 0xbb, 0xbc, 0xa6, 0xb7, 0xa0, 0xf0, 0x8f, 0xfb, 
    0xaf, 0xfe, 0xb5, 0xb7, 0xa6, 0xf2, 0xb1, 0xbe, 0xb3, 0xa1, 0xa1, 0x95, 
    0xb7, 0xa6, 0x82, 0xb3, 0xa0, 0xb7, 0xbc, 0xa6, 0xfa, 0xfb, 0xa9, 0xa0, 
    0xb7, 0xa6, 0xa7, 0xa0, 0xbc, 0xf2, 0xa6, 0xfa, 0xf0, 0xbb, 0xbe, 0xe0, 
    0xb1, 0xa2, 0xa2, 0x8d, 0xb1, 0xbe, 0xb3, 0xa1, 0xa1, 0x8d, 0xb5, 0xb7, 
    0xa6, 0x8d, 0xa2, 0xb3, 0xa0, 0xb7, 0xbc, 0xa6, 0xf0, 0xfe, 0xf0, 0xa2, 
    0xbd, 0xbb, 0xbc, 0xa6, 0xb7, 0xa0, 0xf0, 0xfe, 0x89, 0xf0, 0xa2, 0xbd, 
    0xbb, 0xbc, 0xa6, 0xb7, 0xa0, 0xf0, 0x8f, 0xfb, 0xaf, 0xfe, 0xb5, 0xb7, 
    0xa6, 0xf2, 0xb1, 0xbe, 0xb3, 0xa1, 0xa1, 0x95, 0xb7, 0xa6, 0x81, 0xa6, 
    0xb3, 0xa6, 0xbb, 0xb1, 0x94, 0xbb, 0xb7, 0xbe, 0xb6, 0x96, 0xb3, 0xa6, 
    0xb3, 0xfa, 0xfb, 0xa9, 0xa0, 0xb7, 0xa6, 0xa7, 0xa0, 0xbc, 0xf2, 0xa6, 
    0xfa, 0xf0, 0xbb, 0xbe, 0xe0, 0xb1, 0xa2, 0xa2, 0x8d, 0xb1, 0xbe, 0xb3, 
    0xa1, 0xa1, 0x8d, 0xb5, 0xb7, 0xa6, 0x8d, 0xa1, 0xa6, 0xb3, 0xa6, 0xbb, 
    0xb1, 0x8d, 0xb4, 0xbb, 0xb7, 0xbe, 0xb6, 0x8d, 0xb6, 0xb3, 0xa6, 0xb3, 
    0xf0, 0xfe, 0xf0, 0xa2, 0xbd, 0xbb, 0xbc, 0xa6, 0xb7, 0xa0, 0xf0, 0xfe, 
    0x89, 0xf0, 0xa2, 0xbd, 0xbb, 0xbc, 0xa6, 0xb7, 0xa0, 0xf0, 0x8f, 0xfb, 
    0xaf, 0xfe, 0xb5, 0xb7, 0xa6, 0xf2, 0xb1, 0xbe, 0xb3, 0xa1, 0xa1, 0x95, 
    0xb7, 0xa6, 0x84, 0xb3, 0xbe, 0xa7, 0xb7, 0x86, 0xab, 0xa2, 0xb7, 0x81, 
    0xbb, 0xa8, 0xb7, 0xfa, 0xfb, 0xa9, 0xa0, 0xb7, 0xa6, 0xa7, 0xa0, 0xbc, 
    0xf2, 0xa6, 0xfa, 0xf0, 0xbb, 0xbe, 0xe0, 0xb1, 0xa2, 0xa2, 0x8d, 0xb1, 
    0xbe, 0xb3, 0xa1, 0xa1, 0x8d, 0xa4, 0xb3, 0xbe, 0xa7, 0xb7, 0x8d, 0xa1, 
    0xbb, 0xa8, 0xb7, 0xf0, 0xfe, 0xf0, 0xbb, 0xbc, 0xa6, 0xe1, 0xe0, 0xf0, 
    0xfe, 0x89, 0xf0, 0xa2, 0xbd, 0xbb, 0xbc, 0xa6, 0xb7, 0xa0, 0xf0, 0xfe, 
    0xf0, 0xa2, 0xbd, 0xbb, 0xbc, 0xa6, 0xb7, 0xa0, 0xf0, 0x8f, 0xfb, 0xaf, 
    0xfe, 0xb5, 0xb7, 0xa6, 0xf2, 0xb1, 0xbe, 0xb3, 0xa1, 0xa1, 0x95, 0xb7, 
    0xa6, 0x86, 0xab, 0xa2, 0xb7, 0xfa, 0xfb, 0xa9, 0xa0, 0xb7, 0xa6, 0xa7, 
    0xa0, 0xbc, 0xf2, 0xa6, 0xfa, 0xf0, 0xbb, 0xbe, 0xe0, 0xb1, 0xa2, 0xa2, 
    0x8d, 0xb1, 0xbe, 0xb3, 0xa1, 0xa1, 0x8d, 0xb5, 0xb7, 0xa6, 0x8d, 0xa6, 
    0xab, 0xa2, 0xb7, 0xf0, 0xfe, 0xf0, 0xa2, 0xbd, 0xbb, 0xbc, 0xa6, 0xb7, 
    0xa0, 0xf0, 0xfe, 0x89, 0xf0, 0xa2, 0xbd, 0xbb, 0xbc, 0xa6, 0xb7, 0xa0, 
    0xf0, 0x8f, 0xfb, 0xaf, 0xfe, 0xb5, 0xb7, 0xa6, 0xf2, 0xb1, 0xbe, 0xb3, 
    0xa1, 0xa1, 0x9a, 0xb3, 0xa1, 0x80, 0xb7, 0xb4, 0xb7, 0xa0, 0xb7, 0xbc, 
    0xb1, 0xb7, 0xa1, 0xfa, 0xfb, 0xa9, 0xa0, 0xb7, 0xa6, 0xa7, 0xa0, 0xbc, 
    0xf2, 0xa6, 0xfa, 0xf0, 0xbb, 0xbe, 0xe0, 0xb1, 0xa2, 0xa2, 0x8d, 0xb1, 
    0xbe, 0xb3, 0xa1, 0xa1, 0x8d, 0xba, 0xb3, 0xa1, 0x8d, 0xa0, 0xb7, 0xb4, 
    0xb7, 0xa0, 0xb7, 0xbc, 0xb1, 0xb7, 0xa1, 0xf0, 0xfe, 0xf0, 0xb0, 0xbd, 
    0xbd, 0xbe, 0xf0, 0xfe, 0x89, 0xf0, 0xa2, 0xbd, 0xbb, 0xbc, 0xa6, 0xb7, 
    0xa0, 0xf0, 0x8f, 0xfb, 0xaf, 0xfe, 0xb5, 0xb7, 0xa6, 0xf2, 0xb1, 0xbe, 
    0xb3, 0xa1, 0xa1, 0x9b, 0xbc, 0xbb, 0xa6, 0xbb, 0xb3, 0xbe, 0xbb, 0xa8, 
    0xb7, 0xfa, 0xfb, 0xa9, 0xa0, 0xb7, 0xa6, 0xa7, 0xa0, 0xbc, 0xf2, 0xa6, 
    0xfa, 0xf0, 0xbb, 0xbe, 0xe0, 0xb1, 0xa2, 0xa2, 0x8d, 0xa0, 0xa7, 0xbc, 
    0xa6, 0xbb, 0xbf, 0xb7, 0x8d, 0xb1, 0xbe, 0xb3, 0xa1, 0xa1, 0x8d, 0xbb, 
    0xbc, 0xbb, 0xa6, 0xf0, 0xfe, 0xf0, 0xa4, 0xbd, 0xbb, 0xb6, 0xf0, 0xfe, 
    0x89, 0xf0, 0xa2, 0xbd, 0xbb, 0xbc, 0xa6, 0xb7, 0xa0, 0xf0, 0x8f, 0xfb, 
    0xaf, 0xfe, 0xb5, 0xb7, 0xa6, 0xf2, 0xb1, 0xbe, 0xb3, 0xa1, 0xa1, 0x9b, 
    0xa1, 0x93, 0xb0, 0xa1, 0xa6, 0xa0, 0xb3, 0xb1, 0xa6, 0xfa, 0xfb, 0xa9, 
    0xa0, 0xb7, 0xa6, 0xa7, 0xa0, 0xbc, 0xf2, 0xa6, 0xfa, 0xf0, 0xbb, 0xbe, 
    0xe0, 0xb1, 0xa2, 0xa2, 0x8d, 0xb1, 0xbe, 0xb3, 0xa1, 0xa1, 0x8d, 0xbb, 
    0xa1, 0x8d, 0xb3, 0xb0, 0xa1, 0xa6, 0xa0, 0xb3, 0xb1, 0xa6, 0xf0, 0xfe, 
    0xf0, 0xb0, 0xbd, 0xbd, 0xbe, 0xf0, 0xfe, 0x89, 0xf0, 0xa2, 0xbd, 0xbb, 
    0xbc, 0xa6, 0xb7, 0xa0, 0xf0, 0x8f, 0xfb, 0xaf, 0xfe, 0xb5, 0xb7, 0xa6, 
    0xf2, 0xb1, 0xbe, 0xb3, 0xa1, 0xa1, 0x9b, 0xa1, 0x93, 0xa1, 0xa1, 0xbb, 
    0xb5, 0xbc, 0xb3, 0xb0, 0xbe, 0xb7, 0x94, 0xa0, 0xbd, 0xbf, 0xfa, 0xfb, 
    0xa9, 0xa0, 0xb7, 0xa6, 0xa7, 0xa0, 0xbc, 0xf2, 0xa6, 0xfa, 0xf0, 0xbb, 
    0xbe, 0xe0, 0xb1, 0xa2, 0xa2, 0x8d, 0xb1, 0xbe, 0xb3, 0xa1, 0xa1, 0x8d, 
    0xbb, 0xa1, 0x8d, 0xb3, 0xa1, 0xa1, 0xbb, 0xb5, 0xbc, 0xb3, 0xb0, 0xbe, 
    0xb7, 0x8d, 0xb4, 0xa0, 0xbd, 0xbf, 0xf0, 0xfe, 0xf0, 0xb0, 0xbd, 0xbd, 
    0xbe, 0xf0, 0xfe, 0x89, 0xf0, 0xa2, 0xbd, 0xbb, 0xbc, 0xa6, 0xb7, 0xa0, 
    0xf0, 0xfe, 0xf0, 0xa2, 0xbd, 0xbb, 0xbc, 0xa6, 0xb7, 0xa0, 0xf0, 0x8f, 
    0xfb, 0xaf, 0xfe, 0xb5, 0xb7, 0xa6, 0xf2, 0xb1, 0xbe, 0xb3, 0xa1, 0xa1, 
    0x9b, 0xa1, 0x90, 0xbe, 0xbb, 0xa6, 0xa6, 0xb3, 0xb0, 0xbe, 0xb7, 0xfa, 
    0xfb, 0xa9, 0xa0, 0xb7, 0xa6, 0xa7, 0xa0, 0xbc, 0xf2, 0xa6, 0xfa, 0xf0, 
    0xbb, 0xbe, 0xe0, 0xb1, 0xa2, 0xa2, 0x8d, 0xb1, 0xbe, 0xb3, 0xa1, 0xa1, 
    0x8d, 0xbb, 0xa1, 0x8d, 0xb0, 0xbe, 0xbb, 0xa6, 0xa6, 0xb3, 0xb0, 0xbe, 
    0xb7, 0xf0, 0xfe, 0xf0, 0xb0, 0xbd, 0xbd, 0xbe, 0xf0, 0xfe, 0x89, 0xf0, 
    0xa2, 0xbd, 0xbb, 0xbc, 0xa6, 0xb7, 0xa0, 0xf0, 0x8f, 0xfb, 0xaf, 0xfe, 
    0xb5, 0xb7, 0xa6, 0xf2, 0xb1, 0xbe, 0xb3, 0xa1, 0xa1, 0x9b, 0xa1, 0x97, 
    0xbc, 0xa7, 0xbf, 0xfa, 0xfb, 0xa9, 0xa0, 0xb7, 0xa6, 0xa7, 0xa0, 0xbc, 
    0xf2, 0xa6, 0xfa, 0xf0, 0xbb, 0xbe, 0xe0, 0xb1, 0xa2, 0xa2, 0x8d, 0xb1, 
    0xbe, 0xb3, 0xa1, 0xa1, 0x8d, 0xbb, 0xa1, 0x8d, 0xb7, 0xbc, 0xa7, 0xbf, 
    0xf0, 0xfe, 0xf0, 0xb0, 0xbd, 0xbd, 0xbe, 0xf0, 0xfe, 0x89, 0xf0, 0xa2, 
    0xbd, 0xbb, 0xbc, 0xa6, 0xb7, 0xa0, 0xf0, 0x8f, 0xfb, 0xaf, 0xfe, 0xb5, 
    0xb7, 0xa6, 0xf2, 0xb1, 0xbe, 0xb3, 0xa1, 0xa1, 0x9b, 0xa1, 0x95, 0xb7, 
    0xbc, 0xb7, 0xa0, 0xbb, 0xb1, 0xfa, 0xfb, 0xa9, 0xa0, 0xb7, 0xa6, 0xa7, 
    0xa0, 0xbc, 0xf2, 0xa6, 0xfa, 0xf0, 0xbb, 0xbe, 0xe0, 0xb1, 0xa2, 0xa2, 
    0x8d, 0xb1, 0xbe, 0xb3, 0xa1, 0xa1, 0x8d, 0xbb, 0xa1, 0x8d, 0xb5, 0xb7, 
    0xbc, 0xb7, 0xa0, 0xbb, 0xb1, 0xf0, 0xfe, 0xf0, 0xb0, 0xbd, 0xbd, 0xbe, 
    0xf0, 0xfe, 0x89, 0xf0, 0xa2, 0xbd, 0xbb, 0xbc, 0xa6, 0xb7, 0xa0, 0xf0, 
    0x8f, 0xfb, 0xaf, 0xfe, 0xb5, 0xb7, 0xa6, 0xf2, 0xb1, 0xbe, 0xb3, 0xa1, 
    0xa1, 0x9b, 0xa1, 0x9b, 0xbc, 0xb4, 0xbe, 0xb3, 0xa6, 0xb7, 0xb6, 0xfa, 
    0xfb, 0xa9, 0xa0, 0xb7, 0xa6, 0xa7, 0xa0, 0xbc, 0xf2, 0xa6, 0xfa, 0xf0, 
    0xbb, 0xbe, 0xe0, 0xb1, 0xa2, 0xa2, 0x8d, 0xb1, 0xbe, 0xb3, 0xa1, 0xa1, 
    0x8d, 0xbb, 0xa1, 0x8d, 0xbb, 0xbc, 0xb4, 0xbe, 0xb3, 0xa6, 0xb7, 0xb6, 
    0xf0, 0xfe, 0xf0, 0xb0, 0xbd, 0xbd, 0xbe, 0xf0, 0xfe, 0x89, 0xf0, 0xa2, 
    0xbd, 0xbb, 0xbc, 0xa6, 0xb7, 0xa0, 0xf0, 0x8f, 0xfb, 0xaf, 0xfe, 0xb5, 
    0xb7, 0xa6, 0xf2, 0xb1, 0xbe, 0xb3, 0xa1, 0xa1, 0x9b, 0xa1, 0x9b, 0xbc, 
    0xa6, 0xb7, 0xa0, 0xb4, 0xb3, 0xb1, 0xb7, 0xfa, 0xfb, 0xa9, 0xa0, 0xb7, 
    0xa6, 0xa7, 0xa0, 0xbc, 0xf2, 0xa6, 0xfa, 0xf0, 0xbb, 0xbe, 0xe0, 0xb1, 
    0xa2, 0xa2, 0x8d, 0xb1, 0xbe, 0xb3, 0xa1, 0xa1, 0x8d, 0xbb, 0xa1, 0x8d, 
    0xbb, 0xbc, 0xa6, 0xb7, 0xa0, 0xb4, 0xb3, 0xb1, 0xb7, 0xf0, 0xfe, 0xf0, 
    0xb0, 0xbd, 0xbd, 0xbe, 0xf0, 0xfe, 0x89, 0xf0, 0xa2, 0xbd, 0xbb, 0xbc, 
    0xa6, 0xb7, 0xa0, 0xf0, 0x8f, 0xfb, 0xaf, 0xfe, 0xb5, 0xb7, 0xa6, 0xf2, 
    0xb1, 0xbe, 0xb3, 0xa1, 0xa1, 0x9b, 0xa1, 0x81, 0xa7, 0xb0, 0xb1, 0xbe, 
    0xb3, 0xa1, 0xa1, 0x9d, 0xb4, 0xfa, 0xfb, 0xa9, 0xa0, 0xb7, 0xa6, 0xa7, 
    0xa0, 0xbc, 0xf2, 0xa6, 0xfa, 0xf0, 0xbb, 0xbe, 0xe0, 0xb1, 0xa2, 0xa2, 
    0x8d, 0xb1, 0xbe, 0xb3, 0xa1, 0xa1, 0x8d, 0xbb, 0xa1, 0x8d, 0xa1, 0xa7, 
    0xb0, 0xb1, 0xbe, 0xb3, 0xa1, 0xa1, 0x8d, 0xbd, 0xb4, 0xf0, 0xfe, 0xf0, 
    0xb0, 0xbd, 0xbd, 0xbe, 0xf0, 0xfe, 0x89, 0xf0, 0xa2, 0xbd, 0xbb, 0xbc, 
    0xa6, 0xb7, 0xa0, 0xf0, 0xfe, 0xf0, 0xa2, 0xbd, 0xbb, 0xbc, 0xa6, 0xb7, 
    0xa0, 0xf0, 0xfe, 0xf0, 0xb0, 0xbd, 0xbd, 0xbe, 0xf0, 0x8f, 0xfb, 0xaf, 
    0xfe, 0xb5, 0xb7, 0xa6, 0xf2, 0xb1, 0xbe, 0xb3, 0xa1, 0xa1, 0x9b, 0xa1, 
    0x84, 0xb3, 0xbe, 0xa7, 0xb7, 0x86, 0xab, 0xa2, 0xb7, 0xfa, 0xfb, 0xa9, 
    0xa0, 0xb7, 0xa6, 0xa7, 0xa0, 0xbc, 0xf2, 0xa6, 0xfa, 0xf0, 0xbb, 0xbe, 
    0xe0, 0xb1, 0xa2, 0xa2, 0x8d, 0xb1, 0xbe, 0xb3, 0xa1, 0xa1, 0x8d, 0xbb, 
    0xa1, 0x8d, 0xa4, 0xb3, 0xbe, 0xa7, 0xb7, 0xa6, 0xab, 0xa2, 0xb7, 0xf0, 
    0xfe, 0xf0, 0xb0, 0xbd, 0xbd, 0xbe, 0xf0, 0xfe, 0x89, 0xf0, 0xa2, 0xbd, 
    0xbb, 0xbc, 0xa6, 0xb7, 0xa0, 0xf0, 0x8f, 0xfb, 0xaf, 0xfe, 0xb5, 0xb7, 
    0xa6, 0xf2, 0xb6, 0xbd, 0xbf, 0xb3, 0xbb, 0xbc, 0x95, 0xb7, 0xa6, 0x93, 
    0xa1, 0xa1, 0xb7, 0xbf, 0xb0, 0xbe, 0xab, 0x94, 0xa0, 0xbd, 0xbf, 0x9c, 
    0xb3, 0xbf, 0xb7, 0xfa, 0xfb, 0xa9, 0xa0, 0xb7, 0xa6, 0xa7, 0xa0, 0xbc, 
    0xf2, 0xa6, 0xfa, 0xf0, 0xbb, 0xbe, 0xe0, 0xb1, 0xa2, 0xa2, 0x8d, 0xb6, 
    0xbd, 0xbf, 0xb3, 0xbb, 0xbc, 0x8d, 0xb3, 0xa1, 0xa1, 0xb7, 0xbf, 0xb0, 
    0xbe, 0xab, 0x8d, 0xbd, 0xa2, 0xb7, 0xbc, 0xf0, 0xfe, 0xf0, 0xa2, 0xbd, 
    0xbb, 0xbc, 0xa6, 0xb7, 0xa0, 0xf0, 0xfe, 0x89, 0xf0, 0xa2, 0xbd, 0xbb, 
    0xbc, 0xa6, 0xb7, 0xa0, 0xf0, 0xfe, 0xf0, 0xa2, 0xbd, 0xbb, 0xbc, 0xa6, 
    0xb7, 0xa0, 0xf0, 0x8f, 0xfb, 0xaf, 0xfe, 0xb5, 0xb7, 0xa6, 0xf2, 0xb6, 
    0xbd, 0xbf, 0xb3, 0xbb, 0xbc, 0x95, 0xb7, 0xa6, 0xfa, 0xfb, 0xa9, 0xa0, 
    0xb7, 0xa6, 0xa7, 0xa0, 0xbc, 0xf2, 0xa6, 0xfa, 0xf0, 0xbb, 0xbe, 0xe0, 
    0xb1, 0xa2, 0xa2, 0x8d, 0xb6, 0xbd, 0xbf, 0xb3, 0xbb, 0xbc, 0x8d, 0xb5, 
    0xb7, 0xa6, 0xf0, 0xfe, 0xf0, 0xa2, 0xbd, 0xbb, 0xbc, 0xa6, 0xb7, 0xa0, 
    0xf0, 0xfe, 0x89, 0x8f, 0xfb, 0xaf, 0xfe, 0xb5, 0xb7, 0xa6, 0xf2, 0xb6, 
    0xbd, 0xbf, 0xb3, 0xbb, 0xbc, 0x95, 0xb7, 0xa6, 0x93, 0xa1, 0xa1, 0xb7, 
    0xbf, 0xb0, 0xbe, 0xbb, 0xb7, 0xa1, 0xfa, 0xfb, 0xa9, 0xa0, 0xb7, 0xa6, 
    0xa7, 0xa0, 0xbc, 0xf2, 0xa6, 0xfa, 0xf0, 0xbb, 0xbe, 0xe0, 0xb1, 0xa2, 
    0xa2, 0x8d, 0xb6, 0xbd, 0xbf, 0xb3, 0xbb, 0xbc, 0x8d, 0xb5, 0xb7, 0xa6, 
    0x8d, 0xb3, 0xa1, 0xa1, 0xb7, 0xbf, 0xb0, 0xbe, 0xbb, 0xb7, 0xa1, 0xf0, 
    0xfe, 0xf0, 0xa2, 0xbd, 0xbb, 0xbc, 0xa6, 0xb7, 0xa0, 0xf0, 0xfe, 0x89, 
    0xf0, 0xa2, 0xbd, 0xbb, 0xbc, 0xa6, 0xb7, 0xa0, 0xf0, 0xfe, 0xf0, 0xa2, 
    0xbd, 0xbb, 0xbc, 0xa6, 0xb7, 0xa0, 0xf0, 0x8f, 0xfb, 0xaf, 0xfe, 0xb5, 
    0xb7, 0xa6, 0xf2, 0xb4, 0xbb, 0xb7, 0xbe, 0xb6, 0x95, 0xb7, 0xa6, 0x91, 
    0xbe, 0xb3, 0xa1, 0xa1, 0xfa, 0xfb, 0xa9, 0xa0, 0xb7, 0xa6, 0xa7, 0xa0, 
    0xbc, 0xf2, 0xa6, 0xfa, 0xf0, 0xbb, 0xbe, 0xe0, 0xb1, 0xa2, 0xa2, 0x8d, 
    0xb4, 0xbb, 0xb7, 0xbe, 0xb6, 0x8d, 0xb5, 0xb7, 0xa6, 0x8d, 0xa2, 0xb3, 
    0xa0, 0xb7, 0xbc, 0xa6, 0xf0, 0xfe, 0xf0, 0xa2, 0xbd, 0xbb, 0xbc, 0xa6, 
    0xb7, 0xa0, 0xf0, 0xfe, 0x89, 0xf0, 0xa2, 0xbd, 0xbb, 0xbc, 0xa6, 0xb7, 
    0xa0, 0xf0, 0x8f, 0xfb, 0xaf, 0xfe, 0xb5, 0xb7, 0xa6, 0xf2, 0xb4, 0xbb, 
    0xb7, 0xbe, 0xb6, 0x95, 0xb7, 0xa6, 0x94, 0xbe, 0xb3, 0xb5, 0xa1, 0xfa, 
    0xfb, 0xa9, 0xa0, 0xb7, 0xa6, 0xa7, 0xa0, 0xbc, 0xf2, 0xa6, 0xfa, 0xf0, 
    0xbb, 0xbe, 0xe0, 0xb1, 0xa2, 0xa2, 0x8d, 0xb4, 0xbb, 0xb7, 0xbe, 0xb6, 
    0x8d, 0xb5, 0xb7, 0xa6, 0x8d, 0xb4, 0xbe, 0xb3, 0xb5, 0xa1, 0xf0, 0xfe, 
    0xf0, 0xbb, 0xbc, 0xa6, 0xf0, 0xfe, 0x89, 0xf0, 0xa2, 0xbd, 0xbb, 0xbc, 
    0xa6, 0xb7, 0xa0, 0xf0, 0x8f, 0xfb, 0xaf, 0xfe, 0xb5, 0xb7, 0xa6, 0xf2, 
    0xb4, 0xbb, 0xb7, 0xbe, 0xb6, 0x95, 0xb7, 0xa6, 0x9c, 0xb3, 0xbf, 0xb7, 
    0xfa, 0xfb, 0xa9, 0xa0, 0xb7, 0xa6, 0xa7, 0xa0, 0xbc, 0xf2, 0xa6, 0xfa, 
    0xf0, 0xbb, 0xbe, 0xe0, 0xb1, 0xa2, 0xa2, 0x8d, 0xb4, 0xbb, 0xb7, 0xbe, 
    0xb6, 0x8d, 0xb5, 0xb7, 0xa6, 0x8d, 0xbc, 0xb3, 0xbf, 0xb7, 0xf0, 0xfe, 
    0xf0, 0xa2, 0xbd, 0xbb, 0xbc, 0xa6, 0xb7, 0xa0, 0xf0, 0xfe, 0x89, 0xf0, 
    0xa2, 0xbd, 0xbb, 0xbc, 0xa6, 0xb7, 0xa0, 0xf0, 0x8f, 0xfb, 0xaf, 0xfe, 
    0xb5, 0xb7, 0xa6, 0xf2, 0xb4, 0xbb, 0xb7, 0xbe, 0xb6, 0x95, 0xb7, 0xa6, 
    0x9d, 0xb4, 0xb4, 0xa1, 0xb7, 0xa6, 0xfa, 0xfb, 0xa9, 0xa0, 0xb7, 0xa6, 
    0xa7, 0xa0, 0xbc, 0xf2, 0xa6, 0xfa, 0xf0, 0xbb, 0xbe, 0xe0, 0xb1, 0xa2, 
    0xa2, 0x8d, 0xb4, 0xbb, 0xb7, 0xbe, 0xb6, 0x8d, 0xb5, 0xb7, 0xa6, 0x8d, 
    0xbd, 0xb4, 0xb4, 0xa1, 0xb7, 0xa6, 0xf0, 0xfe, 0xf0, 0xbb, 0xbc, 0xa6, 
    0xe1, 0xe0, 0xf0, 0xfe, 0x89, 0xf0, 0xa2, 0xbd, 0xbb, 0xbc, 0xa6, 0xb7, 
    0xa0, 0xf0, 0x8f, 0xfb, 0xaf, 0xfe, 0xb5, 0xb7, 0xa6, 0xf2, 0xb4, 0xbb, 
    0xb7, 0xbe, 0xb6, 0x95, 0xb7, 0xa6, 0x81, 0xa6, 0xb3, 0xa6, 0xbb, 0xb1, 
    0x84, 0xb3, 0xbe, 0xa7, 0xb7, 0xfa, 0xfb, 0xa9, 0xa0, 0xb7, 0xa6, 0xa7, 
    0xa0, 0xbc, 0xf2, 0xa6, 0xfa, 0xf0, 0xbb, 0xbe, 0xe0, 0xb1, 0xa2, 0xa2, 
    0x8d, 0xb4, 0xbb, 0xb7, 0xbe, 0xb6, 0x8d, 0xa1, 0xa6, 0xb3, 0xa6, 0xbb, 
    0xb1, 0x8d, 0xb5, 0xb7, 0xa6, 0x8d, 0xa4, 0xb3, 0xbe, 0xa7, 0xb7, 0xf0, 
    0xfe, 0xf0, 0xa4, 0xbd, 0xbb, 0xb6, 0xf0, 0xfe, 0x89, 0xf0, 0xa2, 0xbd, 
    0xbb, 0xbc, 0xa6, 0xb7, 0xa0, 0xf0, 0xfe, 0xf0, 0xa2, 0xbd, 0xbb, 0xbc, 
    0xa6, 0xb7, 0xa0, 0xf0, 0x8f, 0xfb, 0xaf, 0xfe, 0xb5, 0xb7, 0xa6, 0xf2, 
    0xb4, 0xbb, 0xb7, 0xbe, 0xb6, 0x95, 0xb7, 0xa6, 0x86, 0xab, 0xa2, 0xb7, 
    0xfa, 0xfb, 0xa9, 0xa0, 0xb7, 0xa6, 0xa7, 0xa0, 0xbc, 0xf2, 0xa6, 0xfa, 
    0xf0, 0xbb, 0xbe, 0xe0, 0xb1, 0xa2, 0xa2, 0x8d, 0xb4, 0xbb, 0xb7, 0xbe, 
    0xb6, 0x8d, 0xb5, 0xb7, 0xa6, 0x8d, 0xa6, 0xab, 0xa2, 0xb7, 0xf0, 0xfe, 
    0xf0, 0xa2, 0xbd, 0xbb, 0xbc, 0xa6, 0xb7, 0xa0, 0xf0, 0xfe, 0x89, 0xf0, 
    0xa2, 0xbd, 0xbb, 0xbc, 0xa6, 0xb7, 0xa0, 0xf0, 0x8f, 0xfb, 0xaf, 0xfe, 
    0xb5, 0xb7, 0xa6, 0xf2, 0xb4, 0xbb, 0xb7, 0xbe, 0xb6, 0x81, 0xb7, 0xa6, 
    0x81, 0xa6, 0xb3, 0xa6, 0xbb, 0xb1, 0x84, 0xb3, 0xbe, 0xa7, 0xb7, 0xfa, 
    0xfb, 0xa9, 0xa0, 0xb7, 0xa6, 0xa7, 0xa0, 0xbc, 0xf2, 0xa6, 0xfa, 0xf0, 
    0xbb, 0xbe, 0xe0, 0xb1, 0xa2, 0xa2, 0x8d, 0xb4, 0xbb, 0xb7, 0xbe, 0xb6, 
    0x8d, 0xa1, 0xa6, 0xb3, 0xa6, 0xbb, 0xb1, 0x8d, 0xa1, 0xb7, 0xa6, 0x8d, 
    0xa4, 0xb3, 0xbe, 0xa7, 0xb7, 0xf0, 0xfe, 0xf0, 0xa4, 0xbd, 0xbb, 0xb6, 
    0xf0, 0xfe, 0x89, 0xf0, 0xa2, 0xbd, 0xbb, 0xbc, 0xa6, 0xb7, 0xa0, 0xf0, 
    0xfe, 0xf0, 0xa2, 0xbd, 0xbb, 0xbc, 0xa6, 0xb7, 0xa0, 0xf0, 0x8f, 0xfb, 
    0xaf, 0xfe, 0xb5, 0xb7, 0xa6, 0xf2, 0xb4, 0xa0, 0xb7, 0xb7, 0xfa, 0xfb, 
    0xa9, 0xa0, 0xb7, 0xa6, 0xa7, 0xa0, 0xbc, 0xf2, 0xa6, 0xfa, 0xf0, 0xbb, 
    0xbe, 0xe0, 0xb1, 0xa2, 0xa2, 0x8d, 0xb4, 0xa0, 0xb7, 0xb7, 0xf0, 0xfe, 
    0xf0, 0xa4, 0xbd, 0xbb, 0xb6, 0xf0, 0xfe, 0x89, 0xf0, 0xa2, 0xbd, 0xbb, 
    0xbc, 0xa6, 0xb7, 0xa0, 0xf0, 0x8f, 0xfb, 0xaf, 0xfe, 0xb5, 0xb7, 0xa6, 
    0xf2, 0xb5, 0xb1, 0x91, 0xbd, 0xbe, 0xbe, 0xb7, 0xb1, 0xa6, 0xfa, 0xfb, 
    0xa9, 0xa0, 0xb7, 0xa6, 0xa7, 0xa0, 0xbc, 0xf2, 0xa6, 0xfa, 0xf0, 0xbb, 
    0xbe, 0xe0, 0xb1, 0xa2, 0xa2, 0x8d, 0xb5, 0xb1, 0x8d, 0xb1, 0xbd, 0xbe, 
    0xbe, 0xb7, 0xb1, 0xa6, 0xf0, 0xfe, 0xf0, 0xa4, 0xbd, 0xbb, 0xb6, 0xf0, 
    0xfe, 0x89, 0xf0, 0xbb, 0xbc, 0xa6, 0xf0, 0x8f, 0xfb, 0xaf, 0xfe, 0xb5, 
    0xb7, 0xa6, 0xf2, 0xb5, 0xb1, 0x91, 0xbd, 0xbe, 0xbe, 0xb7, 0xb1, 0xa6, 
    0x93, 0x9e, 0xbb, 0xa6, 0xa6, 0xbe, 0xb7, 0xfa, 0xfb, 0xa9, 0xa0, 0xb7, 
    0xa6, 0xa7, 0xa0, 0xbc, 0xf2, 0xa6, 0xfa, 0xf0, 0xbb, 0xbe, 0xe0, 0xb1, 
    0xa2, 0xa2, 0x8d, 0xb5, 0xb1, 0x8d, 0xb1, 0xbd, 0xbe, 0xbe, 0xb7, 0xb1, 
    0xa6, 0x8d, 0xb3, 0x8d, 0xbe, 0xbb, 0xa6, 0xa6, 0xbe, 0xb7, 0xf0, 0xfe, 
    0xf0, 0xa4, 0xbd, 0xbb, 0xb6, 0xf0, 0xfe, 0x89, 0x8f, 0xfb, 0xaf, 0xfe, 
    0xb5, 0xb7, 0xa6, 0xf2, 0xb5, 0xb1, 0x96, 0xbb, 0xa1, 0xb3, 0xb0, 0xbe, 
    0xb7, 0xfa, 0xfb, 0xa9, 0xa0, 0xb7, 0xa6, 0xa7, 0xa0, 0xbc, 0xf2, 0xa6, 
    0xfa, 0xf0, 0xbb, 0xbe, 0xe0, 0xb1, 0xa2, 0xa2, 0x8d, 0xb5, 0xb1, 0x8d, 
    0xb6, 0xbb, 0xa1, 0xb3, 0xb0, 0xbe, 0xb7, 0xf0, 0xfe, 0xf0, 0xa4, 0xbd, 
    0xbb, 0xb6, 0xf0, 0xfe, 0x89, 0x8f, 0xfb, 0xaf, 0xfe, 0xb5, 0xb7, 0xa6, 
    0xf2, 0xb5, 0xb1, 0x97, 0xbc, 0xb3, 0xb0, 0xbe, 0xb7, 0xfa, 0xfb, 0xa9, 
    0xa0, 0xb7, 0xa6, 0xa7, 0xa0, 0xbc, 0xf2, 0xa6, 0xfa, 0xf0, 0xbb, 0xbe, 
    0xe0, 0xb1, 0xa2, 0xa2, 0x8d, 0xb5, 0xb1, 0x8d, 0xb7, 0xbc, 0xb3, 0xb0, 
    0xbe, 0xb7, 0xf0, 0xfe, 0xf0, 0xa4, 0xbd, 0xbb, 0xb6, 0xf0, 0xfe, 0x89, 
    0x8f, 0xfb, 0xaf, 0xfe, 0xb5, 0xb7, 0xa6, 0xf2, 0xb5, 0xb1, 0x95, 0xb7, 
    0xa6, 0x9a, 0xb7, 0xb3, 0xa2, 0x81, 0xbb, 0xa8, 0xb7, 0xfa, 0xfb, 0xa9, 
    0xa0, 0xb7, 0xa6, 0xa7, 0xa0, 0xbc, 0xf2, 0xa6, 0xfa, 0xf0, 0xbb, 0xbe, 
    0xe0, 0xb1, 0xa2, 0xa2, 0x8d, 0xb5, 0xb1, 0x8d, 0xb5, 0xb7, 0xa6, 0x8d, 
    0xba, 0xb7, 0xb3, 0xa2, 0x8d, 0xa1, 0xbb, 0xa8, 0xb7, 0xf0, 0xfe, 0xf0, 
    0xbb, 0xbc, 0xa6, 0xe4, 0xe6, 0xf0, 0xfe, 0x89, 0x8f, 0xfb, 0xaf, 0xfe, 
    0xb5, 0xb7, 0xa6, 0xf2, 0xb5, 0xb1, 0x95, 0xb7, 0xa6, 0x9f, 0xb3, 0xaa, 
    0x86, 0xbb, 0xbf, 0xb7, 0x81, 0xbe, 0xbb, 0xb1, 0xb7, 0xfa, 0xfb, 0xa9, 
    0xa0, 0xb7, 0xa6, 0xa7, 0xa0, 0xbc, 0xf2, 0xa6, 0xfa, 0xf0, 0xbb, 0xbe, 
    0xe0, 0xb1, 0xa2, 0xa2, 0x8d, 0xb5, 0xb1, 0x8d, 0xb5, 0xb7, 0xa6, 0x8d, 
    0xbf, 0xb3, 0xaa, 0x8d, 0xa6, 0xbb, 0xbf, 0xb7, 0x8d, 0xa1, 0xbe, 0xbb, 
    0xb1, 0xb7, 0x8d, 0xbc, 0xa1, 0xf0, 0xfe, 0xf0, 0xbb, 0xbc, 0xa6, 0xe4, 
    0xe6, 0xf0, 0xfe, 0x89, 0x8f, 0xfb, 0xaf, 0xfe, 0xb5, 0xb7, 0xa6, 0xf2, 
    0xb5, 0xb1, 0x95, 0xb7, 0xa6, 0x87, 0xa1, 0xb7, 0xb6, 0x81, 0xbb, 0xa8, 
    0xb7, 0xfa, 0xfb, 0xa9, 0xa0, 0xb7, 0xa6, 0xa7, 0xa0, 0xbc, 0xf2, 0xa6, 
    0xfa, 0xf0, 0xbb, 0xbe, 0xe0, 0xb1, 0xa2, 0xa2, 0x8d, 0xb5, 0xb1, 0x8d, 
    0xb5, 0xb7, 0xa6, 0x8d, 0xa7, 0xa1, 0xb7, 0xb6, 0x8d, 0xa1, 0xbb, 0xa8, 
    0xb7, 0xf0, 0xfe, 0xf0, 0xbb, 0xbc, 0xa6, 0xe4, 0xe6, 0xf0, 0xfe, 0x89, 
    0x8f, 0xfb, 0xaf, 0xfe, 0xb5, 0xb7, 0xa6, 0xf2, 0xb5, 0xb1, 0x9a, 0xb3, 
    0xbc, 0xb6, 0xbe, 0xb7, 0x95, 0xb7, 0xa6, 0x86, 0xb3, 0xa0, 0xb5, 0xb7, 
    0xa6, 0xfa, 0xfb, 0xa9, 0xa0, 0xb7, 0xa6, 0xa7, 0xa0, 0xbc, 0xf2, 0xa6, 
    0xfa, 0xf0, 0xbb, 0xbe, 0xe0, 0xb1, 0xa2, 0xa2, 0x8d, 0xb5, 0xb1, 0xba, 
    0xb3, 0xbc, 0xb6, 0xbe, 0xb7, 0x8d, 0xb5, 0xb7, 0xa6, 0x8d, 0xa6, 0xb3, 
    0xa0, 0xb5, 0xb7, 0xa6, 0xf0, 0xfe, 0xf0, 0xa2, 0xbd, 0xbb, 0xbc, 0xa6, 
    0xb7, 0xa0, 0xf0, 0xfe, 0x89, 0xf0, 0xa7, 0xbb, 0xbc, 0xa6, 0xe1, 0xe0, 
    0xf0, 0x8f, 0xfb, 0xaf, 0xfe, 0xb5, 0xb7, 0xa6, 0xf2, 0xb5, 0xb1, 0x9a, 
    0xb3, 0xbc, 0xb6, 0xbe, 0xb7, 0x94, 0xa0, 0xb7, 0xb7, 0xfa, 0xfb, 0xa9, 
    0xa0, 0xb7, 0xa6, 0xa7, 0xa0, 0xbc, 0xf2, 0xa6, 0xfa, 0xf0, 0xbb, 0xbe, 
    0xe0, 0xb1, 0xa2, 0xa2, 0x8d, 0xb5, 0xb1, 0xba, 0xb3, 0xbc, 0xb6, 0xbe, 
    0xb7, 0x8d, 0xb4, 0xa0, 0xb7, 0xb7, 0xf0, 0xfe, 0xf0, 0xa4, 0xbd, 0xbb, 
    0xb6, 0xf0, 0xfe, 0x89, 0xf0, 0xa7, 0xbb, 0xbc, 0xa6, 0xe1, 0xe0, 0xf0, 
    0x8f, 0xfb, 0xaf, 0xfe, 0xb5, 0xb7, 0xa6, 0xf2, 0xb5, 0xb1, 0x9a, 0xb3, 
    0xbc, 0xb6, 0xbe, 0xb7, 0x9c, 0xb7, 0xa5, 0xfa, 0xfb, 0xa9, 0xa0, 0xb7, 
    0xa6, 0xa7, 0xa0, 0xbc, 0xf2, 0xa6, 0xfa, 0xf0, 0xbb, 0xbe, 0xe0, 0xb1, 
    0xa2, 0xa2, 0x8d, 0xb5, 0xb1, 0xba, 0xb3, 0xbc, 0xb6, 0xbe, 0xb7, 0x8d, 
    0xbc, 0xb7, 0xa5, 0xf0, 0xfe, 0xf0, 0xa7, 0xbb, 0xbc, 0xa6, 0xe1, 0xe0, 
    0xf0, 0xfe, 0x89, 0xf0, 0xa2, 0xbd, 0xbb, 0xbc, 0xa6, 0xb7, 0xa0, 0xf0, 
    0xfe, 0xf0, 0xb0, 0xbd, 0xbd, 0xbe, 0xf0, 0x8f, 0xfb, 0xaf, 0xfe, 0xb5, 
    0xb7, 0xa6, 0xf2, 0xb5, 0xb1, 0x9a, 0xb3, 0xbc, 0xb6, 0xbe, 0xb7, 0x9c, 
    0xb7, 0xa5, 0x85, 0xb7, 0xb3, 0xb9, 0x80, 0xb7, 0xb4, 0xfa, 0xfb, 0xa9, 
    0xa0, 0xb7, 0xa6, 0xa7, 0xa0, 0xbc, 0xf2, 0xa6, 0xfa, 0xf0, 0xbb, 0xbe, 
    0xe0, 0xb1, 0xa2, 0xa2, 0x8d, 0xb5, 0xb1, 0xba, 0xb3, 0xbc, 0xb6, 0xbe, 
    0xb7, 0x8d, 0xbc, 0xb7, 0xa5, 0x8d, 0xa5, 0xb7, 0xb3, 0xb9, 0xa0, 0xb7, 
    0xb4, 0xf0, 0xfe, 0xf0, 0xa7, 0xbb, 0xbc, 0xa6, 0xe1, 0xe0, 0xf0, 0xfe, 
    0x89, 0xf0, 0xa2, 0xbd, 0xbb, 0xbc, 0xa6, 0xb7, 0xa0, 0xf0, 0xfe, 0xf0, 
    0xb0, 0xbd, 0xbd, 0xbe, 0xf0, 0x8f, 0xfb, 0xaf, 0xfe, 0xb5, 0xb7, 0xa6, 
    0xf2, 0xb5, 0xb1, 0x9b, 0xa1, 0x96, 0xbb, 0xa1, 0xb3, 0xb0, 0xbe, 0xb7, 
    0xb6, 0xfa, 0xfb, 0xa9, 0xa0, 0xb7, 0xa6, 0xa7, 0xa0, 0xbc, 0xf2, 0xa6, 
    0xfa, 0xf0, 0xbb, 0xbe, 0xe0, 0xb1, 0xa2, 0xa2, 0x8d, 0xb5, 0xb1, 0x8d, 
    0xbb, 0xa1, 0x8d, 0xb6, 0xbb, 0xa1, 0xb3, 0xb0, 0xbe, 0xb7, 0xb6, 0xf0, 
    0xfe, 0xf0, 0xb0, 0xbd, 0xbd, 0xbe, 0xf0, 0xfe, 0x89, 0x8f, 0xfb, 0xaf, 
    0xfe, 0xb5, 0xb7, 0xa6, 0xf2, 0xb5, 0xb1, 0x9b, 0xa1, 0x9b, 0xbc, 0xb1, 
    0xa0, 0xb7, 0xbf, 0xb7, 0xbc, 0xa6, 0xb3, 0xbe, 0xfa, 0xfb, 0xa9, 0xa0, 
    0xb7, 0xa6, 0xa7, 0xa0, 0xbc, 0xf2, 0xa6, 0xfa, 0xf0, 0xbb, 0xbe, 0xe0, 
    0xb1, 0xa2, 0xa2, 0x8d, 0xb5, 0xb1, 0x8d, 0xbb, 0xa1, 0x8d, 0xbb, 0xbc, 
    0xb1, 0xa0, 0xb7, 0xbf, 0xb7, 0xbc, 0xa6, 0xb3, 0xbe, 0xf0, 0xfe, 0xf0, 
    0xb0, 0xbd, 0xbd, 0xbe, 0xf0, 0xfe, 0x89, 0x8f, 0xfb, 0xaf, 0xfe, 0xb5, 
    0xb7, 0xa6, 0xf2, 0xb5, 0xb1, 0x81, 0xb7, 0xa6, 0x9f, 0xb3, 0xaa, 0x86, 
    0xbb, 0xbf, 0xb7, 0x81, 0xbe, 0xbb, 0xb1, 0xb7, 0xfa, 0xfb, 0xa9, 0xa0, 
    0xb7, 0xa6, 0xa7, 0xa0, 0xbc, 0xf2, 0xa6, 0xfa, 0xf0, 0xbb, 0xbe, 0xe0, 
    0xb1, 0xa2, 0xa2, 0x8d, 0xb5, 0xb1, 0x8d, 0xa1, 0xb7, 0xa6, 0x8d, 0xbf, 
    0xb3, 0xaa, 0x8d, 0xa6, 0xbb, 0xbf, 0xb7, 0x8d, 0xa1, 0xbe, 0xbb, 0xb1, 
    0xb7, 0x8d, 0xbc, 0xa1, 0xf0, 0xfe, 0xf0, 0xa4, 0xbd, 0xbb, 0xb6, 0xf0, 
    0xfe, 0x89, 0xf0, 0xbb, 0xbc, 0xa6, 0xe4, 0xe6, 0xf0, 0x8f, 0xfb, 0xaf, 
    0xfe, 0xb5, 0xb7, 0xa6, 0xf2, 0xb5, 0xb1, 0x81, 0xa6, 0xb3, 0xa0, 0xa6, 
    0x9b, 0xbc, 0xb1, 0xa0, 0xb7, 0xbf, 0xb7, 0xbc, 0xa6, 0xb3, 0xbe, 0x91, 
    0xbd, 0xbe, 0xbe, 0xb7, 0xb1, 0xa6, 0xbb, 0xbd, 0xbc, 0xfa, 0xfb, 0xa9, 
    0xa0, 0xb7, 0xa6, 0xa7, 0xa0, 0xbc, 0xf2, 0xa6, 0xfa, 0xf0, 0xbb, 0xbe, 
    0xe0, 0xb1, 0xa2, 0xa2, 0x8d, 0xb5, 0xb1, 0x8d, 0xa1, 0xa6, 0xb3, 0xa0, 
    0xa6, 0x8d, 0xbb, 0xbc, 0xb1, 0xa0, 0xb7, 0xbf, 0xb7, 0xbc, 0xa6, 0xb3, 
    0xbe, 0x8d, 0xb1, 0xbd, 0xbe, 0xbe, 0xb7, 0xb1, 0xa6, 0xbb, 0xbd, 0xbc, 
    0xf0, 0xfe, 0xf0, 0xa4, 0xbd, 0xbb, 0xb6, 0xf0, 0xfe, 0x89, 0x8f, 0xfb, 
    0xaf, 0xfe, 0xb5, 0xb7, 0xa6, 0xf2, 0xb5, 0xb1, 0x81, 0xa6, 0xb3, 0xa0, 
    0xa6, 0x85, 0xbd, 0xa0, 0xbe, 0xb6, 0xfa, 0xfb, 0xa9, 0xa0, 0xb7, 0xa6, 
    0xa7, 0xa0, 0xbc, 0xf2, 0xa6, 0xfa, 0xf0, 0xbb, 0xbe, 0xe0, 0xb1, 0xa2, 
    0xa2, 0x8d, 0xa1, 0xa6, 0xb3, 0xa0, 0xa6, 0x8d, 0xb5, 0xb1, 0x8d, 0xa5, 
    0xbd, 0xa0, 0xbe, 0xb6, 0xf0, 0xfe, 0xf0, 0xa4, 0xbd, 0xbb, 0xb6, 0xf0, 
    0xfe, 0x89, 0x8f, 0xfb, 0xaf, 0xfe, 0xb5, 0xb7, 0xa6, 0xf2, 0xb5, 0xb1, 
    0x81, 0xa6, 0xbd, 0xa2, 0x85, 0xbd, 0xa0, 0xbe, 0xb6, 0xfa, 0xfb, 0xa9, 
    0xa0, 0xb7, 0xa6, 0xa7, 0xa0, 0xbc, 0xf2, 0xa6, 0xfa, 0xf0, 0xbb, 0xbe, 
    0xe0, 0xb1, 0xa2, 0xa2, 0x8d, 0xa1, 0xa6, 0xbd, 0xa2, 0x8d, 0xb5, 0xb1, 
    0x8d, 0xa5, 0xbd, 0xa0, 0xbe, 0xb6, 0xf0, 0xfe, 0xf0, 0xa4, 0xbd, 0xbb, 
    0xb6, 0xf0, 0xfe, 0x89, 0x8f, 0xfb, 0xaf, 0xfe, 0xb5, 0xb7, 0xa6, 0xf2, 
    0xb5, 0xb7, 0xa6, 0x91, 0xbd, 0xa0, 0xbe, 0xbb, 0xb0, 0xfa, 0xfb, 0xa9, 
    0xa0, 0xb7, 0xa6, 0xa7, 0xa0, 0xbc, 0xf2, 0xa6, 0xfa, 0xf0, 0xbb, 0xbe, 
    0xe0, 0xb1, 0xa2, 0xa2, 0x8d, 0xb5, 0xb7, 0xa6, 0x8d, 0xb1, 0xbd, 0xa0, 
    0xbe, 0xbb, 0xb0, 0xf0, 0xfe, 0xf0, 0xa2, 0xbd, 0xbb, 0xbc, 0xa6, 0xb7, 
    0xa0, 0xf0, 0xfe, 0x89, 0x8f, 0xfb, 0xaf, 0xfe, 0xb5, 0xb7, 0xa6, 0xf2, 
    0xbb, 0xbf, 0xb3, 0xb5, 0xb7, 0x95, 0xb7, 0xa6, 0x93, 0xa1, 0xa1, 0xb7, 
    0xbf, 0xb0, 0xbe, 0xab, 0xfa, 0xfb, 0xa9, 0xa0, 0xb7, 0xa6, 0xa7, 0xa0, 
    0xbc, 0xf2, 0xa6, 0xfa, 0xf0, 0xbb, 0xbe, 0xe0, 0xb1, 0xa2, 0xa2, 0x8d, 
    0xbb, 0xbf, 0xb3, 0xb5, 0xb7, 0x8d, 0xb5, 0xb7, 0xa6, 0x8d, 0xb3, 0xa1, 
    0xa1, 0xb7, 0xbf, 0xb0, 0xbe, 0xab, 0xf0, 0xfe, 0xf0, 0xa2, 0xbd, 0xbb, 
    0xbc, 0xa6, 0xb7, 0xa0, 0xf0, 0xfe, 0x89, 0xf0, 0xa2, 0xbd, 0xbb, 0xbc, 
    0xa6, 0xb7, 0xa0, 0xf0, 0x8f, 0xfb, 0xaf, 0xfe, 0xb5, 0xb7, 0xa6, 0xf2, 
    0xbb, 0xbf, 0xb3, 0xb5, 0xb7, 0x95, 0xb7, 0xa6, 0x91, 0xbe, 0xb3, 0xa1, 
    0xa1, 0xfa, 0xfb, 0xa9, 0xa0, 0xb7, 0xa6, 0xa7, 0xa0, 0xbc, 0xf2, 0xa6, 
    0xfa, 0xf0, 0xbb, 0xbe, 0xe0, 0xb1, 0xa2, 0xa2, 0x8d, 0xbb, 0xbf, 0xb3, 
    0xb5, 0xb7, 0x8d, 0xb5, 0xb7, 0xa6, 0x8d, 0xb1, 0xbe, 0xb3, 0xa1, 0xa1, 
    0xf0, 0xfe, 0xf0, 0xa2, 0xbd, 0xbb, 0xbc, 0xa6, 0xb7, 0xa0, 0xf0, 0xfe, 
    0x89, 0xf0, 0xa2, 0xbd, 0xbb, 0xbc, 0xa6, 0xb7, 0xa0, 0xf0, 0xfe, 0xf0, 
    0xa7, 0xbb, 0xbc, 0xa6, 0xf0, 0x8f, 0xfb, 0xaf, 0xfe, 0xb5, 0xb7, 0xa6, 
    0xf2, 0xbb, 0xbf, 0xb3, 0xb5, 0xb7, 0x95, 0xb7, 0xa6, 0x91, 0xbe, 0xb3, 
    0xa1, 0xa1, 0x91, 0xbd, 0xa7, 0xbc, 0xa6, 0xfa, 0xfb, 0xa9, 0xa0, 0xb7, 
    0xa6, 0xa7, 0xa0, 0xbc, 0xf2, 0xa6, 0xfa, 0xf0, 0xbb, 0xbe, 0xe0, 0xb1, 
    0xa2, 0xa2, 0x8d, 0xbb, 0xbf, 0xb3, 0xb5, 0xb7, 0x8d, 0xb5, 0xb7, 0xa6, 
    0x8d, 0xb1, 0xbe, 0xb3, 0xa1, 0xa1, 0x8d, 0xb1, 0xbd, 0xa7, 0xbc, 0xa6, 
    0xf0, 0xfe, 0xf0, 0xa7, 0xbb, 0xbc, 0xa6, 0xe1, 0xe0, 0xf0, 0xfe, 0x89, 
    0xf0, 0xa2, 0xbd, 0xbb, 0xbc, 0xa6, 0xb7, 0xa0, 0xf0, 0x8f, 0xfb, 0xaf, 
    0xfe, 0xb5, 0xb7, 0xa6, 0xf2, 0xbb, 0xbf, 0xb3, 0xb5, 0xb7, 0x95, 0xb7, 
    0xa6, 0x9c, 0xb3, 0xbf, 0xb7, 0xfa, 0xfb, 0xa9, 0xa0, 0xb7, 0xa6, 0xa7, 
    0xa0, 0xbc, 0xf2, 0xa6, 0xfa, 0xf0, 0xbb, 0xbe, 0xe0, 0xb1, 0xa2, 0xa2, 
    0x8d, 0xbb, 0xbf, 0xb3, 0xb5, 0xb7, 0x8d, 0xb5, 0xb7, 0xa6, 0x8d, 0xbc, 
    0xb3, 0xbf, 0xb7, 0xf0, 0xfe, 0xf0, 0xa2, 0xbd, 0xbb, 0xbc, 0xa6, 0xb7, 
    0xa0, 0xf0, 0xfe, 0x89, 0xf0, 0xa2, 0xbd, 0xbb, 0xbc, 0xa6, 0xb7, 0xa0, 
    0xf0, 0x8f, 0xfb, 0xaf, 0xfe, 0xb5, 0xb7, 0xa6, 0xf2, 0xbb, 0xbc, 0xbb, 
    0xa6, 0xbb, 0xb3, 0xbe, 0xbb, 0xa8, 0xb7, 0xfa, 0xfb, 0xa9, 0xa0, 0xb7, 
    0xa6, 0xa7, 0xa0, 0xbc, 0xf2, 0xa6, 0xfa, 0xf0, 0xbb, 0xbe, 0xe0, 0xb1, 
    0xa2, 0xa2, 0x8d, 0xbb, 0xbc, 0xbb, 0xa6, 0xf0, 0xfe, 0xf0, 0xa4, 0xbd, 
    0xbb, 0xb6, 0xf0, 0xfe, 0x89, 0xf0, 0xa2, 0xbd, 0xbb, 0xbc, 0xa6, 0xb7, 
    0xa0, 0xf0, 0x8f, 0xfb, 0xaf, 0xfe, 0xb5, 0xb7, 0xa6, 0xf2, 0xbe, 0xbb, 
    0xa4, 0xb7, 0xbc, 0xb7, 0xa1, 0xa1, 0x93, 0xbe, 0xbe, 0xbd, 0xb1, 0xb3, 
    0xa6, 0xb7, 0x81, 0xa6, 0xa0, 0xa7, 0xb1, 0xa6, 0xfa, 0xfb, 0xa9, 0xa0, 
    0xb7, 0xa6, 0xa7, 0xa0, 0xbc, 0xf2, 0xa6, 0xfa, 0xf0, 0xbb, 0xbe, 0xe0, 
    0xb1, 0xa2, 0xa2, 0x8d, 0xa7, 0xbc, 0xbb, 0xa6, 0xab, 0x8d, 0xbe, 0xbb, 
    0xa4, 0xb7, 0xbc, 0xb7, 0xa1, 0xa1, 0x8d, 0xb3, 0xbe, 0xbe, 0xbd, 0xb1, 
    0xb3, 0xa6, 0xb7, 0x8d, 0xa1, 0xa6, 0xa0, 0xa7, 0xb1, 0xa6, 0xf0, 0xfe, 
    0xf0, 0xa2, 0xbd, 0xbb, 0xbc, 0xa6, 0xb7, 0xa0, 0xf0, 0xfe, 0x89, 0xf0, 
    0xa2, 0xbd, 0xbb, 0xbc, 0xa6, 0xb7, 0xa0, 0xf0, 0xfe, 0xf0, 0xbb, 0xbc, 
    0xa6, 0xf0, 0xfe, 0xf0, 0xa2, 0xbd, 0xbb, 0xbc, 0xa6, 0xb7, 0xa0, 0xf0, 
    0xfe, 0xf0, 0xa2, 0xbd, 0xbb, 0xbc, 0xa6, 0xb7, 0xa0, 0xf0, 0xfe, 0xf0, 
    0xa2, 0xbd, 0xbb, 0xbc, 0xa6, 0xb7, 0xa0, 0xf0, 0x8f, 0xfb, 0xaf, 0xfe, 
    0xb5, 0xb7, 0xa6, 0xf2, 0xbe, 0xbb, 0xa4, 0xb7, 0xbc, 0xb7, 0xa1, 0xa1, 
    0x91, 0xb3, 0xbe, 0xb1, 0xa7, 0xbe, 0xb3, 0xa6, 0xbb, 0xbd, 0xbc, 0x90, 
    0xb7, 0xb5, 0xbb, 0xbc, 0xfa, 0xfb, 0xa9, 0xa0, 0xb7, 0xa6, 0xa7, 0xa0, 
    0xbc, 0xf2, 0xa6, 0xfa, 0xf0, 0xbb, 0xbe, 0xe0, 0xb1, 0xa2, 0xa2, 0x8d, 
    0xa7, 0xbc, 0xbb, 0xa6, 0xab, 0x8d, 0xbe, 0xbb, 0xa4, 0xb7, 0xbc, 0xb7, 
    0xa1, 0xa1, 0x8d, 0xb1, 0xb3, 0xbe, 0xb1, 0xa7, 0xbe, 0xb3, 0xa6, 0xbb, 
    0xbd, 0xbc, 0x8d, 0xb0, 0xb7, 0xb5, 0xbb, 0xbc, 0xf0, 0xfe, 0xf0, 0xa2, 
    0xbd, 0xbb, 0xbc, 0xa6, 0xb7, 0xa0, 0xf0, 0xfe, 0x89, 0xf0, 0xa2, 0xbd, 
    0xbb, 0xbc, 0xa6, 0xb7, 0xa0, 0xf0, 0xfe, 0xf0, 0xbb, 0xbc, 0xa6, 0xf0, 
    0xfe, 0xf0, 0xa2, 0xbd, 0xbb, 0xbc, 0xa6, 0xb7, 0xa0, 0xf0, 0xfe, 0xf0, 
    0xa2, 0xbd, 0xbb, 0xbc, 0xa6, 0xb7, 0xa0, 0xf0, 0xfe, 0xf0, 0xa2, 0xbd, 
    0xbb, 0xbc, 0xa6, 0xb7, 0xa0, 0xf0, 0xfe, 0xf0, 0xa2, 0xbd, 0xbb, 0xbc, 
    0xa6, 0xb7, 0xa0, 0xf0, 0x8f, 0xfb, 0xaf, 0xfe, 0xb5, 0xb7, 0xa6, 0xf2, 
    0xbe, 0xbb, 0xa4, 0xb7, 0xbc, 0xb7, 0xa1, 0xa1, 0x91, 0xb3, 0xbe, 0xb1, 
    0xa7, 0xbe, 0xb3, 0xa6, 0xbb, 0xbd, 0xbc, 0x97, 0xbc, 0xb6, 0xfa, 0xfb, 
    0xa9, 0xa0, 0xb7, 0xa6, 0xa7, 0xa0, 0xbc, 0xf2, 0xa6, 0xfa, 0xf0, 0xbb, 
    0xbe, 0xe0, 0xb1, 0xa2, 0xa2, 0x8d, 0xa7, 0xbc, 0xbb, 0xa6, 0xab, 0x8d, 
    0xbe, 0xbb, 0xa4, 0xb7, 0xbc, 0xb7, 0xa1, 0xa1, 0x8d, 0xb1, 0xb3, 0xbe, 
    0xb1, 0xa7, 0xbe, 0xb3, 0xa6, 0xbb, 0xbd, 0xbc, 0x8d, 0xb7, 0xbc, 0xb6, 
    0xf0, 0xfe, 0xf0, 0xa4, 0xbd, 0xbb, 0xb6, 0xf0, 0xfe, 0x89, 0xf0, 0xa2, 
    0xbd, 0xbb, 0xbc, 0xa6, 0xb7, 0xa0, 0xf0, 0x8f, 0xfb, 0xaf, 0xfe, 0xb5, 
    0xb7, 0xa6, 0xf2, 0xbe, 0xbb, 0xa4, 0xb7, 0xbc, 0xb7, 0xa1, 0xa1, 0x91, 
    0xb3, 0xbe, 0xb1, 0xa7, 0xbe, 0xb3, 0xa6, 0xbb, 0xbd, 0xbc, 0x94, 0xa0, 
    0xbd, 0xbf, 0x81, 0xa6, 0xb3, 0xa6, 0xbb, 0xb1, 0xa1, 0xfa, 0xfb, 0xa9, 
    0xa0, 0xb7, 0xa6, 0xa7, 0xa0, 0xbc, 0xf2, 0xa6, 0xfa, 0xf0, 0xbb, 0xbe, 
    0xe0, 0xb1, 0xa2, 0xa2, 0x8d, 0xa7, 0xbc, 0xbb, 0xa6, 0xab, 0x8d, 0xbe, 
    0xbb, 0xa4, 0xb7, 0xbc, 0xb7, 0xa1, 0xa1, 0x8d, 0xb1, 0xb3, 0xbe, 0xb1, 
    0xa7, 0xbe, 0xb3, 0xa6, 0xbb, 0xbd, 0xbc, 0x8d, 0xb4, 0xa0, 0xbd, 0xbf, 
    0x8d, 0xa1, 0xa6, 0xb3, 0xa6, 0xbb, 0xb1, 0xa1, 0xf0, 0xfe, 0xf0, 0xa4, 
    0xbd, 0xbb, 0xb6, 0xf0, 0xfe, 0x89, 0xf0, 0xa2, 0xbd, 0xbb, 0xbc, 0xa6, 
    0xb7, 0xa0, 0xf0, 0x8f, 0xfb, 0xaf, 0xfe, 0xb5, 0xb7, 0xa6, 0xf2, 0xbe, 
    0xbb, 0xa4, 0xb7, 0xbc, 0xb7, 0xa1, 0xa1, 0x94, 0xbb, 0xbc, 0xb3, 0xbe, 
    0xbb, 0xa8, 0xb7, 0xfa, 0xfb, 0xa9, 0xa0, 0xb7, 0xa6, 0xa7, 0xa0, 0xbc, 
    0xf2, 0xa6, 0xfa, 0xf0, 0xbb, 0xbe, 0xe0, 0xb1, 0xa2, 0xa2, 0x8d, 0xa7, 
    0xbc, 0xbb, 0xa6, 0xab, 0x8d, 0xbe, 0xbb, 0xa4, 0xb7, 0xbc, 0xb7, 0xa1, 
    0xa1, 0x8d, 0xb4, 0xbb, 0xbc, 0xb3, 0xbe, 0xbb, 0xa8, 0xb7, 0xf0, 0xfe, 
    0xf0, 0xa4, 0xbd, 0xbb, 0xb6, 0xf0, 0xfe, 0x89, 0xf0, 0xa2, 0xbd, 0xbb, 
    0xbc, 0xa6, 0xb7, 0xa0, 0xf0, 0x8f, 0xfb, 0xaf, 0xfe, 0xb5, 0xb7, 0xa6, 
    0xf2, 0xbe, 0xbb, 0xa4, 0xb7, 0xbc, 0xb7, 0xa1, 0xa1, 0x94, 0xa0, 0xb7, 
    0xb7, 0x81, 0xa6, 0xa0, 0xa7, 0xb1, 0xa6, 0xfa, 0xfb, 0xa9, 0xa0, 0xb7, 
    0xa6, 0xa7, 0xa0, 0xbc, 0xf2, 0xa6, 0xfa, 0xf0, 0xbb, 0xbe, 0xe0, 0xb1, 
    0xa2, 0xa2, 0x8d, 0xa7, 0xbc, 0xbb, 0xa6, 0xab, 0x8d, 0xbe, 0xbb, 0xa4, 
    0xb7, 0xbc, 0xb7, 0xa1, 0xa1, 0x8d, 0xb4, 0xa0, 0xb7, 0xb7, 0x8d, 0xa1, 
    0xa6, 0xa0, 0xa7, 0xb1, 0xa6, 0xf0, 0xfe, 0xf0, 0xa4, 0xbd, 0xbb, 0xb6, 
    0xf0, 0xfe, 0x89, 0xf0, 0xa2, 0xbd, 0xbb, 0xbc, 0xa6, 0xb7, 0xa0, 0xf0, 
    0x8f, 0xfb, 0xaf, 0xfe, 0xb5, 0xb7, 0xa6, 0xf2, 0xbf, 0xb7, 0xbf, 0xbd, 
    0xa0, 0xab, 0x81, 0xbc, 0xb3, 0xa2, 0xa1, 0xba, 0xbd, 0xa6, 0x91, 0xb3, 
    0xa2, 0xa6, 0xa7, 0xa0, 0xb7, 0xfa, 0xfb, 0xa9, 0xa0, 0xb7, 0xa6, 0xa7, 
    0xa0, 0xbc, 0xf2, 0xa6, 0xfa, 0xf0, 0xbb, 0xbe, 0xe0, 0xb1, 0xa2, 0xa2, 
    0x8d, 0xb1, 0xb3, 0xa2, 0xa6, 0xa7, 0xa0, 0xb7, 0x8d, 0xbf, 0xb7, 0xbf, 
    0xbd, 0xa0, 0xab, 0x8d, 0xa1, 0xbc, 0xb3, 0xa2, 0xa1, 0xba, 0xbd, 0xa6, 
    0xf0, 0xfe, 0xf0, 0xa2, 0xbd, 0xbb, 0xbc, 0xa6, 0xb7, 0xa0, 0xf0, 0xfe, 
    0x89, 0x8f, 0xfb, 0xaf, 0xfe, 0xb5, 0xb7, 0xa6, 0xf2, 0xbf, 0xb7, 0xbf, 
    0xbd, 0xa0, 0xab, 0x81, 0xbc, 0xb3, 0xa2, 0xa1, 0xba, 0xbd, 0xa6, 0x94, 
    0xa0, 0xb7, 0xb7, 0xfa, 0xfb, 0xa9, 0xa0, 0xb7, 0xa6, 0xa7, 0xa0, 0xbc, 
    0xf2, 0xa6, 0xfa, 0xf0, 0xbb, 0xbe, 0xe0, 0xb1, 0xa2, 0xa2, 0x8d, 0xb4, 
    0xa0, 0xb7, 0xb7, 0x8d, 0xb1, 0xb3, 0xa2, 0xa6, 0xa7, 0xa0, 0xb7, 0xb6, 
    0x8d, 0xbf, 0xb7, 0xbf, 0xbd, 0xa0, 0xab, 0x8d, 0xa1, 0xbc, 0xb3, 0xa2, 
    0xa1, 0xba, 0xbd, 0xa6, 0xf0, 0xfe, 0xf0, 0xa4, 0xbd, 0xbb, 0xb6, 0xf0, 
    0xfe, 0x89, 0xf0, 0xa2, 0xbd, 0xbb, 0xbc, 0xa6, 0xb7, 0xa0, 0xf0, 0x8f, 
    0xfb, 0xaf, 0xfe, 0xb5, 0xb7, 0xa6, 0xf2, 0xbf, 0xb7, 0xbf, 0xbd, 0xa0, 
    0xab, 0x81, 0xbc, 0xb3, 0xa2, 0xa1, 0xba, 0xbd, 0xa6, 0x95, 0xb7, 0xa6, 
    0x91, 0xbe, 0xb3, 0xa1, 0xa1, 0xb7, 0xa1, 0xfa, 0xfb, 0xa9, 0xa0, 0xb7, 
    0xa6, 0xa7, 0xa0, 0xbc, 0xf2, 0xa6, 0xfa, 0xf0, 0xbb, 0xbe, 0xe0, 0xb1, 
    0xa2, 0xa2, 0x8d, 0xbf, 0xb7, 0xbf, 0xbd, 0xa0, 0xab, 0x8d, 0xa1, 0xbc, 
    0xb3, 0xa2, 0xa1, 0xba, 0xbd, 0xa6, 0x8d, 0xb5, 0xb7, 0xa6, 0x8d, 0xb1, 
    0xbe, 0xb3, 0xa1, 0xa1, 0xb7, 0xa1, 0xf0, 0xfe, 0xf0, 0xa2, 0xbd, 0xbb, 
    0xbc, 0xa6, 0xb7, 0xa0, 0xf0, 0xfe, 0x89, 0xf0, 0xa2, 0xbd, 0xbb, 0xbc, 
    0xa6, 0xb7, 0xa0, 0xf0, 0xfe, 0xf0, 0xa2, 0xbd, 0xbb, 0xbc, 0xa6, 0xb7, 
    0xa0, 0xf0, 0x8f, 0xfb, 0xaf, 0xfe, 0xb5, 0xb7, 0xa6, 0xf2, 0xbf, 0xb7, 
    0xbf, 0xbd, 0xa0, 0xab, 0x81, 0xbc, 0xb3, 0xa2, 0xa1, 0xba, 0xbd, 0xa6, 
    0x95, 0xb7, 0xa6, 0x9d, 0xb0, 0xb8, 0xb7, 0xb1, 0xa6, 0xa1, 0xfa, 0xfb, 
    0xa9, 0xa0, 0xb7, 0xa6, 0xa7, 0xa0, 0xbc, 0xf2, 0xa6, 0xfa, 0xf0, 0xbb, 
    0xbe, 0xe0, 0xb1, 0xa2, 0xa2, 0x8d, 0xbf, 0xb7, 0xbf, 0xbd, 0xa0, 0xab, 
    0x8d, 0xa1, 0xbc, 0xb3, 0xa2, 0xa1, 0xba, 0xbd, 0xa6, 0x8d, 0xb5, 0xb7, 
    0xa6, 0x8d, 0xbd, 0xb0, 0xb8, 0xb7, 0xb1, 0xa6, 0xa1, 0xf0, 0xfe, 0xf0, 
    0xa2, 0xbd, 0xbb, 0xbc, 0xa6, 0xb7, 0xa0, 0xf0, 0xfe, 0x89, 0xf0, 0xa2, 
    0xbd, 0xbb, 0xbc, 0xa6, 0xb7, 0xa0, 0xf0, 0xfe, 0xf0, 0xa2, 0xbd, 0xbb, 
    0xbc, 0xa6, 0xb7, 0xa0, 0xf0, 0x8f, 0xfb, 0xaf, 0xfe, 0xb5, 0xb7, 0xa6, 
    0xf2, 0xbf, 0xb7, 0xa6, 0xba, 0xbd, 0xb6, 0x95, 0xb7, 0xa6, 0x91, 0xbe, 
    0xb3, 0xa1, 0xa1, 0xfa, 0xfb, 0xa9, 0xa0, 0xb7, 0xa6, 0xa7, 0xa0, 0xbc, 
    0xf2, 0xa6, 0xfa, 0xf0, 0xbb, 0xbe, 0xe0, 0xb1, 0xa2, 0xa2, 0x8d, 0xbf, 
    0xb7, 0xa6, 0xba, 0xbd, 0xb6, 0x8d, 0xb5, 0xb7, 0xa6, 0x8d, 0xb1, 0xbe, 
    0xb3, 0xa1, 0xa1, 0xf0, 0xfe, 0xf0, 0xa2, 0xbd, 0xbb, 0xbc, 0xa6, 0xb7, 
    0xa0, 0xf0, 0xfe, 0x89, 0xf0, 0xa2, 0xbd, 0xbb, 0xbc, 0xa6, 0xb7, 0xa0, 
    0xf0, 0x8f, 0xfb, 0xaf, 0xfe, 0xb5, 0xb7, 0xa6, 0xf2, 0xbf, 0xb7, 0xa6, 
    0xba, 0xbd, 0xb6, 0x95, 0xb7, 0xa6, 0x94, 0xbe, 0xb3, 0xb5, 0xa1, 0xfa, 
    0xfb, 0xa9, 0xa0, 0xb7, 0xa6, 0xa7, 0xa0, 0xbc, 0xf2, 0xa6, 0xfa, 0xf0, 
    0xbb, 0xbe, 0xe0, 0xb1, 0xa2, 0xa2, 0x8d, 0xbf, 0xb7, 0xa6, 0xba, 0xbd, 
    0xb6, 0x8d, 0xb5, 0xb7, 0xa6, 0x8d, 0xb4, 0xbe, 0xb3, 0xb5, 0xa1, 0xf0, 
    0xfe, 0xf0, 0xa7, 0xbb, 0xbc, 0xa6, 0xe1, 0xe0, 0xf0, 0xfe, 0x89, 0xf0, 
    0xa2, 0xbd, 0xbb, 0xbc, 0xa6, 0xb7, 0xa0, 0xf0, 0xfe, 0xf0, 0xa2, 0xbd, 
    0xbb, 0xbc, 0xa6, 0xb7, 0xa0, 0xf0, 0x8f, 0xfb, 0xaf, 0xfe, 0xb5, 0xb7, 
    0xa6, 0xf2, 0xbf, 0xb7, 0xa6, 0xba, 0xbd, 0xb6, 0x95, 0xb7, 0xa6, 0x9c, 
    0xb3, 0xbf, 0xb7, 0xfa, 0xfb, 0xa9, 0xa0, 0xb7, 0xa6, 0xa7, 0xa0, 0xbc, 
    0xf2, 0xa6, 0xfa, 0xf0, 0xbb, 0xbe, 0xe0, 0xb1, 0xa2, 0xa2, 0x8d, 0xbf, 
    0xb7, 0xa6, 0xba, 0xbd, 0xb6, 0x8d, 0xb5, 0xb7, 0xa6, 0x8d, 0xbc, 0xb3, 
    0xbf, 0xb7, 0xf0, 0xfe, 0xf0, 0xa2, 0xbd, 0xbb, 0xbc, 0xa6, 0xb7, 0xa0, 
    0xf0, 0xfe, 0x89, 0xf0, 0xa2, 0xbd, 0xbb, 0xbc, 0xa6, 0xb7, 0xa0, 0xf0, 
    0x8f, 0xfb, 0xaf, 0xfe, 0xb5, 0xb7, 0xa6, 0xf2, 0xbf, 0xb7, 0xa6, 0xba, 
    0xbd, 0xb6, 0x95, 0xb7, 0xa6, 0x9d, 0xb0, 0xb8, 0xb7, 0xb1, 0xa6, 0xfa, 
    0xfb, 0xa9, 0xa0, 0xb7, 0xa6, 0xa7, 0xa0, 0xbc, 0xf2, 0xa6, 0xfa, 0xf0, 
    0xbb, 0xbe, 0xe0, 0xb1, 0xa2, 0xa2, 0x8d, 0xbf, 0xb7, 0xa6, 0xba, 0xbd, 
    0xb6, 0x8d, 0xb5, 0xb7, 0xa6, 0x8d, 0xbd, 0xb0, 0xb8, 0xb7, 0xb1, 0xa6, 
    0xf0, 0xfe, 0xf0, 0xa2, 0xbd, 0xbb, 0xbc, 0xa6, 0xb7, 0xa0, 0xf0, 0xfe, 
    0x89, 0xf0, 0xa2, 0xbd, 0xbb, 0xbc, 0xa6, 0xb7, 0xa0, 0xf0, 0xfe, 0xf0, 
    0xa2, 0xbd, 0xbb, 0xbc, 0xa6, 0xb7, 0xa0, 0xf0, 0x8f, 0xfb, 0xaf, 0xfe, 
    0xb5, 0xb7, 0xa6, 0xf2, 0xbf, 0xb7, 0xa6, 0xba, 0xbd, 0xb6, 0x95, 0xb7, 
    0xa6, 0x82, 0xb3, 0xa0, 0xb3, 0xbf, 0xb7, 0xa6, 0xb7, 0xa0, 0x91, 0xbd, 
    0xa7, 0xbc, 0xa6, 0xfa, 0xfb, 0xa9, 0xa0, 0xb7, 0xa6, 0xa7, 0xa0, 0xbc, 
    0xf2, 0xa6, 0xfa, 0xf0, 0xbb, 0xbe, 0xe0, 0xb1, 0xa2, 0xa2, 0x8d, 0xbf, 
    0xb7, 0xa6, 0xba, 0xbd, 0xb6, 0x8d, 0xb5, 0xb7, 0xa6, 0x8d, 0xa2, 0xb3, 
    0xa0, 0xb3, 0xbf, 0x8d, 0xb1, 0xbd, 0xa7, 0xbc, 0xa6, 0xf0, 0xfe, 0xf0, 
    0xa7, 0xbb, 0xbc, 0xa6, 0xea, 0xf0, 0xfe, 0x89, 0xf0, 0xa2, 0xbd, 0xbb, 
    0xbc, 0xa6, 0xb7, 0xa0, 0xf0, 0x8f, 0xfb, 0xaf, 0xfe, 0xb5, 0xb7, 0xa6, 
    0xf2, 0xbf, 0xb7, 0xa6, 0xba, 0xbd, 0xb6, 0x95, 0xb7, 0xa6, 0x82, 0xb3, 
    0xa0, 0xb3, 0xbf, 0xb7, 0xa6, 0xb7, 0xa0, 0x9c, 0xb3, 0xbf, 0xb7, 0xfa, 
    0xfb, 0xa9, 0xa0, 0xb7, 0xa6, 0xa7, 0xa0, 0xbc, 0xf2, 0xa6, 0xfa, 0xf0, 
    0xbb, 0xbe, 0xe0, 0xb1, 0xa2, 0xa2, 0x8d, 0xbf, 0xb7, 0xa6, 0xba, 0xbd, 
    0xb6, 0x8d, 0xb5, 0xb7, 0xa6, 0x8d, 0xa2, 0xb3, 0xa0, 0xb3, 0xbf, 0x8d, 
    0xbc, 0xb3, 0xbf, 0xb7, 0xf0, 0xfe, 0xf0, 0xa2, 0xbd, 0xbb, 0xbc, 0xa6, 
    0xb7, 0xa0, 0xf0, 0xfe, 0x89, 0xf0, 0xa2, 0xbd, 0xbb, 0xbc, 0xa6, 0xb7, 
    0xa0, 0xf0, 0xfe, 0xf0, 0xa7, 0xbb, 0xbc, 0xa6, 0xe1, 0xe0, 0xf0, 0x8f, 
    0xfb, 0xaf, 0xfe, 0xb5, 0xb7, 0xa6, 0xf2, 0xbf, 0xb7, 0xa6, 0xba, 0xbd, 
    0xb6, 0x95, 0xb7, 0xa6, 0x82, 0xb3, 0xa0, 0xb3, 0xbf, 0xb7, 0xa6, 0xb7, 
    0xa0, 0xa1, 0xfa, 0xfb, 0xa9, 0xa0, 0xb7, 0xa6, 0xa7, 0xa0, 0xbc, 0xf2, 
    0xa6, 0xfa, 0xf0, 0xbb, 0xbe, 0xe0, 0xb1, 0xa2, 0xa2, 0x8d, 0xbf, 0xb7, 
    0xa6, 0xba, 0xbd, 0xb6, 0x8d, 0xb5, 0xb7, 0xa6, 0x8d, 0xa2, 0xb3, 0xa0, 
    0xb3, 0xbf, 0xb7, 0xa6, 0xb7, 0xa0, 0xa1, 0xf0, 0xfe, 0xf0, 0xa2, 0xbd, 
    0xbb, 0xbc, 0xa6, 0xb7, 0xa0, 0xf0, 0xfe, 0x89, 0xf0, 0xa2, 0xbd, 0xbb, 
    0xbc, 0xa6, 0xb7, 0xa0, 0xf0, 0xfe, 0xf0, 0xa2, 0xbd, 0xbb, 0xbc, 0xa6, 
    0xb7, 0xa0, 0xf0, 0x8f, 0xfb, 0xaf, 0xfe, 0xb5, 0xb7, 0xa6, 0xf2, 0xbf, 
    0xb7, 0xa6, 0xba, 0xbd, 0xb6, 0x95, 0xb7, 0xa6, 0x82, 0xb3, 0xa0, 0xb3, 
    0xbf, 0xb7, 0xa6, 0xb7, 0xa0, 0x86, 0xab, 0xa2, 0xb7, 0xfa, 0xfb, 0xa9, 
    0xa0, 0xb7, 0xa6, 0xa7, 0xa0, 0xbc, 0xf2, 0xa6, 0xfa, 0xf0, 0xbb, 0xbe, 
    0xe0, 0xb1, 0xa2, 0xa2, 0x8d, 0xbf, 0xb7, 0xa6, 0xba, 0xbd, 0xb6, 0x8d, 
    0xb5, 0xb7, 0xa6, 0x8d, 0xa2, 0xb3, 0xa0, 0xb3, 0xbf, 0xf0, 0xfe, 0xf0, 
    0xa2, 0xbd, 0xbb, 0xbc, 0xa6, 0xb7, 0xa0, 0xf0, 0xfe, 0x89, 0xf0, 0xa2, 
    0xbd, 0xbb, 0xbc, 0xa6, 0xb7, 0xa0, 0xf0, 0xfe, 0xf0, 0xa7, 0xbb, 0xbc, 
    0xa6, 0xe1, 0xe0, 0xf0, 0x8f, 0xfb, 0xaf, 0xfe, 0xb5, 0xb7, 0xa6, 0xf2, 
    0xbf, 0xb7, 0xa6, 0xba, 0xbd, 0xb6, 0x95, 0xb7, 0xa6, 0x80, 0xb7, 0xa6, 
    0xa7, 0xa0, 0xbc, 0x86, 0xab, 0xa2, 0xb7, 0xfa, 0xfb, 0xa9, 0xa0, 0xb7, 
    0xa6, 0xa7, 0xa0, 0xbc, 0xf2, 0xa6, 0xfa, 0xf0, 0xbb, 0xbe, 0xe0, 0xb1, 
    0xa2, 0xa2, 0x8d, 0xbf, 0xb7, 0xa6, 0xba, 0xbd, 0xb6, 0x8d, 0xb5, 0xb7, 
    0xa6, 0x8d, 0xa0, 0xb7, 0xa6, 0xa7, 0xa0, 0xbc, 0x8d, 0xa6, 0xab, 0xa2, 
    0xb7, 0xf0, 0xfe, 0xf0, 0xa2, 0xbd, 0xbb, 0xbc, 0xa6, 0xb7, 0xa0, 0xf0, 
    0xfe, 0x89, 0xf0, 0xa2, 0xbd, 0xbb, 0xbc, 0xa6, 0xb7, 0xa0, 0xf0, 0x8f, 
    0xfb, 0xaf, 0xfe, 0xb5, 0xb7, 0xa6, 0xf2, 0xbf, 0xb7, 0xa6, 0xba, 0xbd, 
    0xb6, 0x9b, 0xa1, 0x95, 0xb7, 0xbc, 0xb7, 0xa0, 0xbb, 0xb1, 0xfa, 0xfb, 
    0xa9, 0xa0, 0xb7, 0xa6, 0xa7, 0xa0, 0xbc, 0xf2, 0xa6, 0xfa, 0xf0, 0xbb, 
    0xbe, 0xe0, 0xb1, 0xa2, 0xa2, 0x8d, 0xbf, 0xb7, 0xa6, 0xba, 0xbd, 0xb6, 
    0x8d, 0xbb, 0xa1, 0x8d, 0xb5, 0xb7, 0xbc, 0xb7, 0xa0, 0xbb, 0xb1, 0xf0, 
    0xfe, 0xf0, 0xb0, 0xbd, 0xbd, 0xbe, 0xf0, 0xfe, 0x89, 0xf0, 0xa2, 0xbd, 
    0xbb, 0xbc, 0xa6, 0xb7, 0xa0, 0xf0, 0x8f, 0xfb, 0xaf, 0xfe, 0xb5, 0xb7, 
    0xa6, 0xf2, 0xbf, 0xb7, 0xa6, 0xba, 0xbd, 0xb6, 0x9b, 0xa1, 0x9b, 0xbc, 
    0xb4, 0xbe, 0xb3, 0xa6, 0xb7, 0xb6, 0xfa, 0xfb, 0xa9, 0xa0, 0xb7, 0xa6, 
    0xa7, 0xa0, 0xbc, 0xf2, 0xa6, 0xfa, 0xf0, 0xbb, 0xbe, 0xe0, 0xb1, 0xa2, 
    0xa2, 0x8d, 0xbf, 0xb7, 0xa6, 0xba, 0xbd, 0xb6, 0x8d, 0xbb, 0xa1, 0x8d, 
    0xbb, 0xbc, 0xb4, 0xbe, 0xb3, 0xa6, 0xb7, 0xb6, 0xf0, 0xfe, 0xf0, 0xb0, 
    0xbd, 0xbd, 0xbe, 0xf0, 0xfe, 0x89, 0xf0, 0xa2, 0xbd, 0xbb, 0xbc, 0xa6, 
    0xb7, 0xa0, 0xf0, 0x8f, 0xfb, 0xaf, 0xfe, 0xb5, 0xb7, 0xa6, 0xf2, 0xbf, 
    0xb7, 0xa6, 0xba, 0xbd, 0xb6, 0x9b, 0xa1, 0x9b, 0xbc, 0xa1, 0xa6, 0xb3, 
    0xbc, 0xb1, 0xb7, 0xfa, 0xfb, 0xa9, 0xa0, 0xb7, 0xa6, 0xa7, 0xa0, 0xbc, 
    0xf2, 0xa6, 0xfa, 0xf0, 0xbb, 0xbe, 0xe0, 0xb1, 0xa2, 0xa2, 0x8d, 0xbf, 
    0xb7, 0xa6, 0xba, 0xbd, 0xb6, 0x8d, 0xbb, 0xa1, 0x8d, 0xbb, 0xbc, 0xa1, 
    0xa6, 0xb3, 0xbc, 0xb1, 0xb7, 0xf0, 0xfe, 0xf0, 0xb0, 0xbd, 0xbd, 0xbe, 
    0xf0, 0xfe, 0x89, 0xf0, 0xa2, 0xbd, 0xbb, 0xbc, 0xa6, 0xb7, 0xa0, 0xf0, 
    0x8f, 0xfb, 0xaf, 0xfe, 0xb5, 0xb7, 0xa6, 0xf2, 0xbf, 0xbd, 0xbc, 0xbb, 
    0xa6, 0xbd, 0xa0, 0x97, 0xbc, 0xa6, 0xb7, 0xa0, 0xfa, 0xfb, 0xa9, 0xa0, 
    0xb7, 0xa6, 0xa7, 0xa0, 0xbc, 0xf2, 0xa6, 0xfa, 0xf0, 0xbb, 0xbe, 0xe0, 
    0xb1, 0xa2, 0xa2, 0x8d, 0xbf, 0xbd, 0xbc, 0xbb, 0xa6, 0xbd, 0xa0, 0x8d, 
    0xb7, 0xbc, 0xa6, 0xb7, 0xa0, 0xf0, 0xfe, 0xf0, 0xa4, 0xbd, 0xbb, 0xb6, 
    0xf0, 0xfe, 0x89, 0xf0, 0xa2, 0xbd, 0xbb, 0xbc, 0xa6, 0xb7, 0xa0, 0xf0, 
    0x8f, 0xfb, 0xaf, 0xfe, 0xb5, 0xb7, 0xa6, 0xf2, 0xbf, 0xbd, 0xbc, 0xbb, 
    0xa6, 0xbd, 0xa0, 0x97, 0xaa, 0xbb, 0xa6, 0xfa, 0xfb, 0xa9, 0xa0, 0xb7, 
    0xa6, 0xa7, 0xa0, 0xbc, 0xf2, 0xa6, 0xfa, 0xf0, 0xbb, 0xbe, 0xe0, 0xb1, 
    0xa2, 0xa2, 0x8d, 0xbf, 0xbd, 0xbc, 0xbb, 0xa6, 0xbd, 0xa0, 0x8d, 0xb7, 
    0xaa, 0xbb, 0xa6, 0xf0, 0xfe, 0xf0, 0xa4, 0xbd, 0xbb, 0xb6, 0xf0, 0xfe, 
    0x89, 0xf0, 0xa2, 0xbd, 0xbb, 0xbc, 0xa6, 0xb7, 0xa0, 0xf0, 0x8f, 0xfb, 
    0xaf, 0xfe, 0xb5, 0xb7, 0xa6, 0xf2, 0xbf, 0xbd, 0xbc, 0xbb, 0xa6, 0xbd, 
    0xa0, 0x82, 0xa7, 0xbe, 0xa1, 0xb7, 0xfa, 0xfb, 0xa9, 0xa0, 0xb7, 0xa6, 
    0xa7, 0xa0, 0xbc, 0xf2, 0xa6, 0xfa, 0xf0, 0xbb, 0xbe, 0xe0, 0xb1, 0xa2, 
    0xa2, 0x8d, 0xbf, 0xbd, 0xbc, 0xbb, 0xa6, 0xbd, 0xa0, 0x8d, 0xa2, 0xa7, 
    0xbe, 0xa1, 0xb7, 0xf0, 0xfe, 0xf0, 0xa4, 0xbd, 0xbb, 0xb6, 0xf0, 0xfe, 
    0x89, 0xf0, 0xa2, 0xbd, 0xbb, 0xbc, 0xa6, 0xb7, 0xa0, 0xf0, 0x8f, 0xfb, 
    0xaf, 0xfe, 0xb5, 0xb7, 0xa6, 0xf2, 0xbf, 0xbd, 0xbc, 0xbb, 0xa6, 0xbd, 
    0xa0, 0x82, 0xa7, 0xbe, 0xa1, 0xb7, 0x93, 0xbe, 0xbe, 0xfa, 0xfb, 0xa9, 
    0xa0, 0xb7, 0xa6, 0xa7, 0xa0, 0xbc, 0xf2, 0xa6, 0xfa, 0xf0, 0xbb, 0xbe, 
    0xe0, 0xb1, 0xa2, 0xa2, 0x8d, 0xbf, 0xbd, 0xbc, 0xbb, 0xa6, 0xbd, 0xa0, 
    0x8d, 0xa2, 0xa7, 0xbe, 0xa1, 0xb7, 0x8d, 0xb3, 0xbe, 0xbe, 0xf0, 0xfe, 
    0xf0, 0xa4, 0xbd, 0xbb, 0xb6, 0xf0, 0xfe, 0x89, 0xf0, 0xa2, 0xbd, 0xbb, 
    0xbc, 0xa6, 0xb7, 0xa0, 0xf0, 0x8f, 0xfb, 0xaf, 0xfe, 0xb5, 0xb7, 0xa6, 
    0xf2, 0xbf, 0xbd, 0xbc, 0xbb, 0xa6, 0xbd, 0xa0, 0x86, 0xa0, 0xab, 0x97, 
    0xbc, 0xa6, 0xb7, 0xa0, 0xfa, 0xfb, 0xa9, 0xa0, 0xb7, 0xa6, 0xa7, 0xa0, 
    0xbc, 0xf2, 0xa6, 0xfa, 0xf0, 0xbb, 0xbe, 0xe0, 0xb1, 0xa2, 0xa2, 0x8d, 
    0xbf, 0xbd, 0xbc, 0xbb, 0xa6, 0xbd, 0xa0, 0x8d, 0xa6, 0xa0, 0xab, 0x8d, 
    0xb7, 0xbc, 0xa6, 0xb7, 0xa0, 0xf0, 0xfe, 0xf0, 0xb0, 0xbd, 0xbd, 0xbe, 
    0xf0, 0xfe, 0x89, 0xf0, 0xa2, 0xbd, 0xbb, 0xbc, 0xa6, 0xb7, 0xa0, 0xf0, 
    0xfe, 0xf0, 0xa7, 0xbb, 0xbc, 0xa6, 0xe1, 0xe0, 0xf0, 0x8f, 0xfb, 0xaf, 
    0xfe, 0xb5, 0xb7, 0xa6, 0xf2, 0xbf, 0xbd, 0xbc, 0xbb, 0xa6, 0xbd, 0xa0, 
    0x86, 0xa0, 0xab, 0x85, 0xb3, 0xbb, 0xa6, 0xfa, 0xfb, 0xa9, 0xa0, 0xb7, 
    0xa6, 0xa7, 0xa0, 0xbc, 0xf2, 0xa6, 0xfa, 0xf0, 0xbb, 0xbe, 0xe0, 0xb1, 
    0xa2, 0xa2, 0x8d, 0xbf, 0xbd, 0xbc, 0xbb, 0xa6, 0xbd, 0xa0, 0x8d, 0xa6, 
    0xa0, 0xab, 0x8d, 0xa5, 0xb3, 0xbb, 0xa6, 0xf0, 0xfe, 0xf0, 0xb0, 0xbd, 
    0xbd, 0xbe, 0xf0, 0xfe, 0x89, 0xf0, 0xa2, 0xbd, 0xbb, 0xbc, 0xa6, 0xb7, 
    0xa0, 0xf0, 0xfe, 0xf0, 0xa7, 0xbb, 0xbc, 0xa6, 0xe1, 0xe0, 0xf0, 0x8f, 
    0xfb, 0xaf, 0xfe, 0xb5, 0xb7, 0xa6, 0xf2, 0xbf, 0xbd, 0xbc, 0xbb, 0xa6, 
    0xbd, 0xa0, 0x85, 0xb3, 0xbb, 0xa6, 0xfa, 0xfb, 0xa9, 0xa0, 0xb7, 0xa6, 
    0xa7, 0xa0, 0xbc, 0xf2, 0xa6, 0xfa, 0xf0, 0xbb, 0xbe, 0xe0, 0xb1, 0xa2, 
    0xa2, 0x8d, 0xbf, 0xbd, 0xbc, 0xbb, 0xa6, 0xbd, 0xa0, 0x8d, 0xa5, 0xb3, 
    0xbb, 0xa6, 0xf0, 0xfe, 0xf0, 0xa4, 0xbd, 0xbb, 0xb6, 0xf0, 0xfe, 0x89, 
    0xf0, 0xa2, 0xbd, 0xbb, 0xbc, 0xa6, 0xb7, 0xa0, 0xf0, 0x8f, 0xfb, 0xaf, 
    0xfe, 0xb5, 0xb7, 0xa6, 0xf2, 0xbd, 0xb0, 0xb8, 0xb7, 0xb1, 0xa6, 0x95, 
    0xb7, 0xa6, 0x91, 0xbe, 0xb3, 0xa1, 0xa1, 0xfa, 0xfb, 0xa9, 0xa0, 0xb7, 
    0xa6, 0xa7, 0xa0, 0xbc, 0xf2, 0xa6, 0xfa, 0xf0, 0xbb, 0xbe, 0xe0, 0xb1, 
    0xa2, 0xa2, 0x8d, 0xbd, 0xb0, 0xb8, 0xb7, 0xb1, 0xa6, 0x8d, 0xb5, 0xb7, 
    0xa6, 0x8d, 0xb1, 0xbe, 0xb3, 0xa1, 0xa1, 0xf0, 0xfe, 0xf0, 0xa2, 0xbd, 
    0xbb, 0xbc, 0xa6, 0xb7, 0xa0, 0xf0, 0xfe, 0x89, 0xf0, 0xa2, 0xbd, 0xbb, 
    0xbc, 0xa6, 0xb7, 0xa0, 0xf0, 0x8f, 0xfb, 0xaf, 0xfe, 0xb5, 0xb7, 0xa6, 
    0xf2, 0xbd, 0xb0, 0xb8, 0xb7, 0xb1, 0xa6, 0x95, 0xb7, 0xa6, 0x84, 0xbb, 
    0xa0, 0xa6, 0xa7, 0xb3, 0xbe, 0x9f, 0xb7, 0xa6, 0xba, 0xbd, 0xb6, 0xfa, 
    0xfb, 0xa9, 0xa0, 0xb7, 0xa6, 0xa7, 0xa0, 0xbc, 0xf2, 0xa6, 0xfa, 0xf0, 
    0xbb, 0xbe, 0xe0, 0xb1, 0xa2, 0xa2, 0x8d, 0xbd, 0xb0, 0xb8, 0xb7, 0xb1, 
    0xa6, 0x8d, 0xb5, 0xb7, 0xa6, 0x8d, 0xa4, 0xbb, 0xa0, 0xa6, 0xa7, 0xb3, 
    0xbe, 0x8d, 0xbf, 0xb7, 0xa6, 0xba, 0xbd, 0xb6, 0xf0, 0xfe, 0xf0, 0xa2, 
    0xbd, 0xbb, 0xbc, 0xa6, 0xb7, 0xa0, 0xf0, 0xfe, 0x89, 0xf0, 0xa2, 0xbd, 
    0xbb, 0xbc, 0xa6, 0xb7, 0xa0, 0xf0, 0xfe, 0xf0, 0xa2, 0xbd, 0xbb, 0xbc, 
    0xa6, 0xb7, 0xa0, 0xf0, 0x8f, 0xfb, 0xaf, 0xfe, 0xb5, 0xb7, 0xa6, 0xf2, 
    0xbd, 0xb0, 0xb8, 0xb7, 0xb1, 0xa6, 0x9b, 0xbc, 0xbb, 0xa6, 0xbb, 0xb3, 
    0xbe, 0xbb, 0xa8, 0xb7, 0xfa, 0xfb, 0xa9, 0xa0, 0xb7, 0xa6, 0xa7, 0xa0, 
    0xbc, 0xf2, 0xa6, 0xfa, 0xf0, 0xbb, 0xbe, 0xe0, 0xb1, 0xa2, 0xa2, 0x8d, 
    0xa0, 0xa7, 0xbc, 0xa6, 0xbb, 0xbf, 0xb7, 0x8d, 0xbd, 0xb0, 0xb8, 0xb7, 
    0xb1, 0xa6, 0x8d, 0xbb, 0xbc, 0xbb, 0xa6, 0x8d, 0xb7, 0xaa, 0xb1, 0xb7, 
    0xa2, 0xa6, 0xbb, 0xbd, 0xbc, 0xf0, 0xfe, 0xf0, 0xa4, 0xbd, 0xbb, 0xb6, 
    0xf0, 0xfe, 0x89, 0xf0, 0xa2, 0xbd, 0xbb, 0xbc, 0xa6, 0xb7, 0xa0, 0xf0, 
    0xfe, 0xf0, 0xa2, 0xbd, 0xbb, 0xbc, 0xa6, 0xb7, 0xa0, 0xf0, 0x8f, 0xfb, 
    0xaf, 0xfe, 0xb5, 0xb7, 0xa6, 0xf2, 0xbd, 0xb0, 0xb8, 0xb7, 0xb1, 0xa6, 
    0x9c, 0xb7, 0xa5, 0xfa, 0xfb, 0xa9, 0xa0, 0xb7, 0xa6, 0xa7, 0xa0, 0xbc, 
    0xf2, 0xa6, 0xfa, 0xf0, 0xbb, 0xbe, 0xe0, 0xb1, 0xa2, 0xa2, 0x8d, 0xbd, 
    0xb0, 0xb8, 0xb7, 0xb1, 0xa6, 0x8d, 0xbc, 0xb7, 0xa5, 0xf0, 0xfe, 0xf0, 
    0xa2, 0xbd, 0xbb, 0xbc, 0xa6, 0xb7, 0xa0, 0xf0, 0xfe, 0x89, 0xf0, 0xa2, 
    0xbd, 0xbb, 0xbc, 0xa6, 0xb7, 0xa0, 0xf0, 0x8f, 0xfb, 0xaf, 0xfe, 0xb5, 
    0xb7, 0xa6, 0xf2, 0xbd, 0xb0, 0xb8, 0xb7, 0xb1, 0xa6, 0x95, 0xb7, 0xa6, 
    0x81, 0xbb, 0xa8, 0xb7, 0xfa, 0xfb, 0xa9, 0xa0, 0xb7, 0xa6, 0xa7, 0xa0, 
    0xbc, 0xf2, 0xa6, 0xfa, 0xf0, 0xbb, 0xbe, 0xe0, 0xb1, 0xa2, 0xa2, 0x8d, 
    0xbd, 0xb0, 0xb8, 0xb7, 0xb1, 0xa6, 0x8d, 0xb5, 0xb7, 0xa6, 0x8d, 0xa1, 
    0xbb, 0xa8, 0xb7, 0xf0, 0xfe, 0xf0, 0xa7, 0xbb, 0xbc, 0xa6, 0xe1, 0xe0, 
    0xf0, 0xfe, 0x89, 0xf0, 0xa2, 0xbd, 0xbb, 0xbc, 0xa6, 0xb7, 0xa0, 0xf0, 
    0x8f, 0xfb, 0xaf, 0xfe, 0xb5, 0xb7, 0xa6, 0xf2, 0xbd, 0xb0, 0xb8, 0xb7, 
    0xb1, 0xa6, 0x87, 0xbc, 0xb0, 0xbd, 0xaa, 0xfa, 0xfb, 0xa9, 0xa0, 0xb7, 
    0xa6, 0xa7, 0xa0, 0xbc, 0xf2, 0xa6, 0xfa, 0xf0, 0xbb, 0xbe, 0xe0, 0xb1, 
    0xa2, 0xa2, 0x8d, 0xbd, 0xb0, 0xb8, 0xb7, 0xb1, 0xa6, 0x8d, 0xa7, 0xbc, 
    0xb0, 0xbd, 0xaa, 0xf0, 0xfe, 0xf0, 0xa2, 0xbd, 0xbb, 0xbc, 0xa6, 0xb7, 
    0xa0, 0xf0, 0xfe, 0x89, 0xf0, 0xa2, 0xbd, 0xbb, 0xbc, 0xa6, 0xb7, 0xa0, 
    0xf0, 0x8f, 0xfb, 0xaf, 0xfe, 0xb5, 0xb7, 0xa6, 0xf2, 0xa0, 0xb7, 0xa1, 
    0xbd, 0xbe, 0xa4, 0xb7, 0x9b, 0xbc, 0xa6, 0xb7, 0xa0, 0xbc, 0xb3, 0xbe, 
    0x91, 0xb3, 0xbe, 0xbe, 0xfa, 0xfb, 0xa9, 0xa0, 0xb7, 0xa6, 0xa7, 0xa0, 
    0xbc, 0xf2, 0xa6, 0xfa, 0xf0, 0xbb, 0xbe, 0xe0, 0xb1, 0xa2, 0xa2, 0x8d, 
    0xa0, 0xb7, 0xa1, 0xbd, 0xbe, 0xa4, 0xb7, 0x8d, 0xbb, 0xb1, 0xb3, 0xbe, 
    0xbe, 0xf0, 0xfe, 0xf0, 0xa2, 0xbd, 0xbb, 0xbc, 0xa6, 0xb7, 0xa0, 0xf0, 
    0xfe, 0x89, 0xf0, 0xa2, 0xbd, 0xbb, 0xbc, 0xa6, 0xb7, 0xa0, 0xf0, 0x8f, 
    0xfb, 0xaf, 0xfe, 0xb5, 0xb7, 0xa6, 0xf2, 0xa1, 0xa6, 0xa0, 0xbb, 0xbc, 
    0xb5, 0x95, 0xb7, 0xa6, 0x91, 0xba, 0xb3, 0xa0, 0xa1, 0xfa, 0xfb, 0xa9, 
    0xa0, 0xb7, 0xa6, 0xa7, 0xa0, 0xbc, 0xf2, 0xa6, 0xfa, 0xf0, 0xbb, 0xbe, 
    0xe0, 0xb1, 0xa2, 0xa2, 0x8d, 0xa1, 0xa6, 0xa0, 0xbb, 0xbc, 0xb5, 0x8d, 
    0xb1, 0xba, 0xb3, 0xa0, 0xa1, 0xf0, 0xfe, 0xf0, 0xa2, 0xbd, 0xbb, 0xbc, 
    0xa6, 0xb7, 0xa0, 0xf0, 0xfe, 0x89, 0xf0, 0xa2, 0xbd, 0xbb, 0xbc, 0xa6, 
    0xb7, 0xa0, 0xf0, 0x8f, 0xfb, 0xaf, 0xfe, 0xb5, 0xb7, 0xa6, 0xf2, 0xa1, 
    0xa6, 0xa0, 0xbb, 0xbc, 0xb5, 0x95, 0xb7, 0xa6, 0x9e, 0xb7, 0xbc, 0xb5, 
    0xa6, 0xba, 0xfa, 0xfb, 0xa9, 0xa0, 0xb7, 0xa6, 0xa7, 0xa0, 0xbc, 0xf2, 
    0xa6, 0xfa, 0xf0, 0xbb, 0xbe, 0xe0, 0xb1, 0xa2, 0xa2, 0x8d, 0xa1, 0xa6, 
    0xa0, 0xbb, 0xbc, 0xb5, 0x8d, 0xbe, 0xb7, 0xbc, 0xb5, 0xa6, 0xba, 0xf0, 
    0xfe, 0xf0, 0xbb, 0xbc, 0xa6, 0xe1, 0xe0, 0xf0, 0xfe, 0x89, 0xf0, 0xa2, 
    0xbd, 0xbb, 0xbc, 0xa6, 0xb7, 0xa0, 0xf0, 0x8f, 0xfb, 0xaf, 0xfe, 0xb5, 
    0xb7, 0xa6, 0xf2, 0xa1, 0xa6, 0xa0, 0xbb, 0xbc, 0xb5, 0x9c, 0xb7, 0xa5, 
    0xfa, 0xfb, 0xa9, 0xa0, 0xb7, 0xa6, 0xa7, 0xa0, 0xbc, 0xf2, 0xa6, 0xfa, 
    0xf0, 0xbb, 0xbe, 0xe0, 0xb1, 0xa2, 0xa2, 0x8d, 0xa1, 0xa6, 0xa0, 0xbb, 
    0xbc, 0xb5, 0x8d, 0xbc, 0xb7, 0xa5, 0xf0, 0xfe, 0xf0, 0xa2, 0xbd, 0xbb, 
    0xbc, 0xa6, 0xb7, 0xa0, 0xf0, 0xfe, 0x89, 0xf0, 0xa2, 0xbd, 0xbb, 0xbc, 
    0xa6, 0xb7, 0xa0, 0xf0, 0x8f, 0xfb, 0xaf, 0xfe, 0xb5, 0xb7, 0xa6, 0xf2, 
    0xa4, 0xb3, 0xbe, 0xa7, 0xb7, 0x86, 0xab, 0xa2, 0xb7, 0x90, 0xbd, 0xaa, 
    0xfa, 0xfb, 0xa9, 0xa0, 0xb7, 0xa6, 0xa7, 0xa0, 0xbc, 0xf2, 0xa6, 0xfa, 
    0xf0, 0xbb, 0xbe, 0xe0, 0xb1, 0xa2, 0xa2, 0x8d, 0xa4, 0xb3, 0xbe, 0xa7, 
    0xb7, 0x8d, 0xb0, 0xbd, 0xaa, 0xf0, 0xfe, 0xf0, 0xa2, 0xbd, 0xbb, 0xbc, 
    0xa6, 0xb7, 0xa0, 0xf0, 0xfe, 0x89, 0xf0, 0xa2, 0xbd, 0xbb, 0xbc, 0xa6, 
    0xb7, 0xa0, 0xf0, 0xfe, 0xf0, 0xa2, 0xbd, 0xbb, 0xbc, 0xa6, 0xb7, 0xa0, 
    0xf0, 0x8f, 0xfb, 0xaf, 0xfe, 0xb5, 0xb7, 0xa6, 0xf2, 0xa6, 0xba, 0xa0, 
    0xb7, 0xb3, 0xb6, 0x93, 0xa6, 0xa6, 0xb3, 0xb1, 0xba, 0xfa, 0xfb, 0xa9, 
    0xa0, 0xb7, 0xa6, 0xa7, 0xa0, 0xbc, 0xf2, 0xa6, 0xfa, 0xf0, 0xbb, 0xbe, 
    0xe0, 0xb1, 0xa2, 0xa2, 0x8d, 0xa6, 0xba, 0xa0, 0xb7, 0xb3, 0xb6, 0x8d, 
    0xb3, 0xa6, 0xa6, 0xb3, 0xb1, 0xba, 0xf0, 0xfe, 0xf0, 0xa2, 0xbd, 0xbb, 
    0xbc, 0xa6, 0xb7, 0xa0, 0xf0, 0xfe, 0x89, 0xf0, 0xa2, 0xbd, 0xbb, 0xbc, 
    0xa6, 0xb7, 0xa0, 0xf0, 0x8f, 0xfb, 0xaf, 0xfe, 0xb5, 0xb7, 0xa6, 0xf2, 
    0xa6, 0xba, 0xa0, 0xb7, 0xb3, 0xb6, 0x96, 0xb7, 0xa6, 0xb3, 0xb1, 0xba, 
    0xfa, 0xfb, 0xa9, 0xa0, 0xb7, 0xa6, 0xa7, 0xa0, 0xbc, 0xf2, 0xa6, 0xfa, 
    0xf0, 0xbb, 0xbe, 0xe0, 0xb1, 0xa2, 0xa2, 0x8d, 0xa6, 0xba, 0xa0, 0xb7, 
    0xb3, 0xb6, 0x8d, 0xb6, 0xb7, 0xa6, 0xb3, 0xb1, 0xba, 0xf0, 0xfe, 0xf0, 
    0xa4, 0xbd, 0xbb, 0xb6, 0xf0, 0xfe, 0x89, 0xf0, 0xa2, 0xbd, 0xbb, 0xbc, 
    0xa6, 0xb7, 0xa0, 0xf0, 0x8f, 0xfb, 0xaf, 0xfe, 0xb5, 0xb7, 0xa6, 0xf2, 
    0xa6, 0xba, 0xa0, 0xb7, 0xb3, 0xb6, 0x95, 0xb7, 0xa6, 0x93, 0xa6, 0xa6, 
    0xb3, 0xb1, 0xba, 0xb7, 0xb6, 0x86, 0xba, 0xa0, 0xb7, 0xb3, 0xb6, 0xa1, 
    0xfa, 0xfb, 0xa9, 0xa0, 0xb7, 0xa6, 0xa7, 0xa0, 0xbc, 0xf2, 0xa6, 0xfa, 
    0xf0, 0xbb, 0xbe, 0xe0, 0xb1, 0xa2, 0xa2, 0x8d, 0xa6, 0xba, 0xa0, 0xb7, 
    0xb3, 0xb6, 0x8d, 0xb5, 0xb7, 0xa6, 0x8d, 0xb3, 0xbe, 0xbe, 0x8d, 0xb3, 
    0xa6, 0xa6, 0xb3, 0xb1, 0xba, 0xb7, 0xb6, 0x8d, 0xa6, 0xba, 0xa0, 0xb7, 
    0xb3, 0xb6, 0xa1, 0xf0, 0xfe, 0xf0, 0xa2, 0xbd, 0xbb, 0xbc, 0xa6, 0xb7, 
    0xa0, 0xf0, 0xfe, 0x89, 0xf0, 0xa2, 0xbd, 0xbb, 0xbc, 0xa6, 0xb7, 0xa0, 
    0xf0, 0x8f, 0xfb, 0xaf, 0xfe, 0xb5, 0xb7, 0xa6, 0xf2, 0xa6, 0xba, 0xa0, 
    0xb7, 0xb3, 0xb6, 0x95, 0xb7, 0xa6, 0x91, 0xa7, 0xa0, 0xa0, 0xb7, 0xbc, 
    0xa6, 0xfa, 0xfb, 0xa9, 0xa0, 0xb7, 0xa6, 0xa7, 0xa0, 0xbc, 0xf2, 0xa6, 
    0xfa, 0xf0, 0xbb, 0xbe, 0xe0, 0xb1, 0xa2, 0xa2, 0x8d, 0xa6, 0xba, 0xa0, 
    0xb7, 0xb3, 0xb6, 0x8d, 0xb1, 0xa7, 0xa0, 0xa0, 0xb7, 0xbc, 0xa6, 0xf0, 
    0xfe, 0xf0, 0xa2, 0xbd, 0xbb, 0xbc, 0xa6, 0xb7, 0xa0, 0xf0, 0xfe, 0x89, 
    0x8f, 0xfb, 0xaf, 0xfe, 0xb5, 0xb7, 0xa6, 0xf2, 0xa6, 0xba, 0xa0, 0xb7, 
    0xb3, 0xb6, 0x9b, 0xa1, 0x84, 0xbf, 0xfa, 0xfb, 0xa9, 0xa0, 0xb7, 0xa6, 
    0xa7, 0xa0, 0xbc, 0xf2, 0xa6, 0xfa, 0xf0, 0xbb, 0xbe, 0xe0, 0xb1, 0xa2, 
    0xa2, 0x8d, 0xbb, 0xa1, 0x8d, 0xa4, 0xbf, 0x8d, 0xa6, 0xba, 0xa0, 0xb7, 
    0xb3, 0xb6, 0xf0, 0xfe, 0xf0, 0xb0, 0xbd, 0xbd, 0xbe, 0xf0, 0xfe, 0x89, 
    0xf0, 0xa2, 0xbd, 0xbb, 0xbc, 0xa6, 0xb7, 0xa0, 0xf0, 0x8f, 0xfb, 0xaf, 
    0xfe, 0xb5, 0xb7, 0xa6, 0xf2, 0xa6, 0xab, 0xa2, 0xb7, 0x97, 0xa3, 0xa7, 
    0xb3, 0xbe, 0xa1, 0xfa, 0xfb, 0xa9, 0xa0, 0xb7, 0xa6, 0xa7, 0xa0, 0xbc, 
    0xf2, 0xa6, 0xfa, 0xf0, 0xbb, 0xbe, 0xe0, 0xb1, 0xa2, 0xa2, 0x8d, 0xa6, 
    0xab, 0xa2, 0xb7, 0x8d, 0xb7, 0xa3, 0xa7, 0xb3, 0xbe, 0xa1, 0xf0, 0xfe, 
    0xf0, 0xb0, 0xbd, 0xbd, 0xbe, 0xf0, 0xfe, 0x89, 0xf0, 0xa2, 0xbd, 0xbb, 
    0xbc, 0xa6, 0xb7, 0xa0, 0xf0, 0xfe, 0xf0, 0xa2, 0xbd, 0xbb, 0xbc, 0xa6, 
    0xb7, 0xa0, 0xf0, 0x8f, 0xfb, 0xaf, 0xfe, 0xb5, 0xb7, 0xa6, 0xf2, 0xa6, 
    0xab, 0xa2, 0xb7, 0x95, 0xb7, 0xa6, 0x91, 0xbe, 0xb3, 0xa1, 0xa1, 0xfa, 
    0xfb, 0xa9, 0xa0, 0xb7, 0xa6, 0xa7, 0xa0, 0xbc, 0xf2, 0xa6, 0xfa, 0xf0, 
    0xbb, 0xbe, 0xe0, 0xb1, 0xa2, 0xa2, 0x8d, 0xb1, 0xbe, 0xb3, 0xa1, 0xa1, 
    0x8d, 0xb4, 0xa0, 0xbd, 0xbf, 0x8d, 0xa6, 0xab, 0xa2, 0xb7, 0xf0, 0xfe, 
    0xf0, 0xa2, 0xbd, 0xbb, 0xbc, 0xa6, 0xb7, 0xa0, 0xf0, 0xfe, 0x89, 0xf0, 
    0xa2, 0xbd, 0xbb, 0xbc, 0xa6, 0xb7, 0xa0, 0xf0, 0x8f, 0xfb, 0xaf, 0xfe, 
    0xb5, 0xb7, 0xa6, 0xf2, 0xa6, 0xab, 0xa2, 0xb7, 0x95, 0xb7, 0xa6, 0x9c, 
    0xb3, 0xbf, 0xb7, 0xfa, 0xfb, 0xa9, 0xa0, 0xb7, 0xa6, 0xa7, 0xa0, 0xbc, 
    0xf2, 0xa6, 0xfa, 0xf0, 0xbb, 0xbe, 0xe0, 0xb1, 0xa2, 0xa2, 0x8d, 0xa6, 
    0xab, 0xa2, 0xb7, 0x8d, 0xb5, 0xb7, 0xa6, 0x8d, 0xbc, 0xb3, 0xbf, 0xb7, 
    0xf0, 0xfe, 0xf0, 0xa2, 0xbd, 0xbb, 0xbc, 0xa6, 0xb7, 0xa0, 0xf0, 0xfe, 
    0x89, 0xf0, 0xa2, 0xbd, 0xbb, 0xbc, 0xa6, 0xb7, 0xa0, 0xf0, 0x8f, 0xfb, 
    0xaf, 0xfe, 0xb5, 0xb7, 0xa6, 0xf2, 0xa6, 0xab, 0xa2, 0xb7, 0x95, 0xb7, 
    0xa6, 0x9d, 0xb0, 0xb8, 0xb7, 0xb1, 0xa6, 0xfa, 0xfb, 0xa9, 0xa0, 0xb7, 
    0xa6, 0xa7, 0xa0, 0xbc, 0xf2, 0xa6, 0xfa, 0xf0, 0xbb, 0xbe, 0xe0, 0xb1, 
    0xa2, 0xa2, 0x8d, 0xa6, 0xab, 0xa2, 0xb7, 0x8d, 0xb5, 0xb7, 0xa6, 0x8d, 
    0xbd, 0xb0, 0xb8, 0xb7, 0xb1, 0xa6, 0xf0, 0xfe, 0xf0, 0xa2, 0xbd, 0xbb, 
    0xbc, 0xa6, 0xb7, 0xa0, 0xf0, 0xfe, 0x89, 0xf0, 0xa2, 0xbd, 0xbb, 0xbc, 
    0xa6, 0xb7, 0xa0, 0xf0, 0x8f, 0xfb, 0xaf, 0xfe, 0xb5, 0xb7, 0xa6, 0xf2, 
    0xa6, 0xab, 0xa2, 0xb7, 0x95, 0xb7, 0xa6, 0x86, 0xab, 0xa2, 0xb7, 0x97, 
    0xbc, 0xa7, 0xbf, 0xfa, 0xfb, 0xa9, 0xa0, 0xb7, 0xa6, 0xa7, 0xa0, 0xbc, 
    0xf2, 0xa6, 0xfa, 0xf0, 0xbb, 0xbe, 0xe0, 0xb1, 0xa2, 0xa2, 0x8d, 0xa6, 
    0xab, 0xa2, 0xb7, 0x8d, 0xb5, 0xb7, 0xa6, 0x8d, 0xa6, 0xab, 0xa2, 0xb7, 
    0xf0, 0xfe, 0xf0, 0xbb, 0xbc, 0xa6, 0xf0, 0xfe, 0x89, 0xf0, 0xa2, 0xbd, 
    0xbb, 0xbc, 0xa6, 0xb7, 0xa0, 0xf0, 0x8f, 0xfb, 0xaf, 0xaf, 0xfe, 0xa5, 
    0xa6, 0xfa, 0xb7, 0xfc, 0xb7, 0xaa, 0xa2, 0xbd, 0xa0, 0xa6, 0xa1, 0xfe, 
    0xa7, 0xfb, 0xfe, 0xb8, 0xfa, 0xb7, 0xfe, 0xf0, 0xbf, 0xb7, 0xbf, 0xbd, 
    0xa0, 0xab, 0x81, 0xbc, 0xb3, 0xa2, 0xa1, 0xba, 0xbd, 0xa6, 0x97, 0xaa, 
    0xa2, 0xbd, 0xa0, 0xa6, 0xa1, 0xf0, 0xfe, 0xfa, 0xfb, 0xef, 0xec, 0xbc, 
    0xb7, 0xa5, 0xf2, 0x91, 0x9f, 0xbd, 0xb6, 0xa7, 0xbe, 0xb7, 0xfa, 0xb2, 
    0xf1, 0xbb, 0xbc, 0xb1, 0xbe, 0xa7, 0xb6, 0xb7, 0xf2, 0xee, 0xa1, 0xa6, 
    0xb6, 0xbb, 0xbc, 0xa6, 0xfc, 0xba, 0xec, 0xd8, 0xf1, 0xbb, 0xbc, 0xb1, 
    0xbe, 0xa7, 0xb6, 0xb7, 0xf2, 0xee, 0xa1, 0xa6, 0xa0, 0xbb, 0xbc, 0xb5, 
    0xfc, 0xba, 0xec, 0xd8, 0xd8, 0xa6, 0xab, 0xa2, 0xb7, 0xb6, 0xb7, 0xb4, 
    0xf2, 0xa1, 0xa6, 0xa0, 0xa7, 0xb1, 0xa6, 0xf2, 0x9b, 0xbe, 0xe0, 0x91, 
    0xa2, 0xa2, 0x9f, 0xb3, 0xbc, 0xb3, 0xb5, 0xb7, 0xb6, 0x9f, 0xb7, 0xbf, 
    0xbd, 0xa0, 0xab, 0x81, 0xbc, 0xb3, 0xa2, 0xa1, 0xba, 0xbd, 0xa6, 0xf2, 
    0x9b, 0xbe, 0xe0, 0x91, 0xa2, 0xa2, 0x9f, 0xb3, 0xbc, 0xb3, 0xb5, 0xb7, 
    0xb6, 0x9f, 0xb7, 0xbf, 0xbd, 0xa0, 0xab, 0x81, 0xbc, 0xb3, 0xa2, 0xa1, 
    0xba, 0xbd, 0xa6, 0xe9, 0xd8, 0xa6, 0xab, 0xa2, 0xb7, 0xb6, 0xb7, 0xb4, 
    0xf2, 0xa1, 0xa6, 0xa0, 0xa7, 0xb1, 0xa6, 0xf2, 0x9b, 0xbe, 0xe0, 0x91, 
    0xa2, 0xa2, 0x9f, 0xb7, 0xa6, 0xb3, 0xb6, 0xb3, 0xa6, 0xb3, 0x86, 0xab, 
    0xa2, 0xb7, 0xf2, 0x9b, 0xbe, 0xe0, 0x91, 0xa2, 0xa2, 0x9f, 0xb7, 0xa6, 
    0xb3, 0xb6, 0xb3, 0xa6, 0xb3, 0x86, 0xab, 0xa2, 0xb7, 0xe9, 0xd8, 0xd8, 
    0xa1, 0xa6, 0xa0, 0xa7, 0xb1, 0xa6, 0xf2, 0x9b, 0xbe, 0xe0, 0x91, 0xa2, 
    0xa2, 0x9f, 0xb3, 0xbc, 0xb3, 0xb5, 0xb7, 0xb6, 0x9f, 0xb7, 0xbf, 0xbd, 
    0xa0, 0xab, 0x81, 0xbc, 0xb3, 0xa2, 0xa1, 0xba, 0xbd, 0xa6, 0xd8, 0xa9, 
    0xd8, 0xf2, 0xf2, 0xa1, 0xa6, 0xa0, 0xa7, 0xb1, 0xa6, 0xf2, 0x9b, 0xbe, 
    0xe0, 0x91, 0xa2, 0xa2, 0x9f, 0xb3, 0xbc, 0xb3, 0xb5, 0xb7, 0xb6, 0x9a, 
    0xb7, 0xb3, 0xa2, 0xd8, 0xf2, 0xf2, 0xa9, 0xd8, 0xf2, 0xf2, 0xf2, 0xf2, 
    0xa7, 0xbb, 0xbc, 0xa6, 0xe1, 0xe0, 0x8d, 0xa6, 0xf2, 0xa1, 0xb7, 0xb1, 
    0xa6, 0xbb, 0xbd, 0xbc, 0x8d, 0xb1, 0xbd, 0xa7, 0xbc, 0xa6, 0xe9, 0xd8, 
    0xf2, 0xf2, 0xf2, 0xf2, 0xa4, 0xbd, 0xbb, 0xb6, 0xf2, 0xf8, 0xf2, 0xa1, 
    0xb7, 0xb1, 0xa6, 0xbb, 0xbd, 0xbc, 0xa1, 0xe9, 0xd8, 0xf2, 0xf2, 0xaf, 
    0xf2, 0xba, 0xb7, 0xb3, 0xa2, 0xe9, 0xd8, 0xf2, 0xf2, 0xa1, 0xa6, 0xa0, 
    0xa7, 0xb1, 0xa6, 0xf2, 0x9b, 0xbe, 0xe0, 0x91, 0xa2, 0xa2, 0x81, 0xa6, 
    0xb3, 0xb1, 0xb9, 0xa1, 0xd8, 0xf2, 0xf2, 0xa9, 0xd8, 0xf2, 0xf2, 0xf2, 
    0xf2, 0xa7, 0xbb, 0xbc, 0xa6, 0xe1, 0xe0, 0x8d, 0xa6, 0xf2, 0xa1, 0xa6, 
    0xb3, 0xb1, 0xb9, 0x8d, 0xb1, 0xbd, 0xa7, 0xbc, 0xa6, 0xe9, 0xd8, 0xf2, 
    0xf2, 0xf2, 0xf2, 0xa4, 0xbd, 0xbb, 0xb6, 0xf2, 0xf8, 0xf2, 0xa1, 0xa6, 
    0xb3, 0xb1, 0xb9, 0xa1, 0xe9, 0xd8, 0xf2, 0xf2, 0xaf, 0xf2, 0xa1, 0xa6, 
    0xb3, 0xb1, 0xb9, 0xa1, 0xe9, 0xd8, 0xf2, 0xf2, 0xa1, 0xa6, 0xa0, 0xa7, 
    0xb1, 0xa6, 0xf2, 0x9b, 0xbe, 0xe0, 0x91, 0xa2, 0xa2, 0x9f, 0xb7, 0xa6, 
    0xb3, 0xb6, 0xb3, 0xa6, 0xb3, 0x81, 0xbc, 0xb3, 0xa2, 0xa1, 0xba, 0xbd, 
    0xa6, 0xd8, 0xf2, 0xf2, 0xa9, 0xd8, 0xf2, 0xf2, 0xf2, 0xf2, 0xa7, 0xbb, 
    0xbc, 0xa6, 0xe1, 0xe0, 0x8d, 0xa6, 0xf2, 0xa6, 0xab, 0xa2, 0xb7, 0x8d, 
    0xb1, 0xbd, 0xa7, 0xbc, 0xa6, 0xe9, 0xd8, 0xf2, 0xf2, 0xf2, 0xf2, 0x9b, 
    0xbe, 0xe0, 0x91, 0xa2, 0xa2, 0x9f, 0xb7, 0xa6, 0xb3, 0xb6, 0xb3, 0xa6, 
    0xb3, 0x86, 0xab, 0xa2, 0xb7, 0xf2, 0xf8, 0xf2, 0xa6, 0xab, 0xa2, 0xb7, 
    0xa1, 0xe9, 0xd8, 0xf2, 0xf2, 0xaf, 0xf2, 0xbf, 0xb7, 0xa6, 0xb3, 0xb6, 
    0xb3, 0xa6, 0xb3, 0x8d, 0xa1, 0xbc, 0xb3, 0xa2, 0xa1, 0xba, 0xbd, 0xa6, 
    0xe9, 0xd8, 0xf2, 0xf2, 0xa1, 0xa6, 0xa0, 0xa7, 0xb1, 0xa6, 0xf2, 0x9b, 
    0xbe, 0xe0, 0x91, 0xa2, 0xa2, 0x95, 0x91, 0x9a, 0xb3, 0xbc, 0xb6, 0xbe, 
    0xb7, 0xa1, 0xd8, 0xf2, 0xf2, 0xa9, 0xd8, 0xf2, 0xf2, 0xf2, 0xf2, 0xa7, 
    0xbb, 0xbc, 0xa6, 0xe1, 0xe0, 0x8d, 0xa6, 0xf2, 0xa6, 0xa0, 0xb3, 0xb1, 
    0xb9, 0xb7, 0xb6, 0x8d, 0xbd, 0xb0, 0xb8, 0xb7, 0xb1, 0xa6, 0x8d, 0xb1, 
    0xbd, 0xa7, 0xbc, 0xa6, 0xe9, 0xd8, 0xf2, 0xf2, 0xf2, 0xf2, 0xa4, 0xbd, 
    0xbb, 0xb6, 0xf2, 0xf8, 0xf8, 0xf2, 0xa2, 0xbd, 0xbb, 0xbc, 0xa6, 0xb7, 
    0xa0, 0xa1, 0x8d, 0xa6, 0xbd, 0x8d, 0xbd, 0xb0, 0xb8, 0xb7, 0xb1, 0xa6, 
    0xa1, 0xe9, 0xd8, 0xf2, 0xf2, 0xaf, 0xf2, 0xb5, 0xb1, 0x8d, 0xba, 0xb3, 
    0xbc, 0xb6, 0xbe, 0xb7, 0xa1, 0xe9, 0xd8, 0xf2, 0xf2, 0xa1, 0xa6, 0xa0, 
    0xa7, 0xb1, 0xa6, 0xf2, 0x9b, 0xbe, 0xe0, 0x91, 0xa2, 0xa2, 0x80, 0xa7, 
    0xbc, 0xa6, 0xbb, 0xbf, 0xb7, 0x9b, 0xbc, 0xb4, 0xbd, 0xa0, 0xbf, 0xb3, 
    0xa6, 0xbb, 0xbd, 0xbc, 0xd8, 0xf2, 0xf2, 0xa9, 0xd8, 0xf2, 0xf2, 0xf2, 
    0xf2, 0xa7, 0xbb, 0xbc, 0xa6, 0xe1, 0xe0, 0x8d, 0xa6, 0xf2, 0xa2, 0xbd, 
    0xbb, 0xbc, 0xa6, 0xb7, 0xa0, 0x8d, 0xa1, 0xbb, 0xa8, 0xb7, 0xe9, 0xd8, 
    0xf2, 0xf2, 0xf2, 0xf2, 0xa7, 0xbb, 0xbc, 0xa6, 0xe1, 0xe0, 0x8d, 0xa6, 
    0xf2, 0xbd, 0xb0, 0xb8, 0xb7, 0xb1, 0xa6, 0x8d, 0xba, 0xb7, 0xb3, 0xb6, 
    0xb7, 0xa0, 0x8d, 0xa1, 0xbb, 0xa8, 0xb7, 0xe9, 0xd8, 0xf2, 0xf2, 0xf2, 
    0xf2, 0xa7, 0xbb, 0xbc, 0xa6, 0xe1, 0xe0, 0x8d, 0xa6, 0xf2, 0xb3, 0xa0, 
    0xa0, 0xb3, 0xab, 0x8d, 0xba, 0xb7, 0xb3, 0xb6, 0xb7, 0xa0, 0x8d, 0xa1, 
    0xbb, 0xa8, 0xb7, 0xe9, 0xd8, 0xf2, 0xf2, 0xf2, 0xf2, 0xa7, 0xbb, 0xbc, 
    0xa6, 0xe1, 0xe0, 0x8d, 0xa6, 0xf2, 0xb3, 0xa0, 0xa0, 0xb3, 0xab, 0x8d, 
    0xb0, 0xbd, 0xa7, 0xbc, 0xb6, 0xa1, 0x8d, 0xbd, 0xb4, 0xb4, 0xa1, 0xb7, 
    0xa6, 0x8d, 0xbb, 0xbc, 0x8d, 0xba, 0xb7, 0xb3, 0xb6, 0xb7, 0xa0, 0xe9, 
    0xd8, 0xf2, 0xf2, 0xf2, 0xf2, 0xa7, 0xbb, 0xbc, 0xa6, 0xe1, 0xe0, 0x8d, 
    0xa6, 0xf2, 0xb3, 0xa0, 0xa0, 0xb3, 0xab, 0x8d, 0xa1, 0xbb, 0xa8, 0xb7, 
    0x8d, 0xbd, 0xb4, 0xb4, 0xa1, 0xb7, 0xa6, 0x8d, 0xbb, 0xbc, 0x8d, 0xba, 
    0xb7, 0xb3, 0xb6, 0xb7, 0xa0, 0xe9, 0xd8, 0xf2, 0xf2, 0xf2, 0xf2, 0xa7, 
    0xbb, 0xbc, 0xa6, 0xe1, 0xe0, 0x8d, 0xa6, 0xf2, 0xb3, 0xbe, 0xbe, 0xbd, 
    0xb1, 0xb3, 0xa6, 0xbb, 0xbd, 0xbc, 0x8d, 0xb5, 0xa0, 0xb3, 0xbc, 0xa7, 
    0xbe, 0xb3, 0xa0, 0xbb, 0xa6, 0xab, 0xe9, 0xd8, 0xf2, 0xf2, 0xaf, 0xf2, 
    0xa0, 0xa7, 0xbc, 0xa6, 0xbb, 0xbf, 0xb7, 0x8d, 0xbb, 0xbc, 0xb4, 0xbd, 
    0xa0, 0xbf, 0xb3, 0xa6, 0xbb, 0xbd, 0xbc, 0xe9, 0xd8, 0xf2, 0xf2, 0xa4, 
    0xbd, 0xbb, 0xb6, 0xf2, 0xf8, 0xf2, 0xb3, 0xb6, 0xb6, 0xbb, 0xa6, 0xbb, 
    0xbd, 0xbc, 0xb3, 0xbe, 0x8d, 0xa7, 0xa1, 0xb7, 0xa0, 0x8d, 0xbb, 0xbc, 
    0xb4, 0xbd, 0xa0, 0xbf, 0xb3, 0xa6, 0xbb, 0xbd, 0xbc, 0xe9, 0xd8, 0xaf, 
    0xe9, 0xd8, 0xd8, 0xa1, 0xa6, 0xa0, 0xa7, 0xb1, 0xa6, 0xf2, 0x9b, 0xbe, 
    0xe0, 0x91, 0xa2, 0xa2, 0x9f, 0xb7, 0xa6, 0xb3, 0xb6, 0xb3, 0xa6, 0xb3, 
    0x86, 0xab, 0xa2, 0xb7, 0xd8, 0xa9, 0xd8, 0xf2, 0xf2, 0xa7, 0xbb, 0xbc, 
    0xa6, 0xe1, 0xe0, 0x8d, 0xa6, 0xf2, 0xb4, 0xbe, 0xb3, 0xb5, 0xa1, 0xe9, 
    0xd8, 0xf2, 0xf2, 0xa4, 0xbd, 0xbb, 0xb6, 0xf2, 0xf8, 0xf2, 0xb4, 0xbb, 
    0xb7, 0xbe, 0xb6, 0xa1, 0xe9, 0xd8, 0xf2, 0xf2, 0xa7, 0xbb, 0xbc, 0xa6, 
    0xe1, 0xe0, 0x8d, 0xa6, 0xf2, 0xb4, 0xbb, 0xb7, 0xbe, 0xb6, 0x8d, 0xb1, 
    0xbd, 0xa7, 0xbc, 0xa6, 0xe9, 0xd8, 0xf2, 0xf2, 0xa7, 0xbb, 0xbc, 0xa6, 
    0xe1, 0xe0, 0x8d, 0xa6, 0xf2, 0xa1, 0xa6, 0xb3, 0xa6, 0xbb, 0xb1, 0xa1, 
    0x8d, 0xa1, 0xbb, 0xa8, 0xb7, 0xe9, 0xd8, 0xf2, 0xf2, 0xa7, 0xbb, 0xbc, 
    0xa6, 0xea, 0x8d, 0xa6, 0xf2, 0xf8, 0xf2, 0xa1, 0xa6, 0xb3, 0xa6, 0xbb, 
    0xb1, 0xa1, 0xe9, 0xd8, 0xf2, 0xf2, 0xa7, 0xbb, 0xbc, 0xa6, 0xe1, 0xe0, 
    0x8d, 0xa6, 0xf2, 0xb0, 0xb3, 0xa1, 0xb7, 0x8d, 0xbd, 0xa0, 0x8d, 0xb7, 
    0xbe, 0xb7, 0xbf, 0xb7, 0xbc, 0xa6, 0x8d, 0xa6, 0xab, 0xa2, 0xb7, 0x8d, 
    0xbb, 0xbc, 0xb6, 0xb7, 0xaa, 0xe9, 0xd8, 0xf2, 0xf2, 0xb1, 0xba, 0xb3, 
    0xa0, 0xf2, 0xf8, 0xf2, 0xbc, 0xb3, 0xbf, 0xb7, 0xe9, 0xd8, 0xf2, 0xf2, 
    0xb1, 0xbd, 0xbc, 0xa1, 0xa6, 0xf2, 0xb1, 0xba, 0xb3, 0xa0, 0xf2, 0xf8, 
    0xf2, 0xb3, 0xa1, 0xa1, 0xb7, 0xbf, 0xb0, 0xbe, 0xab, 0x8d, 0xbc, 0xb3, 
    0xbf, 0xb7, 0xe9, 0xd8, 0xf2, 0xf2, 0xa7, 0xbb, 0xbc, 0xa6, 0xe4, 0xe6, 
    0x8d, 0xa6, 0xf2, 0xa6, 0xab, 0xa2, 0xb7, 0x8d, 0xbb, 0xbc, 0xb4, 0xbd, 
    0x8d, 0xb3, 0xb6, 0xb6, 0xa0, 0xb7, 0xa1, 0xa1, 0xe9, 0xd8, 0xf2, 0xf2, 
    0xa7, 0xbb, 0xbc, 0xa6, 0xe1, 0xe0, 0x8d, 0xa6, 0xf2, 0xa1, 0xbb, 0xa8, 
    0xb7, 0xe9, 0xd8, 0xaf, 0xe9, 0xd8, 0xd8, 0xa7, 0xbb, 0xbc, 0xa6, 0xa2, 
    0xa6, 0xa0, 0x8d, 0xa6, 0xd8, 0xbb, 0xbe, 0xe0, 0xb1, 0xa2, 0xa2, 0x8d, 
    0xbf, 0xb7, 0xbf, 0xbd, 0xa0, 0xab, 0x8d, 0xa1, 0xbc, 0xb3, 0xa2, 0xa1, 
    0xba, 0xbd, 0xa6, 0x8d, 0xb5, 0xb7, 0xa6, 0x8d, 0xb1, 0xbe, 0xb3, 0xa1, 
    0xa1, 0xb7, 0xa1, 0xf2, 0xfa, 0xd8, 0xf2, 0xf2, 0xf2, 0xf2, 0xb1, 0xbd, 
    0xbc, 0xa1, 0xa6, 0xf2, 0x9b, 0xbe, 0xe0, 0x91, 0xa2, 0xa2, 0x9f, 0xb3, 
    0xbc, 0xb3, 0xb5, 0xb7, 0xb6, 0x9f, 0xb7, 0xbf, 0xbd, 0xa0, 0xab, 0x81, 
    0xbc, 0xb3, 0xa2, 0xa1, 0xba, 0xbd, 0xa6, 0xf2, 0xf8, 0xf2, 0xa1, 0xbc, 
    0xb3, 0xa2, 0xa1, 0xba, 0xbd, 0xa6, 0xfe, 0xf2, 0x9b, 0xbe, 0xe0, 0x91, 
    0xa2, 0xa2, 0x9f, 0xb7, 0xa6, 0xb3, 0xb6, 0xb3, 0xa6, 0xb3, 0x86, 0xab, 
    0xa2, 0xb7, 0xf2, 0xf8, 0xf8, 0xf2, 0xbb, 0xa6, 0xb7, 0xa0, 0xfb, 0xd8, 
    0xa9, 0xd8, 0xf2, 0xf2, 0xb1, 0xbd, 0xbc, 0xa1, 0xa6, 0xf2, 0xbb, 0xbc, 
    0xa6, 0xf2, 0xa8, 0xb7, 0xa0, 0xbd, 0xf2, 0xef, 0xf2, 0xe2, 0xe9, 0xd8, 
    0xf2, 0xf2, 0xb1, 0xbd, 0xbc, 0xa1, 0xa6, 0xf2, 0xa4, 0xbd, 0xbb, 0xb6, 
    0xf2, 0xf8, 0xf2, 0xbc, 0xa7, 0xbe, 0xbe, 0xf2, 0xef, 0xf2, 0xe2, 0xe9, 
    0xd8, 0xd8, 0xf2, 0xf2, 0xbb, 0xb4, 0xf2, 0xfa, 0xbb, 0xa6, 0xb7, 0xa0, 
    0xf2, 0xf3, 0xef, 0xf2, 0x9c, 0x87, 0x9e, 0x9e, 0xf2, 0xf4, 0xf4, 0xf2, 
    0xa1, 0xbc, 0xb3, 0xa2, 0xa1, 0xba, 0xbd, 0xa6, 0xff, 0xec, 0xbf, 0xb7, 
    0xa6, 0xb3, 0xb6, 0xb3, 0xa6, 0xb3, 0x8d, 0xa1, 0xbc, 0xb3, 0xa2, 0xa1, 
    0xba, 0xbd, 0xa6, 0xfc, 0xa6, 0xab, 0xa2, 0xb7, 0x8d, 0xb1, 0xbd, 0xa7, 
    0xbc, 0xa6, 0xf2, 0xec, 0xf2, 0xa8, 0xb7, 0xa0, 0xbd, 0xfb, 0xd8, 0xf2, 
    0xf2, 0xa9, 0xd8, 0xf2, 0xf2, 0xf2, 0xf2, 0xbb, 0xb4, 0xf2, 0xfa, 0xf8, 
    0xbb, 0xa6, 0xb7, 0xa0, 0xf2, 0xef, 0xef, 0xf2, 0xbc, 0xa7, 0xbe, 0xbe, 
    0xfb, 0xd8, 0xf2, 0xf2, 0xf2, 0xf2, 0xa9, 0xd8, 0xf2, 0xf2, 0xf2, 0xf2, 
    0xf2, 0xf2, 0xf8, 0xbb, 0xa6, 0xb7, 0xa0, 0xf2, 0xef, 0xf2, 0xa1, 0xbc, 
    0xb3, 0xa2, 0xa1, 0xba, 0xbd, 0xa6, 0xff, 0xec, 0xbf, 0xb7, 0xa6, 0xb3, 
    0xb6, 0xb3, 0xa6, 0xb3, 0x8d, 0xa1, 0xbc, 0xb3, 0xa2, 0xa1, 0xba, 0xbd, 
    0xa6, 0xfc, 0xa6, 0xab, 0xa2, 0xb7, 0xa1, 0xe9, 0xd8, 0xf2, 0xf2, 0xf2, 
    0xf2, 0xf2, 0xf2, 0xa0, 0xb7, 0xa6, 0xa7, 0xa0, 0xbc, 0xf2, 0xfa, 0xa7, 
    0xbb, 0xbc, 0xa6, 0xa2, 0xa6, 0xa0, 0x8d, 0xa6, 0xfb, 0xf2, 0xfa, 0xf8, 
    0xbb, 0xa6, 0xb7, 0xa0, 0xfb, 0xff, 0xec, 0xa6, 0xab, 0xa2, 0xb7, 0x8d, 
    0xbb, 0xbc, 0xb4, 0xbd, 0x8d, 0xb3, 0xb6, 0xb6, 0xa0, 0xb7, 0xa1, 0xa1, 
    0xe9, 0xd8, 0xf2, 0xf2, 0xf2, 0xf2, 0xaf, 0xd8, 0xf2, 0xf2, 0xf2, 0xf2, 
    0xb7, 0xbe, 0xa1, 0xb7, 0xd8, 0xf2, 0xf2, 0xf2, 0xf2, 0xa9, 0xd8, 0xf2, 
    0xf2, 0xf2, 0xf2, 0xf2, 0xf2, 0x9b, 0xbe, 0xe0, 0x91, 0xa2, 0xa2, 0x9f, 
    0xb7, 0xa6, 0xb3, 0xb6, 0xb3, 0xa6, 0xb3, 0x86, 0xab, 0xa2, 0xb7, 0xf2, 
    0xf8, 0xf2, 0xbf, 0xb7, 0xa6, 0xb3, 0xb6, 0xb3, 0xa6, 0xb3, 0x8d, 0xa6, 
    0xab, 0xa2, 0xb7, 0xf2, 0xef, 0xf2, 0xf8, 0xbb, 0xa6, 0xb7, 0xa0, 0xf2, 
    0xf9, 0xf2, 0xe3, 0xe9, 0xd8, 0xd8, 0xf2, 0xf2, 0xf2, 0xf2, 0xf2, 0xf2, 
    0xbb, 0xb4, 0xf2, 0xfa, 0xbf, 0xb7, 0xa6, 0xb3, 0xb6, 0xb3, 0xa6, 0xb3, 
    0x8d, 0xa6, 0xab, 0xa2, 0xb7, 0xf2, 0xee, 0xf2, 0xa1, 0xbc, 0xb3, 0xa2, 
    0xa1, 0xba, 0xbd, 0xa6, 0xff, 0xec, 0xbf, 0xb7, 0xa6, 0xb3, 0xb6, 0xb3, 
    0xa6, 0xb3, 0x8d, 0xa1, 0xbc, 0xb3, 0xa2, 0xa1, 0xba, 0xbd, 0xa6, 0xfc, 
    0xa6, 0xab, 0xa2, 0xb7, 0xa1, 0xf2, 0xf9, 0xd8, 0xf2, 0xf2, 0xf2, 0xf2, 
    0xf2, 0xf2, 0xf2, 0xf2, 0xf2, 0xf2, 0xf2, 0xf2, 0xf2, 0xf2, 0xf2, 0xf2, 
    0xf2, 0xf2, 0xf2, 0xf2, 0xf2, 0xf2, 0xf2, 0xf2, 0xf2, 0xf2, 0xf2, 0xf2, 
    0xf2, 0xf2, 0xa1, 0xbc, 0xb3, 0xa2, 0xa1, 0xba, 0xbd, 0xa6, 0xff, 0xec, 
    0xbf, 0xb7, 0xa6, 0xb3, 0xb6, 0xb3, 0xa6, 0xb3, 0x8d, 0xa1, 0xbc, 0xb3, 
    0xa2, 0xa1, 0xba, 0xbd, 0xa6, 0xfc, 0xa6, 0xab, 0xa2, 0xb7, 0x8d, 0xb1, 
    0xbd, 0xa7, 0xbc, 0xa6, 0xfb, 0xd8, 0xf2, 0xf2, 0xf2, 0xf2, 0xf2, 0xf2, 
    0xa9, 0xd8, 0xf2, 0xf2, 0xf2, 0xf2, 0xf2, 0xf2, 0xf2, 0xf2, 0xf8, 0xbb, 
    0xa6, 0xb7, 0xa0, 0xf2, 0xef, 0xf2, 0xbf, 0xb7, 0xa6, 0xb3, 0xb6, 0xb3, 
    0xa6, 0xb3, 0x8d, 0xa6, 0xab, 0xa2, 0xb7, 0xe9, 0xd8, 0xf2, 0xf2, 0xf2, 
    0xf2, 0xf2, 0xf2, 0xf2, 0xf2, 0xa0, 0xb7, 0xa6, 0xa7, 0xa0, 0xbc, 0xf2, 
    0xfa, 0xa7, 0xbb, 0xbc, 0xa6, 0xa2, 0xa6, 0xa0, 0x8d, 0xa6, 0xfb, 0xf2, 
    0xfa, 0xf8, 0xbb, 0xa6, 0xb7, 0xa0, 0xfb, 0xff, 0xec, 0xa6, 0xab, 0xa2, 
    0xb7, 0x8d, 0xbb, 0xbc, 0xb4, 0xbd, 0x8d, 0xb3, 0xb6, 0xb6, 0xa0, 0xb7, 
    0xa1, 0xa1, 0xe9, 0xd8, 0xf2, 0xf2, 0xf2, 0xf2, 0xf2, 0xf2, 0xaf, 0xd8, 
    0xf2, 0xf2, 0xf2, 0xf2, 0xaf, 0xd8, 0xf2, 0xf2, 0xaf, 0xd8, 0xf2, 0xf2, 
    0xa0, 0xb7, 0xa6, 0xa7, 0xa0, 0xbc, 0xf2, 0xe2, 0xe9, 0xd8, 0xaf, 0xd8, 
    0xd8, 0xa4, 0xbd, 0xbb, 0xb6, 0xf2, 0xf8, 0xf8, 0xd8, 0xbb, 0xbe, 0xe0, 
    0xb1, 0xa2, 0xa2, 0x8d, 0xbf, 0xb7, 0xbf, 0xbd, 0xa0, 0xab, 0x8d, 0xa1, 
    0xbc, 0xb3, 0xa2, 0xa1, 0xba, 0xbd, 0xa6, 0x8d, 0xb5, 0xb7, 0xa6, 0x8d, 
    0xbd, 0xb0, 0xb8, 0xb7, 0xb1, 0xa6, 0xa1, 0xf2, 0xfa, 0xd8, 0xf2, 0xf2, 
    0xf2, 0xf2, 0xb1, 0xbd, 0xbc, 0xa1, 0xa6, 0xf2, 0x9b, 0xbe, 0xe0, 0x91, 
    0xa2, 0xa2, 0x9f, 0xb3, 0xbc, 0xb3, 0xb5, 0xb7, 0xb6, 0x9f, 0xb7, 0xbf, 
    0xbd, 0xa0, 0xab, 0x81, 0xbc, 0xb3, 0xa2, 0xa1, 0xba, 0xbd, 0xa6, 0xf2, 
    0xf8, 0xf2, 0xa1, 0xbc, 0xb3, 0xa2, 0xa1, 0xba, 0xbd, 0xa6, 0xfe, 0xf2, 
    0xa7, 0xbb, 0xbc, 0xa6, 0xe1, 0xe0, 0x8d, 0xa6, 0xf2, 0xf8, 0xf2, 0xa1, 
    0xbb, 0xa8, 0xb7, 0xfb, 0xd8, 0xa9, 0xd8, 0xf2, 0xf2, 0xf8, 0xa1, 0xbb, 
    0xa8, 0xb7, 0xf2, 0xef, 0xf2, 0xa1, 0xbc, 0xb3, 0xa2, 0xa1, 0xba, 0xbd, 
    0xa6, 0xff, 0xec, 0xb5, 0xb1, 0x8d, 0xba, 0xb3, 0xbc, 0xb6, 0xbe, 0xb7, 
    0xa1, 0xfc, 0xa6, 0xa0, 0xb3, 0xb1, 0xb9, 0xb7, 0xb6, 0x8d, 0xbd, 0xb0, 
    0xb8, 0xb7, 0xb1, 0xa6, 0x8d, 0xb1, 0xbd, 0xa7, 0xbc, 0xa6, 0xe9, 0xd8, 
    0xf2, 0xf2, 0xa0, 0xb7, 0xa6, 0xa7, 0xa0, 0xbc, 0xf2, 0xa1, 0xbc, 0xb3, 
    0xa2, 0xa1, 0xba, 0xbd, 0xa6, 0xff, 0xec, 0xb5, 0xb1, 0x8d, 0xba, 0xb3, 
    0xbc, 0xb6, 0xbe, 0xb7, 0xa1, 0xfc, 0xa2, 0xbd, 0xbb, 0xbc, 0xa6, 0xb7, 
    0xa0, 0xa1, 0x8d, 0xa6, 0xbd, 0x8d, 0xbd, 0xb0, 0xb8, 0xb7, 0xb1, 0xa6, 
    0xa1, 0xe9, 0xd8, 0xaf, 0xd8, 0xb2, 0xfb, 0xfe, 0xa7, 0xfb, 0xe9, 0xb4, 
    0xa7, 0xbc, 0xb1, 0xa6, 0xbb, 0xbd, 0xbc, 0xf2, 0xa6, 0xfa, 0xbd, 0xfe, 
    0xbc, 0xfe, 0xa0, 0xfb, 0xa9, 0xbe, 0xb7, 0xa6, 0xf2, 0xa1, 0xef, 0xb7, 
    0xfc, 0xf6, 0xb1, 0xbd, 0xbc, 0xb4, 0xbb, 0xb5, 0xfc, 0xb7, 0xaa, 0xa2, 
    0xbd, 0xa0, 0xa6, 0xa1, 0xed, 0xfc, 0x89, 0xbd, 0x8f, 0xed, 0xfc, 0xfa, 
    0xfb, 0xed, 0xed, 0xb7, 0xfc, 0xbf, 0xbd, 0xb6, 0xa7, 0xbe, 0xb7, 0xfc, 
    0xb4, 0xbb, 0xbc, 0xb6, 0x97, 0xaa, 0xa2, 0xbd, 0xa0, 0xa6, 0x90, 0xab, 
    0x9c, 0xb3, 0xbf, 0xb7, 0xfa, 0xbd, 0xfb, 0xed, 0xed, 0xb7, 0xfc, 0xbf, 
    0xb7, 0xbf, 0xbd, 0xa0, 0xab, 0x81, 0xbc, 0xb3, 0xa2, 0xa1, 0xba, 0xbd, 
    0xa6, 0x97, 0xaa, 0xa2, 0xbd, 0xa0, 0xa6, 0xa1, 0x89, 0xbd, 0x8f, 0xfe, 
    0xb3, 0xef, 0xbc, 0xb7, 0xa5, 0xf2, 0x9c, 0xb3, 0xa6, 0xbb, 0xa4, 0xb7, 
    0x94, 0xa7, 0xbc, 0xb1, 0xa6, 0xbb, 0xbd, 0xbc, 0xfa, 0xa1, 0xed, 0xed, 
    0x9c, 0x87, 0x9e, 0x9e, 0xfe, 0xbc, 0xfe, 0xa0, 0xfb, 0xe9, 0xa0, 0xb7, 
    0xa6, 0xa7, 0xa0, 0xbc, 0xf2, 0xb3, 0xfc, 0xbb, 0xa1, 0x9c, 0xa7, 0xbe, 
    0xbe, 0xfa, 0xfb, 0xed, 0xbc, 0xb7, 0xa5, 0xf2, 0x82, 0xa0, 0xbd, 0xaa, 
    0xab, 0xfa, 0xb3, 0xfe, 0xa9, 0xb5, 0xb7, 0xa6, 0xfa, 0xbb, 0xfe, 0xb1, 
    0xfb, 0xa9, 0xbe, 0xb7, 0xa6, 0xf2, 0xbe, 0xef, 0xbb, 0x89, 0xb1, 0x8f, 
    0xe9, 0xa0, 0xb7, 0xa6, 0xa7, 0xa0, 0xbc, 0xf2, 0xa6, 0xab, 0xa2, 0xb7, 
    0xbd, 0xb4, 0xf2, 0xbe, 0xef, 0xef, 0xf0, 0xb4, 0xa7, 0xbc, 0xb1, 0xa6, 
    0xbb, 0xbd, 0xbc, 0xf0, 0xed, 0xbe, 0xfc, 0xb0, 0xbb, 0xbc, 0xb6, 0xfa, 
    0xbb, 0xfb, 0xe8, 0xbe, 0xaf, 0xfe, 0xb3, 0xa2, 0xa2, 0xbe, 0xab, 0xfa, 
    0xfb, 0xa9, 0xa1, 0xef, 0xef, 0xbc, 0xa7, 0xbe, 0xbe, 0xed, 0x8d, 0xfa, 
    0xb2, 0xb1, 0xbd, 0xa7, 0xbe, 0xb6, 0xbc, 0xf5, 0xa6, 0xf2, 0xa0, 0xb7, 
    0xa1, 0xbd, 0xbe, 0xa4, 0xb7, 0xf2, 0xb7, 0xaa, 0xa2, 0xbd, 0xa0, 0xa6, 
    0xf2, 0xf6, 0xa9, 0xbd, 0xaf, 0xb2, 0xfb, 0xe8, 0xa1, 0xfc, 0xbb, 0xa1, 
    0x9c, 0xa7, 0xbe, 0xbe, 0xfa, 0xfb, 0xf4, 0xf4, 0x8d, 0xfa, 0xb2, 0xb7, 
    0xaa, 0xa2, 0xbd, 0xa0, 0xa6, 0xf2, 0xf6, 0xa9, 0xbd, 0xaf, 0xf2, 0xa2, 
    0xbd, 0xbb, 0xbc, 0xa6, 0xa1, 0xf2, 0xa6, 0xbd, 0xf2, 0x9c, 0x87, 0x9e, 
    0x9e, 0xf2, 0x9b, 0x9e, 0xe0, 0x91, 0x82, 0x82, 0xf2, 0xbe, 0xbb, 0xb0, 
    0xa0, 0xb3, 0xa0, 0xab, 0xf2, 0xba, 0xb3, 0xa1, 0xf2, 0xbe, 0xbb, 0xb9, 
    0xb7, 0xbe, 0xab, 0xf2, 0xb0, 0xb7, 0xb7, 0xbc, 0xf2, 0xa1, 0xa6, 0xa0, 
    0xbb, 0xa2, 0xa2, 0xb7, 0xb6, 0xfe, 0xf2, 0xbd, 0xb0, 0xb4, 0xa7, 0xa1, 
    0xb1, 0xb3, 0xa6, 0xb7, 0xb6, 0xfe, 0xf2, 0xbd, 0xa0, 0xf2, 0xb1, 0xa7, 
    0xa1, 0xa6, 0xbd, 0xbf, 0xbb, 0xa8, 0xb7, 0xb6, 0xb2, 0xfb, 0xaf, 0xaf, 
    0xfb, 0xe8, 0xb3, 0xaf, 0xaf, 0xfb, 0xfa, 0xbf, 0xae, 0xae, 0xfa, 0xbf, 
    0xef, 0xa9, 0xaf, 0xfb, 0xfb, 0xe9, 0xa4, 0xb3, 0xa0, 0xf2, 0xbf, 0xe9, 
    0xfa, 0xb4, 0xa7, 0xbc, 0xb1, 0xa6, 0xbb, 0xbd, 0xbc, 0xfa, 0xb7, 0xfb, 
    0xa9, 0xb4, 0xa7, 0xbc, 0xb1, 0xa6, 0xbb, 0xbd, 0xbc, 0xf2, 0xa6, 0xfa, 
    0xbc, 0xfb, 0xa9, 0xa0, 0xb7, 0xa6, 0xa7, 0xa0, 0xbc, 0xf2, 0xa0, 0xef, 
    0xec, 0xa0, 0xf2, 0xbb, 0xbc, 0xa1, 0xa6, 0xb3, 0xbc, 0xb1, 0xb7, 0xbd, 
    0xb4, 0xf2, 0xb7, 0xfc, 0x91, 0xbe, 0xb3, 0xa1, 0xa1, 0xed, 0xbc, 0xfc, 
    0xbb, 0xa1, 0x93, 0xa1, 0xa1, 0xbb, 0xb5, 0xbc, 0xb3, 0xb0, 0xbe, 0xb7, 
    0x94, 0xa0, 0xbd, 0xbf, 0xfa, 0xa0, 0xfb, 0xe8, 0xbc, 0xfc, 0xbb, 0xa1, 
    0x93, 0xa1, 0xa1, 0xbb, 0xb5, 0xbc, 0xb3, 0xb0, 0xbe, 0xb7, 0x94, 0xa0, 
    0xbd, 0xbf, 0xfa, 0xa0, 0xfc, 0xb1, 0xbe, 0xb3, 0xa1, 0xa1, 0xfb, 0xaf, 
    0xb7, 0xfc, 0xbb, 0xa1, 0xef, 0xa6, 0xe9, 0xb4, 0xa7, 0xbc, 0xb1, 0xa6, 
    0xbb, 0xbd, 0xbc, 0xf2, 0xbd, 0xfa, 0xbc, 0xfb, 0xa9, 0xa0, 0xb7, 0xa6, 
    0xa7, 0xa0, 0xbc, 0xf2, 0xa0, 0xef, 0xec, 0xa0, 0xf2, 0xbb, 0xbc, 0xa1, 
    0xa6, 0xb3, 0xbc, 0xb1, 0xb7, 0xbd, 0xb4, 0xf2, 0xb7, 0xfc, 0x91, 0xbe, 
    0xb3, 0xa1, 0xa1, 0xed, 0xa0, 0xfc, 0xb7, 0xa3, 0xa7, 0xb3, 0xbe, 0xa1, 
    0xfa, 0xbc, 0xfb, 0xe8, 0xa0, 0xfc, 0xb1, 0xbe, 0xb3, 0xa1, 0xa1, 0xfc, 
    0xb7, 0xa3, 0xa7, 0xb3, 0xbe, 0xa1, 0xfa, 0xbc, 0xfb, 0xaf, 0xb7, 0xfc, 
    0xbb, 0xa1, 0x97, 0xaa, 0xb3, 0xb1, 0xa6, 0xbe, 0xab, 0xef, 0xbd, 0xaf, 
    0xfb, 0xfa, 0xbf, 0xae, 0xae, 0xfa, 0xbf, 0xef, 0xa9, 0xaf, 0xfb, 0xfb, 
    0xe9, 0xa4, 0xb3, 0xa0, 0xf2, 0xbf, 0xe9, 0xfa, 0xb4, 0xa7, 0xbc, 0xb1, 
    0xa6, 0xbb, 0xbd, 0xbc, 0xfa, 0xb7, 0xfb, 0xa9, 0xb7, 0xfc, 0xb5, 0xb1, 
    0xef, 0xa9, 0xb5, 0xb7, 0xa6, 0xf2, 0xba, 0xb7, 0xb3, 0xa2, 0x81, 0xbb, 
    0xa8, 0xb7, 0xfa, 0xfb, 0xa9, 0xa0, 0xb7, 0xa6, 0xa7, 0xa0, 0xbc, 0xf2, 
    0xb7, 0xfc, 0xb7, 0xaa, 0xa2, 0xbd, 0xa0, 0xa6, 0xa1, 0xfc, 0xb5, 0xb1, 
    0x95, 0xb7, 0xa6, 0x9a, 0xb7, 0xb3, 0xa2, 0x81, 0xbb, 0xa8, 0xb7, 0xfa, 
    0xfb, 0xaf, 0xfe, 0xb5, 0xb7, 0xa6, 0xf2, 0xbb, 0xa1, 0x97, 0xbc, 0xb3, 
    0xb0, 0xbe, 0xb7, 0xb6, 0xfa, 0xfb, 0xa9, 0xa0, 0xb7, 0xa6, 0xa7, 0xa0, 
    0xbc, 0xf3, 0xb7, 0xfc, 0xb7, 0xaa, 0xa2, 0xbd, 0xa0, 0xa6, 0xa1, 0xfc, 
    0xb5, 0xb1, 0x9b, 0xa1, 0x96, 0xbb, 0xa1, 0xb3, 0xb0, 0xbe, 0xb7, 0xb6, 
    0xfa, 0xfb, 0xaf, 0xfe, 0xb5, 0xb7, 0xa6, 0xf2, 0xbb, 0xa1, 0x9b, 0xbc, 
    0xb1, 0xa0, 0xb7, 0xbf, 0xb7, 0xbc, 0xa6, 0xb3, 0xbe, 0xfa, 0xfb, 0xa9, 
    0xa0, 0xb7, 0xa6, 0xa7, 0xa0, 0xbc, 0xf3, 0xf3, 0xb7, 0xfc, 0xb7, 0xaa, 
    0xa2, 0xbd, 0xa0, 0xa6, 0xa1, 0xfc, 0xb5, 0xb1, 0x9b, 0xa1, 0x9b, 0xbc, 
    0xb1, 0xa0, 0xb7, 0xbf, 0xb7, 0xbc, 0xa6, 0xb3, 0xbe, 0xfa, 0xfb, 0xaf, 
    0xfe, 0xb5, 0xb7, 0xa6, 0xf2, 0xbf, 0xb3, 0xaa, 0x86, 0xbb, 0xbf, 0xb7, 
    0x81, 0xbe, 0xbb, 0xb1, 0xb7, 0xfa, 0xfb, 0xa9, 0xa0, 0xb7, 0xa6, 0xa7, 
    0xa0, 0xbc, 0xf2, 0xb7, 0xfc, 0xb7, 0xaa, 0xa2, 0xbd, 0xa0, 0xa6, 0xa1, 
    0xfc, 0xb5, 0xb1, 0x95, 0xb7, 0xa6, 0x9f, 0xb3, 0xaa, 0x86, 0xbb, 0xbf, 
    0xb7, 0x81, 0xbe, 0xbb, 0xb1, 0xb7, 0xfa, 0xfb, 0xaf, 0xfe, 0xb5, 0xb7, 
    0xa6, 0xf2, 0xa7, 0xa1, 0xb7, 0xb6, 0x9a, 0xb7, 0xb3, 0xa2, 0x81, 0xbb, 
    0xa8, 0xb7, 0xfa, 0xfb, 0xa9, 0xa0, 0xb7, 0xa6, 0xa7, 0xa0, 0xbc, 0xf2, 
    0xb7, 0xfc, 0xb7, 0xaa, 0xa2, 0xbd, 0xa0, 0xa6, 0xa1, 0xfc, 0xb5, 0xb1, 
    0x95, 0xb7, 0xa6, 0x87, 0xa1, 0xb7, 0xb6, 0x81, 0xbb, 0xa8, 0xb7, 0xfa, 
    0xfb, 0xaf, 0xfe, 0xa1, 0xb7, 0xa6, 0xf2, 0xbb, 0xa1, 0x97, 0xbc, 0xb3, 
    0xb0, 0xbe, 0xb7, 0xb6, 0xfa, 0xa6, 0xfb, 0xa9, 0xa6, 0xed, 0xb7, 0xfc, 
    0xb7, 0xaa, 0xa2, 0xbd, 0xa0, 0xa6, 0xa1, 0xfc, 0xb5, 0xb1, 0x97, 0xbc, 
    0xb3, 0xb0, 0xbe, 0xb7, 0xfa, 0xfb, 0xe8, 0xb7, 0xfc, 0xb7, 0xaa, 0xa2, 
    0xbd, 0xa0, 0xa6, 0xa1, 0xfc, 0xb5, 0xb1, 0x96, 0xbb, 0xa1, 0xb3, 0xb0, 
    0xbe, 0xb7, 0xfa, 0xfb, 0xaf, 0xfe, 0xa1, 0xb7, 0xa6, 0xf2, 0xbf, 0xb3, 
    0xaa, 0x86, 0xbb, 0xbf, 0xb7, 0x81, 0xbe, 0xbb, 0xb1, 0xb7, 0xfa, 0xa6, 
    0xfb, 0xa9, 0xb7, 0xfc, 0xb7, 0xaa, 0xa2, 0xbd, 0xa0, 0xa6, 0xa1, 0xfc, 
    0xb5, 0xb1, 0x81, 0xb7, 0xa6, 0x9f, 0xb3, 0xaa, 0x86, 0xbb, 0xbf, 0xb7, 
    0x81, 0xbe, 0xbb, 0xb1, 0xb7, 0xfa, 0xa6, 0xfb, 0xaf, 0xfe, 0xb1, 0xba, 
    0xbd, 0xbd, 0xa1, 0xb7, 0xfa, 0xa6, 0xfb, 0xa9, 0xbe, 0xb7, 0xa6, 0xf2, 
    0xbd, 0xef, 0x89, 0x8f, 0xfe, 0xbc, 0xef, 0xfa, 0xa1, 0xfe, 0xb3, 0xfb, 
    0xef, 0xec, 0xa9, 0xb4, 0xbd, 0xa0, 0xfa, 0xbe, 0xb7, 0xa6, 0xf2, 0xbb, 
    0xef, 0xe2, 0xe9, 0xbb, 0xee, 0xb3, 0xe9, 0xbb, 0xf9, 0xf9, 0xfb, 0xbd, 
    0xfc, 0xa2, 0xa7, 0xa1, 0xba, 0xfa, 0xbc, 0xb7, 0xa5, 0xf2, 0xb7, 0xfc, 
    0x9d, 0xb0, 0xb8, 0xb7, 0xb1, 0xa6, 0xfa, 0xa1, 0xfc, 0xb3, 0xb6, 0xb6, 
    0xfa, 0xbb, 0xf8, 0x82, 0xa0, 0xbd, 0xb1, 0xb7, 0xa1, 0xa1, 0xfc, 0xa2, 
    0xbd, 0xbb, 0xbc, 0xa6, 0xb7, 0xa0, 0x81, 0xbb, 0xa8, 0xb7, 0xfb, 0xfc, 
    0xa0, 0xb7, 0xb3, 0xb6, 0x82, 0xbd, 0xbb, 0xbc, 0xa6, 0xb7, 0xa0, 0xfa, 
    0xfb, 0xfb, 0xfb, 0xaf, 0xfe, 0xa0, 0xef, 0xbc, 0xb7, 0xa5, 0xf2, 0x9c, 
    0xb3, 0xa6, 0xbb, 0xa4, 0xb7, 0x91, 0xb3, 0xbe, 0xbe, 0xb0, 0xb3, 0xb1, 
    0xb9, 0xfa, 0xbc, 0xfe, 0xf0, 0xa4, 0xbd, 0xbb, 0xb6, 0xf0, 0xfe, 0x89, 
    0xf0, 0xa2, 0xbd, 0xbb, 0xbc, 0xa6, 0xb7, 0xa0, 0xf0, 0xfe, 0xf0, 0xbb, 
    0xbc, 0xa6, 0xf0, 0xfe, 0xf0, 0xa2, 0xbd, 0xbb, 0xbc, 0xa6, 0xb7, 0xa0, 
    0xf0, 0x8f, 0xfb, 0xe9, 0xbb, 0xb4, 0xfa, 0xb7, 0xfc, 0xa7, 0xbc, 0xbb, 
    0xa6, 0xab, 0x84, 0xb7, 0xa0, 0xa1, 0xbb, 0xbd, 0xbc, 0x9b, 0xa1, 0x90, 
    0xb7, 0xbe, 0xbd, 0xa5, 0xe0, 0xe2, 0xe0, 0xe3, 0xe0, 0xe2, 0xfb, 0xa9, 
    0xbe, 0xb7, 0xa6, 0xf2, 0xa1, 0xef, 0xbc, 0xb7, 0xa5, 0xf2, 0x9c, 0xb3, 
    0xa6, 0xbb, 0xa4, 0xb7, 0x91, 0xb3, 0xbe, 0xbe, 0xb0, 0xb3, 0xb1, 0xb9, 
    0xfa, 0xfa, 0xfb, 0xef, 0xec, 0xa9, 0xaf, 0xfe, 0xf0, 0xa4, 0xbd, 0xbb, 
    0xb6, 0xf0, 0xfe, 0x89, 0x8f, 0xfb, 0xfe, 0xb3, 0xef, 0xb7, 0xfc, 0xb7, 
    0xaa, 0xa2, 0xbd, 0xa0, 0xa6, 0xa1, 0xfc, 0xbe, 0xbb, 0xa4, 0xb7, 0xbc, 
    0xb7, 0xa1, 0xa1, 0x91, 0xb3, 0xbe, 0xb1, 0xa7, 0xbe, 0xb3, 0xa6, 0xbb, 
    0xbd, 0xbc, 0x90, 0xb7, 0xb5, 0xbb, 0xbc, 0xfa, 0xa6, 0xfe, 0xe2, 0xfe, 
    0xa0, 0xfe, 0x9c, 0x87, 0x9e, 0x9e, 0xfe, 0xa1, 0xfe, 0xa1, 0xfb, 0xe9, 
    0xb7, 0xfc, 0xb7, 0xaa, 0xa2, 0xbd, 0xa0, 0xa6, 0xa1, 0xfc, 0xbe, 0xbb, 
    0xa4, 0xb7, 0xbc, 0xb7, 0xa1, 0xa1, 0x91, 0xb3, 0xbe, 0xb1, 0xa7, 0xbe, 
    0xb3, 0xa6, 0xbb, 0xbd, 0xbc, 0x94, 0xa0, 0xbd, 0xbf, 0x81, 0xa6, 0xb3, 
    0xa6, 0xbb, 0xb1, 0xa1, 0xfa, 0xb3, 0xfb, 0xfe, 0xb7, 0xfc, 0xb7, 0xaa, 
    0xa2, 0xbd, 0xa0, 0xa6, 0xa1, 0xfc, 0xbe, 0xbb, 0xa4, 0xb7, 0xbc, 0xb7, 
    0xa1, 0xa1, 0x91, 0xb3, 0xbe, 0xb1, 0xa7, 0xbe, 0xb3, 0xa6, 0xbb, 0xbd, 
    0xbc, 0x97, 0xbc, 0xb6, 0xfa, 0xb3, 0xfb, 0xaf, 0xb7, 0xbe, 0xa1, 0xb7, 
    0xa9, 0xbe, 0xb7, 0xa6, 0xf2, 0xa1, 0xef, 0xfa, 0xb1, 0xfe, 0xbe, 0xfb, 
    0xef, 0xec, 0xf3, 0xb1, 0xfc, 0xbb, 0xa1, 0x9c, 0xa7, 0xbe, 0xbe, 0xfa, 
    0xfb, 0xf4, 0xf4, 0xbe, 0xfc, 0xb1, 0xbd, 0xbf, 0xa2, 0xb3, 0xa0, 0xb7, 
    0xfa, 0xe2, 0xfb, 0xef, 0xef, 0xe2, 0xed, 0xfa, 0xb7, 0xfc, 0xb4, 0xa0, 
    0xb7, 0xb7, 0xfa, 0xb1, 0xfb, 0xfe, 0x9c, 0x87, 0x9e, 0x9e, 0xfb, 0xe8, 
    0xb7, 0xfc, 0xb3, 0xbe, 0xbe, 0xbd, 0xb1, 0xfa, 0xbe, 0xfb, 0xfe, 0xb3, 
    0xef, 0xbc, 0xb7, 0xa5, 0xf2, 0x9c, 0xb3, 0xa6, 0xbb, 0xa4, 0xb7, 0x91, 
    0xb3, 0xbe, 0xbe, 0xb0, 0xb3, 0xb1, 0xb9, 0xfa, 0xa1, 0xfe, 0xf0, 0xa2, 
    0xbd, 0xbb, 0xbc, 0xa6, 0xb7, 0xa0, 0xf0, 0xfe, 0x89, 0xf0, 0xa2, 0xbd, 
    0xbb, 0xbc, 0xa6, 0xb7, 0xa0, 0xf0, 0xfe, 0xf0, 0xa1, 0xbb, 0xa8, 0xb7, 
    0x8d, 0xa6, 0xf0, 0xfe, 0xf0, 0xa2, 0xbd, 0xbb, 0xbc, 0xa6, 0xb7, 0xa0, 
    0xf0, 0x8f, 0xfb, 0xe9, 0xa6, 0xba, 0xbb, 0xa1, 0xfc, 0xa1, 0xa6, 0xbd, 
    0xa2, 0x85, 0xbd, 0xa0, 0xbe, 0xb6, 0xfa, 0xfb, 0xe9, 0xbe, 0xb7, 0xa6, 
    0xf2, 0xbb, 0xef, 0xb7, 0xfc, 0xb7, 0xaa, 0xa2, 0xbd, 0xa0, 0xa6, 0xa1, 
    0xfc, 0xbe, 0xbb, 0xa4, 0xb7, 0xbc, 0xb7, 0xa1, 0xa1, 0x93, 0xbe, 0xbe, 
    0xbd, 0xb1, 0xb3, 0xa6, 0xb7, 0x81, 0xa6, 0xa0, 0xa7, 0xb1, 0xa6, 0xfa, 
    0xa6, 0xfe, 0xe2, 0xfe, 0xa0, 0xfe, 0x9c, 0x87, 0x9e, 0x9e, 0xfe, 0xb3, 
    0xfb, 0xe9, 0xb7, 0xfc, 0xb7, 0xaa, 0xa2, 0xbd, 0xa0, 0xa6, 0xa1, 0xfc, 
    0xbe, 0xbb, 0xa4, 0xb7, 0xbc, 0xb7, 0xa1, 0xa1, 0x91, 0xb3, 0xbe, 0xb1, 
    0xa7, 0xbe, 0xb3, 0xa6, 0xbb, 0xbd, 0xbc, 0x94, 0xa0, 0xbd, 0xbf, 0x81, 
    0xa6, 0xb3, 0xa6, 0xbb, 0xb1, 0xa1, 0xfa, 0xbb, 0xfb, 0xfe, 0xb7, 0xfc, 
    0xb7, 0xaa, 0xa2, 0xbd, 0xa0, 0xa6, 0xa1, 0xfc, 0xbe, 0xbb, 0xa4, 0xb7, 
    0xbc, 0xb7, 0xa1, 0xa1, 0x94, 0xbb, 0xbc, 0xb3, 0xbe, 0xbb, 0xa8, 0xb7, 
    0xfa, 0xbb, 0xfb, 0xfe, 0xa6, 0xba, 0xbb, 0xa1, 0xfc, 0xa1, 0xa6, 0xb3, 
    0xa0, 0xa6, 0x85, 0xbd, 0xa0, 0xbe, 0xb6, 0xfa, 0xfb, 0xfe, 0xb7, 0xfc, 
    0xb7, 0xaa, 0xa2, 0xbd, 0xa0, 0xa6, 0xa1, 0xfc, 0xbe, 0xbb, 0xa4, 0xb7, 
    0xbc, 0xb7, 0xa1, 0xa1, 0x94, 0xa0, 0xb7, 0xb7, 0x81, 0xa6, 0xa0, 0xa7, 
    0xb1, 0xa6, 0xfa, 0xbb, 0xfb, 0xaf, 0xa0, 0xb7, 0xa6, 0xa7, 0xa0, 0xbc, 
    0xf2, 0xbd, 0xaf, 0xfe, 0xb1, 0xbd, 0xbe, 0xbe, 0xb7, 0xb1, 0xa6, 0xfa, 
    0xa6, 0xfb, 0xa9, 0xb7, 0xfc, 0xb7, 0xaa, 0xa2, 0xbd, 0xa0, 0xa6, 0xa1, 
    0xfc, 0xb5, 0xb1, 0x91, 0xbd, 0xbe, 0xbe, 0xb7, 0xb1, 0xa6, 0xfa, 0xa6, 
    0xee, 0xe2, 0xed, 0xe2, 0xe8, 0xa6, 0xec, 0xe0, 0xed, 0xe0, 0xe8, 0xa6, 
    0xfb, 0xaf, 0xfe, 0xb1, 0xbd, 0xbe, 0xbe, 0xb7, 0xb1, 0xa6, 0x93, 0x9e, 
    0xbb, 0xa6, 0xa6, 0xbe, 0xb7, 0xfa, 0xfb, 0xa9, 0xb7, 0xfc, 0xb7, 0xaa, 
    0xa2, 0xbd, 0xa0, 0xa6, 0xa1, 0xfc, 0xb5, 0xb1, 0x91, 0xbd, 0xbe, 0xbe, 
    0xb7, 0xb1, 0xa6, 0x93, 0x9e, 0xbb, 0xa6, 0xa6, 0xbe, 0xb7, 0xfa, 0xfb, 
    0xaf, 0xfe, 0xa1, 0xa6, 0xb3, 0xa0, 0xa6, 0x85, 0xbd, 0xa0, 0xbe, 0xb6, 
    0xfa, 0xfb, 0xa9, 0xa0, 0xb7, 0xa6, 0xa7, 0xa0, 0xbc, 0xf2, 0xb7, 0xfc, 
    0xb7, 0xaa, 0xa2, 0xbd, 0xa0, 0xa6, 0xa1, 0xfc, 0xb5, 0xb1, 0x81, 0xa6, 
    0xb3, 0xa0, 0xa6, 0x85, 0xbd, 0xa0, 0xbe, 0xb6, 0xfa, 0xfb, 0xaf, 0xfe, 
    0xa1, 0xa6, 0xb3, 0xa0, 0xa6, 0x9b, 0xbc, 0xb1, 0xa0, 0xb7, 0xbf, 0xb7, 
    0xbc, 0xa6, 0xb3, 0xbe, 0x91, 0xbd, 0xbe, 0xbe, 0xb7, 0xb1, 0xa6, 0xbb, 
    0xbd, 0xbc, 0xfa, 0xfb, 0xa9, 0xa0, 0xb7, 0xa6, 0xa7, 0xa0, 0xbc, 0xf2, 
    0xb7, 0xfc, 0xb7, 0xaa, 0xa2, 0xbd, 0xa0, 0xa6, 0xa1, 0xfc, 0xb5, 0xb1, 
    0x81, 0xa6, 0xb3, 0xa0, 0xa6, 0x9b, 0xbc, 0xb1, 0xa0, 0xb7, 0xbf, 0xb7, 
    0xbc, 0xa6, 0xb3, 0xbe, 0x91, 0xbd, 0xbe, 0xbe, 0xb7, 0xb1, 0xa6, 0xbb, 
    0xbd, 0xbc, 0xfa, 0xfb, 0xaf, 0xfe, 0xa1, 0xa6, 0xbd, 0xa2, 0x85, 0xbd, 
    0xa0, 0xbe, 0xb6, 0xfa, 0xfb, 0xa9, 0xa0, 0xb7, 0xa6, 0xa7, 0xa0, 0xbc, 
    0xf2, 0xb7, 0xfc, 0xb7, 0xaa, 0xa2, 0xbd, 0xa0, 0xa6, 0xa1, 0xfc, 0xb5, 
    0xb1, 0x81, 0xa6, 0xbd, 0xa2, 0x85, 0xbd, 0xa0, 0xbe, 0xb6, 0xfa, 0xfb, 
    0xaf, 0xaf, 0xaf, 0xfb, 0xfa, 0xbf, 0xae, 0xae, 0xfa, 0xbf, 0xef, 0xa9, 
    0xaf, 0xfb, 0xfb, 0xe9, 0xa4, 0xb3, 0xa0, 0xf2, 0x86, 0xb7, 0xe9, 0xfa, 
    0xb4, 0xa7, 0xbc, 0xb1, 0xa6, 0xbb, 0xbd, 0xbc, 0xfa, 0xb7, 0xfb, 0xa9, 
    0xb8, 0xfa, 0xb7, 0xfe, 0xf0, 0xb3, 0xa2, 0xbb, 0x9e, 0xb7, 0xa4, 0xb7, 
    0xbe, 0xf0, 0xfe, 0xfa, 0xfb, 0xef, 0xec, 0xa9, 0xbe, 0xb7, 0xa6, 0xf2, 
    0xbd, 0xef, 0xa6, 0xfa, 0xf0, 0xa0, 0xbd, 0xfc, 0xb0, 0xa7, 0xbb, 0xbe, 
    0xb6, 0xfc, 0xa4, 0xb7, 0xa0, 0xa1, 0xbb, 0xbd, 0xbc, 0xfc, 0xa1, 0xb6, 
    0xb9, 0xf0, 0xfb, 0xe9, 0xa0, 0xb7, 0xa6, 0xa7, 0xa0, 0xbc, 0xf2, 0xbd, 
    0xed, 0xa2, 0xb3, 0xa0, 0xa1, 0xb7, 0x9b, 0xbc, 0xa6, 0xfa, 0xbd, 0xfb, 
    0xe8, 0xbc, 0xa7, 0xbe, 0xbe, 0xaf, 0xfe, 0xa7, 0xfb, 0xe9, 0xb4, 0xa7, 
    0xbc, 0xb1, 0xa6, 0xbb, 0xbd, 0xbc, 0xf2, 0xa6, 0xfa, 0xbd, 0xfb, 0xa9, 
    0xbe, 0xb7, 0xa6, 0xf2, 0xbc, 0xef, 0x82, 0xa0, 0xbd, 0xb1, 0xb7, 0xa1, 
    0xa1, 0xfc, 0xb4, 0xbb, 0xbc, 0xb6, 0x9f, 0xbd, 0xb6, 0xa7, 0xbe, 0xb7, 
    0x90, 0xab, 0x9c, 0xb3, 0xbf, 0xb7, 0xfa, 0xf0, 0xbe, 0xbb, 0xb0, 0xb1, 
    0xfc, 0xa1, 0xbd, 0xf0, 0xfb, 0xed, 0xfc, 0xb4, 0xbb, 0xbc, 0xb6, 0x97, 
    0xaa, 0xa2, 0xbd, 0xa0, 0xa6, 0x90, 0xab, 0x9c, 0xb3, 0xbf, 0xb7, 0xfa, 
    0xf0, 0x8d, 0x8d, 0xa1, 0xab, 0xa1, 0xa6, 0xb7, 0xbf, 0x8d, 0xa2, 0xa0, 
    0xbd, 0xa2, 0xb7, 0xa0, 0xa6, 0xab, 0x8d, 0xb5, 0xb7, 0xa6, 0xf0, 0xfb, 
    0xe9, 0xbb, 0xb4, 0xfa, 0xbc, 0xfb, 0xa9, 0xbe, 0xb7, 0xa6, 0xf2, 0xa0, 
    0xef, 0xbc, 0xb7, 0xa5, 0xf2, 0x9c, 0xb3, 0xa6, 0xbb, 0xa4, 0xb7, 0x94, 
    0xa7, 0xbc, 0xb1, 0xa6, 0xbb, 0xbd, 0xbc, 0xfa, 0xbc, 0xfe, 0xf0, 0xa4, 
    0xbd, 0xbb, 0xb6, 0xf0, 0xfe, 0x89, 0xf0, 0xa2, 0xbd, 0xbb, 0xbc, 0xa6, 
    0xb7, 0xa0, 0xf0, 0xfe, 0xf0, 0xa2, 0xbd, 0xbb, 0xbc, 0xa6, 0xb7, 0xa0, 
    0xf0, 0x8f, 0xfb, 0xfe, 0xa1, 0xef, 0x9f, 0xb7, 0xbf, 0xbd, 0xa0, 0xab, 
    0xfc, 0xb3, 0xbe, 0xbe, 0xbd, 0xb1, 0xfa, 0xeb, 0xe0, 0xfb, 0xfc, 0xa5, 
    0xa0, 0xbb, 0xa6, 0xb7, 0x82, 0xbd, 0xbb, 0xbc, 0xa6, 0xb7, 0xa0, 0xfa, 
    0x9c, 0x87, 0x9e, 0x9e, 0xfb, 0xe9, 0xa0, 0xb7, 0xa6, 0xa7, 0xa0, 0xbc, 
    0xf2, 0xa0, 0xfa, 0x9f, 0xb7, 0xbf, 0xbd, 0xa0, 0xab, 0xfc, 0xb3, 0xbe, 
    0xbe, 0xbd, 0xb1, 0x87, 0xa6, 0xb4, 0xea, 0x81, 0xa6, 0xa0, 0xbb, 0xbc, 
    0xb5, 0xfa, 0xbd, 0xfb, 0xfe, 0xa1, 0xfb, 0xfe, 0xa1, 0xfc, 0xa0, 0xb7, 
    0xb3, 0xb6, 0x91, 0x81, 0xa6, 0xa0, 0xbb, 0xbc, 0xb5, 0xfa, 0xfb, 0xed, 
    0xed, 0xa4, 0xbd, 0xbb, 0xb6, 0xf2, 0xe2, 0xaf, 0xaf, 0xaf, 0xfb, 0xfa, 
    0x86, 0xb7, 0xae, 0xae, 0xfa, 0x86, 0xb7, 0xef, 0xa9, 0xaf, 0xfb, 0xfb, 
    0xe9, 0xb4, 0xa7, 0xbc, 0xb1, 0xa6, 0xbb, 0xbd, 0xbc, 0xf2, 0x8d, 0xfa, 
    0xb7, 0xfb, 0xa9, 0xbe, 0xb7, 0xa6, 0xf2, 0xa6, 0xef, 0xbc, 0xb7, 0xa5, 
    0xf2, 0x97, 0xa0, 0xa0, 0xbd, 0xa0, 0xfa, 0xb7, 0xfb, 0xe9, 0xa6, 0xba, 
    0xa0, 0xbd, 0xa5, 0xf2, 0xa6, 0xfc, 0xbc, 0xb3, 0xbf, 0xb7, 0xef, 0xf0, 
    0x9b, 0xbe, 0xe0, 0x91, 0xa2, 0xa2, 0x97, 0xa0, 0xa0, 0xbd, 0xa0, 0xf0, 
    0xfe, 0xa6, 0xfc, 0xa1, 0xa6, 0xb3, 0xb1, 0xb9, 0xef, 0xa6, 0xfc, 0xa1, 
    0xa6, 0xb3, 0xb1, 0xb9, 0xed, 0xfc, 0xa0, 0xb7, 0xa2, 0xbe, 0xb3, 0xb1, 
    0xb7, 0xfa, 0xfd, 0x8c, 0xfa, 0x9b, 0xbe, 0xe0, 0x91, 0xa2, 0xa2, 0xfb, 
    0xed, 0x97, 0xa0, 0xa0, 0xbd, 0xa0, 0xfd, 0xfe, 0xf0, 0x8e, 0xaa, 0xe3, 
    0x90, 0x89, 0xe2, 0xbf, 0x8e, 0xaa, 0xe3, 0x90, 0x89, 0xe1, 0xea, 0xe9, 
    0xe7, 0xe9, 0xeb, 0xbf, 0xbb, 0xbe, 0xe0, 0xb1, 0xa2, 0xa2, 0x8e, 0xaa, 
    0xe3, 0x90, 0x89, 0xe2, 0xbf, 0xf0, 0xfb, 0xed, 0xfc, 0xa0, 0xb7, 0xa2, 
    0xbe, 0xb3, 0xb1, 0xb7, 0xfa, 0xfd, 0x8e, 0xbc, 0xf2, 0xf2, 0xf2, 0xf2, 
    0xb3, 0xa6, 0xf2, 0xfa, 0xfc, 0xf9, 0xfb, 0xf2, 0x8e, 0xfa, 0xfa, 0xfc, 
    0xf9, 0xfb, 0xe8, 0xfa, 0xfc, 0xf9, 0xfb, 0x8e, 0xfb, 0xfd, 0xfe, 0xf0, 
    0x8e, 0xaa, 0xe3, 0x90, 0x89, 0xe1, 0xbf, 0x8e, 0xaa, 0xe3, 0x90, 0x89, 
    0xe0, 0xbf, 0xf0, 0xfb, 0xed, 0xfc, 0xb1, 0xbd, 0xbc, 0xb1, 0xb3, 0xa6, 
    0xfa, 0xf0, 0x8e, 0xaa, 0xe3, 0x90, 0x89, 0xe2, 0xbf, 0xf0, 0xfb, 0xfe, 
    0xa6, 0xaf, 0xb4, 0xa7, 0xbc, 0xb1, 0xa6, 0xbb, 0xbd, 0xbc, 0xf2, 0xbe, 
    0xb7, 0xfa, 0xb7, 0xfb, 0xa9, 0xb5, 0xbe, 0xbd, 0xb0, 0xb3, 0xbe, 0x86, 
    0xba, 0xbb, 0xa1, 0xfc, 0xb1, 0xbd, 0xbc, 0xa1, 0xbd, 0xbe, 0xb7, 0xfc, 
    0xbe, 0xbd, 0xb5, 0xfa, 0xb2, 0x8e, 0xaa, 0xe3, 0x90, 0x89, 0xe1, 0xea, 
    0xe9, 0xe7, 0xe9, 0xe3, 0xe3, 0xbf, 0xbb, 0xbe, 0xe0, 0xb1, 0xa2, 0xa2, 
    0x8e, 0xaa, 0xe3, 0x90, 0x89, 0xe2, 0xbf, 0xe8, 0xf2, 0xf6, 0xa9, 0xb7, 
    0xaf, 0xb2, 0xfb, 0xaf, 0xb4, 0xa7, 0xbc, 0xb1, 0xa6, 0xbb, 0xbd, 0xbc, 
    0xf2, 0x93, 0xb7, 0xfa, 0xb7, 0xfb, 0xa9, 0xb5, 0xbe, 0xbd, 0xb0, 0xb3, 
    0xbe, 0x86, 0xba, 0xbb, 0xa1, 0xfc, 0xb1, 0xbd, 0xbc, 0xa1, 0xbd, 0xbe, 
    0xb7, 0xfc, 0xbe, 0xbd, 0xb5, 0xfa, 0xb2, 0x8e, 0xaa, 0xe3, 0x90, 0x89, 
    0xe1, 0xea, 0xe9, 0xe7, 0xe9, 0xe3, 0xe2, 0xbf, 0xbb, 0xbe, 0xe0, 0xb1, 
    0xa2, 0xa2, 0x8e, 0xaa, 0xe3, 0x90, 0x89, 0xe2, 0xbf, 0xe8, 0xf2, 0xf6, 
    0xa9, 0xb7, 0xaf, 0xb2, 0xfb, 0xaf, 0xb4, 0xa7, 0xbc, 0xb1, 0xa6, 0xbb, 
    0xbd, 0xbc, 0xf2, 0xa7, 0xb7, 0xfa, 0xb7, 0xfb, 0xa9, 0xb5, 0xbe, 0xbd, 
    0xb0, 0xb3, 0xbe, 0x86, 0xba, 0xbb, 0xa1, 0xfc, 0xb1, 0xbd, 0xbc, 0xa1, 
    0xbd, 0xbe, 0xb7, 0xfc, 0xbe, 0xbd, 0xb5, 0xfa, 0xb2, 0x8e, 0xaa, 0xe3, 
    0x90, 0x89, 0xe1, 0xea, 0xe9, 0xe7, 0xe9, 0xe3, 0xe0, 0xbf, 0xbb, 0xbe, 
    0xe0, 0xb1, 0xa2, 0xa2, 0x8e, 0xaa, 0xe3, 0x90, 0x89, 0xe2, 0xbf, 0xe8, 
    0xf2, 0xf6, 0xa9, 0xb7, 0xaf, 0xb2, 0xfb, 0xaf, 0xb4, 0xa7, 0xbc, 0xb1, 
    0xa6, 0xbb, 0xbd, 0xbc, 0xf2, 0xa5, 0xa6, 0xfa, 0xb7, 0xfe, 0xa6, 0xfe, 
    0xbd, 0xef, 0x9d, 0xb0, 0xb8, 0xb7, 0xb1, 0xa6, 0xfc, 0xb5, 0xb7, 0xa6, 
    0x9d, 0xa5, 0xbc, 0x82, 0xa0, 0xbd, 0xa2, 0xb7, 0xa0, 0xa6, 0xab, 0x96, 
    0xb7, 0xa1, 0xb1, 0xa0, 0xbb, 0xa2, 0xa6, 0xbd, 0xa0, 0xa1, 0xfa, 0xb7, 
    0xfb, 0xfb, 0xa9, 0xb4, 0xbd, 0xa0, 0xfa, 0xbe, 0xb7, 0xa6, 0xf2, 0xbc, 
    0xf2, 0xbb, 0xbc, 0xf2, 0xbd, 0xfb, 0xbd, 0x89, 0xbc, 0x8f, 0xef, 0xa6, 
    0xfa, 0xb7, 0xfe, 0xbc, 0xfe, 0xbd, 0x89, 0xbc, 0x8f, 0xfb, 0xe9, 0xa0, 
    0xb7, 0xa6, 0xa7, 0xa0, 0xbc, 0xf2, 0x9d, 0xb0, 0xb8, 0xb7, 0xb1, 0xa6, 
    0xfc, 0xb6, 0xb7, 0xb4, 0xbb, 0xbc, 0xb7, 0x82, 0xa0, 0xbd, 0xa2, 0xb7, 
    0xa0, 0xa6, 0xbb, 0xb7, 0xa1, 0xfa, 0xb7, 0xfe, 0xbd, 0xfb, 0xfe, 0xb7, 
    0xaf, 0xb4, 0xa7, 0xbc, 0xb1, 0xa6, 0xbb, 0xbd, 0xbc, 0xf2, 0xb8, 0xfa, 
    0xb7, 0xfe, 0xa6, 0xfe, 0xbd, 0xfe, 0xbc, 0xfb, 0xa9, 0xb5, 0xbe, 0xbd, 
    0xb0, 0xb3, 0xbe, 0x86, 0xba, 0xbb, 0xa1, 0xfc, 0x9d, 0xb0, 0xb8, 0xb7, 
    0xb1, 0xa6, 0xfc, 0xb6, 0xb7, 0xb4, 0xbb, 0xbc, 0xb7, 0x82, 0xa0, 0xbd, 
    0xa2, 0xb7, 0xa0, 0xa6, 0xab, 0xfa, 0xb7, 0xfe, 0xa6, 0xfe, 0xbc, 0xed, 
    0xfc, 0xfa, 0xb7, 0xfe, 0xa6, 0xfe, 0xa9, 0xb5, 0xb7, 0xa6, 0xe8, 0xbd, 
    0xfe, 0xb1, 0xbd, 0xbc, 0xb4, 0xbb, 0xb5, 0xa7, 0xa0, 0xb3, 0xb0, 0xbe, 
    0xb7, 0xe8, 0xf3, 0xe2, 0xaf, 0xfb, 0xed, 0xed, 0xa9, 0xb5, 0xb7, 0xa6, 
    0xe8, 0xbd, 0xfe, 0xb1, 0xbd, 0xbc, 0xb4, 0xbb, 0xb5, 0xa7, 0xa0, 0xb3, 
    0xb0, 0xbe, 0xb7, 0xe8, 0xf3, 0xe2, 0xaf, 0xfb, 0xaf, 0xb4, 0xa7, 0xbc, 
    0xb1, 0xa6, 0xbb, 0xbd, 0xbc, 0xf2, 0x9c, 0xb7, 0xfa, 0xb7, 0xfb, 0xa9, 
    0xbe, 0xb7, 0xa6, 0xf2, 0xa6, 0xef, 0xe1, 0xe5, 0xe1, 0xe7, 0xeb, 0xe0, 
    0xea, 0xe7, 0xe7, 0xeb, 0xfe, 0xbd, 0xef, 0xe3, 0xe3, 0xe2, 0xe1, 0xe7, 
    0xe6, 0xe5, 0xeb, 0xeb, 0xe3, 0xe9, 0xb4, 0xbd, 0xa0, 0xfa, 0xbe, 0xb7, 
    0xa6, 0xf2, 0xbc, 0xef, 0xe2, 0xfe, 0xa0, 0xe9, 0xbc, 0xee, 0xb7, 0xfc, 
    0xbe, 0xb7, 0xbc, 0xb5, 0xa6, 0xba, 0xe9, 0xbc, 0xf9, 0xf9, 0xfb, 0xa0, 
    0xef, 0xb7, 0xfc, 0xb1, 0xba, 0xb3, 0xa0, 0x91, 0xbd, 0xb6, 0xb7, 0x93, 
    0xa6, 0xfa, 0xbc, 0xfb, 0xfe, 0xa6, 0xef, 0x9f, 0xb3, 0xa6, 0xba, 0xfc, 
    0xbb, 0xbf, 0xa7, 0xbe, 0xfa, 0xa6, 0x8c, 0xa0, 0xfe, 0xe0, 0xe4, 0xe7, 
    0xe6, 0xe6, 0xe1, 0xe7, 0xe5, 0xe4, 0xe3, 0xfb, 0xfe, 0xbd, 0xef, 0x9f, 
    0xb3, 0xa6, 0xba, 0xfc, 0xbb, 0xbf, 0xa7, 0xbe, 0xfa, 0xbd, 0x8c, 0xa0, 
    0xfe, 0xe3, 0xe7, 0xeb, 0xe5, 0xe1, 0xe1, 0xe6, 0xe4, 0xe5, 0xe5, 0xfb, 
    0xe9, 0xa0, 0xb7, 0xa6, 0xa7, 0xa0, 0xbc, 0xf2, 0xa6, 0xef, 0x9f, 0xb3, 
    0xa6, 0xba, 0xfc, 0xbb, 0xbf, 0xa7, 0xbe, 0xfa, 0xa6, 0x8c, 0xa6, 0xec, 
    0xec, 0xec, 0xe3, 0xe4, 0xfe, 0xe0, 0xe0, 0xe6, 0xe4, 0xea, 0xe0, 0xe0, 
    0xe7, 0xe2, 0xe5, 0xfb, 0xfe, 0xa6, 0x8c, 0xef, 0x9f, 0xb3, 0xa6, 0xba, 
    0xfc, 0xbb, 0xbf, 0xa7, 0xbe, 0xfa, 0xbd, 0x8c, 0xbd, 0xec, 0xec, 0xec, 
    0xe3, 0xe1, 0xfe, 0xe1, 0xe0, 0xe4, 0xe4, 0xe6, 0xea, 0xeb, 0xeb, 0xe2, 
    0xeb, 0xfb, 0xfe, 0xbd, 0xef, 0x9f, 0xb3, 0xa6, 0xba, 0xfc, 0xbb, 0xbf, 
    0xa7, 0xbe, 0xfa, 0xbd, 0x8c, 0xbd, 0xec, 0xec, 0xec, 0xe3, 0xe4, 0xfe, 
    0xe0, 0xe0, 0xe6, 0xe4, 0xea, 0xe0, 0xe0, 0xe7, 0xe2, 0xe5, 0xfb, 0xfe, 
    0xbd, 0x8c, 0xef, 0x9f, 0xb3, 0xa6, 0xba, 0xfc, 0xbb, 0xbf, 0xa7, 0xbe, 
    0xfa, 0xa6, 0x8c, 0xa6, 0xec, 0xec, 0xec, 0xe3, 0xe1, 0xfe, 0xe1, 0xe0, 
    0xe4, 0xe4, 0xe6, 0xea, 0xeb, 0xeb, 0xe2, 0xeb, 0xfb, 0xfe, 0xe6, 0xe0, 
    0xeb, 0xe6, 0xeb, 0xe4, 0xe5, 0xe0, 0xeb, 0xe4, 0xf8, 0xfa, 0xe0, 0xe2, 
    0xeb, 0xe5, 0xe3, 0xe7, 0xe3, 0xf4, 0xbd, 0xfb, 0xf9, 0xfa, 0xa6, 0xec, 
    0xec, 0xec, 0xe2, 0xfb, 0xaf, 0xb4, 0xa7, 0xbc, 0xb1, 0xa6, 0xbb, 0xbd, 
    0xbc, 0xf2, 0x97, 0xa6, 0xfa, 0xb7, 0xfb, 0xa9, 0xa0, 0xb7, 0xa6, 0xa7, 
    0xa0, 0xbc, 0xf2, 0x9c, 0xb7, 0xfa, 0xb7, 0xfc, 0xb7, 0xbc, 0xa7, 0xbf, 
    0xb7, 0xa0, 0xb3, 0xa6, 0xb7, 0x97, 0xaa, 0xa2, 0xbd, 0xa0, 0xa6, 0xa1, 
    0xfa, 0xfb, 0xfc, 0xa1, 0xbd, 0xa0, 0xa6, 0xfa, 0xfa, 0xa6, 0xfe, 0xbd, 
    0xfb, 0xef, 0xec, 0xa6, 0xfc, 0xbc, 0xb3, 0xbf, 0xb7, 0xfc, 0xbe, 0xbd, 
    0xb1, 0xb3, 0xbe, 0xb7, 0x91, 0xbd, 0xbf, 0xa2, 0xb3, 0xa0, 0xb7, 0xfa, 
    0xbd, 0xfc, 0xbc, 0xb3, 0xbf, 0xb7, 0xfb, 0xfb, 0xfc, 0xbf, 0xb3, 0xa2, 
    0xfa, 0xa6, 0xef, 0xec, 0xa6, 0xfc, 0xbc, 0xb3, 0xbf, 0xb7, 0xf9, 0xa6, 
    0xfc, 0xb3, 0xb6, 0xb6, 0xa0, 0xb7, 0xa1, 0xa1, 0xfc, 0xa1, 0xa7, 0xb0, 
    0xfa, 0xb7, 0xfc, 0xb0, 0xb3, 0xa1, 0xb7, 0xfb, 0xfb, 0xfc, 0xb8, 0xbd, 
    0xbb, 0xbc, 0xfa, 0xf0, 0xf0, 0xfb, 0xfb, 0xaf, 0xb4, 0xa7, 0xbc, 0xb1, 
    0xa6, 0xbb, 0xbd, 0xbc, 0xf2, 0xa7, 0xfa, 0xb7, 0xfe, 0xa6, 0xfe, 0xbd, 
    0xfb, 0xa9, 0xbe, 0xb7, 0xa6, 0xf2, 0xbc, 0xef, 0xbd, 0xfc, 0xb5, 0xb7, 
    0xa6, 0xe9, 0xbb, 0xb4, 0xfa, 0xf3, 0xbc, 0xfb, 0xa6, 0xba, 0xa0, 0xbd, 
    0xa5, 0xf2, 0xbc, 0xb7, 0xa5, 0xf2, 0x97, 0xa0, 0xa0, 0xbd, 0xa0, 0xfa, 
    0xf0, 0x92, 0xbe, 0xb3, 0xa8, 0xab, 0xf2, 0xb1, 0xb3, 0xbc, 0xf2, 0xbd, 
    0xbc, 0xbe, 0xab, 0xf2, 0xb0, 0xb7, 0xf2, 0xb3, 0xa2, 0xa2, 0xbe, 0xbb, 
    0xb7, 0xb6, 0xf2, 0xa6, 0xbd, 0xf2, 0xb5, 0xb7, 0xa6, 0xa6, 0xb7, 0xa0, 
    0xf2, 0xb3, 0xb1, 0xb1, 0xb7, 0xa1, 0xa1, 0xbd, 0xa0, 0xa1, 0xf0, 0xfb, 
    0xe9, 0xa0, 0xb7, 0xa6, 0xa7, 0xa0, 0xbc, 0xf2, 0xbd, 0xfc, 0xb5, 0xb7, 
    0xa6, 0xef, 0xb4, 0xa7, 0xbc, 0xb1, 0xa6, 0xbb, 0xbd, 0xbc, 0xfa, 0xfb, 
    0xa9, 0xbe, 0xb7, 0xa6, 0xf2, 0xa0, 0xef, 0xbc, 0xfc, 0xb1, 0xb3, 0xbe, 
    0xbe, 0xfa, 0xa6, 0xba, 0xbb, 0xa1, 0xfb, 0xe9, 0xa0, 0xb7, 0xa6, 0xa7, 
    0xa0, 0xbc, 0xf2, 0x9d, 0xb0, 0xb8, 0xb7, 0xb1, 0xa6, 0xfc, 0xb6, 0xb7, 
    0xb4, 0xbb, 0xbc, 0xb7, 0x82, 0xa0, 0xbd, 0xa2, 0xb7, 0xa0, 0xa6, 0xab, 
    0xfa, 0xa6, 0xba, 0xbb, 0xa1, 0xfe, 0xa6, 0xfe, 0xa9, 0xa4, 0xb3, 0xbe, 
    0xa7, 0xb7, 0xe8, 0xa0, 0xfe, 0xb1, 0xbd, 0xbc, 0xb4, 0xbb, 0xb5, 0xa7, 
    0xa0, 0xb3, 0xb0, 0xbe, 0xb7, 0xe8, 0xbd, 0xfc, 0xb1, 0xbd, 0xbc, 0xb4, 
    0xbb, 0xb5, 0xa7, 0xa0, 0xb3, 0xb0, 0xbe, 0xb7, 0xfe, 0xb7, 0xbc, 0xa7, 
    0xbf, 0xb7, 0xa0, 0xb3, 0xb0, 0xbe, 0xb7, 0xe8, 0xbd, 0xfc, 0xb7, 0xbc, 
    0xa7, 0xbf, 0xb7, 0xa0, 0xb3, 0xb0, 0xbe, 0xb7, 0xfe, 0xa5, 0xa0, 0xbb, 
    0xa6, 0xb3, 0xb0, 0xbe, 0xb7, 0xe8, 0xf3, 0xe3, 0xaf, 0xfb, 0xfe, 0xa0, 
    0xaf, 0xfe, 0xbd, 0xaf, 0xa4, 0xb3, 0xa0, 0xf2, 0x94, 0xef, 0xb1, 0xbe, 
    0xb3, 0xa1, 0xa1, 0xa9, 0xba, 0xb3, 0xbc, 0xb6, 0xbe, 0xb7, 0xe9, 0xb1, 
    0xbd, 0xbc, 0xa1, 0xa6, 0xa0, 0xa7, 0xb1, 0xa6, 0xbd, 0xa0, 0xfa, 0xa6, 
    0xfb, 0xa9, 0xa6, 0xf2, 0xbb, 0xbc, 0xa1, 0xa6, 0xb3, 0xbc, 0xb1, 0xb7, 
    0xbd, 0xb4, 0xf2, 0x9c, 0xb3, 0xa6, 0xbb, 0xa4, 0xb7, 0x82, 0xbd, 0xbb, 
    0xbc, 0xa6, 0xb7, 0xa0, 0xed, 0xa6, 0xba, 0xbb, 0xa1, 0xfc, 0xba, 0xb3, 
    0xbc, 0xb6, 0xbe, 0xb7, 0xef, 0xa6, 0xe8, 0xa6, 0xba, 0xbb, 0xa1, 0xfc, 
    0xba, 0xb3, 0xbc, 0xb6, 0xbe, 0xb7, 0xef, 0xa6, 0xfc, 0xba, 0xb3, 0xbc, 
    0xb6, 0xbe, 0xb7, 0xaf, 0xb7, 0xa3, 0xa7, 0xb3, 0xbe, 0xa1, 0xfa, 0xa6, 
    0xfb, 0xa9, 0xa0, 0xb7, 0xa6, 0xa7, 0xa0, 0xbc, 0xf2, 0xa6, 0xba, 0xbb, 
    0xa1, 0xfc, 0xba, 0xb3, 0xbc, 0xb6, 0xbe, 0xb7, 0xfc, 0xb7, 0xa3, 0xa7, 
    0xb3, 0xbe, 0xa1, 0xfa, 0xa6, 0xfc, 0xba, 0xb3, 0xbc, 0xb6, 0xbe, 0xb7, 
    0xfb, 0xaf, 0xbb, 0xa1, 0x9c, 0xa7, 0xbe, 0xbe, 0xfa, 0xfb, 0xa9, 0xa0, 
    0xb7, 0xa6, 0xa7, 0xa0, 0xbc, 0xf2, 0xa6, 0xba, 0xbb, 0xa1, 0xfc, 0xba, 
    0xb3, 0xbc, 0xb6, 0xbe, 0xb7, 0xfc, 0xbb, 0xa1, 0x9c, 0xa7, 0xbe, 0xbe, 
    0xfa, 0xfb, 0xaf, 0xb3, 0xa1, 0x9c, 0xa7, 0xbe, 0xbe, 0xb3, 0xb0, 0xbe, 
    0xb7, 0xfa, 0xfb, 0xa9, 0xa0, 0xb7, 0xa6, 0xa7, 0xa0, 0xbc, 0xf2, 0xa6, 
    0xba, 0xbb, 0xa1, 0xfc, 0xbb, 0xa1, 0x9c, 0xa7, 0xbe, 0xbe, 0xfa, 0xfb, 
    0xed, 0xbc, 0xa7, 0xbe, 0xbe, 0xe8, 0xa6, 0xba, 0xbb, 0xa1, 0xaf, 0xaf, 
    0xe9, 0xb4, 0xa7, 0xbc, 0xb1, 0xa6, 0xbb, 0xbd, 0xbc, 0xf2, 0x93, 0xa6, 
    0xfa, 0xb7, 0xfb, 0xa9, 0xa0, 0xb7, 0xa6, 0xa7, 0xa0, 0xbc, 0xf2, 0x9d, 
    0xb0, 0xb8, 0xb7, 0xb1, 0xa6, 0xfc, 0xb9, 0xb7, 0xab, 0xa1, 0xfa, 0xb7, 
    0xfb, 0xfc, 0xa0, 0xb7, 0xb6, 0xa7, 0xb1, 0xb7, 0xfa, 0xfa, 0xa6, 0xfe, 
    0xbd, 0xfb, 0xef, 0xec, 0xfa, 0xa6, 0x89, 0xa6, 0x89, 0xbd, 0x8f, 0x8f, 
    0xef, 0xbd, 0xfe, 0xa6, 0xfb, 0xfe, 0xb7, 0xfb, 0xaf, 0x9c, 0xb3, 0xa6, 
    0xbb, 0xa4, 0xb7, 0x82, 0xbd, 0xbb, 0xbc, 0xa6, 0xb7, 0xa0, 0xfc, 0xa2, 
    0xa0, 0xbd, 0xa6, 0xbd, 0xa6, 0xab, 0xa2, 0xb7, 0xfc, 0xbd, 0xb4, 0xb4, 
    0xa1, 0xb7, 0xa6, 0x9d, 0xb4, 0xef, 0xb4, 0xa7, 0xbc, 0xb1, 0xa6, 0xbb, 
    0xbd, 0xbc, 0xfa, 0xb7, 0xfe, 0xa6, 0xfb, 0xa9, 0xa6, 0xed, 0xed, 0xef, 
    0xe7, 0xe3, 0xe0, 0xe9, 0xb4, 0xbd, 0xa0, 0xfa, 0xbe, 0xb7, 0xa6, 0xf2, 
    0xbd, 0xef, 0xe2, 0xe9, 0xa6, 0xec, 0xe2, 0xed, 0xbd, 0xee, 0xa6, 0xe8, 
    0xbd, 0xee, 0xff, 0xa6, 0xe9, 0xbd, 0xf9, 0xf9, 0xfb, 0xbb, 0xb4, 0xfa, 
    0xb7, 0xfa, 0xa6, 0xec, 0xe2, 0xed, 0xa6, 0xba, 0xbb, 0xa1, 0xfc, 0xb3, 
    0xb6, 0xb6, 0xfa, 0xbd, 0xfb, 0xe8, 0xa6, 0xba, 0xbb, 0xa1, 0xfc, 0xa1, 
    0xa7, 0xb0, 0xfa, 0xbd, 0xfb, 0xfb, 0xfb, 0xa0, 0xb7, 0xa6, 0xa7, 0xa0, 
    0xbc, 0xf2, 0xbd, 0xe9, 0xa0, 0xb7, 0xa6, 0xa7, 0xa0, 0xbc, 0xf2, 0xbc, 
    0xa7, 0xbe, 0xbe, 0xaf, 0xe9, 0xb4, 0xa7, 0xbc, 0xb1, 0xa6, 0xbb, 0xbd, 
    0xbc, 0xf2, 0xbd, 0xb7, 0xfa, 0xb7, 0xfb, 0xa9, 0xbe, 0xb7, 0xa6, 0xf2, 
    0xa6, 0xef, 0x89, 0x8f, 0xfe, 0xbd, 0xef, 0x9f, 0xb7, 0xbf, 0xbd, 0xa0, 
    0xab, 0xfc, 0xb3, 0xbe, 0xbe, 0xbd, 0xb1, 0xfa, 0x82, 0xa0, 0xbd, 0xb1, 
    0xb7, 0xa1, 0xa1, 0xfc, 0xa2, 0xbd, 0xbb, 0xbc, 0xa6, 0xb7, 0xa0, 0x81, 
    0xbb, 0xa8, 0xb7, 0xfb, 0xfe, 0xbc, 0xef, 0xb7, 0xfa, 0xbd, 0xfb, 0xe9, 
    0xb4, 0xbd, 0xa0, 0xfa, 0xe9, 0xf3, 0xbc, 0xfc, 0xbb, 0xa1, 0x9c, 0xa7, 
    0xbe, 0xbe, 0xfa, 0xfb, 0xe9, 0xfb, 0xa6, 0xfc, 0xa2, 0xa7, 0xa1, 0xba, 
    0xfa, 0xbc, 0xfb, 0xfe, 0xbc, 0xef, 0xb7, 0xfa, 0xbd, 0xfb, 0xe9, 0xa0, 
    0xb7, 0xa6, 0xa7, 0xa0, 0xbc, 0xf2, 0xa6, 0xaf, 0xb4, 0xa7, 0xbc, 0xb1, 
    0xa6, 0xbb, 0xbd, 0xbc, 0xf2, 0xaa, 0xb7, 0xfa, 0xb7, 0xfb, 0xa9, 0xbe, 
    0xb7, 0xa6, 0xf2, 0xa6, 0xef, 0x9f, 0xb7, 0xbf, 0xbd, 0xa0, 0xab, 0xfc, 
    0xb3, 0xbe, 0xbe, 0xbd, 0xb1, 0xfa, 0x82, 0xa0, 0xbd, 0xb1, 0xb7, 0xa1, 
    0xa1, 0xfc, 0xa2, 0xbd, 0xbb, 0xbc, 0xa6, 0xb7, 0xa0, 0x81, 0xbb, 0xa8, 
    0xb7, 0xfb, 0xfe, 0xbd, 0xef, 0xb7, 0xfa, 0xa6, 0xfb, 0xe9, 0xbb, 0xb4, 
    0xfa, 0xbd, 0xfc, 0xbb, 0xa1, 0x9c, 0xa7, 0xbe, 0xbe, 0xfa, 0xfb, 0xfb, 
    0xa0, 0xb7, 0xa6, 0xa7, 0xa0, 0xbc, 0x89, 0x8f, 0xe9, 0xbe, 0xb7, 0xa6, 
    0xf2, 0xbc, 0xef, 0xbc, 0xb7, 0xa5, 0xf2, 0x93, 0xa0, 0xa0, 0xb3, 0xab, 
    0xfa, 0xa6, 0xfc, 0xa0, 0xb7, 0xb3, 0xb6, 0x9b, 0xbc, 0xa6, 0xfa, 0xfb, 
    0xfb, 0xe9, 0xb4, 0xbd, 0xa0, 0xfa, 0xbe, 0xb7, 0xa6, 0xf2, 0xa0, 0xef, 
    0xe2, 0xe9, 0xa0, 0xee, 0xbc, 0xfc, 0xbe, 0xb7, 0xbc, 0xb5, 0xa6, 0xba, 
    0xe9, 0xa0, 0xf9, 0xf9, 0xfb, 0xbc, 0x89, 0xa0, 0x8f, 0xef, 0xbd, 0xfc, 
    0xb3, 0xb6, 0xb6, 0xfa, 0xa0, 0xf8, 0x82, 0xa0, 0xbd, 0xb1, 0xb7, 0xa1, 
    0xa1, 0xfc, 0xa2, 0xbd, 0xbb, 0xbc, 0xa6, 0xb7, 0xa0, 0x81, 0xbb, 0xa8, 
    0xb7, 0xfb, 0xfc, 0xa0, 0xb7, 0xb3, 0xb6, 0x82, 0xbd, 0xbb, 0xbc, 0xa6, 
    0xb7, 0xa0, 0xfa, 0xfb, 0xe9, 0xa0, 0xb7, 0xa6, 0xa7, 0xa0, 0xbc, 0xf2, 
    0xbc, 0xaf, 0xb4, 0xa7, 0xbc, 0xb1, 0xa6, 0xbb, 0xbd, 0xbc, 0xf2, 0xb6, 
    0xb7, 0xfa, 0xb7, 0xfb, 0xa9, 0xa0, 0xb7, 0xa6, 0xa7, 0xa0, 0xbc, 0xf2, 
    0xbc, 0xb7, 0xa5, 0xf2, 0x82, 0xa0, 0xbd, 0xaa, 0xab, 0xfa, 0xb7, 0xfe, 
    0xa9, 0xb1, 0xb3, 0xb1, 0xba, 0xb7, 0xe8, 0xbc, 0xb7, 0xa5, 0xf2, 0x9f, 
    0xb3, 0xa2, 0xfe, 0xb1, 0xbd, 0xbc, 0xa1, 0xa6, 0xa0, 0xa7, 0xb1, 0xa6, 
    0xfa, 0xa6, 0xfe, 0xbd, 0xfb, 0xa9, 0xbe, 0xb7, 0xa6, 0xf2, 0xbc, 0xef, 
    0xbd, 0x89, 0xe2, 0x8f, 0xfc, 0xa6, 0xbd, 0x87, 0x9b, 0xbc, 0xa6, 0xe1, 
    0xe0, 0xfa, 0xfb, 0xe9, 0xa0, 0xb7, 0xa6, 0xa7, 0xa0, 0xbc, 0xf2, 0xa6, 
    0xba, 0xbb, 0xa1, 0xfc, 0xb1, 0xb3, 0xb1, 0xba, 0xb7, 0xfc, 0xba, 0xb3, 
    0xa1, 0xfa, 0xbc, 0xfb, 0xae, 0xae, 0xa6, 0xba, 0xbb, 0xa1, 0xfc, 0xb1, 
    0xb3, 0xb1, 0xba, 0xb7, 0xfc, 0xa1, 0xb7, 0xa6, 0xfa, 0xbc, 0xfe, 0xbc, 
    0xb7, 0xa5, 0xf2, 0xa6, 0xfa, 0xbd, 0x89, 0xe2, 0x8f, 0xfb, 0xfb, 0xfe, 
    0xa6, 0xba, 0xbb, 0xa1, 0xfc, 0xb1, 0xb3, 0xb1, 0xba, 0xb7, 0xfc, 0xb5, 
    0xb7, 0xa6, 0xfa, 0xbc, 0xfb, 0xaf, 0xaf, 0xfb, 0xaf, 0xa4, 0xb3, 0xa0, 
    0xf2, 0xb1, 0xb7, 0xe9, 0xfa, 0xb4, 0xa7, 0xbc, 0xb1, 0xa6, 0xbb, 0xbd, 
    0xbc, 0xfa, 0xb7, 0xfb, 0xa9, 0xbe, 0xb7, 0xa6, 0xf2, 0xa6, 0xef, 0xfd, 
    0xfa, 0xe4, 0x8e, 0xb6, 0xa9, 0xe1, 0xaf, 0xae, 0xe0, 0xe2, 0x8e, 0xb6, 
    0xa9, 0xe0, 0xaf, 0xae, 0x8e, 0xb6, 0xfb, 0x8e, 0xfc, 0xfa, 0x8e, 0xb6, 
    0xfb, 0x8e, 0xfc, 0xfa, 0x8e, 0xb6, 0xa9, 0xe3, 0xfe, 0xe0, 0xaf, 0xfb, 
    0xfa, 0xed, 0xe8, 0x89, 0xb3, 0xb0, 0xb1, 0xb4, 0xa2, 0x8f, 0xae, 0xa0, 
    0xb1, 0xfb, 0xa9, 0xe2, 0xfe, 0xe0, 0xaf, 0x8e, 0xb6, 0xed, 0xfd, 0xe9, 
    0xb4, 0xa7, 0xbc, 0xb1, 0xa6, 0xbb, 0xbd, 0xbc, 0xf2, 0xbd, 0xfa, 0xb3, 
    0xfb, 0xa9, 0xa0, 0xb7, 0xa6, 0xa7, 0xa0, 0xbc, 0xf2, 0xb3, 0xed, 0xfc, 
    0xbf, 0xb3, 0xa6, 0xb1, 0xba, 0xfa, 0xa6, 0xfb, 0xed, 0xfc, 0x89, 0xe2, 
    0x8f, 0xaf, 0xb7, 0xfc, 0xb4, 0xbb, 0xbc, 0xb6, 0xef, 0xbd, 0xe9, 0xb4, 
    0xa7, 0xbc, 0xb1, 0xa6, 0xbb, 0xbd, 0xbc, 0xf2, 0xbc, 0xfa, 0xb3, 0xfe, 
    0xbb, 0xfb, 0xa9, 0xa0, 0xb7, 0xa6, 0xa7, 0xa0, 0xbc, 0xf2, 0xa1, 0xfa, 
    0xb3, 0xfe, 0xbb, 0xfb, 0xec, 0xef, 0xe2, 0xaf, 0xb7, 0xfc, 0xb5, 0xa6, 
    0xb7, 0xef, 0xbc, 0xe9, 0xb4, 0xa7, 0xbc, 0xb1, 0xa6, 0xbb, 0xbd, 0xbc, 
    0xf2, 0xa0, 0xfa, 0xb3, 0xfe, 0xbb, 0xfb, 0xa9, 0xa0, 0xb7, 0xa6, 0xa7, 
    0xa0, 0xbc, 0xf2, 0xa1, 0xfa, 0xb3, 0xfe, 0xbb, 0xfb, 0xee, 0xe2, 0xaf, 
    0xb7, 0xfc, 0xbe, 0xa6, 0xef, 0xa0, 0xe9, 0xb4, 0xa7, 0xbc, 0xb1, 0xa6, 
    0xbb, 0xbd, 0xbc, 0xf2, 0xa1, 0xfa, 0xb3, 0xfe, 0xbb, 0xfb, 0xa9, 0xbe, 
    0xb7, 0xa6, 0xf2, 0xb1, 0xef, 0xb3, 0xfc, 0xbf, 0xb3, 0xa6, 0xb1, 0xba, 
    0xfa, 0xa6, 0xfb, 0xfe, 0xbe, 0xef, 0xbb, 0xfc, 0xbf, 0xb3, 0xa6, 0xb1, 
    0xba, 0xfa, 0xa6, 0xfb, 0xe9, 0xb4, 0xbd, 0xa0, 0xfa, 0xbe, 0xb7, 0xa6, 
    0xf2, 0xba, 0xef, 0xe3, 0xe9, 0xba, 0xee, 0xef, 0xe1, 0xe9, 0xba, 0xf9, 
    0xf9, 0xfb, 0xa9, 0xbe, 0xb7, 0xa6, 0xf2, 0xa2, 0xef, 0x9c, 0xa7, 0xbf, 
    0xb0, 0xb7, 0xa0, 0xfa, 0xb1, 0xed, 0xfc, 0x89, 0xba, 0x8f, 0xed, 0xed, 
    0xff, 0xe3, 0xfb, 0xfe, 0xab, 0xef, 0x9c, 0xa7, 0xbf, 0xb0, 0xb7, 0xa0, 
    0xfa, 0xbe, 0xed, 0xfc, 0x89, 0xba, 0x8f, 0xed, 0xed, 0xff, 0xe3, 0xfb, 
    0xe9, 0xbb, 0xb4, 0xfa, 0xa2, 0xec, 0xab, 0xfb, 0xa0, 0xb7, 0xa6, 0xa7, 
    0xa0, 0xbc, 0xf2, 0xe3, 0xe9, 0xbb, 0xb4, 0xfa, 0xa2, 0xee, 0xab, 0xfb, 
    0xa0, 0xb7, 0xa6, 0xa7, 0xa0, 0xbc, 0xff, 0xe3, 0xaf, 0xa0, 0xb7, 0xa6, 
    0xa7, 0xa0, 0xbc, 0xf2, 0xe2, 0xaf, 0xaf, 0xfb, 0xfa, 0xb1, 0xb7, 0xae, 
    0xae, 0xfa, 0xb1, 0xb7, 0xef, 0xa9, 0xaf, 0xfb, 0xfb, 0xe9, 0xa4, 0xb3, 
    0xa0, 0xf2, 0xbf, 0xe9, 0xfa, 0xb4, 0xa7, 0xbc, 0xb1, 0xa6, 0xbb, 0xbd, 
    0xbc, 0xfa, 0xb7, 0xfb, 0xa9, 0xb4, 0xa7, 0xbc, 0xb1, 0xa6, 0xbb, 0xbd, 
    0xbc, 0xf2, 0xa6, 0xfa, 0xbb, 0xef, 0x82, 0xa0, 0xbd, 0xb1, 0xb7, 0xa1, 
    0xa1, 0xfc, 0xa2, 0xbd, 0xbb, 0xbc, 0xa6, 0xb7, 0xa0, 0x81, 0xbb, 0xa8, 
    0xb7, 0xfb, 0xa9, 0xa0, 0xb7, 0xa6, 0xa7, 0xa0, 0xbc, 0xf2, 0xb7, 0xfc, 
    0xb7, 0xaa, 0xa2, 0xbd, 0xa0, 0xa6, 0xa1, 0xfc, 0xb3, 0xbe, 0xbe, 0xbd, 
    0xb1, 0xfa, 0xbb, 0xfb, 0xaf, 0xb7, 0xfc, 0xb3, 0xbe, 0xbe, 0xbd, 0xb1, 
    0xef, 0xa6, 0xe9, 0xb4, 0xa7, 0xbc, 0xb1, 0xa6, 0xbb, 0xbd, 0xbc, 0xf2, 
    0xbd, 0xfa, 0xbb, 0xfb, 0xa9, 0xa0, 0xb7, 0xa6, 0xa7, 0xa0, 0xbc, 0xf2, 
    0xb7, 0xfc, 0xb7, 0xaa, 0xa2, 0xbd, 0xa0, 0xa6, 0xa1, 0xfc, 0xb4, 0xa0, 
    0xb7, 0xb7, 0xfa, 0xbb, 0xfb, 0xaf, 0xb7, 0xfc, 0xb4, 0xa0, 0xb7, 0xb7, 
    0xef, 0xbd, 0xe9, 0xb4, 0xa7, 0xbc, 0xb1, 0xa6, 0xbb, 0xbd, 0xbc, 0xf2, 
    0xbc, 0xfa, 0xbb, 0xfe, 0xb1, 0xfb, 0xa9, 0xa1, 0xa5, 0xbb, 0xa6, 0xb1, 
    0xba, 0xfa, 0xb1, 0xfc, 0xb7, 0xbc, 0xa7, 0xbf, 0x84, 0xb3, 0xbe, 0xa7, 
    0xb7, 0xfb, 0xa9, 0xb1, 0xb3, 0xa1, 0xb7, 0xf2, 0xb7, 0xfc, 0x86, 0xab, 
    0xa2, 0xb7, 0xfc, 0x97, 0xbc, 0xa7, 0xbf, 0xfc, 0x90, 0x9d, 0x9d, 0x9e, 
    0x97, 0x93, 0x9c, 0xe8, 0xa0, 0xb7, 0xa6, 0xa7, 0xa0, 0xbc, 0xf3, 0xf3, 
    0xbb, 0xfc, 0xa0, 0xb7, 0xb3, 0xb6, 0x81, 0xea, 0xfa, 0xfb, 0xe9, 0xb1, 
    0xb3, 0xa1, 0xb7, 0xf2, 0xb7, 0xfc, 0x86, 0xab, 0xa2, 0xb7, 0xfc, 0x97, 
    0xbc, 0xa7, 0xbf, 0xfc, 0x90, 0x8b, 0x86, 0x97, 0xe8, 0xa0, 0xb7, 0xa6, 
    0xa7, 0xa0, 0xbc, 0xf2, 0xbb, 0xfc, 0xa0, 0xb7, 0xb3, 0xb6, 0x81, 0xea, 
    0xfa, 0xfb, 0xe9, 0xb1, 0xb3, 0xa1, 0xb7, 0xf2, 0xb7, 0xfc, 0x86, 0xab, 
    0xa2, 0xb7, 0xfc, 0x97, 0xbc, 0xa7, 0xbf, 0xfc, 0x87, 0x90, 0x8b, 0x86, 
    0x97, 0xe8, 0xa0, 0xb7, 0xa6, 0xa7, 0xa0, 0xbc, 0xf2, 0xbb, 0xfc, 0xa0, 
    0xb7, 0xb3, 0xb6, 0x87, 0xea, 0xfa, 0xfb, 0xe9, 0xb1, 0xb3, 0xa1, 0xb7, 
    0xf2, 0xb7, 0xfc, 0x86, 0xab, 0xa2, 0xb7, 0xfc, 0x97, 0xbc, 0xa7, 0xbf, 
    0xfc, 0x81, 0x9a, 0x9d, 0x80, 0x86, 0xe8, 0xa0, 0xb7, 0xa6, 0xa7, 0xa0, 
    0xbc, 0xf2, 0xbb, 0xfc, 0xa0, 0xb7, 0xb3, 0xb6, 0x81, 0xe3, 0xe4, 0xfa, 
    0xfb, 0xe9, 0xb1, 0xb3, 0xa1, 0xb7, 0xf2, 0xb7, 0xfc, 0x86, 0xab, 0xa2, 
    0xb7, 0xfc, 0x97, 0xbc, 0xa7, 0xbf, 0xfc, 0x87, 0x81, 0x9a, 0x9d, 0x80, 
    0x86, 0xe8, 0xa0, 0xb7, 0xa6, 0xa7, 0xa0, 0xbc, 0xf2, 0xbb, 0xfc, 0xa0, 
    0xb7, 0xb3, 0xb6, 0x87, 0xe3, 0xe4, 0xfa, 0xfb, 0xe9, 0xb1, 0xb3, 0xa1, 
    0xb7, 0xf2, 0xb7, 0xfc, 0x86, 0xab, 0xa2, 0xb7, 0xfc, 0x97, 0xbc, 0xa7, 
    0xbf, 0xfc, 0x9b, 0x9c, 0x86, 0xe8, 0xa0, 0xb7, 0xa6, 0xa7, 0xa0, 0xbc, 
    0xf2, 0xbb, 0xfc, 0xa0, 0xb7, 0xb3, 0xb6, 0x81, 0xe1, 0xe0, 0xfa, 0xfb, 
    0xe9, 0xb1, 0xb3, 0xa1, 0xb7, 0xf2, 0xb7, 0xfc, 0x86, 0xab, 0xa2, 0xb7, 
    0xfc, 0x97, 0xbc, 0xa7, 0xbf, 0xfc, 0x87, 0x9b, 0x9c, 0x86, 0xe8, 0xa0, 
    0xb7, 0xa6, 0xa7, 0xa0, 0xbc, 0xf2, 0xbb, 0xfc, 0xa0, 0xb7, 0xb3, 0xb6, 
    0x87, 0xe1, 0xe0, 0xfa, 0xfb, 0xe9, 0xb1, 0xb3, 0xa1, 0xb7, 0xf2, 0xb7, 
    0xfc, 0x86, 0xab, 0xa2, 0xb7, 0xfc, 0x97, 0xbc, 0xa7, 0xbf, 0xfc, 0x91, 
    0x9a, 0x93, 0x80, 0xe8, 0xa0, 0xb7, 0xa6, 0xa7, 0xa0, 0xbc, 0xf2, 0xbb, 
    0xfc, 0xa0, 0xb7, 0xb3, 0xb6, 0x87, 0xe3, 0xe4, 0xfa, 0xfb, 0xe9, 0xb1, 
    0xb3, 0xa1, 0xb7, 0xf2, 0xb7, 0xfc, 0x86, 0xab, 0xa2, 0xb7, 0xfc, 0x97, 
    0xbc, 0xa7, 0xbf, 0xfc, 0x9e, 0x9d, 0x9c, 0x95, 0xe8, 0xa0, 0xb7, 0xa6, 
    0xa7, 0xa0, 0xbc, 0xf2, 0xbb, 0xfc, 0xa0, 0xb7, 0xb3, 0xb6, 0x81, 0xe4, 
    0xe6, 0xfa, 0xfb, 0xe9, 0xb1, 0xb3, 0xa1, 0xb7, 0xf2, 0xb7, 0xfc, 0x86, 
    0xab, 0xa2, 0xb7, 0xfc, 0x97, 0xbc, 0xa7, 0xbf, 0xfc, 0x87, 0x9e, 0x9d, 
    0x9c, 0x95, 0xe8, 0xa0, 0xb7, 0xa6, 0xa7, 0xa0, 0xbc, 0xf2, 0xbb, 0xfc, 
    0xa0, 0xb7, 0xb3, 0xb6, 0x87, 0xe4, 0xe6, 0xfa, 0xfb, 0xe9, 0xb1, 0xb3, 
    0xa1, 0xb7, 0xf2, 0xb7, 0xfc, 0x86, 0xab, 0xa2, 0xb7, 0xfc, 0x97, 0xbc, 
    0xa7, 0xbf, 0xfc, 0x94, 0x9e, 0x9d, 0x93, 0x86, 0xe8, 0xa0, 0xb7, 0xa6, 
    0xa7, 0xa0, 0xbc, 0xf2, 0xbb, 0xfc, 0xa0, 0xb7, 0xb3, 0xb6, 0x94, 0xbe, 
    0xbd, 0xb3, 0xa6, 0xfa, 0xfb, 0xe9, 0xb1, 0xb3, 0xa1, 0xb7, 0xf2, 0xb7, 
    0xfc, 0x86, 0xab, 0xa2, 0xb7, 0xfc, 0x97, 0xbc, 0xa7, 0xbf, 0xfc, 0x96, 
    0x9d, 0x87, 0x90, 0x9e, 0x97, 0xe8, 0xa0, 0xb7, 0xa6, 0xa7, 0xa0, 0xbc, 
    0xf2, 0xbb, 0xfc, 0xa0, 0xb7, 0xb3, 0xb6, 0x96, 0xbd, 0xa7, 0xb0, 0xbe, 
    0xb7, 0xfa, 0xfb, 0xe9, 0xb1, 0xb3, 0xa1, 0xb7, 0xf2, 0xb7, 0xfc, 0x86, 
    0xab, 0xa2, 0xb7, 0xfc, 0x97, 0xbc, 0xa7, 0xbf, 0xfc, 0x9c, 0x9b, 0x9c, 
    0x86, 0xe8, 0xb1, 0xb3, 0xa1, 0xb7, 0xf2, 0xb7, 0xfc, 0x86, 0xab, 0xa2, 
    0xb7, 0xfc, 0x97, 0xbc, 0xa7, 0xbf, 0xfc, 0x9c, 0x87, 0x9b, 0x9c, 0x86, 
    0xe8, 0xa0, 0xb7, 0xa6, 0xa7, 0xa0, 0xbc, 0xf2, 0xbb, 0xfc, 0xa0, 0xb7, 
    0xb3, 0xb6, 0x82, 0xbd, 0xbb, 0xbc, 0xa6, 0xb7, 0xa0, 0xfa, 0xfb, 0xe9, 
    0xb1, 0xb3, 0xa1, 0xb7, 0xf2, 0xb7, 0xfc, 0x86, 0xab, 0xa2, 0xb7, 0xfc, 
    0x97, 0xbc, 0xa7, 0xbf, 0xfc, 0x82, 0x9d, 0x9b, 0x9c, 0x86, 0x97, 0x80, 
    0xe8, 0xa0, 0xb7, 0xa6, 0xa7, 0xa0, 0xbc, 0xf2, 0xbc, 0xb7, 0xa5, 0xf2, 
    0xb7, 0xfc, 0x82, 0xbd, 0xbb, 0xbc, 0xa6, 0xb7, 0xa0, 0xfa, 0xbb, 0xfc, 
    0xa0, 0xb7, 0xb3, 0xb6, 0x82, 0xbd, 0xbb, 0xbc, 0xa6, 0xb7, 0xa0, 0xfa, 
    0xfb, 0xfe, 0xb1, 0xfc, 0xb1, 0xbe, 0xb3, 0xa1, 0xa1, 0xfc, 0xb0, 0xb3, 
    0xa1, 0xb7, 0x86, 0xab, 0xa2, 0xb7, 0xfb, 0xe9, 0xb1, 0xb3, 0xa1, 0xb7, 
    0xf2, 0xb7, 0xfc, 0x86, 0xab, 0xa2, 0xb7, 0xfc, 0x97, 0xbc, 0xa7, 0xbf, 
    0xfc, 0x84, 0x93, 0x9e, 0x87, 0x97, 0x8d, 0x86, 0x8b, 0x82, 0x97, 0xe8, 
    0xa0, 0xb7, 0xa6, 0xa7, 0xa0, 0xbc, 0xf2, 0xbc, 0xb7, 0xa5, 0xf2, 0xb7, 
    0xfc, 0x84, 0xb3, 0xbe, 0xa7, 0xb7, 0x86, 0xab, 0xa2, 0xb7, 0xfa, 0xbb, 
    0xfe, 0xb1, 0xfb, 0xe9, 0xb1, 0xb3, 0xa1, 0xb7, 0xf2, 0xb7, 0xfc, 0x86, 
    0xab, 0xa2, 0xb7, 0xfc, 0x97, 0xbc, 0xa7, 0xbf, 0xfc, 0x9d, 0x90, 0x98, 
    0x97, 0x91, 0x86, 0xe8, 0xb1, 0xb3, 0xa1, 0xb7, 0xf2, 0xb7, 0xfc, 0x86, 
    0xab, 0xa2, 0xb7, 0xfc, 0x97, 0xbc, 0xa7, 0xbf, 0xfc, 0x91, 0x9e, 0x93, 
    0x81, 0x81, 0xe8, 0xa0, 0xb7, 0xa6, 0xa7, 0xa0, 0xbc, 0xf2, 0xbc, 0xb7, 
    0xa5, 0xf2, 0xb7, 0xfc, 0x9d, 0xb0, 0xb8, 0xb7, 0xb1, 0xa6, 0xfa, 0xbb, 
    0xfc, 0xa0, 0xb7, 0xb3, 0xb6, 0x82, 0xbd, 0xbb, 0xbc, 0xa6, 0xb7, 0xa0, 
    0xfa, 0xfb, 0xfb, 0xe9, 0xb1, 0xb3, 0xa1, 0xb7, 0xf2, 0xb7, 0xfc, 0x86, 
    0xab, 0xa2, 0xb7, 0xfc, 0x97, 0xbc, 0xa7, 0xbf, 0xfc, 0x95, 0x97, 0x9c, 
    0x97, 0x80, 0x9b, 0x91, 0x8d, 0x9b, 0x9c, 0x81, 0x86, 0x93, 0x9c, 0x91, 
    0x97, 0xe8, 0xa0, 0xb7, 0xa6, 0xa7, 0xa0, 0xbc, 0xf2, 0xb1, 0xfc, 0xb1, 
    0xbe, 0xb3, 0xa1, 0xa1, 0xfc, 0xbb, 0xa1, 0x84, 0xb3, 0xbe, 0xa7, 0xb7, 
    0x86, 0xab, 0xa2, 0xb7, 0xed, 0xbc, 0xb7, 0xa5, 0xf2, 0xb7, 0xfc, 0x84, 
    0xb3, 0xbe, 0xa7, 0xb7, 0x86, 0xab, 0xa2, 0xb7, 0xfa, 0xbb, 0xfe, 0xb1, 
    0xfb, 0xe8, 0xbc, 0xb7, 0xa5, 0xf2, 0xb7, 0xfc, 0x9d, 0xb0, 0xb8, 0xb7, 
    0xb1, 0xa6, 0xfa, 0xbb, 0xfc, 0xa0, 0xb7, 0xb3, 0xb6, 0x82, 0xbd, 0xbb, 
    0xbc, 0xa6, 0xb7, 0xa0, 0xfa, 0xfb, 0xfb, 0xe9, 0xb1, 0xb3, 0xa1, 0xb7, 
    0xf2, 0xb7, 0xfc, 0x86, 0xab, 0xa2, 0xb7, 0xfc, 0x97, 0xbc, 0xa7, 0xbf, 
    0xfc, 0x81, 0x86, 0x80, 0x9b, 0x9c, 0x95, 0xe8, 0xa0, 0xb7, 0xa6, 0xa7, 
    0xa0, 0xbc, 0xf2, 0xbc, 0xb7, 0xa5, 0xf2, 0xb7, 0xfc, 0x81, 0xa6, 0xa0, 
    0xbb, 0xbc, 0xb5, 0xfa, 0xbb, 0xfc, 0xa0, 0xb7, 0xb3, 0xb6, 0x82, 0xbd, 
    0xbb, 0xbc, 0xa6, 0xb7, 0xa0, 0xfa, 0xfb, 0xfb, 0xe9, 0xb1, 0xb3, 0xa1, 
    0xb7, 0xf2, 0xb7, 0xfc, 0x86, 0xab, 0xa2, 0xb7, 0xfc, 0x97, 0xbc, 0xa7, 
    0xbf, 0xfc, 0x93, 0x80, 0x80, 0x93, 0x8b, 0xe8, 0xb1, 0xb3, 0xa1, 0xb7, 
    0xf2, 0xb7, 0xfc, 0x86, 0xab, 0xa2, 0xb7, 0xfc, 0x97, 0xbc, 0xa7, 0xbf, 
    0xfc, 0x9c, 0x93, 0x80, 0x80, 0x93, 0x8b, 0xe8, 0xa0, 0xb7, 0xa6, 0xa7, 
    0xa0, 0xbc, 0xf2, 0xbc, 0xb7, 0xa5, 0xf2, 0xb7, 0xfc, 0x93, 0xa0, 0xa0, 
    0xb3, 0xab, 0xfa, 0xbb, 0xfc, 0xa0, 0xb7, 0xb3, 0xb6, 0x82, 0xbd, 0xbb, 
    0xbc, 0xa6, 0xb7, 0xa0, 0xfa, 0xfb, 0xfb, 0xaf, 0x8d, 0xfa, 0xb2, 0xb1, 
    0xbd, 0xa7, 0xbe, 0xb6, 0xbc, 0xf5, 0xa6, 0xf2, 0xa0, 0xb7, 0xb3, 0xb6, 
    0xf2, 0xa6, 0xba, 0xb7, 0xf2, 0xa4, 0xb3, 0xbe, 0xa7, 0xb7, 0xf2, 0xb4, 
    0xa0, 0xbd, 0xbf, 0xf2, 0xf6, 0xa9, 0xbb, 0xaf, 0xf2, 0xa7, 0xa1, 0xbb, 
    0xbc, 0xb5, 0xf2, 0xb3, 0xbc, 0xf2, 0xa7, 0xbc, 0xba, 0xb3, 0xbc, 0xb6, 
    0xbe, 0xb7, 0xb6, 0xf2, 0xbd, 0xa0, 0xf2, 0xa7, 0xbc, 0xb9, 0xbc, 0xbd, 
    0xa5, 0xbc, 0xf2, 0xa6, 0xab, 0xa2, 0xb7, 0xf2, 0xf6, 0xa9, 0xb1, 0xfc, 
    0xbc, 0xb3, 0xbf, 0xb7, 0xaf, 0xf2, 0xfa, 0xf6, 0xa9, 0xb1, 0xfc, 0xb7, 
    0xbc, 0xa7, 0xbf, 0x84, 0xb3, 0xbe, 0xa7, 0xb7, 0xaf, 0xfb, 0xfe, 0xf2, 
    0xa2, 0xbe, 0xb7, 0xb3, 0xa1, 0xb7, 0xf2, 0xb4, 0xbb, 0xbe, 0xb7, 0xf2, 
    0xb3, 0xbc, 0xf2, 0xbb, 0xa1, 0xa1, 0xa7, 0xb7, 0xb2, 0xfb, 0xaf, 0xb7, 
    0xfc, 0xa0, 0xb7, 0xb3, 0xb6, 0xef, 0xbc, 0xe9, 0xb4, 0xa7, 0xbc, 0xb1, 
    0xa6, 0xbb, 0xbd, 0xbc, 0xf2, 0xa0, 0xfa, 0xbb, 0xfe, 0xb1, 0xfe, 0xbe, 
    0xfb, 0xa9, 0xa1, 0xa5, 0xbb, 0xa6, 0xb1, 0xba, 0xfa, 0xbe, 0xfc, 0xb7, 
    0xbc, 0xa7, 0xbf, 0x84, 0xb3, 0xbe, 0xa7, 0xb7, 0xfb, 0xa9, 0xb1, 0xb3, 
    0xa1, 0xb7, 0xf2, 0xb7, 0xfc, 0x86, 0xab, 0xa2, 0xb7, 0xfc, 0x97, 0xbc, 
    0xa7, 0xbf, 0xfc, 0x90, 0x9d, 0x9d, 0x9e, 0x97, 0x93, 0x9c, 0xe8, 0xa0, 
    0xb7, 0xa6, 0xa7, 0xa0, 0xbc, 0xf2, 0xbb, 0xfc, 0xa5, 0xa0, 0xbb, 0xa6, 
    0xb7, 0x81, 0xea, 0xfa, 0xf9, 0xb1, 0xfb, 0xe9, 0xb1, 0xb3, 0xa1, 0xb7, 
    0xf2, 0xb7, 0xfc, 0x86, 0xab, 0xa2, 0xb7, 0xfc, 0x97, 0xbc, 0xa7, 0xbf, 
    0xfc, 0x90, 0x8b, 0x86, 0x97, 0xe8, 0xa0, 0xb7, 0xa6, 0xa7, 0xa0, 0xbc, 
    0xf2, 0xbb, 0xfc, 0xa5, 0xa0, 0xbb, 0xa6, 0xb7, 0x81, 0xea, 0xfa, 0xb1, 
    0xfb, 0xe9, 0xb1, 0xb3, 0xa1, 0xb7, 0xf2, 0xb7, 0xfc, 0x86, 0xab, 0xa2, 
    0xb7, 0xfc, 0x97, 0xbc, 0xa7, 0xbf, 0xfc, 0x87, 0x90, 0x8b, 0x86, 0x97, 
    0xe8, 0xa0, 0xb7, 0xa6, 0xa7, 0xa0, 0xbc, 0xf2, 0xbb, 0xfc, 0xa5, 0xa0, 
    0xbb, 0xa6, 0xb7, 0x87, 0xea, 0xfa, 0xb1, 0xfb, 0xe9, 0xb1, 0xb3, 0xa1, 
    0xb7, 0xf2, 0xb7, 0xfc, 0x86, 0xab, 0xa2, 0xb7, 0xfc, 0x97, 0xbc, 0xa7, 
    0xbf, 0xfc, 0x81, 0x9a, 0x9d, 0x80, 0x86, 0xe8, 0xa0, 0xb7, 0xa6, 0xa7, 
    0xa0, 0xbc, 0xf2, 0xbb, 0xfc, 0xa5, 0xa0, 0xbb, 0xa6, 0xb7, 0x81, 0xe3, 
    0xe4, 0xfa, 0xb1, 0xfb, 0xe9, 0xb1, 0xb3, 0xa1, 0xb7, 0xf2, 0xb7, 0xfc, 
    0x86, 0xab, 0xa2, 0xb7, 0xfc, 0x97, 0xbc, 0xa7, 0xbf, 0xfc, 0x87, 0x81, 
    0x9a, 0x9d, 0x80, 0x86, 0xe8, 0xa0, 0xb7, 0xa6, 0xa7, 0xa0, 0xbc, 0xf2, 
    0xbb, 0xfc, 0xa5, 0xa0, 0xbb, 0xa6, 0xb7, 0x87, 0xe3, 0xe4, 0xfa, 0xb1, 
    0xfb, 0xe9, 0xb1, 0xb3, 0xa1, 0xb7, 0xf2, 0xb7, 0xfc, 0x86, 0xab, 0xa2, 
    0xb7, 0xfc, 0x97, 0xbc, 0xa7, 0xbf, 0xfc, 0x9b, 0x9c, 0x86, 0xe8, 0xa0, 
    0xb7, 0xa6, 0xa7, 0xa0, 0xbc, 0xf2, 0xbb, 0xfc, 0xa5, 0xa0, 0xbb, 0xa6, 
    0xb7, 0x81, 0xe1, 0xe0, 0xfa, 0xb1, 0xfb, 0xe9, 0xb1, 0xb3, 0xa1, 0xb7, 
    0xf2, 0xb7, 0xfc, 0x86, 0xab, 0xa2, 0xb7, 0xfc, 0x97, 0xbc, 0xa7, 0xbf, 
    0xfc, 0x87, 0x9b, 0x9c, 0x86, 0xe8, 0xa0, 0xb7, 0xa6, 0xa7, 0xa0, 0xbc, 
    0xf2, 0xbb, 0xfc, 0xa5, 0xa0, 0xbb, 0xa6, 0xb7, 0x87, 0xe1, 0xe0, 0xfa, 
    0xb1, 0xfb, 0xe9, 0xb1, 0xb3, 0xa1, 0xb7, 0xf2, 0xb7, 0xfc, 0x86, 0xab, 
    0xa2, 0xb7, 0xfc, 0x97, 0xbc, 0xa7, 0xbf, 0xfc, 0x91, 0x9a, 0x93, 0x80, 
    0xe8, 0xa0, 0xb7, 0xa6, 0xa7, 0xa0, 0xbc, 0xf2, 0xbb, 0xfc, 0xa5, 0xa0, 
    0xbb, 0xa6, 0xb7, 0x87, 0xe3, 0xe4, 0xfa, 0xb1, 0xfb, 0xe9, 0xb1, 0xb3, 
    0xa1, 0xb7, 0xf2, 0xb7, 0xfc, 0x86, 0xab, 0xa2, 0xb7, 0xfc, 0x97, 0xbc, 
    0xa7, 0xbf, 0xfc, 0x9e, 0x9d, 0x9c, 0x95, 0xe8, 0xa0, 0xb7, 0xa6, 0xa7, 
    0xa0, 0xbc, 0xf2, 0xbb, 0xfc, 0xa5, 0xa0, 0xbb, 0xa6, 0xb7, 0x81, 0xe4, 
    0xe6, 0xfa, 0xb1, 0xfb, 0xe9, 0xb1, 0xb3, 0xa1, 0xb7, 0xf2, 0xb7, 0xfc, 
    0x86, 0xab, 0xa2, 0xb7, 0xfc, 0x97, 0xbc, 0xa7, 0xbf, 0xfc, 0x87, 0x9e, 
    0x9d, 0x9c, 0x95, 0xe8, 0xa0, 0xb7, 0xa6, 0xa7, 0xa0, 0xbc, 0xf2, 0xbb, 
    0xfc, 0xa5, 0xa0, 0xbb, 0xa6, 0xb7, 0x87, 0xe4, 0xe6, 0xfa, 0xb1, 0xfb, 
    0xe9, 0xb1, 0xb3, 0xa1, 0xb7, 0xf2, 0xb7, 0xfc, 0x86, 0xab, 0xa2, 0xb7, 
    0xfc, 0x97, 0xbc, 0xa7, 0xbf, 0xfc, 0x94, 0x9e, 0x9d, 0x93, 0x86, 0xe8, 
    0xa0, 0xb7, 0xa6, 0xa7, 0xa0, 0xbc, 0xf2, 0xbb, 0xfc, 0xa5, 0xa0, 0xbb, 
    0xa6, 0xb7, 0x94, 0xbe, 0xbd, 0xb3, 0xa6, 0xfa, 0xb1, 0xfb, 0xe9, 0xb1, 
    0xb3, 0xa1, 0xb7, 0xf2, 0xb7, 0xfc, 0x86, 0xab, 0xa2, 0xb7, 0xfc, 0x97, 
    0xbc, 0xa7, 0xbf, 0xfc, 0x96, 0x9d, 0x87, 0x90, 0x9e, 0x97, 0xe8, 0xa0, 
    0xb7, 0xa6, 0xa7, 0xa0, 0xbc, 0xf2, 0xbb, 0xfc, 0xa5, 0xa0, 0xbb, 0xa6, 
    0xb7, 0x96, 0xbd, 0xa7, 0xb0, 0xbe, 0xb7, 0xfa, 0xb1, 0xfb, 0xe9, 0xb1, 
    0xb3, 0xa1, 0xb7, 0xf2, 0xb7, 0xfc, 0x86, 0xab, 0xa2, 0xb7, 0xfc, 0x97, 
    0xbc, 0xa7, 0xbf, 0xfc, 0x9c, 0x9b, 0x9c, 0x86, 0xe8, 0xb1, 0xb3, 0xa1, 
    0xb7, 0xf2, 0xb7, 0xfc, 0x86, 0xab, 0xa2, 0xb7, 0xfc, 0x97, 0xbc, 0xa7, 
    0xbf, 0xfc, 0x9c, 0x87, 0x9b, 0x9c, 0x86, 0xe8, 0xb1, 0xb3, 0xa1, 0xb7, 
    0xf2, 0xb7, 0xfc, 0x86, 0xab, 0xa2, 0xb7, 0xfc, 0x97, 0xbc, 0xa7, 0xbf, 
    0xfc, 0x82, 0x9d, 0x9b, 0x9c, 0x86, 0x97, 0x80, 0xe8, 0xb1, 0xb3, 0xa1, 
    0xb7, 0xf2, 0xb7, 0xfc, 0x86, 0xab, 0xa2, 0xb7, 0xfc, 0x97, 0xbc, 0xa7, 
    0xbf, 0xfc, 0x81, 0x86, 0x80, 0x9b, 0x9c, 0x95, 0xe8, 0xb1, 0xb3, 0xa1, 
    0xb7, 0xf2, 0xb7, 0xfc, 0x86, 0xab, 0xa2, 0xb7, 0xfc, 0x97, 0xbc, 0xa7, 
    0xbf, 0xfc, 0x93, 0x80, 0x80, 0x93, 0x8b, 0xe8, 0xb1, 0xb3, 0xa1, 0xb7, 
    0xf2, 0xb7, 0xfc, 0x86, 0xab, 0xa2, 0xb7, 0xfc, 0x97, 0xbc, 0xa7, 0xbf, 
    0xfc, 0x9c, 0x93, 0x80, 0x80, 0x93, 0x8b, 0xe8, 0xa0, 0xb7, 0xa6, 0xa7, 
    0xa0, 0xbc, 0xf2, 0xbb, 0xfc, 0xa5, 0xa0, 0xbb, 0xa6, 0xb7, 0x82, 0xbd, 
    0xbb, 0xbc, 0xa6, 0xb7, 0xa0, 0xfa, 0xb1, 0xfb, 0xe9, 0xb1, 0xb3, 0xa1, 
    0xb7, 0xf2, 0xb7, 0xfc, 0x86, 0xab, 0xa2, 0xb7, 0xfc, 0x97, 0xbc, 0xa7, 
    0xbf, 0xfc, 0x84, 0x93, 0x9e, 0x87, 0x97, 0x8d, 0x86, 0x8b, 0x82, 0x97, 
    0xe8, 0xa0, 0xb7, 0xa6, 0xa7, 0xa0, 0xbc, 0xf2, 0x9f, 0xb7, 0xbf, 0xbd, 
    0xa0, 0xab, 0xfc, 0xb1, 0xbd, 0xa2, 0xab, 0xfa, 0xbb, 0xfe, 0xb1, 0xfe, 
    0xbe, 0xfc, 0xb1, 0xbe, 0xb3, 0xa1, 0xa1, 0xfc, 0xa4, 0xb3, 0xbe, 0xa7, 
    0xb7, 0x86, 0xab, 0xa2, 0xb7, 0x81, 0xbb, 0xa8, 0xb7, 0xfb, 0xfe, 0xbb, 
    0xe9, 0xb1, 0xb3, 0xa1, 0xb7, 0xf2, 0xb7, 0xfc, 0x86, 0xab, 0xa2, 0xb7, 
    0xfc, 0x97, 0xbc, 0xa7, 0xbf, 0xfc, 0x9d, 0x90, 0x98, 0x97, 0x91, 0x86, 
    0xe8, 0xb1, 0xb3, 0xa1, 0xb7, 0xf2, 0xb7, 0xfc, 0x86, 0xab, 0xa2, 0xb7, 
    0xfc, 0x97, 0xbc, 0xa7, 0xbf, 0xfc, 0x91, 0x9e, 0x93, 0x81, 0x81, 0xe8, 
    0xb1, 0xb3, 0xa1, 0xb7, 0xf2, 0xb7, 0xfc, 0x86, 0xab, 0xa2, 0xb7, 0xfc, 
    0x97, 0xbc, 0xa7, 0xbf, 0xfc, 0x95, 0x97, 0x9c, 0x97, 0x80, 0x9b, 0x91, 
    0x8d, 0x9b, 0x9c, 0x81, 0x86, 0x93, 0x9c, 0x91, 0x97, 0xe8, 0xa0, 0xb7, 
    0xa6, 0xa7, 0xa0, 0xbc, 0xf2, 0xb1, 0xf2, 0xbb, 0xbc, 0xa1, 0xa6, 0xb3, 
    0xbc, 0xb1, 0xb7, 0xbd, 0xb4, 0xf2, 0xb7, 0xfc, 0x84, 0xb3, 0xbe, 0xa7, 
    0xb7, 0x86, 0xab, 0xa2, 0xb7, 0xed, 0xfa, 0x9f, 0xb7, 0xbf, 0xbd, 0xa0, 
    0xab, 0xfc, 0xb1, 0xbd, 0xa2, 0xab, 0xfa, 0xbb, 0xfe, 0xb1, 0xfe, 0xbe, 
    0xfc, 0xb1, 0xbe, 0xb3, 0xa1, 0xa1, 0xfc, 0xa4, 0xb3, 0xbe, 0xa7, 0xb7, 
    0x86, 0xab, 0xa2, 0xb7, 0x81, 0xbb, 0xa8, 0xb7, 0xfb, 0xfe, 0xbb, 0xfb, 
    0xe8, 0xbb, 0xfc, 0xa5, 0xa0, 0xbb, 0xa6, 0xb7, 0x82, 0xbd, 0xbb, 0xbc, 
    0xa6, 0xb7, 0xa0, 0xfa, 0xb1, 0xfb, 0xaf, 0x8d, 0xfa, 0xb2, 0xb1, 0xbd, 
    0xa7, 0xbe, 0xb6, 0xbc, 0xf5, 0xa6, 0xf2, 0xa5, 0xa0, 0xbb, 0xa6, 0xb7, 
    0xf2, 0xa4, 0xb3, 0xbe, 0xa7, 0xb7, 0xf2, 0xf6, 0xa9, 0xb1, 0xaf, 0xf2, 
    0xa6, 0xbd, 0xf2, 0xf6, 0xa9, 0xbb, 0xaf, 0xf2, 0xa7, 0xa1, 0xbb, 0xbc, 
    0xb5, 0xf2, 0xb3, 0xbc, 0xf2, 0xa7, 0xbc, 0xba, 0xb3, 0xbc, 0xb6, 0xbe, 
    0xb7, 0xb6, 0xf2, 0xbd, 0xa0, 0xf2, 0xa7, 0xbc, 0xb9, 0xbc, 0xbd, 0xa5, 
    0xbc, 0xf2, 0xa6, 0xab, 0xa2, 0xb7, 0xf2, 0xf6, 0xa9, 0xbe, 0xfc, 0xbc, 
    0xb3, 0xbf, 0xb7, 0xaf, 0xf2, 0xfa, 0xf6, 0xa9, 0xbe, 0xfc, 0xb7, 0xbc, 
    0xa7, 0xbf, 0x84, 0xb3, 0xbe, 0xa7, 0xb7, 0xaf, 0xfb, 0xfe, 0xf2, 0xa2, 
    0xbe, 0xb7, 0xb3, 0xa1, 0xb7, 0xf2, 0xb4, 0xbb, 0xbe, 0xb7, 0xf2, 0xb3, 
    0xbc, 0xf2, 0xbb, 0xa1, 0xa1, 0xa7, 0xb7, 0xb2, 0xfb, 0xaf, 0xb7, 0xfc, 
    0xa5, 0xa0, 0xbb, 0xa6, 0xb7, 0xef, 0xa0, 0xe9, 0xb4, 0xa7, 0xbc, 0xb1, 
    0xa6, 0xbb, 0xbd, 0xbc, 0xf2, 0xa1, 0xfa, 0xbb, 0xfe, 0xb1, 0xfb, 0xa9, 
    0xbb, 0xb4, 0xfa, 0xb5, 0xbe, 0xbd, 0xb0, 0xb3, 0xbe, 0x86, 0xba, 0xbb, 
    0xa1, 0xfc, 0x93, 0xa0, 0xa0, 0xb3, 0xab, 0xfc, 0xbb, 0xa1, 0x93, 0xa0, 
    0xa0, 0xb3, 0xab, 0xfa, 0xbb, 0xfb, 0xfb, 0xa9, 0xbe, 0xb7, 0xa6, 0xf2, 
    0xbe, 0xef, 0x9f, 0xb7, 0xbf, 0xbd, 0xa0, 0xab, 0xfc, 0xb3, 0xbe, 0xbe, 
    0xbd, 0xb1, 0xfa, 0xb1, 0xfc, 0xb1, 0xbe, 0xb3, 0xa1, 0xa1, 0xfc, 0xa4, 
    0xb3, 0xbe, 0xa7, 0xb7, 0x86, 0xab, 0xa2, 0xb7, 0x81, 0xbb, 0xa8, 0xb7, 
    0xfb, 0xfe, 0xba, 0xef, 0xb1, 0xfc, 0xb1, 0xbe, 0xb3, 0xa1, 0xa1, 0xfc, 
    0xb4, 0xbb, 0xb7, 0xbe, 0xb6, 0xa1, 0xfc, 0xb4, 0xbb, 0xbe, 0xa6, 0xb7, 
    0xa0, 0xfa, 0xa2, 0xef, 0xec, 0xf3, 0xa2, 0xfc, 0xbb, 0xa1, 0x81, 0xa6, 
    0xb3, 0xa6, 0xbb, 0xb1, 0xfb, 0xe9, 0xb4, 0xbd, 0xa0, 0xfa, 0xbe, 0xb7, 
    0xa6, 0xf2, 0xa2, 0xef, 0xe2, 0xe9, 0xa2, 0xee, 0xba, 0xfc, 0xbe, 0xb7, 
    0xbc, 0xb5, 0xa6, 0xba, 0xe9, 0xa2, 0xf9, 0xf9, 0xfb, 0xa9, 0xbe, 0xb7, 
    0xa6, 0xf2, 0xab, 0xef, 0xa1, 0xfa, 0xbb, 0x89, 0xa2, 0x8f, 0xfe, 0xba, 
    0x89, 0xa2, 0x8f, 0xfc, 0xa6, 0xab, 0xa2, 0xb7, 0xfb, 0xe9, 0xa0, 0xfa, 
    0xbe, 0xfc, 0xb3, 0xb6, 0xb6, 0xfa, 0xba, 0x89, 0xa2, 0x8f, 0xfc, 0xbd, 
    0xb4, 0xb4, 0xa1, 0xb7, 0xa6, 0xfb, 0xfc, 0xa1, 0xa7, 0xb0, 0xfa, 0xb7, 
    0xfc, 0x9d, 0xb0, 0xb8, 0xb7, 0xb1, 0xa6, 0xfc, 0xba, 0xb7, 0xb3, 0xb6, 
    0xb7, 0xa0, 0x81, 0xbb, 0xa8, 0xb7, 0xfb, 0xfe, 0xab, 0xfe, 0xba, 0x89, 
    0xa2, 0x8f, 0xfc, 0xa6, 0xab, 0xa2, 0xb7, 0xfb, 0xaf, 0xa0, 0xb7, 0xa6, 
    0xa7, 0xa0, 0xbc, 0xf2, 0xbc, 0xb7, 0xa5, 0xf2, 0xb7, 0xfc, 0x84, 0xb3, 
    0xbe, 0xa7, 0xb7, 0x86, 0xab, 0xa2, 0xb7, 0xfa, 0xbe, 0xfe, 0xb1, 0xfb, 
    0xaf, 0xb7, 0xbe, 0xa1, 0xb7, 0xf2, 0xbb, 0xb4, 0xfa, 0xbb, 0xf2, 0xbb, 
    0xbc, 0xa1, 0xa6, 0xb3, 0xbc, 0xb1, 0xb7, 0xbd, 0xb4, 0xf2, 0x9c, 0xb3, 
    0xa6, 0xbb, 0xa4, 0xb7, 0x82, 0xbd, 0xbb, 0xbc, 0xa6, 0xb7, 0xa0, 0xfb, 
    0xa9, 0xbb, 0xb4, 0xfa, 0xb1, 0xfc, 0xbb, 0xa1, 0x90, 0xab, 0x80, 0xb7, 
    0xb4, 0xb7, 0xa0, 0xb7, 0xbc, 0xb1, 0xb7, 0xfb, 0xa0, 0xb7, 0xa6, 0xa7, 
    0xa0, 0xbc, 0xf2, 0xbc, 0xb7, 0xa5, 0xf2, 0xb7, 0xfc, 0x80, 0xb7, 0xb4, 
    0xb7, 0xa0, 0xb7, 0xbc, 0xb1, 0xb7, 0xfa, 0xbb, 0xfe, 0xb1, 0xfb, 0xe9, 
    0xa1, 0xa5, 0xbb, 0xa6, 0xb1, 0xba, 0xfa, 0xb1, 0xfc, 0xb7, 0xbc, 0xa7, 
    0xbf, 0x84, 0xb3, 0xbe, 0xa7, 0xb7, 0xfb, 0xa9, 0xb1, 0xb3, 0xa1, 0xb7, 
    0xf2, 0xb7, 0xfc, 0x86, 0xab, 0xa2, 0xb7, 0xfc, 0x97, 0xbc, 0xa7, 0xbf, 
    0xfc, 0x82, 0x9d, 0x9b, 0x9c, 0x86, 0x97, 0x80, 0xe8, 0xa0, 0xb7, 0xa6, 
    0xa7, 0xa0, 0xbc, 0xf2, 0xbc, 0xb7, 0xa5, 0xf2, 0xb7, 0xfc, 0x82, 0xbd, 
    0xbb, 0xbc, 0xa6, 0xb7, 0xa0, 0xfa, 0xbb, 0xfe, 0xb1, 0xfc, 0xb1, 0xbe, 
    0xb3, 0xa1, 0xa1, 0xfc, 0xb0, 0xb3, 0xa1, 0xb7, 0x86, 0xab, 0xa2, 0xb7, 
    0xfb, 0xe9, 0xb1, 0xb3, 0xa1, 0xb7, 0xf2, 0xb7, 0xfc, 0x86, 0xab, 0xa2, 
    0xb7, 0xfc, 0x97, 0xbc, 0xa7, 0xbf, 0xfc, 0x81, 0x86, 0x80, 0x9b, 0x9c, 
    0x95, 0xe8, 0xa0, 0xb7, 0xa6, 0xa7, 0xa0, 0xbc, 0xf2, 0xbc, 0xb7, 0xa5, 
    0xf2, 0xb7, 0xfc, 0x81, 0xa6, 0xa0, 0xbb, 0xbc, 0xb5, 0xfa, 0xbb, 0xfb, 
    0xe9, 0xb1, 0xb3, 0xa1, 0xb7, 0xf2, 0xb7, 0xfc, 0x86, 0xab, 0xa2, 0xb7, 
    0xfc, 0x97, 0xbc, 0xa7, 0xbf, 0xfc, 0x91, 0x9e, 0x93, 0x81, 0x81, 0xe8, 
    0xb1, 0xb3, 0xa1, 0xb7, 0xf2, 0xb7, 0xfc, 0x86, 0xab, 0xa2, 0xb7, 0xfc, 
    0x97, 0xbc, 0xa7, 0xbf, 0xfc, 0x95, 0x97, 0x9c, 0x97, 0x80, 0x9b, 0x91, 
    0x8d, 0x9b, 0x9c, 0x81, 0x86, 0x93, 0x9c, 0x91, 0x97, 0xe8, 0xb1, 0xb3, 
    0xa1, 0xb7, 0xf2, 0xb7, 0xfc, 0x86, 0xab, 0xa2, 0xb7, 0xfc, 0x97, 0xbc, 
    0xa7, 0xbf, 0xfc, 0x9d, 0x90, 0x98, 0x97, 0x91, 0x86, 0xe8, 0xa0, 0xb7, 
    0xa6, 0xa7, 0xa0, 0xbc, 0xf2, 0xbc, 0xb7, 0xa5, 0xf2, 0xb7, 0xfc, 0x9d, 
    0xb0, 0xb8, 0xb7, 0xb1, 0xa6, 0xfa, 0xbb, 0xfb, 0xe9, 0xb1, 0xb3, 0xa1, 
    0xb7, 0xf2, 0xb7, 0xfc, 0x86, 0xab, 0xa2, 0xb7, 0xfc, 0x97, 0xbc, 0xa7, 
    0xbf, 0xfc, 0x93, 0x80, 0x80, 0x93, 0x8b, 0xe8, 0xb1, 0xb3, 0xa1, 0xb7, 
    0xf2, 0xb7, 0xfc, 0x86, 0xab, 0xa2, 0xb7, 0xfc, 0x97, 0xbc, 0xa7, 0xbf, 
    0xfc, 0x9c, 0x93, 0x80, 0x80, 0x93, 0x8b, 0xe8, 0xa0, 0xb7, 0xa6, 0xa7, 
    0xa0, 0xbc, 0xf2, 0xbc, 0xb7, 0xa5, 0xf2, 0xb7, 0xfc, 0x93, 0xa0, 0xa0, 
    0xb3, 0xab, 0xfa, 0xbb, 0xfb, 0xe9, 0xb6, 0xb7, 0xb4, 0xb3, 0xa7, 0xbe, 
    0xa6, 0xe8, 0xa0, 0xb7, 0xa6, 0xa7, 0xa0, 0xbc, 0xf2, 0xbb, 0xaf, 0xaf, 
    0xb7, 0xbe, 0xa1, 0xb7, 0xf2, 0xa0, 0xb7, 0xa6, 0xa7, 0xa0, 0xbc, 0xf2, 
    0xb1, 0xfc, 0xb7, 0xbc, 0xa7, 0xbf, 0x84, 0xb3, 0xbe, 0xa7, 0xb7, 0xef, 
    0xef, 0xb7, 0xfc, 0x86, 0xab, 0xa2, 0xb7, 0xfc, 0x97, 0xbc, 0xa7, 0xbf, 
    0xfc, 0x90, 0x9d, 0x9d, 0x9e, 0x97, 0x93, 0x9c, 0xed, 0xf3, 0xf3, 0xbb, 
    0xe8, 0xb1, 0xfc, 0xb7, 0xbc, 0xa7, 0xbf, 0x84, 0xb3, 0xbe, 0xa7, 0xb7, 
    0xef, 0xef, 0xb7, 0xfc, 0x86, 0xab, 0xa2, 0xb7, 0xfc, 0x97, 0xbc, 0xa7, 
    0xbf, 0xfc, 0x84, 0x93, 0x9e, 0x87, 0x97, 0x8d, 0x86, 0x8b, 0x82, 0x97, 
    0xf4, 0xf4, 0xb1, 0xfc, 0xb1, 0xbe, 0xb3, 0xa1, 0xa1, 0xfc, 0xbb, 0xa1, 
    0x97, 0xbc, 0xa7, 0xbf, 0xed, 0xa1, 0xfa, 0x89, 0xbb, 0x8f, 0xfe, 0xb1, 
    0xfb, 0xe8, 0xbb, 0xaf, 0xb7, 0xfc, 0xb4, 0xa0, 0xbd, 0xbf, 0x94, 0xa0, 
    0xbb, 0xb6, 0xb3, 0x84, 0xb3, 0xbe, 0xa7, 0xb7, 0xef, 0xa1, 0xe9, 0xb4, 
    0xa7, 0xbc, 0xb1, 0xa6, 0xbb, 0xbd, 0xbc, 0xf2, 0xb3, 0xfa, 0xbb, 0xfb, 
    0xa9, 0xbb, 0xb4, 0xfa, 0xa6, 0xab, 0xa2, 0xb7, 0xbd, 0xb4, 0xf2, 0xbb, 
    0xef, 0xef, 0xf0, 0xb0, 0xbd, 0xbd, 0xbe, 0xb7, 0xb3, 0xbc, 0xf0, 0xfb, 
    0xa0, 0xb7, 0xa6, 0xa7, 0xa0, 0xbc, 0xf9, 0xbb, 0xe9, 0xbb, 0xb4, 0xfa, 
    0xbb, 0xf2, 0xbb, 0xbc, 0xa1, 0xa6, 0xb3, 0xbc, 0xb1, 0xb7, 0xbd, 0xb4, 
    0xf2, 0xb7, 0xfc, 0x84, 0xb3, 0xbe, 0xa7, 0xb7, 0x86, 0xab, 0xa2, 0xb7, 
    0xfb, 0xa9, 0xbb, 0xb4, 0xfa, 0xbb, 0xfc, 0xa6, 0xab, 0xa2, 0xb7, 0xfc, 
    0xb1, 0xbe, 0xb3, 0xa1, 0xa1, 0xfc, 0xbb, 0xa1, 0x97, 0xbc, 0xa7, 0xbf, 
    0xfb, 0xa0, 0xb7, 0xa6, 0xa7, 0xa0, 0xbc, 0xf2, 0xbb, 0xfc, 0xb4, 0xbb, 
    0xb7, 0xbe, 0xb6, 0xfa, 0xf0, 0xa4, 0xb3, 0xbe, 0xa7, 0xb7, 0x8d, 0x8d, 
    0xf0, 0xfb, 0xfc, 0xa4, 0xb3, 0xbe, 0xa7, 0xb7, 0xe9, 0xa9, 0xbe, 0xb7, 
    0xa6, 0xf2, 0xb1, 0xef, 0xbb, 0xfc, 0xa6, 0xab, 0xa2, 0xb7, 0xfc, 0xb1, 
    0xbe, 0xb3, 0xa1, 0xa1, 0xfc, 0xb4, 0xbb, 0xb7, 0xbe, 0xb6, 0xa1, 0xfc, 
    0xb4, 0xbb, 0xbe, 0xa6, 0xb7, 0xa0, 0xfa, 0xbe, 0xef, 0xec, 0xf3, 0xbe, 
    0xfc, 0xbb, 0xa1, 0x81, 0xa6, 0xb3, 0xa6, 0xbb, 0xb1, 0xfb, 0xfc, 0xbf, 
    0xb3, 0xa2, 0xfa, 0xbe, 0xef, 0xec, 0xb3, 0xfa, 0xbe, 0xfc, 0xb0, 0xbb, 
    0xbc, 0xb6, 0xfa, 0xbb, 0xfb, 0xfc, 0xa4, 0xb3, 0xbe, 0xa7, 0xb7, 0xfb, 
    0xfb, 0xe9, 0xa0, 0xb7, 0xa6, 0xa7, 0xa0, 0xbc, 0xf2, 0xb1, 0xfc, 0xbe, 
    0xb7, 0xbc, 0xb5, 0xa6, 0xba, 0xef, 0xef, 0xe2, 0xed, 0x89, 0xe2, 0x8f, 
    0xe8, 0xb1, 0xaf, 0xaf, 0xb7, 0xbe, 0xa1, 0xb7, 0xf2, 0xa0, 0xb7, 0xa6, 
    0xa7, 0xa0, 0xbc, 0xf2, 0xbb, 0xaf, 0xb7, 0xfc, 0xa6, 0xbd, 0x94, 0xa0, 
    0xbb, 0xb6, 0xb3, 0x84, 0xb3, 0xbe, 0xa7, 0xb7, 0xef, 0xb3, 0xaf, 0xfb, 
    0xfa, 0xbf, 0xae, 0xae, 0xfa, 0xbf, 0xef, 0xa9, 0xaf, 0xfb, 0xfb, 0xe9, 
    0xa4, 0xb3, 0xa0, 0xf2, 0xbf, 0xe9, 0xfa, 0xb4, 0xa7, 0xbc, 0xb1, 0xa6, 
    0xbb, 0xbd, 0xbc, 0xfa, 0xb7, 0xfb, 0xa9, 0xb8, 0xfa, 0xb7, 0xfe, 0xf0, 
    0xbf, 0xbd, 0xb6, 0xa7, 0xbe, 0xb7, 0xf0, 0xfe, 0xfa, 0xfb, 0xef, 0xec, 
    0xbd, 0xfa, 0xfb, 0xed, 0xed, 0x8d, 0xfa, 0xf0, 0x91, 0xbd, 0xa7, 0xbe, 
    0xb6, 0xf2, 0xbc, 0xbd, 0xa6, 0xf2, 0xb4, 0xbb, 0xbc, 0xb6, 0xf2, 0x9b, 
    0x9e, 0xe0, 0x91, 0x82, 0x82, 0xf2, 0xbf, 0xbd, 0xb6, 0xa7, 0xbe, 0xb7, 
    0xf0, 0xfb, 0xfb, 0xe9, 0xb3, 0xa1, 0xab, 0xbc, 0xb1, 0xf2, 0xb4, 0xa7, 
    0xbc, 0xb1, 0xa6, 0xbb, 0xbd, 0xbc, 0xf2, 0xa6, 0xfa, 0xa0, 0xef, 0xf3, 
    0xe3, 0xfb, 0xa9, 0xbe, 0xb7, 0xa6, 0xf2, 0xa1, 0xef, 0xbd, 0xfa, 0xfb, 
    0xed, 0xed, 0xb3, 0xa5, 0xb3, 0xbb, 0xa6, 0xf2, 0xbc, 0xb7, 0xa5, 0xf2, 
    0x82, 0xa0, 0xbd, 0xbf, 0xbb, 0xa1, 0xb7, 0xfa, 0xb3, 0xef, 0xec, 0xa9, 
    0xbe, 0xb7, 0xa6, 0x89, 0xbb, 0xfe, 0xb1, 0x8f, 0xef, 0xbc, 0xfa, 0xfb, 
    0xfe, 0xbe, 0xef, 0xa1, 0xb7, 0xa6, 0x86, 0xbb, 0xbf, 0xb7, 0xbd, 0xa7, 
    0xa6, 0xfa, 0xfa, 0xfb, 0xef, 0xec, 0xa9, 0xbe, 0xb7, 0xfa, 0xb2, 0xb3, 
    0xb4, 0xa6, 0xb7, 0xa0, 0xf2, 0xe3, 0xe2, 0xf2, 0xa1, 0xb7, 0xb1, 0xbd, 
    0xbc, 0xb6, 0xa1, 0xfe, 0xf2, 0x9b, 0x9e, 0xe0, 0x91, 0x82, 0x82, 0xf2, 
    0xbf, 0xbd, 0xb6, 0xa7, 0xbe, 0xb7, 0xf2, 0xf5, 0xf6, 0xa9, 0xbb, 0xaf, 
    0xf5, 0xf2, 0xba, 0xb3, 0xa1, 0xf2, 0xbc, 0xbd, 0xa6, 0xf2, 0xb0, 0xb7, 
    0xb7, 0xbc, 0xf2, 0xbe, 0xbd, 0xb3, 0xb6, 0xb7, 0xb6, 0xf2, 0xab, 0xb7, 
    0xa6, 0xfe, 0xf2, 0xbb, 0xa1, 0xf2, 0xa6, 0xba, 0xb7, 0xf2, 0xb3, 0xa2, 
    0xa2, 0xf2, 0xa0, 0xa7, 0xbc, 0xbc, 0xbb, 0xbc, 0xb5, 0xed, 0xb2, 0xfb, 
    0xaf, 0xfe, 0xe3, 0xb7, 0xe6, 0xfb, 0xfe, 0xba, 0xef, 0x82, 0xa0, 0xbd, 
    0xb1, 0xb7, 0xa1, 0xa1, 0xfc, 0xb3, 0xa6, 0xa6, 0xb3, 0xb1, 0xba, 0x9f, 
    0xbd, 0xb6, 0xa7, 0xbe, 0xb7, 0x9d, 0xb0, 0xa1, 0xb7, 0xa0, 0xa4, 0xb7, 
    0xa0, 0xfa, 0xa9, 0xbd, 0xbc, 0x93, 0xb6, 0xb6, 0xb7, 0xb6, 0xfa, 0xa2, 
    0xfb, 0xa9, 0xfa, 0xa2, 0xfc, 0xbc, 0xb3, 0xbf, 0xb7, 0xef, 0xef, 0xbb, 
    0xae, 0xae, 0xb1, 0xf4, 0xf4, 0xa2, 0xfc, 0xbc, 0xb3, 0xbf, 0xb7, 0xef, 
    0xef, 0xb1, 0xfb, 0xf4, 0xf4, 0xfa, 0xb1, 0xbe, 0xb7, 0xb3, 0xa0, 0x86, 
    0xbb, 0xbf, 0xb7, 0xbd, 0xa7, 0xa6, 0xfa, 0xbe, 0xfb, 0xfe, 0xa1, 0xb7, 
    0xa6, 0x9b, 0xbf, 0xbf, 0xb7, 0xb6, 0xbb, 0xb3, 0xa6, 0xb7, 0xfa, 0xfa, 
    0xfb, 0xef, 0xec, 0xa9, 0xb3, 0xfa, 0xa2, 0xfb, 0xfe, 0xba, 0xfc, 0xb6, 
    0xb7, 0xa6, 0xb3, 0xb1, 0xba, 0xfa, 0xfb, 0xaf, 0xfb, 0xfb, 0xaf, 0xaf, 
    0xfb, 0xaf, 0xfb, 0xe9, 0xa0, 0xb7, 0xa6, 0xa7, 0xa0, 0xbc, 0xf2, 0x80, 
    0xb7, 0xb4, 0xbe, 0xb7, 0xb1, 0xa6, 0xfc, 0xb6, 0xb7, 0xb4, 0xbb, 0xbc, 
    0xb7, 0x82, 0xa0, 0xbd, 0xa2, 0xb7, 0xa0, 0xa6, 0xab, 0xfa, 0xb7, 0xfe, 
    0xf0, 0xbf, 0xbd, 0xb6, 0xa7, 0xbe, 0xb7, 0xf0, 0xfe, 0xa9, 0xa4, 0xb3, 
    0xbe, 0xa7, 0xb7, 0xe8, 0xa1, 0xaf, 0xfb, 0xfe, 0xb7, 0xfc, 0xb7, 0xaa, 
    0xa2, 0xbd, 0xa0, 0xa6, 0xa1, 0xfc, 0xb5, 0xb7, 0xa6, 0x91, 0xbd, 0xa0, 
    0xbe, 0xbb, 0xb0, 0xfa, 0xfb, 0xfc, 0xbb, 0xa1, 0x9c, 0xa7, 0xbe, 0xbe, 
    0xfa, 0xfb, 0xed, 0xb3, 0xa5, 0xb3, 0xbb, 0xa6, 0xf2, 0xbc, 0xb7, 0xa5, 
    0xf2, 0x82, 0xa0, 0xbd, 0xbf, 0xbb, 0xa1, 0xb7, 0xfa, 0xb3, 0xef, 0xec, 
    0xa9, 0xbe, 0xb7, 0xa6, 0xf2, 0xbb, 0xef, 0xa1, 0xb7, 0xa6, 0x86, 0xbb, 
    0xbf, 0xb7, 0xbd, 0xa7, 0xa6, 0xfa, 0xfa, 0xfb, 0xef, 0xec, 0xa9, 0xb7, 
    0xfc, 0xb7, 0xaa, 0xa2, 0xbd, 0xa0, 0xa6, 0xa1, 0xfc, 0xb5, 0xb7, 0xa6, 
    0x91, 0xbd, 0xa0, 0xbe, 0xbb, 0xb0, 0xfa, 0xfb, 0xfc, 0xbb, 0xa1, 0x9c, 
    0xa7, 0xbe, 0xbe, 0xfa, 0xfb, 0xae, 0xae, 0xfa, 0xbe, 0xb7, 0xfa, 0xf0, 
    0xa0, 0xb7, 0xa1, 0xa7, 0xbf, 0xbb, 0xbc, 0xb5, 0xf2, 0xb7, 0xaa, 0xb7, 
    0xb1, 0xa7, 0xa6, 0xbb, 0xbd, 0xbc, 0xf2, 0xb6, 0xb7, 0xa1, 0xa2, 0xbb, 
    0xa6, 0xb7, 0xf2, 0x9b, 0x9e, 0xe0, 0x91, 0x82, 0x82, 0xf2, 0xbb, 0xbc, 
    0xbb, 0xa6, 0xbb, 0xb3, 0xbe, 0xbb, 0xa8, 0xb3, 0xa6, 0xbb, 0xbd, 0xbc, 
    0xf2, 0xbc, 0xbd, 0xa6, 0xf2, 0xb0, 0xb7, 0xbb, 0xbc, 0xb5, 0xf2, 0xb1, 
    0xb3, 0xa2, 0xa6, 0xa7, 0xa0, 0xb7, 0xb6, 0xf2, 0xbb, 0xbc, 0xf2, 0xa6, 
    0xbb, 0xbf, 0xb7, 0xfe, 0xf2, 0xa2, 0xbe, 0xb7, 0xb3, 0xa1, 0xb7, 0xf2, 
    0xbd, 0xa2, 0xb7, 0xbc, 0xf2, 0xb3, 0xbc, 0xf2, 0xbb, 0xa1, 0xa1, 0xa7, 
    0xb7, 0xf2, 0xb3, 0xa1, 0xf2, 0xa6, 0xba, 0xbb, 0xa1, 0xf2, 0xbb, 0xa1, 
    0xf2, 0xa1, 0xa7, 0xb0, 0xbd, 0xa2, 0xa6, 0xbb, 0xbf, 0xb3, 0xbe, 0xf0, 
    0xfb, 0xfe, 0xb1, 0xfc, 0xb6, 0xb7, 0xa6, 0xb3, 0xb1, 0xba, 0xfa, 0xfb, 
    0xfe, 0xb3, 0xfa, 0xf3, 0xe3, 0xfb, 0xfb, 0xaf, 0xfe, 0xe3, 0xb7, 0xe1, 
    0xfb, 0xfe, 0xb1, 0xef, 0x9b, 0xbc, 0xa6, 0xb7, 0xa0, 0xb1, 0xb7, 0xa2, 
    0xa6, 0xbd, 0xa0, 0xfc, 0xb3, 0xa6, 0xa6, 0xb3, 0xb1, 0xba, 0xfa, 0xb7, 
    0xfc, 0xb7, 0xaa, 0xa2, 0xbd, 0xa0, 0xa6, 0xa1, 0xfc, 0xbb, 0xbc, 0xbb, 
    0xa6, 0xbb, 0xb3, 0xbe, 0xbb, 0xa8, 0xb7, 0xfe, 0xa9, 0xbd, 0xbc, 0x97, 
    0xbc, 0xa6, 0xb7, 0xa0, 0xfa, 0xfb, 0xa9, 0xb1, 0xbe, 0xb7, 0xb3, 0xa0, 
    0x86, 0xbb, 0xbf, 0xb7, 0xbd, 0xa7, 0xa6, 0xfa, 0xbb, 0xfb, 0xaf, 0xfe, 
    0xbd, 0xbc, 0x9e, 0xb7, 0xb3, 0xa4, 0xb7, 0xfa, 0xfb, 0xa9, 0xb1, 0xfc, 
    0xb6, 0xb7, 0xa6, 0xb3, 0xb1, 0xba, 0xfa, 0xfb, 0xfe, 0xa0, 0xed, 0xb3, 
    0xfa, 0xf3, 0xe2, 0xfb, 0xe8, 0xa1, 0xb7, 0xa6, 0x9b, 0xbf, 0xbf, 0xb7, 
    0xb6, 0xbb, 0xb3, 0xa6, 0xb7, 0xfa, 0xfa, 0xfb, 0xef, 0xec, 0xb3, 0xfa, 
    0xf3, 0xe3, 0xfb, 0xfb, 0xaf, 0xaf, 0xfb, 0xaf, 0xfb, 0xe8, 0xf3, 0xe3, 
    0xaf, 0xb7, 0xfc, 0xbb, 0xbc, 0xbb, 0xa6, 0xbb, 0xb3, 0xbe, 0xbb, 0xa8, 
    0xb7, 0xef, 0xa6, 0xe9, 0xb4, 0xa7, 0xbc, 0xb1, 0xa6, 0xbb, 0xbd, 0xbc, 
    0xf2, 0xbd, 0xfa, 0xfb, 0xa9, 0xbe, 0xb7, 0xa6, 0x89, 0xa0, 0xfe, 0xa1, 
    0x8f, 0xef, 0xbc, 0xfa, 0xfb, 0xe9, 0xa0, 0xb7, 0xa6, 0xa7, 0xa0, 0xbc, 
    0xf2, 0x82, 0xa0, 0xbd, 0xb1, 0xb7, 0xa1, 0xa1, 0xfc, 0xb4, 0xbb, 0xbc, 
    0xb6, 0x9f, 0xbd, 0xb6, 0xa7, 0xbe, 0xb7, 0x90, 0xab, 0x9c, 0xb3, 0xbf, 
    0xb7, 0xfa, 0xa0, 0xfb, 0xed, 0xed, 0x82, 0xa0, 0xbd, 0xb1, 0xb7, 0xa1, 
    0xa1, 0xfc, 0xb4, 0xbb, 0xbc, 0xb6, 0x9f, 0xbd, 0xb6, 0xa7, 0xbe, 0xb7, 
    0x90, 0xab, 0x9c, 0xb3, 0xbf, 0xb7, 0xfa, 0xa1, 0xed, 0xed, 0xa0, 0xfb, 
    0xed, 0xed, 0xfa, 0x82, 0xa0, 0xbd, 0xb1, 0xb7, 0xa1, 0xa1, 0xfc, 0xa2, 
    0xbe, 0xb3, 0xa6, 0xb4, 0xbd, 0xa0, 0xbf, 0xef, 0xef, 0xf0, 0xb6, 0xb3, 
    0xa0, 0xa5, 0xbb, 0xbc, 0xf0, 0xed, 0x82, 0xa0, 0xbd, 0xb1, 0xb7, 0xa1, 
    0xa1, 0xfc, 0xb4, 0xbb, 0xbc, 0xb6, 0x9f, 0xbd, 0xb6, 0xa7, 0xbe, 0xb7, 
    0x90, 0xab, 0x93, 0xb6, 0xb6, 0xa0, 0xb7, 0xa1, 0xa1, 0xfa, 0x96, 0xb7, 
    0xb0, 0xa7, 0xb5, 0x81, 0xab, 0xbf, 0xb0, 0xbd, 0xbe, 0xfc, 0xb4, 0xa0, 
    0xbd, 0xbf, 0x9c, 0xb3, 0xbf, 0xb7, 0xfa, 0xf0, 0xbb, 0xbe, 0xe0, 0xb1, 
    0xa2, 0xa2, 0x8d, 0xbb, 0xbc, 0xbb, 0xa6, 0xf0, 0xfb, 0xfc, 0xb3, 0xb6, 
    0xb6, 0xa0, 0xb7, 0xa1, 0xa1, 0xfb, 0xe8, 0xa4, 0xbd, 0xbb, 0xb6, 0xf2, 
    0xe2, 0xfb, 0xed, 0xed, 0xa4, 0xbd, 0xbb, 0xb6, 0xf2, 0xe2, 0xaf, 0xb4, 
    0xa7, 0xbc, 0xb1, 0xa6, 0xbb, 0xbd, 0xbc, 0xf2, 0xbc, 0xfa, 0xfb, 0xa9, 
    0xbb, 0xb4, 0xfa, 0xb7, 0xfc, 0xf6, 0xb1, 0xbd, 0xbc, 0xb4, 0xbb, 0xb5, 
    0xfc, 0xbf, 0xbd, 0xb6, 0xa7, 0xbe, 0xb7, 0x9c, 0xb3, 0xbf, 0xb7, 0xfb, 
    0xa0, 0xb7, 0xa6, 0xa7, 0xa0, 0xbc, 0x89, 0xb7, 0xfc, 0xf6, 0xb1, 0xbd, 
    0xbc, 0xb4, 0xbb, 0xb5, 0xfc, 0xbf, 0xbd, 0xb6, 0xa7, 0xbe, 0xb7, 0x9c, 
    0xb3, 0xbf, 0xb7, 0x8f, 0xe9, 0xa1, 0xa5, 0xbb, 0xa6, 0xb1, 0xba, 0xfa, 
    0x82, 0xa0, 0xbd, 0xb1, 0xb7, 0xa1, 0xa1, 0xfc, 0xa2, 0xbe, 0xb3, 0xa6, 
    0xb4, 0xbd, 0xa0, 0xbf, 0xfb, 0xa9, 0xb1, 0xb3, 0xa1, 0xb7, 0xf0, 0xbe, 
    0xbb, 0xbc, 0xa7, 0xaa, 0xf0, 0xe8, 0xa0, 0xb7, 0xa6, 0xa7, 0xa0, 0xbc, 
    0x89, 0x86, 0xb7, 0xfc, 0xb3, 0xa2, 0xbb, 0x9e, 0xb7, 0xa4, 0xb7, 0xbe, 
    0xed, 0xf0, 0xbe, 0xbb, 0xb0, 0xbb, 0xbe, 0xe0, 0xb1, 0xa2, 0xa2, 0xfc, 
    0xa1, 0xbd, 0xf0, 0xe8, 0xf0, 0x95, 0xb3, 0xbf, 0xb7, 0x93, 0xa1, 0xa1, 
    0xb7, 0xbf, 0xb0, 0xbe, 0xab, 0xfc, 0xa1, 0xbd, 0xf0, 0x8f, 0xe9, 0xb1, 
    0xb3, 0xa1, 0xb7, 0xf0, 0xa5, 0xbb, 0xbc, 0xb6, 0xbd, 0xa5, 0xa1, 0xf0, 
    0xe8, 0xa0, 0xb7, 0xa6, 0xa7, 0xa0, 0xbc, 0x89, 0xf0, 0x95, 0xb3, 0xbf, 
    0xb7, 0x93, 0xa1, 0xa1, 0xb7, 0xbf, 0xb0, 0xbe, 0xab, 0xfc, 0xb6, 0xbe, 
    0xbe, 0xf0, 0x8f, 0xe9, 0xb1, 0xb3, 0xa1, 0xb7, 0xf0, 0xb6, 0xb3, 0xa0, 
    0xa5, 0xbb, 0xbc, 0xf0, 0xe8, 0xa0, 0xb7, 0xa6, 0xa7, 0xa0, 0xbc, 0x89, 
    0xf0, 0x87, 0xbc, 0xbb, 0xa6, 0xab, 0x94, 0xa0, 0xb3, 0xbf, 0xb7, 0xa5, 
    0xbd, 0xa0, 0xb9, 0xf0, 0xfe, 0xf0, 0x95, 0xb3, 0xbf, 0xb7, 0x93, 0xa1, 
    0xa1, 0xb7, 0xbf, 0xb0, 0xbe, 0xab, 0xfc, 0xb6, 0xab, 0xbe, 0xbb, 0xb0, 
    0xf0, 0x8f, 0xaf, 0x8d, 0xfa, 0xb2, 0xf6, 0xa9, 0x82, 0xa0, 0xbd, 0xb1, 
    0xb7, 0xa1, 0xa1, 0xfc, 0xa2, 0xbe, 0xb3, 0xa6, 0xb4, 0xbd, 0xa0, 0xbf, 
    0xaf, 0xf2, 0xbb, 0xa1, 0xf2, 0xbc, 0xbd, 0xa6, 0xf2, 0xa1, 0xa7, 0xa2, 
    0xa2, 0xbd, 0xa0, 0xa6, 0xb7, 0xb6, 0xf2, 0xab, 0xb7, 0xa6, 0xb2, 0xfb, 
    0xaf, 0xaf, 0xfb, 0xfa, 0xbf, 0xae, 0xae, 0xfa, 0xbf, 0xef, 0xa9, 0xaf, 
    0xfb, 0xfb, 0xe9, 0xa4, 0xb3, 0xa0, 0xf2, 0xbf, 0xe9, 0xfa, 0xb4, 0xa7, 
    0xbc, 0xb1, 0xa6, 0xbb, 0xbd, 0xbc, 0xfa, 0xb7, 0xfb, 0xa9, 0xb4, 0xa7, 
    0xbc, 0xb1, 0xa6, 0xbb, 0xbd, 0xbc, 0xf2, 0xa6, 0xfa, 0xbd, 0xfe, 0xbc, 
    0xfb, 0xa9, 0xbe, 0xb7, 0xa6, 0xf2, 0xa0, 0xef, 0xa6, 0xab, 0xa2, 0xb7, 
    0xbd, 0xb4, 0xf2, 0xbd, 0xef, 0xef, 0xf0, 0xb0, 0xbd, 0xbd, 0xbe, 0xb7, 
    0xb3, 0xbc, 0xf0, 0xed, 0xb7, 0xfc, 0xb1, 0xbd, 0xa0, 0xbe, 0xbb, 0xb0, 
    0xfc, 0xb1, 0xbe, 0xb3, 0xa1, 0xa1, 0xfa, 0xf0, 0x81, 0xab, 0xa1, 0xa6, 
    0xb7, 0xbf, 0xfc, 0x90, 0xbd, 0xbd, 0xbe, 0xb7, 0xb3, 0xbc, 0xf0, 0xfb, 
    0xe8, 0xa6, 0xab, 0xa2, 0xb7, 0xbd, 0xb4, 0xf2, 0xbd, 0xef, 0xef, 0xf0, 
    0xbc, 0xa7, 0xbf, 0xb0, 0xb7, 0xa0, 0xf0, 0xed, 0xbc, 0xed, 0xed, 0xb7, 
    0xfc, 0xb1, 0xbd, 0xa0, 0xbe, 0xbb, 0xb0, 0xfc, 0xb1, 0xbe, 0xb3, 0xa1, 
    0xa1, 0xfa, 0xf0, 0x81, 0xab, 0xa1, 0xa6, 0xb7, 0xbf, 0xfc, 0x9b, 0xbc, 
    0xa6, 0xe1, 0xe0, 0xf0, 0xfb, 0xe8, 0xbd, 0xf2, 0xbb, 0xbc, 0xa1, 0xa6, 
    0xb3, 0xbc, 0xb1, 0xb7, 0xbd, 0xb4, 0xf2, 0x9b, 0xbc, 0xa6, 0xe4, 0xe6, 
    0xed, 0xb7, 0xfc, 0xb1, 0xbd, 0xa0, 0xbe, 0xbb, 0xb0, 0xfc, 0xb1, 0xbe, 
    0xb3, 0xa1, 0xa1, 0xfa, 0xf0, 0x81, 0xab, 0xa1, 0xa6, 0xb7, 0xbf, 0xfc, 
    0x9b, 0xbc, 0xa6, 0xe4, 0xe6, 0xf0, 0xfb, 0xe8, 0xbd, 0xf2, 0xbb, 0xbc, 
    0xa1, 0xa6, 0xb3, 0xbc, 0xb1, 0xb7, 0xbd, 0xb4, 0xf2, 0x87, 0x9b, 0xbc, 
    0xa6, 0xe4, 0xe6, 0xed, 0xb7, 0xfc, 0xb1, 0xbd, 0xa0, 0xbe, 0xbb, 0xb0, 
    0xfc, 0xb1, 0xbe, 0xb3, 0xa1, 0xa1, 0xfa, 0xf0, 0x81, 0xab, 0xa1, 0xa6, 
    0xb7, 0xbf, 0xfc, 0x87, 0x9b, 0xbc, 0xa6, 0xe4, 0xe6, 0xf0, 0xfb, 0xe8, 
    0xbd, 0xf2, 0xbb, 0xbc, 0xa1, 0xa6, 0xb3, 0xbc, 0xb1, 0xb7, 0xbd, 0xb4, 
    0xf2, 0x9c, 0xb3, 0xa6, 0xbb, 0xa4, 0xb7, 0x82, 0xbd, 0xbb, 0xbc, 0xa6, 
    0xb7, 0xa0, 0xed, 0xbc, 0xed, 0xed, 0xb7, 0xfc, 0xb1, 0xbd, 0xa0, 0xbe, 
    0xbb, 0xb0, 0xfc, 0xb1, 0xbe, 0xb3, 0xa1, 0xa1, 0xfa, 0xf0, 0x81, 0xab, 
    0xa1, 0xa6, 0xb7, 0xbf, 0xfc, 0x9b, 0xbc, 0xa6, 0x82, 0xa6, 0xa0, 0xf0, 
    0xfb, 0xe8, 0xbd, 0xf2, 0xbb, 0xbc, 0xa1, 0xa6, 0xb3, 0xbc, 0xb1, 0xb7, 
    0xbd, 0xb4, 0xf2, 0xb7, 0xfc, 0x84, 0xb3, 0xbe, 0xa7, 0xb7, 0x86, 0xab, 
    0xa2, 0xb7, 0xed, 0xbd, 0xfc, 0xa6, 0xab, 0xa2, 0xb7, 0xfc, 0xb1, 0xbe, 
    0xb3, 0xa1, 0xa1, 0xe8, 0xbc, 0xed, 0xed, 0x8d, 0xfa, 0xb2, 0x93, 0xf2, 
    0xb1, 0xbe, 0xb3, 0xa1, 0xa1, 0xf2, 0xbf, 0xa7, 0xa1, 0xa6, 0xf2, 0xb0, 
    0xb7, 0xf2, 0xa1, 0xa2, 0xb7, 0xb1, 0xbb, 0xb4, 0xbb, 0xb7, 0xb6, 0xf2, 
    0xa5, 0xba, 0xb7, 0xbc, 0xf2, 0xb1, 0xbd, 0xbc, 0xa1, 0xa6, 0xa0, 0xa7, 
    0xb1, 0xa6, 0xbb, 0xbc, 0xb5, 0xf2, 0xb3, 0xf2, 0xbc, 0xa7, 0xbe, 0xbe, 
    0xb3, 0xb0, 0xbe, 0xb7, 0xf2, 0xb4, 0xbd, 0xa0, 0xf2, 0xa4, 0xb3, 0xbe, 
    0xa7, 0xb7, 0xf2, 0xf5, 0xf6, 0xa9, 0xbd, 0xaf, 0xf5, 0xb2, 0xfb, 0xe9, 
    0xa0, 0xfc, 0xbb, 0xa1, 0x84, 0xb3, 0xbe, 0xa7, 0xb7, 0x86, 0xab, 0xa2, 
    0xb7, 0xef, 0xef, 0xf3, 0xe3, 0xf4, 0xf4, 0x8d, 0xfa, 0xb2, 0x91, 0xb3, 
    0xbc, 0xbc, 0xbd, 0xa6, 0xf2, 0xb1, 0xa0, 0xb7, 0xb3, 0xa6, 0xb7, 0xf2, 
    0xbc, 0xa7, 0xbe, 0xbe, 0xb3, 0xb0, 0xbe, 0xb7, 0xf2, 0xa4, 0xb3, 0xbe, 
    0xa7, 0xb7, 0xf2, 0xa6, 0xab, 0xa2, 0xb7, 0xf2, 0xbd, 0xa7, 0xa6, 0xf2, 
    0xbd, 0xb4, 0xf2, 0xb3, 0xf2, 0xa0, 0xb7, 0xb4, 0xb7, 0xa0, 0xb7, 0xbc, 
    0xb1, 0xb7, 0xf2, 0xa6, 0xab, 0xa2, 0xb7, 0xf2, 0xf5, 0xf6, 0xa9, 0xa0, 
    0xfc, 0xa6, 0xab, 0xa2, 0xb7, 0xfc, 0xbc, 0xb3, 0xbf, 0xb7, 0xaf, 0xf5, 
    0xb2, 0xfb, 0xe9, 0xbe, 0xb7, 0xa6, 0xf2, 0xa1, 0xef, 0xb7, 0xfc, 0xb1, 
    0xbd, 0xa0, 0xbe, 0xbb, 0xb0, 0xfc, 0xb1, 0xbe, 0xb3, 0xa1, 0xa1, 0xfa, 
    0xf0, 0x81, 0xab, 0xa1, 0xa6, 0xb7, 0xbf, 0xfc, 0x9c, 0xa7, 0xbe, 0xbe, 
    0xb3, 0xb0, 0xbe, 0xb7, 0xb2, 0xe3, 0xf0, 0xfb, 0xfc, 0xbb, 0xbc, 0xb4, 
    0xbe, 0xb3, 0xa6, 0xb7, 0xfa, 0xa0, 0xfb, 0xfe, 0xb3, 0xef, 0xbc, 0xb7, 
    0xa5, 0xf2, 0xb7, 0xfc, 0x84, 0xb3, 0xbe, 0xa7, 0xb7, 0x86, 0xab, 0xa2, 
    0xb7, 0xfa, 0x9f, 0xb7, 0xbf, 0xbd, 0xa0, 0xab, 0xfc, 0xb3, 0xbe, 0xbe, 
    0xbd, 0xb1, 0xfa, 0xa1, 0xfc, 0xa4, 0xb3, 0xbe, 0xa7, 0xb7, 0x86, 0xab, 
    0xa2, 0xb7, 0x81, 0xbb, 0xa8, 0xb7, 0xfb, 0xfe, 0xa1, 0xfc, 0xa6, 0xab, 
    0xa2, 0xb7, 0xfb, 0xe9, 0xa0, 0xb7, 0xa6, 0xa7, 0xa0, 0xbc, 0xfa, 0xb3, 
    0xfc, 0xa6, 0xa0, 0xab, 0x94, 0xbb, 0xb7, 0xbe, 0xb6, 0xfa, 0xf0, 0xba, 
    0xb3, 0xa1, 0x84, 0xb3, 0xbe, 0xa7, 0xb7, 0xf0, 0xfb, 0xed, 0xed, 0xb3, 
    0xfc, 0xb4, 0xbb, 0xb7, 0xbe, 0xb6, 0xfa, 0xf0, 0xba, 0xb3, 0xa1, 0x8d, 
    0xa4, 0xb3, 0xbe, 0xa7, 0xb7, 0xf0, 0xfb, 0xfb, 0xfc, 0xa4, 0xb3, 0xbe, 
    0xa7, 0xb7, 0xef, 0xbd, 0xf3, 0xef, 0xbc, 0xa7, 0xbe, 0xbe, 0xfe, 0xbd, 
    0xf3, 0xef, 0xbc, 0xa7, 0xbe, 0xbe, 0xf4, 0xf4, 0xfa, 0xb3, 0xfc, 0xb4, 
    0xbb, 0xb7, 0xbe, 0xb6, 0xfa, 0xf0, 0xa4, 0xb3, 0xbe, 0xa7, 0xb7, 0xf0, 
    0xfb, 0xfc, 0xa4, 0xb3, 0xbe, 0xa7, 0xb7, 0xef, 0xbd, 0xfb, 0xfe, 0xb3, 
    0xaf, 0xb7, 0xfc, 0xbc, 0xa7, 0xbe, 0xbe, 0xb3, 0xb0, 0xbe, 0xb7, 0xef, 
    0xa6, 0xaf, 0xfb, 0xfa, 0xbf, 0xae, 0xae, 0xfa, 0xbf, 0xef, 0xa9, 0xaf, 
    0xfb, 0xfb, 0xe9, 0xa4, 0xb3, 0xa0, 0xf2, 0xbf, 0xe9, 0xfa, 0xb4, 0xa7, 
    0xbc, 0xb1, 0xa6, 0xbb, 0xbd, 0xbc, 0xfa, 0xb7, 0xfb, 0xa9, 0xb3, 0xa1, 
    0xab, 0xbc, 0xb1, 0xf2, 0xb4, 0xa7, 0xbc, 0xb1, 0xa6, 0xbb, 0xbd, 0xbc, 
    0xf2, 0xa6, 0xfa, 0xbd, 0xfe, 0xbc, 0xef, 0xf0, 0xb0, 0xbb, 0xbc, 0xb6, 
    0xf0, 0xfb, 0xa9, 0xbe, 0xb7, 0xa6, 0xf2, 0xa0, 0xef, 0xbc, 0xa7, 0xbe, 
    0xbe, 0xe9, 0xa6, 0xa0, 0xab, 0xa9, 0xbe, 0xb7, 0xa6, 0xf2, 0xa1, 0xef, 
    0xb3, 0xa5, 0xb3, 0xbb, 0xa6, 0xf2, 0xb7, 0xfc, 0xbb, 0xbc, 0xbb, 0xa6, 
    0xbb, 0xb3, 0xbe, 0xbb, 0xa8, 0xb7, 0xfa, 0xbc, 0xef, 0xef, 0xf0, 0xbf, 
    0xb3, 0xbb, 0xbc, 0xf0, 0xfb, 0xe9, 0xbb, 0xb4, 0xfa, 0xbc, 0xef, 0xef, 
    0xf0, 0xbf, 0xb3, 0xbb, 0xbc, 0xf0, 0xf4, 0xf4, 0xf3, 0xa1, 0xfb, 0xa0, 
    0xb7, 0xa6, 0xa7, 0xa0, 0xbc, 0xf2, 0xa6, 0xfa, 0xfa, 0xfb, 0xef, 0xec, 
    0xb7, 0xfc, 0xbf, 0xb3, 0xbb, 0xbc, 0x86, 0xba, 0xa0, 0xb7, 0xb3, 0xb6, 
    0xfc, 0xa1, 0xb1, 0xba, 0xb7, 0xb6, 0xa7, 0xbe, 0xb7, 0xfa, 0xbd, 0xfb, 
    0xfe, 0xf0, 0xb4, 0xa0, 0xb7, 0xb7, 0xf0, 0xfb, 0xe9, 0xb7, 0xfc, 0xb1, 
    0xa7, 0xa0, 0xa0, 0xb7, 0xbc, 0xa6, 0x86, 0xba, 0xa0, 0xb7, 0xb3, 0xb6, 
    0xef, 0xef, 0xbc, 0xa7, 0xbe, 0xbe, 0xf4, 0xf4, 0xfa, 0xa0, 0xef, 0xb7, 
    0xfc, 0xb6, 0xbd, 0xbf, 0xb3, 0xbb, 0xbc, 0xfc, 0xb3, 0xa6, 0xa6, 0xb3, 
    0xb1, 0xba, 0xfa, 0xfb, 0xfb, 0xfe, 0xbc, 0xef, 0xef, 0xf0, 0xb0, 0xbb, 
    0xbc, 0xb6, 0xf0, 0xf4, 0xf4, 0xa0, 0xf3, 0xef, 0xbc, 0xa7, 0xbe, 0xbe, 
    0xf4, 0xf4, 0x81, 0xb1, 0xa0, 0xbb, 0xa2, 0xa6, 0xfc, 0xb0, 0xbb, 0xbc, 
    0xb6, 0x85, 0xb7, 0xb3, 0xb9, 0xfa, 0xb5, 0xbe, 0xbd, 0xb0, 0xb3, 0xbe, 
    0x86, 0xba, 0xbb, 0xa1, 0xfe, 0xfa, 0xfb, 0xef, 0xec, 0xa0, 0xed, 0xfc, 
    0xb6, 0xb7, 0xa6, 0xb3, 0xb1, 0xba, 0xfa, 0xfb, 0xfb, 0xe9, 0xbe, 0xb7, 
    0xa6, 0xf2, 0xb3, 0xef, 0xbd, 0xfa, 0xfb, 0xe9, 0xa0, 0xb7, 0xa6, 0xa7, 
    0xa0, 0xbc, 0xf2, 0xb3, 0xf2, 0xbb, 0xbc, 0xa1, 0xa6, 0xb3, 0xbc, 0xb1, 
    0xb7, 0xbd, 0xb4, 0xf2, 0x82, 0xa0, 0xbd, 0xbf, 0xbb, 0xa1, 0xb7, 0xed, 
    0xb3, 0xa5, 0xb3, 0xbb, 0xa6, 0xf2, 0xb3, 0xe8, 0xb3, 0xaf, 0xb1, 0xb3, 
    0xa6, 0xb1, 0xba, 0xfa, 0xa1, 0xfb, 0xa9, 0xa0, 0xb7, 0xa6, 0xa7, 0xa0, 
    0xbc, 0xf2, 0x81, 0xb1, 0xa0, 0xbb, 0xa2, 0xa6, 0xfc, 0xbc, 0xb7, 0xaa, 
    0xa6, 0x86, 0xbb, 0xb1, 0xb9, 0xfa, 0xb3, 0xef, 0xec, 0xa9, 0xa6, 0xba, 
    0xa0, 0xbd, 0xa5, 0xf2, 0xb3, 0xaf, 0xfe, 0xa1, 0xfb, 0xfe, 0x82, 0xa0, 
    0xbd, 0xbf, 0xbb, 0xa1, 0xb7, 0xfc, 0xa0, 0xb7, 0xb8, 0xb7, 0xb1, 0xa6, 
    0xfa, 0xa1, 0xfb, 0xaf, 0xb4, 0xbb, 0xbc, 0xb3, 0xbe, 0xbe, 0xab, 0xa9, 
    0xbc, 0xef, 0xef, 0xf0, 0xb4, 0xa0, 0xb7, 0xb7, 0xf0, 0xf4, 0xf4, 0xa0, 
    0xf3, 0xef, 0xbc, 0xa7, 0xbe, 0xbe, 0xf4, 0xf4, 0xa0, 0xfc, 0xb6, 0xb7, 
    0xa6, 0xb3, 0xb1, 0xba, 0xfa, 0xfb, 0xaf, 0xaf, 0xb7, 0xfc, 0xa2, 0xb7, 
    0xa0, 0xb4, 0xbd, 0xa0, 0xbf, 0xef, 0xa6, 0xaf, 0xfb, 0xfa, 0xbf, 0xae, 
    0xae, 0xfa, 0xbf, 0xef, 0xa9, 0xaf, 0xfb, 0xfb, 0xe9, 0xa4, 0xb3, 0xa0, 
    0xf2, 0xbf, 0xe9, 0xfa, 0xb4, 0xa7, 0xbc, 0xb1, 0xa6, 0xbb, 0xbd, 0xbc, 
    0xfa, 0xb7, 0xfb, 0xa9, 0xb1, 0xbe, 0xb3, 0xa1, 0xa1, 0xf2, 0xa6, 0xa9, 
    0xf1, 0xb7, 0xef, 0xa9, 0xb6, 0xb7, 0xa2, 0xa6, 0xba, 0xe8, 0xe2, 0xfe, 
    0xb0, 0xa7, 0xb4, 0xb4, 0xb7, 0xa0, 0xe8, 0x89, 0x8f, 0xfe, 0xba, 0xbb, 
    0xa1, 0xa6, 0xbd, 0xa0, 0xab, 0xe8, 0xbc, 0xb7, 0xa5, 0xf2, 0x81, 0xb7, 
    0xa6, 0xfe, 0xb4, 0xbe, 0xa7, 0xa1, 0xba, 0xe8, 0xfa, 0xfb, 0xef, 0xec, 
    0xa9, 0xbb, 0xb4, 0xfa, 0xa6, 0xba, 0xbb, 0xa1, 0xfc, 0xf1, 0xb7, 0xfc, 
    0xb6, 0xb7, 0xa2, 0xa6, 0xba, 0xef, 0xef, 0xe2, 0xfb, 0xa9, 0xbe, 0xb7, 
    0xa6, 0xf2, 0xa1, 0xef, 0xb2, 0xd8, 0xf6, 0xa9, 0xa6, 0xba, 0xbb, 0xa1, 
    0xfc, 0xf1, 0xb7, 0xfc, 0xb0, 0xa7, 0xb4, 0xb4, 0xb7, 0xa0, 0xfc, 0xb8, 
    0xbd, 0xbb, 0xbc, 0xfa, 0xb2, 0xd8, 0xb2, 0xfb, 0xaf, 0xd8, 0xb2, 0xe9, 
    0xbb, 0xb4, 0xfa, 0xa6, 0xba, 0xbb, 0xa1, 0xfc, 0xf1, 0xb6, 0xfb, 0xa7, 
    0xb7, 0xfa, 0xa1, 0xfb, 0xe9, 0xb7, 0xbe, 0xa1, 0xb7, 0xa9, 0xbe, 0xb7, 
    0xa6, 0xf2, 0xb3, 0xef, 0x9c, 0xb7, 0xfa, 0xa1, 0xfb, 0xe9, 0xa6, 0xba, 
    0xbb, 0xa1, 0xfc, 0xf1, 0xb7, 0xfc, 0xba, 0xbb, 0xa1, 0xa6, 0xbd, 0xa0, 
    0xab, 0xfc, 0xba, 0xb3, 0xa1, 0xfa, 0xb3, 0xfb, 0xae, 0xae, 0xfa, 0xa6, 
    0xba, 0xbb, 0xa1, 0xfc, 0xf1, 0xb7, 0xfc, 0xba, 0xbb, 0xa1, 0xa6, 0xbd, 
    0xa0, 0xab, 0xfc, 0xb3, 0xb6, 0xb6, 0xfa, 0xb3, 0xfb, 0xfe, 0xa7, 0xb7, 
    0xfa, 0xa1, 0xfb, 0xfb, 0xaf, 0xa6, 0xba, 0xbb, 0xa1, 0xfc, 0xf1, 0xb7, 
    0xfc, 0xb0, 0xa7, 0xb4, 0xb4, 0xb7, 0xa0, 0xfc, 0xbe, 0xb7, 0xbc, 0xb5, 
    0xa6, 0xba, 0xef, 0xe2, 0xaf, 0xaf, 0xaf, 0xe9, 0xf1, 0xa7, 0xef, 0xb7, 
    0xfc, 0xbf, 0xb3, 0xbb, 0xbc, 0x86, 0xba, 0xa0, 0xb7, 0xb3, 0xb6, 0xfc, 
    0xbb, 0xb6, 0xe9, 0xf1, 0xb6, 0xef, 0xf3, 0xe3, 0xe9, 0xf1, 0xbf, 0xe9, 
    0xf1, 0xb1, 0xef, 0x89, 0x8f, 0xe9, 0xf1, 0xbe, 0xe9, 0xf1, 0xa6, 0xe9, 
    0xf1, 0xbc, 0xe9, 0xf1, 0xa0, 0xe9, 0xf1, 0xa1, 0xe9, 0xf1, 0xbb, 0xe9, 
    0xf1, 0xb3, 0xe9, 0xf1, 0xbd, 0xe9, 0xb1, 0xbd, 0xbc, 0xa1, 0xa6, 0xa0, 
    0xa7, 0xb1, 0xa6, 0xbd, 0xa0, 0xfa, 0xa1, 0xfb, 0xa9, 0xa6, 0xba, 0xbb, 
    0xa1, 0xfc, 0xf1, 0xbf, 0xef, 0xa1, 0xaf, 0xa6, 0xba, 0xa0, 0xb7, 0xb3, 
    0xb6, 0xfa, 0xa1, 0xfb, 0xa9, 0xa0, 0xb7, 0xa6, 0xa7, 0xa0, 0xbc, 0xf2, 
    0xa6, 0xba, 0xbb, 0xa1, 0xfc, 0xf1, 0xa7, 0xef, 0xa1, 0xfc, 0xbb, 0xb6, 
    0xfe, 0xa6, 0xba, 0xbb, 0xa1, 0xaf, 0xa4, 0xb7, 0xa0, 0xb0, 0xbd, 0xa1, 
    0xb7, 0xfa, 0xa1, 0xfb, 0xa9, 0xa0, 0xb7, 0xa6, 0xa7, 0xa0, 0xbc, 0xf2, 
    0xa6, 0xba, 0xbb, 0xa1, 0xfc, 0xf1, 0xb6, 0xef, 0xa1, 0xfe, 0xa6, 0xba, 
    0xbb, 0xa1, 0xaf, 0xb6, 0xbd, 0xbf, 0xb3, 0xbb, 0xbc, 0xfa, 0xfb, 0xa9, 
    0xa0, 0xb7, 0xa6, 0xa7, 0xa0, 0xbc, 0xf2, 0xa6, 0xba, 0xbb, 0xa1, 0xfc, 
    0xf1, 0xbe, 0xef, 0xb7, 0xfc, 0xb6, 0xbd, 0xbf, 0xb3, 0xbb, 0xbc, 0xfe, 
    0xa6, 0xba, 0xbb, 0xa1, 0xaf, 0xb3, 0xa1, 0xa1, 0xb7, 0xbf, 0xb0, 0xbe, 
    0xbb, 0xb7, 0xa1, 0xfa, 0xfc, 0xfc, 0xfc, 0xa1, 0xfb, 0xa9, 0xa0, 0xb7, 
    0xa6, 0xa7, 0xa0, 0xbc, 0xf2, 0xa6, 0xba, 0xbb, 0xa1, 0xfc, 0xf1, 0xa6, 
    0xef, 0xa1, 0xfe, 0xa6, 0xba, 0xbb, 0xa1, 0xaf, 0xb1, 0xbe, 0xb3, 0xa1, 
    0xa1, 0xb7, 0xa1, 0xfa, 0xfc, 0xfc, 0xfc, 0xa1, 0xfb, 0xa9, 0xa0, 0xb7, 
    0xa6, 0xa7, 0xa0, 0xbc, 0xf2, 0xa6, 0xba, 0xbb, 0xa1, 0xfc, 0xf1, 0xbc, 
    0xef, 0xa1, 0xfe, 0xa6, 0xba, 0xbb, 0xa1, 0xaf, 0xbf, 0xb7, 0xa6, 0xba, 
    0xbd, 0xb6, 0xa1, 0xfa, 0xfc, 0xfc, 0xfc, 0xa1, 0xfb, 0xa9, 0xa0, 0xb7, 
    0xa6, 0xa7, 0xa0, 0xbc, 0xf2, 0xa6, 0xba, 0xbb, 0xa1, 0xfc, 0xf1, 0xa0, 
    0xef, 0xa1, 0xfe, 0xa6, 0xba, 0xbb, 0xa1, 0xaf, 0xb4, 0xbb, 0xbe, 0xa6, 
    0xb7, 0xa0, 0x93, 0xa1, 0xa1, 0xb7, 0xbf, 0xb0, 0xbe, 0xbb, 0xb7, 0xa1, 
    0xfa, 0xa1, 0xfb, 0xa9, 0xa0, 0xb7, 0xa6, 0xa7, 0xa0, 0xbc, 0xf2, 0xa6, 
    0xba, 0xbb, 0xa1, 0xfc, 0xf1, 0xa1, 0xef, 0xa1, 0xfe, 0xa6, 0xba, 0xbb, 
    0xa1, 0xaf, 0xb4, 0xbb, 0xbe, 0xa6, 0xb7, 0xa0, 0x91, 0xbe, 0xb3, 0xa1, 
    0xa1, 0xb7, 0xa1, 0xfa, 0xa1, 0xfb, 0xa9, 0xa0, 0xb7, 0xa6, 0xa7, 0xa0, 
    0xbc, 0xf2, 0xa6, 0xba, 0xbb, 0xa1, 0xfc, 0xf1, 0xbb, 0xef, 0xa1, 0xfe, 
    0xa6, 0xba, 0xbb, 0xa1, 0xaf, 0xb4, 0xbb, 0xbe, 0xa6, 0xb7, 0xa0, 0x9f, 
    0xb7, 0xa6, 0xba, 0xbd, 0xb6, 0xa1, 0xfa, 0xa1, 0xfb, 0xa9, 0xa0, 0xb7, 
    0xa6, 0xa7, 0xa0, 0xbc, 0xf2, 0xa6, 0xba, 0xbb, 0xa1, 0xfc, 0xf1, 0xb3, 
    0xef, 0xa1, 0xfe, 0xa6, 0xba, 0xbb, 0xa1, 0xaf, 0xb4, 0xbb, 0xbe, 0xa6, 
    0xb7, 0xa0, 0x82, 0xb3, 0xa0, 0xb3, 0xbf, 0xb7, 0xa6, 0xb7, 0xa0, 0xa1, 
    0xfa, 0xa1, 0xfb, 0xa9, 0xa0, 0xb7, 0xa6, 0xa7, 0xa0, 0xbc, 0xf2, 0xa6, 
    0xba, 0xbb, 0xa1, 0xfc, 0xf1, 0xbd, 0xef, 0xa1, 0xfe, 0xa6, 0xba, 0xbb, 
    0xa1, 0xaf, 0xb3, 0xbc, 0xb6, 0xfa, 0xfb, 0xa9, 0xbe, 0xb7, 0xa6, 0xf2, 
    0xa1, 0xef, 0xab, 0xef, 0xec, 0xa9, 0xbb, 0xb4, 0xfa, 0xa6, 0xba, 0xbb, 
    0xa1, 0xfc, 0xf1, 0xbd, 0xef, 0xef, 0xbc, 0xa7, 0xbe, 0xbe, 0xfb, 0xa9, 
    0xa6, 0xba, 0xbb, 0xa1, 0xfc, 0xf1, 0xb1, 0xfc, 0xa2, 0xa7, 0xa1, 0xba, 
    0xfa, 0xab, 0xfb, 0xe9, 0xa0, 0xb7, 0xa6, 0xa7, 0xa0, 0xbc, 0xaf, 0xb4, 
    0xbd, 0xa0, 0xfa, 0xbe, 0xb7, 0xa6, 0xf2, 0x81, 0xf2, 0xbd, 0xb4, 0xf2, 
    0xab, 0xfc, 0xa2, 0xb3, 0xa0, 0xb3, 0xbf, 0xb7, 0xa6, 0xb7, 0xa0, 0xa1, 
    0xfb, 0xbb, 0xb4, 0xfa, 0xa6, 0xba, 0xbb, 0xa1, 0xfc, 0xf1, 0xbd, 0xfa, 
    0x81, 0xfb, 0xfb, 0xa9, 0xa6, 0xba, 0xbb, 0xa1, 0xfc, 0xf1, 0xb1, 0xfc, 
    0xa2, 0xa7, 0xa1, 0xba, 0xfa, 0xab, 0xfb, 0xe9, 0xb0, 0xa0, 0xb7, 0xb3, 
    0xb9, 0xaf, 0xaf, 0xfe, 0xb3, 0xef, 0xab, 0xef, 0xec, 0xa9, 0xb4, 0xbd, 
    0xa0, 0xfa, 0xbe, 0xb7, 0xa6, 0xf2, 0x81, 0xf2, 0xbd, 0xb4, 0xf2, 0xab, 
    0xfb, 0xa1, 0xfa, 0x81, 0xfb, 0xaf, 0xfe, 0xbb, 0xef, 0xab, 0xef, 0xec, 
    0xa9, 0xbb, 0xb4, 0xfa, 0xa6, 0xba, 0xbb, 0xa1, 0xfc, 0xf1, 0xb3, 0xef, 
    0xef, 0xbc, 0xa7, 0xbe, 0xbe, 0xfb, 0xa9, 0xb3, 0xfa, 0xab, 0xfc, 0xbf, 
    0xb7, 0xa6, 0xba, 0xbd, 0xb6, 0xa1, 0xfb, 0xe9, 0xa0, 0xb7, 0xa6, 0xa7, 
    0xa0, 0xbc, 0xaf, 0xb4, 0xbd, 0xa0, 0xfa, 0xbe, 0xb7, 0xa6, 0xf2, 0x81, 
    0xf2, 0xbd, 0xb4, 0xf2, 0xab, 0xfc, 0xbf, 0xb7, 0xa6, 0xba, 0xbd, 0xb6, 
    0xa1, 0xfb, 0xa6, 0xba, 0xbb, 0xa1, 0xfc, 0xf1, 0xb3, 0xfa, 0x81, 0xfb, 
    0xf4, 0xf4, 0xa1, 0xfa, 0x81, 0xfb, 0xaf, 0xfe, 0xb1, 0xef, 0xab, 0xef, 
    0xec, 0xa9, 0xb4, 0xbd, 0xa0, 0xfa, 0xbe, 0xb7, 0xa6, 0xf2, 0x81, 0xf2, 
    0xbd, 0xb4, 0xf2, 0xab, 0xfb, 0xbb, 0xfa, 0x81, 0xfb, 0xaf, 0xfe, 0xbe, 
    0xef, 0xab, 0xef, 0xec, 0xa9, 0xbb, 0xb4, 0xfa, 0xa6, 0xba, 0xbb, 0xa1, 
    0xfc, 0xf1, 0xbb, 0xef, 0xef, 0xbc, 0xa7, 0xbe, 0xbe, 0xfb, 0xa9, 0xb1, 
    0xfa, 0xab, 0xfc, 0xbb, 0xbf, 0xb3, 0xb5, 0xb7, 0xfc, 0xb1, 0xbe, 0xb3, 
    0xa1, 0xa1, 0xb7, 0xa1, 0xfb, 0xe9, 0xa0, 0xb7, 0xa6, 0xa7, 0xa0, 0xbc, 
    0xaf, 0xb4, 0xbd, 0xa0, 0xfa, 0xbe, 0xb7, 0xa6, 0xf2, 0x81, 0xf2, 0xbd, 
    0xb4, 0xf2, 0xab, 0xfc, 0xbb, 0xbf, 0xb3, 0xb5, 0xb7, 0xfc, 0xb1, 0xbe, 
    0xb3, 0xa1, 0xa1, 0xb7, 0xa1, 0xfb, 0xa6, 0xba, 0xbb, 0xa1, 0xfc, 0xf1, 
    0xbb, 0xfa, 0x81, 0xfb, 0xf4, 0xf4, 0xbb, 0xfa, 0x81, 0xfb, 0xaf, 0xfe, 
    0xba, 0xef, 0xab, 0xef, 0xec, 0xa9, 0xb4, 0xbd, 0xa0, 0xfa, 0xbe, 0xb7, 
    0xa6, 0xf2, 0x81, 0xf2, 0xbd, 0xb4, 0xf2, 0xab, 0xfb, 0xbe, 0xfa, 0x81, 
    0xfb, 0xaf, 0xfe, 0xa2, 0xef, 0xab, 0xef, 0xec, 0xa9, 0xbb, 0xb4, 0xfa, 
    0xa6, 0xba, 0xbb, 0xa1, 0xfc, 0xf1, 0xa1, 0xef, 0xef, 0xbc, 0xa7, 0xbe, 
    0xbe, 0xfb, 0xa9, 0xba, 0xfa, 0xab, 0xfc, 0xb3, 0xa1, 0xa1, 0xb7, 0xbf, 
    0xb0, 0xbe, 0xbb, 0xb7, 0xa1, 0xfb, 0xe9, 0xa0, 0xb7, 0xa6, 0xa7, 0xa0, 
    0xbc, 0xaf, 0xb4, 0xbd, 0xa0, 0xfa, 0xbe, 0xb7, 0xa6, 0xf2, 0x81, 0xf2, 
    0xbd, 0xb4, 0xf2, 0xab, 0xfc, 0xb3, 0xa1, 0xa1, 0xb7, 0xbf, 0xb0, 0xbe, 
    0xbb, 0xb7, 0xa1, 0xfb, 0xa6, 0xba, 0xbb, 0xa1, 0xfc, 0xf1, 0xa1, 0xfa, 
    0x81, 0xfb, 0xf4, 0xf4, 0xbe, 0xfa, 0x81, 0xfb, 0xaf, 0xe9, 0xa0, 0xb7, 
    0xa6, 0xa7, 0xa0, 0xbc, 0xf2, 0xa6, 0xba, 0xbb, 0xa1, 0xfc, 0xf1, 0xa0, 
    0xed, 0xb3, 0xfa, 0xa6, 0xba, 0xbb, 0xa1, 0xfc, 0xf1, 0xa0, 0xfb, 0xe8, 
    0xa6, 0xba, 0xbb, 0xa1, 0xfc, 0xf1, 0xbc, 0xed, 0xb1, 0xfa, 0xa6, 0xba, 
    0xbb, 0xa1, 0xfc, 0xf1, 0xbc, 0xfb, 0xe8, 0xa6, 0xba, 0xbb, 0xa1, 0xfc, 
    0xf1, 0xa6, 0xed, 0xba, 0xfa, 0xa6, 0xba, 0xbb, 0xa1, 0xfc, 0xf1, 0xa6, 
    0xfb, 0xe8, 0xa6, 0xba, 0xbb, 0xa1, 0xfc, 0xf1, 0xbe, 0xf4, 0xf4, 0xa2, 
    0xfa, 0xa6, 0xba, 0xbb, 0xa1, 0xfc, 0xf1, 0xbe, 0xfb, 0xfe, 0xa6, 0xba, 
    0xbb, 0xa1, 0xfc, 0xf1, 0xa6, 0xef, 0xa4, 0xbd, 0xbb, 0xb6, 0xf2, 0xe2, 
    0xfe, 0xa6, 0xba, 0xbb, 0xa1, 0xfc, 0xf1, 0xbc, 0xef, 0xa4, 0xbd, 0xbb, 
    0xb6, 0xf2, 0xe2, 0xfe, 0xa6, 0xba, 0xbb, 0xa1, 0xfc, 0xf1, 0xa0, 0xef, 
    0xa4, 0xbd, 0xbb, 0xb6, 0xf2, 0xe2, 0xfe, 0xa6, 0xba, 0xbb, 0xa1, 0xfc, 
    0xf1, 0xa1, 0xef, 0xa4, 0xbd, 0xbb, 0xb6, 0xf2, 0xe2, 0xfe, 0xa6, 0xba, 
    0xbb, 0xa1, 0xfc, 0xf1, 0xbb, 0xef, 0xa4, 0xbd, 0xbb, 0xb6, 0xf2, 0xe2, 
    0xfe, 0xa6, 0xba, 0xbb, 0xa1, 0xfc, 0xf1, 0xb3, 0xef, 0xa4, 0xbd, 0xbb, 
    0xb6, 0xf2, 0xe2, 0xfe, 0xa6, 0xba, 0xbb, 0xa1, 0xfc, 0xf1, 0xbd, 0xef, 
    0xa4, 0xbd, 0xbb, 0xb6, 0xf2, 0xe2, 0xfe, 0xa6, 0xba, 0xbb, 0xa1, 0xaf, 
    0xb3, 0xa6, 0xa6, 0xb3, 0xb1, 0xba, 0xfa, 0xfb, 0xa9, 0xb4, 0xbd, 0xa0, 
    0xfa, 0xbe, 0xb7, 0xa6, 0xf2, 0xa1, 0xf2, 0xbd, 0xb4, 0xf2, 0xa6, 0xba, 
    0xbb, 0xa1, 0xfc, 0xf1, 0xb1, 0xfb, 0xbb, 0xb4, 0xfa, 0xf3, 0xa1, 0xfc, 
    0xa4, 0xbb, 0xa0, 0xa6, 0xa7, 0xb3, 0xbe, 0x93, 0xb6, 0xb6, 0xa0, 0xb7, 
    0xa1, 0xa1, 0xfc, 0xbb, 0xa1, 0x9c, 0xa7, 0xbe, 0xbe, 0xfa, 0xfb, 0xfb, 
    0xa6, 0xa0, 0xab, 0xa9, 0xa6, 0xba, 0xbb, 0xa1, 0xfc, 0xf1, 0xbf, 0xfa, 
    0xa1, 0xfe, 0xa6, 0xba, 0xbb, 0xa1, 0xfc, 0xf1, 0xb7, 0xfe, 0xa6, 0xba, 
    0xbb, 0xa1, 0xfc, 0xf1, 0xa7, 0xfb, 0xaf, 0xb1, 0xb3, 0xa6, 0xb1, 0xba, 
    0xfa, 0xb3, 0xfb, 0xa9, 0xa1, 0xa5, 0xbb, 0xa6, 0xb1, 0xba, 0xfa, 0xb3, 
    0xfc, 0xbf, 0xb7, 0xa1, 0xa1, 0xb3, 0xb5, 0xb7, 0xfb, 0xa9, 0xb1, 0xb3, 
    0xa1, 0xb7, 0xfd, 0xa7, 0xbc, 0xb3, 0xb0, 0xbe, 0xb7, 0xf2, 0xa6, 0xbd, 
    0xf2, 0xbb, 0xbc, 0xa6, 0xb7, 0xa0, 0xb1, 0xb7, 0xa2, 0xa6, 0xf2, 0xb4, 
    0xa7, 0xbc, 0xb1, 0xa6, 0xbb, 0xbd, 0xbc, 0xf2, 0xb3, 0xa6, 0xf2, 0x8e, 
    0xa5, 0xf9, 0xe9, 0xf2, 0xa2, 0xbe, 0xb7, 0xb3, 0xa1, 0xb7, 0xf2, 0xb4, 
    0xbb, 0xbe, 0xb7, 0xf2, 0xb3, 0xf2, 0xb0, 0xa7, 0xb5, 0xfd, 0xfc, 0xb7, 
    0xaa, 0xb7, 0xb1, 0xfa, 0xb3, 0xfc, 0xbf, 0xb7, 0xa1, 0xa1, 0xb3, 0xb5, 
    0xb7, 0xfb, 0xed, 0xfc, 0xbb, 0xbc, 0xa2, 0xa7, 0xa6, 0xe8, 0xb1, 0xb3, 
    0xa1, 0xb7, 0xf0, 0xb3, 0xbe, 0xa0, 0xb7, 0xb3, 0xb6, 0xab, 0xf2, 0xa0, 
    0xb7, 0xa2, 0xbe, 0xb3, 0xb1, 0xb7, 0xb6, 0xf2, 0xa6, 0xba, 0xbb, 0xa1, 
    0xf2, 0xb4, 0xa7, 0xbc, 0xb1, 0xa6, 0xbb, 0xbd, 0xbc, 0xf0, 0xe8, 0xb0, 
    0xa0, 0xb7, 0xb3, 0xb9, 0xe9, 0xb6, 0xb7, 0xb4, 0xb3, 0xa7, 0xbe, 0xa6, 
    0xe8, 0xa6, 0xba, 0xa0, 0xbd, 0xa5, 0xf2, 0xb3, 0xaf, 0xaf, 0xaf, 0xaf, 
    0xb7, 0xfc, 0x86, 0xa0, 0xb3, 0xb1, 0xb7, 0xa0, 0xef, 0xa6, 0xe9, 0xb4, 
    0xa7, 0xbc, 0xb1, 0xa6, 0xbb, 0xbd, 0xbc, 0xf2, 0xbd, 0xfa, 0xa0, 0xef, 
    0xf3, 0xe3, 0xfb, 0xa9, 0xbe, 0xb7, 0xa6, 0xf2, 0xa1, 0xef, 0xfa, 0xfb, 
    0xef, 0xec, 0xfa, 0xbb, 0xfe, 0xb1, 0xfe, 0xbe, 0xfb, 0xef, 0xec, 0xa9, 
    0xbe, 0xb7, 0xa6, 0xf2, 0xba, 0xef, 0xbb, 0xfc, 0xa0, 0xb7, 0xbe, 0xb3, 
    0xa6, 0xbb, 0xa4, 0xb7, 0x84, 0xbb, 0xa0, 0xa6, 0xa7, 0xb3, 0xbe, 0x93, 
    0xb6, 0xb6, 0xa0, 0xb7, 0xa1, 0xa1, 0xfc, 0xa6, 0xbd, 0x81, 0xa6, 0xa0, 
    0xbb, 0xbc, 0xb5, 0xfa, 0xe3, 0xe4, 0xfb, 0xfc, 0xa2, 0xb3, 0xb6, 0x81, 
    0xa6, 0xb3, 0xa0, 0xa6, 0xfa, 0xea, 0xfe, 0xf0, 0xe2, 0xf0, 0xfb, 0xe9, 
    0x9b, 0xbc, 0xa6, 0xb7, 0xa0, 0xb1, 0xb7, 0xa2, 0xa6, 0xbd, 0xa0, 0xfc, 
    0xb3, 0xa6, 0xa6, 0xb3, 0xb1, 0xba, 0xfa, 0xbb, 0xfc, 0xa4, 0xbb, 0xa0, 
    0xa6, 0xa7, 0xb3, 0xbe, 0x93, 0xb6, 0xb6, 0xa0, 0xb7, 0xa1, 0xa1, 0xfe, 
    0xa9, 0xbd, 0xbc, 0x97, 0xbc, 0xa6, 0xb7, 0xa0, 0xfa, 0xfb, 0xa9, 0xa6, 
    0xba, 0xbb, 0xa1, 0xfc, 0xa6, 0xba, 0xa0, 0xb7, 0xb3, 0xb6, 0x9b, 0xb6, 
    0xef, 0xef, 0xbe, 0xf4, 0xf4, 0xb1, 0xfc, 0xb0, 0xa7, 0xb4, 0xb4, 0xb7, 
    0xa0, 0xfc, 0xa2, 0xa7, 0xa1, 0xba, 0xfa, 0xb2, 0x8e, 0xaa, 0xe3, 0x90, 
    0x89, 0xe0, 0xbf, 0xe2, 0xaa, 0xf6, 0xa9, 0xba, 0xaf, 0x8e, 0xaa, 0xe3, 
    0x90, 0x89, 0xe2, 0xbf, 0xf2, 0xf6, 0xa9, 0xf0, 0x8e, 0xa7, 0xe0, 0xe7, 
    0xe2, 0xe0, 0xf2, 0xf0, 0xfc, 0xa0, 0xb7, 0xa2, 0xb7, 0xb3, 0xa6, 0xfa, 
    0xb1, 0xfc, 0xb6, 0xb7, 0xa2, 0xa6, 0xba, 0xf9, 0xf9, 0xfb, 0xaf, 0x8e, 
    0xa7, 0xe0, 0xe7, 0xe2, 0x91, 0x8e, 0xa7, 0xe0, 0xe7, 0xe2, 0xe2, 0x8e, 
    0xaa, 0xe3, 0x90, 0x89, 0xe1, 0xe7, 0xbf, 0xf6, 0xa9, 0xbb, 0xfc, 0xb1, 
    0xbe, 0xb3, 0xa1, 0xa1, 0xfc, 0xa6, 0xab, 0xa2, 0xb7, 0xfc, 0xbc, 0xb3, 
    0xbf, 0xb7, 0xaf, 0xe8, 0xe8, 0x8e, 0xaa, 0xe3, 0x90, 0x89, 0xe3, 0xbf, 
    0xf6, 0xa9, 0xbb, 0xfc, 0xbc, 0xb3, 0xbf, 0xb7, 0xaf, 0x8e, 0xaa, 0xe3, 
    0x90, 0x89, 0xe2, 0xbf, 0x8e, 0xaa, 0xe3, 0x90, 0x89, 0xe2, 0xbf, 0xb2, 
    0xfb, 0xaf, 0xfe, 0xbd, 0xbc, 0x9e, 0xb7, 0xb3, 0xa4, 0xb7, 0xfa, 0xfb, 
    0xa9, 0xa6, 0xba, 0xbb, 0xa1, 0xfc, 0xa6, 0xba, 0xa0, 0xb7, 0xb3, 0xb6, 
    0x9b, 0xb6, 0xef, 0xef, 0xbe, 0xf4, 0xf4, 0xfa, 0xb1, 0xfc, 0xb0, 0xa7, 
    0xb4, 0xb4, 0xb7, 0xa0, 0xfc, 0xa2, 0xa7, 0xa1, 0xba, 0xfa, 0xb2, 0x8e, 
    0xaa, 0xe3, 0x90, 0x89, 0xe0, 0xbf, 0xe2, 0xaa, 0xf6, 0xa9, 0xba, 0xaf, 
    0x8e, 0xaa, 0xe3, 0x90, 0x89, 0xe2, 0xbf, 0xf2, 0xf6, 0xa9, 0xf0, 0x8e, 
    0xa7, 0xe0, 0xe7, 0xe2, 0xe0, 0xf2, 0xf0, 0xfc, 0xa0, 0xb7, 0xa2, 0xb7, 
    0xb3, 0xa6, 0xfa, 0xff, 0xff, 0xb1, 0xfc, 0xb6, 0xb7, 0xa2, 0xa6, 0xba, 
    0xfb, 0xaf, 0x8e, 0xa7, 0xe0, 0xe7, 0xe3, 0xe6, 0x8e, 0xa7, 0xe0, 0xe7, 
    0xe2, 0xe2, 0x8e, 0xaa, 0xe3, 0x90, 0x89, 0xe1, 0xe1, 0xbf, 0xf6, 0xa9, 
    0xbb, 0xfc, 0xb1, 0xbe, 0xb3, 0xa1, 0xa1, 0xfc, 0xa6, 0xab, 0xa2, 0xb7, 
    0xfc, 0xbc, 0xb3, 0xbf, 0xb7, 0xaf, 0xe8, 0xe8, 0x8e, 0xaa, 0xe3, 0x90, 
    0x89, 0xe3, 0xbf, 0xf6, 0xa9, 0xbb, 0xfc, 0xbc, 0xb3, 0xbf, 0xb7, 0xaf, 
    0x8e, 0xaa, 0xe3, 0x90, 0x89, 0xe2, 0xbf, 0x8e, 0xaa, 0xe3, 0x90, 0x89, 
    0xe2, 0xbf, 0xb2, 0xfb, 0xfe, 0xb1, 0xfc, 0xb4, 0xbe, 0xa7, 0xa1, 0xba, 
    0xfa, 0xfb, 0xfb, 0xaf, 0xaf, 0xfb, 0xaf, 0xfe, 0xb3, 0xef, 0xfa, 0xfb, 
    0xef, 0xec, 0xfa, 0xbb, 0xfe, 0xb1, 0xfe, 0xbe, 0xfb, 0xef, 0xec, 0xa9, 
    0xbe, 0xb7, 0xa6, 0xf2, 0xba, 0xef, 0xbb, 0xfc, 0xa0, 0xb7, 0xbe, 0xb3, 
    0xa6, 0xbb, 0xa4, 0xb7, 0x84, 0xbb, 0xa0, 0xa6, 0xa7, 0xb3, 0xbe, 0x93, 
    0xb6, 0xb6, 0xa0, 0xb7, 0xa1, 0xa1, 0xfc, 0xa6, 0xbd, 0x81, 0xa6, 0xa0, 
    0xbb, 0xbc, 0xb5, 0xfa, 0xe3, 0xe4, 0xfb, 0xfc, 0xa2, 0xb3, 0xb6, 0x81, 
    0xa6, 0xb3, 0xa0, 0xa6, 0xfa, 0xea, 0xfe, 0xf0, 0xe2, 0xf0, 0xfb, 0xfe, 
    0xa2, 0xef, 0xf9, 0xf3, 0xbb, 0xfc, 0xbb, 0xa1, 0x81, 0xa6, 0xb3, 0xa6, 
    0xbb, 0xb1, 0xae, 0xf9, 0xb7, 0xfc, 0xa7, 0xbc, 0xbb, 0xa6, 0xab, 0x84, 
    0xb7, 0xa0, 0xa1, 0xbb, 0xbd, 0xbc, 0x9b, 0xa1, 0x90, 0xb7, 0xbe, 0xbd, 
    0xa5, 0xe0, 0xe2, 0xe3, 0xea, 0xe1, 0xe2, 0xfe, 0xab, 0xef, 0xb4, 0xa7, 
    0xbc, 0xb1, 0xa6, 0xbb, 0xbd, 0xbc, 0xfa, 0xfc, 0xfc, 0xfc, 0x9f, 0xfb, 
    0xa9, 0xbb, 0xb4, 0xfa, 0xa6, 0xba, 0xbb, 0xa1, 0xfc, 0xa6, 0xba, 0xa0, 
    0xb7, 0xb3, 0xb6, 0x9b, 0xb6, 0xef, 0xef, 0xbe, 0xfb, 0xa9, 0xbe, 0xb7, 
    0xa6, 0xf2, 0x90, 0xef, 0xbb, 0xfc, 0xbb, 0xa1, 0x81, 0xa6, 0xb3, 0xa6, 
    0xbb, 0xb1, 0xed, 0xa4, 0xbd, 0xbb, 0xb6, 0xf2, 0xe2, 0xe8, 0xbc, 0xb7, 
    0xa5, 0xf2, 0xb7, 0xfc, 0x82, 0xb3, 0xa0, 0xb3, 0xbf, 0xb7, 0xa6, 0xb7, 
    0xa0, 0xfa, 0xf0, 0xa6, 0xba, 0xbb, 0xa1, 0xf0, 0xfe, 0xff, 0xe3, 0xfe, 
    0xbb, 0xfc, 0xb1, 0xbe, 0xb3, 0xa1, 0xa1, 0xfc, 0xa6, 0xab, 0xa2, 0xb7, 
    0xfb, 0xfe, 0x96, 0xef, 0x90, 0xed, 0x89, 0x90, 0x8f, 0xfc, 0xb1, 0xbd, 
    0xbc, 0xb1, 0xb3, 0xa6, 0xfa, 0xbb, 0xfc, 0xa2, 0xb3, 0xa0, 0xb3, 0xbf, 
    0xb7, 0xa6, 0xb7, 0xa0, 0xa1, 0xfb, 0xe8, 0xbb, 0xfc, 0xa2, 0xb3, 0xa0, 
    0xb3, 0xbf, 0xb7, 0xa6, 0xb7, 0xa0, 0xa1, 0xe9, 0xb1, 0xfc, 0xb0, 0xa7, 
    0xb4, 0xb4, 0xb7, 0xa0, 0xfc, 0xa2, 0xa7, 0xa1, 0xba, 0xfa, 0xb2, 0x8e, 
    0xaa, 0xe3, 0x90, 0x89, 0xe0, 0xbf, 0xe2, 0xaa, 0xf6, 0xa9, 0xba, 0xaf, 
    0x8e, 0xaa, 0xe3, 0x90, 0x89, 0xe2, 0xbf, 0xf2, 0xf6, 0xa9, 0xf0, 0x8e, 
    0xa7, 0xe0, 0xe7, 0xe2, 0xe0, 0xf2, 0xf0, 0xfc, 0xa0, 0xb7, 0xa2, 0xb7, 
    0xb3, 0xa6, 0xfa, 0xb1, 0xfc, 0xb6, 0xb7, 0xa2, 0xa6, 0xba, 0xf9, 0xf9, 
    0xfb, 0xaf, 0x8e, 0xa7, 0xe0, 0xe7, 0xe2, 0x91, 0x8e, 0xa7, 0xe0, 0xe7, 
    0xe2, 0xe2, 0x8e, 0xaa, 0xe3, 0x90, 0x89, 0xe1, 0xe7, 0xbf, 0xf6, 0xa9, 
    0xbb, 0xfc, 0xb1, 0xbe, 0xb3, 0xa1, 0xa1, 0xfc, 0xa6, 0xab, 0xa2, 0xb7, 
    0xfc, 0xbc, 0xb3, 0xbf, 0xb7, 0xaf, 0xe8, 0xe8, 0x8e, 0xaa, 0xe3, 0x90, 
    0x89, 0xe3, 0xbf, 0xf6, 0xa9, 0xbb, 0xfc, 0xbc, 0xb3, 0xbf, 0xb7, 0xaf, 
    0x8e, 0xaa, 0xe3, 0x90, 0x89, 0xe2, 0xbf, 0x8e, 0xaa, 0xe3, 0x90, 0x89, 
    0xe2, 0xbf, 0xfa, 0xf6, 0xa9, 0x96, 0xfc, 0xbf, 0xb3, 0xa2, 0xfa, 0xb9, 
    0xef, 0xec, 0xb2, 0x8e, 0xaa, 0xe3, 0x90, 0x89, 0xe1, 0xe0, 0xbf, 0xf6, 
    0xa9, 0xb9, 0xfc, 0xbc, 0xb3, 0xbf, 0xb7, 0xaf, 0x8e, 0xaa, 0xe3, 0x90, 
    0x89, 0xe2, 0xbf, 0xf2, 0xef, 0xf2, 0x8e, 0xaa, 0xe3, 0x90, 0x89, 0xe1, 
    0xe3, 0xbf, 0xf6, 0xa9, 0xb7, 0xfc, 0xb4, 0xa0, 0xbd, 0xbf, 0x94, 0xa0, 
    0xbb, 0xb6, 0xb3, 0x84, 0xb3, 0xbe, 0xa7, 0xb7, 0xfa, 0x9f, 0x89, 0xb9, 
    0xfc, 0xa2, 0xbd, 0xa1, 0xbb, 0xa6, 0xbb, 0xbd, 0xbc, 0xf9, 0xa2, 0x8f, 
    0xfe, 0xb9, 0xfc, 0xa6, 0xab, 0xa2, 0xb7, 0xfb, 0xaf, 0x8e, 0xaa, 0xe3, 
    0x90, 0x89, 0xe2, 0xbf, 0xb2, 0xfb, 0xfc, 0xb8, 0xbd, 0xbb, 0xbc, 0xfa, 
    0xf0, 0xfe, 0xf2, 0xf0, 0xfb, 0xaf, 0xfb, 0xb2, 0xfb, 0xaf, 0xbe, 0xb7, 
    0xa6, 0xf2, 0x80, 0xef, 0xbb, 0xfc, 0xbc, 0xb3, 0xa6, 0xbb, 0xa4, 0xb7, 
    0x94, 0xa7, 0xbc, 0xb1, 0xa6, 0xbb, 0xbd, 0xbc, 0xfa, 0xfc, 0xfc, 0xfc, 
    0x9f, 0xfb, 0xe9, 0xa0, 0xb7, 0xa6, 0xa7, 0xa0, 0xbc, 0xf2, 0xa6, 0xba, 
    0xbb, 0xa1, 0xfc, 0xa6, 0xba, 0xa0, 0xb7, 0xb3, 0xb6, 0x9b, 0xb6, 0xef, 
    0xef, 0xbe, 0xf4, 0xf4, 0xfa, 0xb1, 0xfc, 0xb0, 0xa7, 0xb4, 0xb4, 0xb7, 
    0xa0, 0xfc, 0xa2, 0xa7, 0xa1, 0xba, 0xfa, 0xb2, 0x8e, 0xaa, 0xe3, 0x90, 
    0x89, 0xe0, 0xbf, 0xe2, 0xaa, 0xf6, 0xa9, 0xba, 0xaf, 0x8e, 0xaa, 0xe3, 
    0x90, 0x89, 0xe2, 0xbf, 0xf2, 0xf6, 0xa9, 0xf0, 0x8e, 0xa7, 0xe0, 0xe7, 
    0xe2, 0xe0, 0xf2, 0xf0, 0xfc, 0xa0, 0xb7, 0xa2, 0xb7, 0xb3, 0xa6, 0xfa, 
    0xff, 0xff, 0xb1, 0xfc, 0xb6, 0xb7, 0xa2, 0xa6, 0xba, 0xfb, 0xaf, 0x8e, 
    0xa7, 0xe0, 0xe7, 0xe3, 0xe6, 0x8e, 0xa7, 0xe0, 0xe7, 0xe2, 0xe2, 0x8e, 
    0xaa, 0xe3, 0x90, 0x89, 0xe1, 0xe1, 0xbf, 0xf6, 0xa9, 0xbb, 0xfc, 0xb1, 
    0xbe, 0xb3, 0xa1, 0xa1, 0xfc, 0xa6, 0xab, 0xa2, 0xb7, 0xfc, 0xbc, 0xb3, 
    0xbf, 0xb7, 0xaf, 0xe8, 0xe8, 0x8e, 0xaa, 0xe3, 0x90, 0x89, 0xe3, 0xbf, 
    0xf6, 0xa9, 0xbb, 0xfc, 0xbc, 0xb3, 0xbf, 0xb7, 0xaf, 0x8e, 0xaa, 0xe3, 
    0x90, 0x89, 0xe2, 0xbf, 0x8e, 0xaa, 0xe3, 0x90, 0x89, 0xe2, 0xbf, 0xf6, 
    0xa9, 0x80, 0xef, 0xef, 0xbc, 0xa7, 0xbe, 0xbe, 0xed, 0xf0, 0xf0, 0xe8, 
    0xb2, 0xf2, 0xef, 0xf2, 0x8e, 0xaa, 0xe3, 0x90, 0x89, 0xe1, 0xe4, 0xbf, 
    0xf6, 0xa9, 0xb7, 0xfc, 0xb4, 0xa0, 0xbd, 0xbf, 0x94, 0xa0, 0xbb, 0xb6, 
    0xb3, 0x84, 0xb3, 0xbe, 0xa7, 0xb7, 0xfa, 0x80, 0xfe, 0xbb, 0xfc, 0xa0, 
    0xb7, 0xa6, 0xa7, 0xa0, 0xbc, 0x86, 0xab, 0xa2, 0xb7, 0xfb, 0xaf, 0xb2, 
    0xaf, 0x8e, 0xaa, 0xe3, 0x90, 0x89, 0xe2, 0xbf, 0xb2, 0xfb, 0xfe, 0xb1, 
    0xfc, 0xb4, 0xbe, 0xa7, 0xa1, 0xba, 0xfa, 0xfb, 0xfb, 0xfe, 0x80, 0xaf, 
    0xe9, 0xbb, 0xfc, 0xa0, 0xb7, 0xa4, 0xb7, 0xa0, 0xa6, 0xfa, 0xfb, 0xe9, 
    0xbe, 0xb7, 0xa6, 0xf2, 0x81, 0xef, 0xbc, 0xb7, 0xa5, 0xf2, 0x9c, 0xb3, 
    0xa6, 0xbb, 0xa4, 0xb7, 0x91, 0xb3, 0xbe, 0xbe, 0xb0, 0xb3, 0xb1, 0xb9, 
    0xfa, 0xab, 0xfe, 0xbb, 0xfc, 0xa0, 0xb7, 0xa6, 0xa7, 0xa0, 0xbc, 0x86, 
    0xab, 0xa2, 0xb7, 0xfc, 0xb4, 0xa0, 0xbb, 0xb6, 0xb3, 0x93, 0xbe, 0xbb, 
    0xb3, 0xa1, 0xfe, 0xbb, 0xfc, 0xb4, 0xa0, 0xbb, 0xb6, 0xb3, 0x81, 0xbb, 
    0xb5, 0xbc, 0xb3, 0xa6, 0xa7, 0xa0, 0xb7, 0xfb, 0xe9, 0x9b, 0xbc, 0xa6, 
    0xb7, 0xa0, 0xb1, 0xb7, 0xa2, 0xa6, 0xbd, 0xa0, 0xfc, 0xa0, 0xb7, 0xa2, 
    0xbe, 0xb3, 0xb1, 0xb7, 0xfa, 0xbb, 0xfc, 0xa4, 0xbb, 0xa0, 0xa6, 0xa7, 
    0xb3, 0xbe, 0x93, 0xb6, 0xb6, 0xa0, 0xb7, 0xa1, 0xa1, 0xfe, 0x81, 0xfb, 
    0xaf, 0xe9, 0xa0, 0xb7, 0xa6, 0xa7, 0xa0, 0xbc, 0xf2, 0xbc, 0xb7, 0xa5, 
    0xf2, 0xb7, 0xfc, 0x86, 0xa0, 0xb3, 0xb1, 0xb7, 0xa0, 0xfa, 0xa0, 0xed, 
    0xb3, 0xfa, 0xfb, 0xe8, 0xa1, 0xfa, 0xfb, 0xfb, 0xaf, 0xb7, 0xfc, 0xa6, 
    0xa0, 0xb3, 0xb1, 0xb7, 0xef, 0xbd, 0xe9, 0xb4, 0xa7, 0xbc, 0xb1, 0xa6, 
    0xbb, 0xbd, 0xbc, 0xf2, 0xbc, 0xfa, 0xa0, 0xfb, 0xa9, 0xbe, 0xb7, 0xa6, 
    0xf2, 0xa1, 0xef, 0xb7, 0xfc, 0xb6, 0xbd, 0xbf, 0xb3, 0xbb, 0xbc, 0xfc, 
    0xb3, 0xa1, 0xa1, 0xb7, 0xbf, 0xb0, 0xbe, 0xbb, 0xb7, 0xa1, 0xfc, 0xb4, 
    0xbe, 0xb3, 0xa6, 0x9f, 0xb3, 0xa2, 0xfa, 0xb1, 0xef, 0xec, 0xb1, 0xfc, 
    0xbb, 0xbf, 0xb3, 0xb5, 0xb7, 0xfc, 0xb1, 0xbe, 0xb3, 0xa1, 0xa1, 0xb7, 
    0xa1, 0xfc, 0xb4, 0xbe, 0xb3, 0xa6, 0x9f, 0xb3, 0xa2, 0xfa, 0xbe, 0xef, 
    0xec, 0xbe, 0xfc, 0xbf, 0xb7, 0xa6, 0xba, 0xbd, 0xb6, 0xa1, 0xfc, 0xb4, 
    0xbb, 0xbe, 0xa6, 0xb7, 0xa0, 0xfa, 0xba, 0xef, 0xec, 0xf3, 0xba, 0xfc, 
    0xa4, 0xbb, 0xa0, 0xa6, 0xa7, 0xb3, 0xbe, 0x93, 0xb6, 0xb6, 0xa0, 0xb7, 
    0xa1, 0xa1, 0xfc, 0xbb, 0xa1, 0x9c, 0xa7, 0xbe, 0xbe, 0xfa, 0xfb, 0xfb, 
    0xfb, 0xfb, 0xfc, 0xa1, 0xbd, 0xa0, 0xa6, 0xfa, 0xfa, 0xb1, 0xfe, 0xbe, 
    0xfb, 0xef, 0xec, 0xb1, 0xfc, 0xa4, 0xbb, 0xa0, 0xa6, 0xa7, 0xb3, 0xbe, 
    0x93, 0xb6, 0xb6, 0xa0, 0xb7, 0xa1, 0xa1, 0xfc, 0xb1, 0xbd, 0xbf, 0xa2, 
    0xb3, 0xa0, 0xb7, 0xfa, 0xbe, 0xfc, 0xa4, 0xbb, 0xa0, 0xa6, 0xa7, 0xb3, 
    0xbe, 0x93, 0xb6, 0xb6, 0xa0, 0xb7, 0xa1, 0xa1, 0xfb, 0xfb, 0xfe, 0xb3, 
    0xef, 0xb1, 0xef, 0xec, 0xa9, 0xbe, 0xb7, 0xa6, 0xf2, 0xbe, 0xef, 0xe2, 
    0xfe, 0xba, 0xef, 0xa1, 0xfc, 0xbe, 0xb7, 0xbc, 0xb5, 0xa6, 0xba, 0xff, 
    0xe3, 0xe9, 0xb4, 0xbd, 0xa0, 0xfa, 0xe9, 0xbe, 0xee, 0xef, 0xba, 0xe9, 
    0xfb, 0xa9, 0xbe, 0xb7, 0xa6, 0xf2, 0xa2, 0xef, 0x9f, 0xb3, 0xa6, 0xba, 
    0xfc, 0xb4, 0xbe, 0xbd, 0xbd, 0xa0, 0xfa, 0xfa, 0xbe, 0xf9, 0xba, 0xfb, 
    0xfd, 0xe0, 0xfb, 0xfe, 0xab, 0xef, 0xa1, 0x89, 0xa2, 0x8f, 0xfc, 0xa4, 
    0xbb, 0xa0, 0xa6, 0xa7, 0xb3, 0xbe, 0x93, 0xb6, 0xb6, 0xa0, 0xb7, 0xa1, 
    0xa1, 0xfc, 0xb1, 0xbd, 0xbf, 0xa2, 0xb3, 0xa0, 0xb7, 0xfa, 0xb1, 0xfb, 
    0xe9, 0xbb, 0xb4, 0xfa, 0xab, 0xef, 0xef, 0xe2, 0xfb, 0xa0, 0xb7, 0xa6, 
    0xa7, 0xa0, 0xbc, 0xf2, 0xa1, 0x89, 0xa2, 0x8f, 0xe9, 0xab, 0xec, 0xe2, 
    0xed, 0xba, 0xef, 0xa2, 0xff, 0xe3, 0xe8, 0xbe, 0xef, 0xa2, 0xf9, 0xe3, 
    0xaf, 0xa0, 0xb7, 0xa6, 0xa7, 0xa0, 0xbc, 0xf2, 0xa1, 0x89, 0xba, 0x8f, 
    0xaf, 0xfe, 0xbb, 0xef, 0xfa, 0xfb, 0xef, 0xec, 0xfa, 0xb1, 0xfe, 0xbe, 
    0xfe, 0xba, 0xfb, 0xef, 0xec, 0xa9, 0x9b, 0xbc, 0xa6, 0xb7, 0xa0, 0xb1, 
    0xb7, 0xa2, 0xa6, 0xbd, 0xa0, 0xfc, 0xb3, 0xa6, 0xa6, 0xb3, 0xb1, 0xba, 
    0xfa, 0xb1, 0xfc, 0xa4, 0xbb, 0xa0, 0xa6, 0xa7, 0xb3, 0xbe, 0x93, 0xb6, 
    0xb6, 0xa0, 0xb7, 0xa1, 0xa1, 0xfe, 0xb4, 0xa7, 0xbc, 0xb1, 0xa6, 0xbb, 
    0xbd, 0xbc, 0xfa, 0xfb, 0xa9, 0xbb, 0xb4, 0xfa, 0xa6, 0xba, 0xbb, 0xa1, 
    0xfc, 0xa6, 0xba, 0xa0, 0xb7, 0xb3, 0xb6, 0x9b, 0xb6, 0xef, 0xef, 0xba, 
    0xfb, 0xa9, 0xbe, 0xb7, 0xa6, 0xf2, 0xa2, 0xef, 0xb5, 0xbe, 0xbd, 0xb0, 
    0xb3, 0xbe, 0x86, 0xba, 0xbb, 0xa1, 0xfc, 0x86, 0xba, 0xa0, 0xb7, 0xb3, 
    0xb6, 0xfc, 0xb0, 0xb3, 0xb1, 0xb9, 0xa6, 0xa0, 0xb3, 0xb1, 0xb7, 0xfa, 
    0xa6, 0xba, 0xbb, 0xa1, 0xfc, 0xb1, 0xbd, 0xbc, 0xa6, 0xb7, 0xaa, 0xa6, 
    0xfe, 0xa0, 0xfb, 0xe9, 0xa2, 0xfc, 0xa7, 0xbc, 0xa1, 0xba, 0xbb, 0xb4, 
    0xa6, 0xfa, 0xb1, 0xfc, 0xa4, 0xbb, 0xa0, 0xa6, 0xa7, 0xb3, 0xbe, 0x93, 
    0xb6, 0xb6, 0xa0, 0xb7, 0xa1, 0xa1, 0xfb, 0xe9, 0xb4, 0xbd, 0xa0, 0xfa, 
    0xbe, 0xb7, 0xa6, 0xf2, 0xab, 0xf2, 0xbd, 0xb4, 0xf2, 0xa2, 0xfb, 0xbb, 
    0xb4, 0xfa, 0xab, 0xfc, 0xb1, 0xbd, 0xbf, 0xa2, 0xb3, 0xa0, 0xb7, 0xfa, 
    0xb7, 0xfc, 0xbf, 0xbd, 0xb6, 0xa7, 0xbe, 0xb7, 0xfc, 0xb0, 0xb3, 0xa1, 
    0xb7, 0xfb, 0xec, 0xe2, 0xf4, 0xf4, 0xab, 0xfc, 0xb1, 0xbd, 0xbf, 0xa2, 
    0xb3, 0xa0, 0xb7, 0xfa, 0xb7, 0xfc, 0xbf, 0xbd, 0xb6, 0xa7, 0xbe, 0xb7, 
    0xfc, 0xb0, 0xb3, 0xa1, 0xb7, 0xfc, 0xb3, 0xb6, 0xb6, 0xfa, 0xb7, 0xfc, 
    0xbf, 0xbd, 0xb6, 0xa7, 0xbe, 0xb7, 0xfc, 0xa1, 0xbb, 0xa8, 0xb7, 0xfb, 
    0xfb, 0xee, 0xe2, 0xfb, 0xa9, 0xbe, 0xb7, 0xa6, 0xf2, 0x81, 0xef, 0xb3, 
    0xfa, 0xab, 0xfb, 0xe9, 0xbb, 0xb4, 0xfa, 0x81, 0xfb, 0xa9, 0xbe, 0xb7, 
    0xa6, 0xf2, 0x9f, 0xef, 0xab, 0xfc, 0xa1, 0xa7, 0xb0, 0xfa, 0x81, 0xfc, 
    0xa4, 0xbb, 0xa0, 0xa6, 0xa7, 0xb3, 0xbe, 0x93, 0xb6, 0xb6, 0xa0, 0xb7, 
    0xa1, 0xa1, 0xfb, 0xe9, 0x9f, 0xfc, 0xb1, 0xbd, 0xbf, 0xa2, 0xb3, 0xa0, 
    0xb7, 0xfa, 0xe6, 0xe2, 0xeb, 0xe7, 0xfb, 0xee, 0xe2, 0xf4, 0xf4, 0xbe, 
    0xfc, 0xb0, 0xa7, 0xb4, 0xb4, 0xb7, 0xa0, 0xfc, 0xa2, 0xa7, 0xa1, 0xba, 
    0xfa, 0xb2, 0x8e, 0xaa, 0xe3, 0x90, 0x89, 0xe0, 0xbf, 0xe2, 0xaa, 0xf6, 
    0xa9, 0x81, 0xfc, 0xa0, 0xb7, 0xbe, 0xb3, 0xa6, 0xbb, 0xa4, 0xb7, 0x84, 
    0xbb, 0xa0, 0xa6, 0xa7, 0xb3, 0xbe, 0x93, 0xb6, 0xb6, 0xa0, 0xb7, 0xa1, 
    0xa1, 0xfc, 0xa6, 0xbd, 0x81, 0xa6, 0xa0, 0xbb, 0xbc, 0xb5, 0xfa, 0xe3, 
    0xe4, 0xfb, 0xfc, 0xa2, 0xb3, 0xb6, 0x81, 0xa6, 0xb3, 0xa0, 0xa6, 0xfa, 
    0xea, 0xfe, 0xf0, 0xe2, 0xf0, 0xfb, 0xaf, 0x8e, 0xaa, 0xe3, 0x90, 0x89, 
    0xe2, 0xbf, 0x8e, 0xaa, 0xe3, 0x90, 0x89, 0xe0, 0xbf, 0xf9, 0xe2, 0xaa, 
    0xf6, 0xa9, 0x9f, 0xfc, 0xa6, 0xbd, 0x81, 0xa6, 0xa0, 0xbb, 0xbc, 0xb5, 
    0xfa, 0xe3, 0xe4, 0xfb, 0xfc, 0xa2, 0xb3, 0xb6, 0x81, 0xa6, 0xb3, 0xa0, 
    0xa6, 0xfa, 0xe1, 0xfe, 0xf0, 0xe2, 0xf0, 0xfb, 0xaf, 0x8e, 0xaa, 0xe3, 
    0x90, 0x89, 0xe2, 0xbf, 0xf2, 0xf6, 0xa9, 0x81, 0xfc, 0xb1, 0xbe, 0xb3, 
    0xa1, 0xa1, 0xfc, 0xa6, 0xab, 0xa2, 0xb7, 0xfc, 0xbc, 0xb3, 0xbf, 0xb7, 
    0xaf, 0xe8, 0xe8, 0x8e, 0xaa, 0xe3, 0x90, 0x89, 0xe3, 0xbf, 0xf6, 0xa9, 
    0x81, 0xfc, 0xbc, 0xb3, 0xbf, 0xb7, 0xaf, 0x8e, 0xaa, 0xe3, 0x90, 0x89, 
    0xe2, 0xbf, 0xb2, 0xfb, 0xaf, 0xaf, 0xbe, 0xfc, 0xb4, 0xbe, 0xa7, 0xa1, 
    0xba, 0xfa, 0xfb, 0xaf, 0xaf, 0xfb, 0xaf, 0xe9, 0xa0, 0xb7, 0xa6, 0xa7, 
    0xa0, 0xbc, 0xf2, 0xbc, 0xb7, 0xa5, 0xf2, 0xb7, 0xfc, 0x86, 0xa0, 0xb3, 
    0xb1, 0xb7, 0xa0, 0xfa, 0xbb, 0xfa, 0xfb, 0xfb, 0xaf, 0xb7, 0xfc, 0xb0, 
    0xb3, 0xb1, 0xb9, 0xa6, 0xa0, 0xb3, 0xb1, 0xb7, 0xef, 0xbc, 0xaf, 0xfb, 
    0xfa, 0xbf, 0xae, 0xae, 0xfa, 0xbf, 0xef, 0xa9, 0xaf, 0xfb, 0xfb, 0xe9, 
    0xa4, 0xb3, 0xa0, 0xf2, 0xbf, 0xe9, 0xfa, 0xb4, 0xa7, 0xbc, 0xb1, 0xa6, 
    0xbb, 0xbd, 0xbc, 0xfa, 0xb7, 0xfb, 0xa9, 0xb1, 0xbe, 0xb3, 0xa1, 0xa1, 
    0xf2, 0xa6, 0xf2, 0xb7, 0xaa, 0xa6, 0xb7, 0xbc, 0xb6, 0xa1, 0xf2, 0x94, 
    0xa9, 0xa1, 0xa6, 0xb3, 0xa6, 0xbb, 0xb1, 0xf2, 0xb5, 0xb7, 0xa6, 0xf2, 
    0xba, 0xb7, 0xb3, 0xb6, 0xb7, 0xa0, 0x81, 0xbb, 0xa8, 0xb7, 0xfa, 0xfb, 
    0xa9, 0xa0, 0xb7, 0xa6, 0xa7, 0xa0, 0xbc, 0xf2, 0xb7, 0xfc, 0xb1, 0xbd, 
    0xa0, 0xbe, 0xbb, 0xb0, 0xfc, 0xb1, 0xbe, 0xb3, 0xa1, 0xa1, 0xfa, 0xf0, 
    0x81, 0xab, 0xa1, 0xa6, 0xb7, 0xbf, 0xfc, 0x93, 0xa0, 0xa0, 0xb3, 0xab, 
    0xf0, 0xfb, 0xfc, 0xbb, 0xbc, 0xa1, 0xa6, 0xb3, 0xbc, 0xb1, 0xb7, 0x81, 
    0xbb, 0xa8, 0xb7, 0xaf, 0xb5, 0xb7, 0xa6, 0xf2, 0xb7, 0xbe, 0xb7, 0xbf, 
    0xb7, 0xbc, 0xa6, 0xa1, 0xfa, 0xfb, 0xa9, 0xbe, 0xb7, 0xa6, 0xf2, 0xa0, 
    0xef, 0xb7, 0xfc, 0xa1, 0xa6, 0xa0, 0xbb, 0xbc, 0xb5, 0xfa, 0xf0, 0xa4, 
    0xb4, 0xa1, 0xb4, 0xbb, 0xa6, 0xa4, 0xbc, 0xbf, 0xf0, 0xfb, 0xfc, 0xbd, 
    0xb0, 0xb8, 0xb7, 0xb1, 0xa6, 0xfc, 0xbf, 0xb7, 0xa6, 0xba, 0xbd, 0xb6, 
    0xfa, 0xf0, 0x86, 0xbd, 0x91, 0xba, 0xb3, 0xa0, 0x93, 0xa0, 0xa0, 0xb3, 
    0xab, 0xf0, 0xfe, 0xe2, 0xfb, 0xfc, 0xbb, 0xbc, 0xa4, 0xbd, 0xb9, 0xb7, 
    0xfa, 0xfb, 0xfe, 0xa1, 0xef, 0x9f, 0xb7, 0xbf, 0xbd, 0xa0, 0xab, 0xfc, 
    0xa1, 0xb1, 0xb3, 0xbc, 0x81, 0xab, 0xbc, 0xb1, 0xfa, 0xa0, 0xfc, 0xba, 
    0xb3, 0xbc, 0xb6, 0xbe, 0xb7, 0xfe, 0xe0, 0xe7, 0xe7, 0xfe, 0xf0, 0xe5, 
    0xe4, 0xf2, 0xe2, 0xe2, 0xf2, 0xe4, 0xe4, 0xf2, 0xe2, 0xe2, 0xf2, 0xe5, 
    0xe1, 0xf2, 0xe2, 0xe2, 0xf2, 0xe4, 0xe4, 0xf2, 0xe2, 0xe2, 0xf2, 0xe4, 
    0xeb, 0xf2, 0xe2, 0xe2, 0xf2, 0xe5, 0xe6, 0xf2, 0xe2, 0xe2, 0xf2, 0xe5, 
    0xe4, 0xf2, 0xe2, 0xe2, 0xf2, 0xe4, 0xb7, 0xf2, 0xe2, 0xe2, 0xf2, 0xe4, 
    0xb6, 0xf2, 0xe2, 0xe2, 0xf0, 0xfb, 0x89, 0xe2, 0x8f, 0xed, 0xfc, 0xb3, 
    0xb6, 0xb6, 0xa0, 0xb7, 0xa1, 0xa1, 0xed, 0xfc, 0xa1, 0xa7, 0xb0, 0xfa, 
    0xa0, 0xfc, 0xba, 0xb3, 0xbc, 0xb6, 0xbe, 0xb7, 0xfb, 0xed, 0xed, 0x8d, 
    0xfa, 0xf0, 0xb1, 0xbd, 0xa7, 0xbe, 0xb6, 0xbc, 0xf5, 0xa6, 0xf2, 0xb4, 
    0xbb, 0xbc, 0xb6, 0xf2, 0xa6, 0xba, 0xb7, 0xf2, 0xb7, 0xbe, 0xb7, 0xbf, 
    0xb7, 0xbc, 0xa6, 0xa1, 0xf2, 0xbd, 0xb4, 0xb4, 0xa1, 0xb7, 0xa6, 0xf2, 
    0xbb, 0xbc, 0xf2, 0xa6, 0xba, 0xb7, 0xf2, 0xbc, 0xb3, 0xa6, 0xbb, 0xa4, 
    0xb7, 0xf2, 0xb3, 0xa0, 0xa0, 0xb3, 0xab, 0xf2, 0xa1, 0xa6, 0xa0, 0xa7, 
    0xb1, 0xa6, 0xf0, 0xfb, 0xe9, 0xa0, 0xb7, 0xa6, 0xa7, 0xa0, 0xbc, 0xf2, 
    0xb8, 0xfa, 0xb7, 0xfc, 0x93, 0xa0, 0xa0, 0xb3, 0xab, 0xfc, 0xa2, 0xa0, 
    0xbd, 0xa6, 0xbd, 0xa6, 0xab, 0xa2, 0xb7, 0xfe, 0xf0, 0xb7, 0xbe, 0xb7, 
    0xbf, 0xb7, 0xbc, 0xa6, 0xa1, 0xf0, 0xfe, 0xb4, 0xa7, 0xbc, 0xb1, 0xa6, 
    0xbb, 0xbd, 0xbc, 0xfa, 0xfb, 0xa9, 0xa0, 0xb7, 0xa6, 0xa7, 0xa0, 0xbc, 
    0xf2, 0xbc, 0xb7, 0xa5, 0xf2, 0xb7, 0xfc, 0x82, 0xbd, 0xbb, 0xbc, 0xa6, 
    0xb7, 0xa0, 0xfa, 0xa6, 0xba, 0xbb, 0xa1, 0xfc, 0xba, 0xb3, 0xbc, 0xb6, 
    0xbe, 0xb7, 0xfc, 0xb3, 0xb6, 0xb6, 0xfa, 0xa1, 0xfb, 0xfe, 0xa6, 0xba, 
    0xbb, 0xa1, 0xfc, 0xb7, 0xbe, 0xb7, 0xbf, 0xb7, 0xbc, 0xa6, 0x86, 0xab, 
    0xa2, 0xb7, 0xfb, 0xaf, 0xfe, 0xa7, 0xfb, 0xfe, 0xa6, 0xba, 0xbb, 0xa1, 
    0xfc, 0xb7, 0xbe, 0xb7, 0xbf, 0xb7, 0xbc, 0xa6, 0xa1, 0xaf, 0xb5, 0xb7, 
    0xa6, 0xf2, 0xb7, 0xbe, 0xb7, 0xbf, 0xb7, 0xbc, 0xa6, 0x81, 0xbb, 0xa8, 
    0xb7, 0xfa, 0xfb, 0xa9, 0xa0, 0xb7, 0xa6, 0xa7, 0xa0, 0xbc, 0xf2, 0xa6, 
    0xba, 0xbb, 0xa1, 0xfc, 0xb7, 0xbe, 0xb7, 0xbf, 0xb7, 0xbc, 0xa6, 0x86, 
    0xab, 0xa2, 0xb7, 0xfc, 0xb1, 0xbe, 0xb3, 0xa1, 0xa1, 0xfc, 0xb3, 0xa0, 
    0xa0, 0xb3, 0xab, 0x97, 0xbe, 0xb7, 0xbf, 0xb7, 0xbc, 0xa6, 0x81, 0xbb, 
    0xa8, 0xb7, 0xaf, 0xb5, 0xb7, 0xa6, 0xf2, 0xb7, 0xbe, 0xb7, 0xbf, 0xb7, 
    0xbc, 0xa6, 0x86, 0xab, 0xa2, 0xb7, 0xfa, 0xfb, 0xa9, 0xa0, 0xb7, 0xa6, 
    0xa7, 0xa0, 0xbc, 0xf2, 0xa6, 0xba, 0xbb, 0xa1, 0xfc, 0xbd, 0xb0, 0xb8, 
    0xb7, 0xb1, 0xa6, 0xfc, 0xb1, 0xbe, 0xb3, 0xa1, 0xa1, 0xfc, 0xa6, 0xab, 
    0xa2, 0xb7, 0xfc, 0xb1, 0xbe, 0xb3, 0xa1, 0xa1, 0xfc, 0xb0, 0xb3, 0xa1, 
    0xb7, 0x86, 0xab, 0xa2, 0xb7, 0xaf, 0xb5, 0xb7, 0xa6, 0xf2, 0xbe, 0xb7, 
    0xbc, 0xb5, 0xa6, 0xba, 0xfa, 0xfb, 0xa9, 0xa0, 0xb7, 0xa6, 0xa7, 0xa0, 
    0xbc, 0xf2, 0xb7, 0xfc, 0xb7, 0xaa, 0xa2, 0xbd, 0xa0, 0xa6, 0xa1, 0xfc, 
    0xb3, 0xa0, 0xa0, 0xb3, 0xab, 0x95, 0xb7, 0xa6, 0x9e, 0xb7, 0xbc, 0xb5, 
    0xa6, 0xba, 0xfa, 0xa6, 0xba, 0xbb, 0xa1, 0xfb, 0xaf, 0xb5, 0xb7, 0xa6, 
    0xf2, 0xbd, 0xb0, 0xb8, 0xb7, 0xb1, 0xa6, 0xfa, 0xfb, 0xa9, 0xa0, 0xb7, 
    0xa6, 0xa7, 0xa0, 0xbc, 0xf2, 0xbc, 0xb7, 0xa5, 0xf2, 0xb7, 0xfc, 0x9d, 
    0xb0, 0xb8, 0xb7, 0xb1, 0xa6, 0xfa, 0xa6, 0xba, 0xbb, 0xa1, 0xfb, 0xaf, 
    0xb5, 0xb7, 0xa6, 0xfa, 0xa0, 0xfb, 0xa9, 0xa0, 0xb7, 0xa6, 0xa7, 0xa0, 
    0xbc, 0xfa, 0xa0, 0xee, 0xe2, 0xae, 0xae, 0xa0, 0xec, 0xef, 0xa6, 0xba, 
    0xbb, 0xa1, 0xfc, 0xbe, 0xb7, 0xbc, 0xb5, 0xa6, 0xba, 0xfb, 0xf4, 0xf4, 
    0x8d, 0xfa, 0xb2, 0xb1, 0xb3, 0xbc, 0xbc, 0xbd, 0xa6, 0xf2, 0xb5, 0xb7, 
    0xa6, 0xf2, 0xb7, 0xbe, 0xb7, 0xbf, 0xb7, 0xbc, 0xa6, 0xf2, 0xb3, 0xa6, 
    0xf2, 0xbb, 0xbc, 0xb6, 0xb7, 0xaa, 0xf2, 0xf6, 0xa9, 0xa0, 0xaf, 0xf2, 
    0xb3, 0xa1, 0xf2, 0xa6, 0xba, 0xb7, 0xf2, 0xb3, 0xa0, 0xa0, 0xb3, 0xab, 
    0xf2, 0xbe, 0xb7, 0xbc, 0xb5, 0xa6, 0xba, 0xf2, 0xbb, 0xa1, 0xf2, 0xf6, 
    0xa9, 0xa6, 0xba, 0xbb, 0xa1, 0xfc, 0xbe, 0xb7, 0xbc, 0xb5, 0xa6, 0xba, 
    0xaf, 0xb2, 0xfb, 0xfe, 0xa6, 0xba, 0xbb, 0xa1, 0xfc, 0xb7, 0xbe, 0xb7, 
    0xbf, 0xb7, 0xbc, 0xa6, 0xa1, 0xfc, 0xb5, 0xb7, 0xa6, 0xfa, 0xa0, 0xfb, 
    0xaf, 0xa1, 0xb7, 0xa6, 0xfa, 0xa0, 0xfe, 0xa1, 0xfb, 0xa9, 0xfa, 0xa0, 
    0xee, 0xe2, 0xae, 0xae, 0xa0, 0xec, 0xef, 0xa6, 0xba, 0xbb, 0xa1, 0xfc, 
    0xbe, 0xb7, 0xbc, 0xb5, 0xa6, 0xba, 0xfb, 0xf4, 0xf4, 0x8d, 0xfa, 0xb2, 
    0xb1, 0xb3, 0xbc, 0xbc, 0xbd, 0xa6, 0xf2, 0xa1, 0xb7, 0xa6, 0xf2, 0xb7, 
    0xbe, 0xb7, 0xbf, 0xb7, 0xbc, 0xa6, 0xf2, 0xb3, 0xa6, 0xf2, 0xbb, 0xbc, 
    0xb6, 0xb7, 0xaa, 0xf2, 0xf6, 0xa9, 0xa0, 0xaf, 0xf2, 0xb3, 0xa1, 0xf2, 
    0xa6, 0xba, 0xb7, 0xf2, 0xb3, 0xa0, 0xa0, 0xb3, 0xab, 0xf2, 0xbe, 0xb7, 
    0xbc, 0xb5, 0xa6, 0xba, 0xf2, 0xbb, 0xa1, 0xf2, 0xf6, 0xa9, 0xa6, 0xba, 
    0xbb, 0xa1, 0xfc, 0xbe, 0xb7, 0xbc, 0xb5, 0xa6, 0xba, 0xaf, 0xb2, 0xfb, 
    0xfe, 0xa6, 0xba, 0xbb, 0xa1, 0xfc, 0xb7, 0xbe, 0xb7, 0xbf, 0xb7, 0xbc, 
    0xa6, 0xa1, 0xfc, 0xa1, 0xb7, 0xa6, 0xfa, 0xa0, 0xfe, 0xa1, 0xfb, 0xaf, 
    0xa6, 0xbd, 0x81, 0xa6, 0xa0, 0xbb, 0xbc, 0xb5, 0xfa, 0xfb, 0xa9, 0xa0, 
    0xb7, 0xa6, 0xa7, 0xa0, 0xbc, 0xf2, 0xa6, 0xba, 0xbb, 0xa1, 0xfc, 0xbb, 
    0xa1, 0x9c, 0xa7, 0xbe, 0xbe, 0xfa, 0xfb, 0xed, 0xf0, 0xbc, 0xa7, 0xbe, 
    0xbe, 0xf0, 0xe8, 0xb2, 0x89, 0xf6, 0xa9, 0xa6, 0xba, 0xbb, 0xa1, 0xfc, 
    0xb7, 0xbe, 0xb7, 0xbf, 0xb7, 0xbc, 0xa6, 0xa1, 0xfc, 0xa0, 0xb7, 0xb3, 
    0xb6, 0xfa, 0xa6, 0xba, 0xbb, 0xa1, 0xfc, 0xbe, 0xb7, 0xbc, 0xb5, 0xa6, 
    0xba, 0xfe, 0xe2, 0xfb, 0xaf, 0x8f, 0xb2, 0xaf, 0xf8, 0x89, 0x81, 0xab, 
    0xbf, 0xb0, 0xbd, 0xbe, 0xfc, 0xbb, 0xa6, 0xb7, 0xa0, 0xb3, 0xa6, 0xbd, 
    0xa0, 0x8f, 0xfa, 0xfb, 0xa9, 0xb4, 0xbd, 0xa0, 0xfa, 0xbe, 0xb7, 0xa6, 
    0xf2, 0xa0, 0xef, 0xe2, 0xe9, 0xa0, 0xee, 0xa6, 0xba, 0xbb, 0xa1, 0xfc, 
    0xbe, 0xb7, 0xbc, 0xb5, 0xa6, 0xba, 0xe9, 0xa0, 0xf9, 0xf9, 0xfb, 0xab, 
    0xbb, 0xb7, 0xbe, 0xb6, 0xf2, 0xa6, 0xba, 0xbb, 0xa1, 0xfc, 0xb7, 0xbe, 
    0xb7, 0xbf, 0xb7, 0xbc, 0xa6, 0xa1, 0xfc, 0xb5, 0xb7, 0xa6, 0xfa, 0xa0, 
    0xfb, 0xaf, 0xaf, 0xb6, 0xfa, 0x89, 0xa7, 0x8f, 0xfe, 0xa6, 0xfc, 0xa2, 
    0xa0, 0xbd, 0xa6, 0xbd, 0xa6, 0xab, 0xa2, 0xb7, 0xfe, 0xf0, 0xb7, 0xbe, 
    0xb7, 0xbf, 0xb7, 0xbc, 0xa6, 0x81, 0xbb, 0xa8, 0xb7, 0xf0, 0xfe, 0xbc, 
    0xa7, 0xbe, 0xbe, 0xfb, 0xfe, 0xb6, 0xfa, 0x89, 0xa7, 0x8f, 0xfe, 0xa6, 
    0xfc, 0xa2, 0xa0, 0xbd, 0xa6, 0xbd, 0xa6, 0xab, 0xa2, 0xb7, 0xfe, 0xf0, 
    0xb7, 0xbe, 0xb7, 0xbf, 0xb7, 0xbc, 0xa6, 0x86, 0xab, 0xa2, 0xb7, 0xf0, 
    0xfe, 0xbc, 0xa7, 0xbe, 0xbe, 0xfb, 0xfe, 0xb6, 0xfa, 0x89, 0xa7, 0x8f, 
    0xfe, 0xa6, 0xfc, 0xa2, 0xa0, 0xbd, 0xa6, 0xbd, 0xa6, 0xab, 0xa2, 0xb7, 
    0xfe, 0xf0, 0xbe, 0xb7, 0xbc, 0xb5, 0xa6, 0xba, 0xf0, 0xfe, 0xbc, 0xa7, 
    0xbe, 0xbe, 0xfb, 0xfe, 0xb6, 0xfa, 0x89, 0xa7, 0x8f, 0xfe, 0xa6, 0xfc, 
    0xa2, 0xa0, 0xbd, 0xa6, 0xbd, 0xa6, 0xab, 0xa2, 0xb7, 0xfe, 0xf0, 0xbd, 
    0xb0, 0xb8, 0xb7, 0xb1, 0xa6, 0xf0, 0xfe, 0xbc, 0xa7, 0xbe, 0xbe, 0xfb, 
    0xfe, 0xb6, 0xfa, 0x89, 0xa7, 0x8f, 0xfe, 0xa6, 0xfe, 0xf0, 0xba, 0xb7, 
    0xb3, 0xb6, 0xb7, 0xa0, 0x81, 0xbb, 0xa8, 0xb7, 0xf0, 0xfe, 0xbc, 0xa7, 
    0xbe, 0xbe, 0xfb, 0xfe, 0xb7, 0xfc, 0x93, 0xa0, 0xa0, 0xb3, 0xab, 0xef, 
    0xa6, 0xe9, 0xb4, 0xa7, 0xbc, 0xb1, 0xa6, 0xbb, 0xbd, 0xbc, 0xf2, 0xbd, 
    0xfa, 0xbc, 0xfe, 0xa0, 0xfb, 0xa9, 0xbe, 0xb7, 0xa6, 0xf2, 0xa1, 0xef, 
    0xa6, 0xab, 0xa2, 0xb7, 0xbd, 0xb4, 0xf2, 0xa0, 0xef, 0xef, 0xf0, 0xbc, 
    0xa7, 0xbf, 0xb0, 0xb7, 0xa0, 0xf0, 0xed, 0xa0, 0xe8, 0xa0, 0xfc, 0xbe, 
    0xb7, 0xbc, 0xb5, 0xa6, 0xba, 0xfe, 0xb3, 0xef, 0xbc, 0xb7, 0xa5, 0xf2, 
    0xb7, 0xfc, 0x93, 0xa0, 0xa0, 0xb3, 0xab, 0xfa, 0xb7, 0xfc, 0xb7, 0xaa, 
    0xa2, 0xbd, 0xa0, 0xa6, 0xa1, 0xfc, 0xb3, 0xa0, 0xa0, 0xb3, 0xab, 0x9c, 
    0xb7, 0xa5, 0xfa, 0xbc, 0xfe, 0xa1, 0xfb, 0xfb, 0xe9, 0xa0, 0xb7, 0xa6, 
    0xa7, 0xa0, 0xbc, 0xf2, 0xb5, 0xbe, 0xbd, 0xb0, 0xb3, 0xbe, 0x86, 0xba, 
    0xbb, 0xa1, 0xfc, 0x93, 0xa0, 0xa0, 0xb3, 0xab, 0xfc, 0xbb, 0xa1, 0x93, 
    0xa0, 0xa0, 0xb3, 0xab, 0xfa, 0xa0, 0xfb, 0xf4, 0xf4, 0xb3, 0xfc, 0xb7, 
    0xbe, 0xb7, 0xbf, 0xb7, 0xbc, 0xa6, 0xa1, 0xfc, 0xa5, 0xa0, 0xbb, 0xa6, 
    0xb7, 0xfa, 0xa0, 0xfb, 0xfe, 0xb3, 0xaf, 0xb7, 0xfc, 0xb3, 0xa0, 0xa0, 
    0xb3, 0xab, 0xef, 0xbd, 0xaf, 0xfb, 0xfa, 0xbf, 0xae, 0xae, 0xfa, 0xbf, 
    0xef, 0xa9, 0xaf, 0xfb, 0xfb, 0xe9, 0xa4, 0xb3, 0xa0, 0xf2, 0xbf, 0xe9, 
    0xfa, 0xb4, 0xa7, 0xbc, 0xb1, 0xa6, 0xbb, 0xbd, 0xbc, 0xfa, 0xb7, 0xfb, 
    0xa9, 0xbe, 0xb7, 0xa6, 0xf2, 0xa6, 0xef, 0xb1, 0xbe, 0xb3, 0xa1, 0xa1, 
    0xf2, 0xb7, 0xaa, 0xa6, 0xb7, 0xbc, 0xb6, 0xa1, 0xf2, 0x94, 0xa9, 0xb5, 
    0xb7, 0xa6, 0xf2, 0xbb, 0xbf, 0xb3, 0xb5, 0xb7, 0xfa, 0xfb, 0xa9, 0xbb, 
    0xb4, 0xfa, 0xb7, 0xfc, 0xb7, 0xaa, 0xa2, 0xbd, 0xa0, 0xa6, 0xa1, 0xfc, 
    0xb3, 0xa1, 0xa1, 0xb7, 0xbf, 0xb0, 0xbe, 0xab, 0x95, 0xb7, 0xa6, 0x9b, 
    0xbf, 0xb3, 0xb5, 0xb7, 0xfc, 0xbb, 0xa1, 0x9c, 0xa7, 0xbe, 0xbe, 0xfa, 
    0xfb, 0xfb, 0xa9, 0xbe, 0xb7, 0xa6, 0xf2, 0xbc, 0xef, 0xa6, 0xba, 0xbb, 
    0xa1, 0xfc, 0xbd, 0xb0, 0xb8, 0xb7, 0xb1, 0xa6, 0xfc, 0xa6, 0xa0, 0xab, 
    0x9f, 0xb7, 0xa6, 0xba, 0xbd, 0xb6, 0xfa, 0xf0, 0x95, 0xb7, 0xa6, 0x86, 
    0xab, 0xa2, 0xb7, 0xf0, 0xfe, 0xe3, 0xfb, 0xed, 0xfc, 0xbb, 0xbc, 0xa4, 
    0xbd, 0xb9, 0xb7, 0xfa, 0xb7, 0xfc, 0xa1, 0xa6, 0xa0, 0xbb, 0xbc, 0xb5, 
    0xfa, 0xf0, 0xee, 0x9f, 0xbd, 0xb6, 0xa7, 0xbe, 0xb7, 0xec, 0xf0, 0xfb, 
    0xfb, 0xed, 0xfc, 0xb3, 0xa1, 0x9c, 0xa7, 0xbe, 0xbe, 0xb3, 0xb0, 0xbe, 
    0xb7, 0xfa, 0xfb, 0xed, 0xfc, 0xa6, 0xa0, 0xab, 0x9f, 0xb7, 0xa6, 0xba, 
    0xbd, 0xb6, 0xfa, 0xf0, 0xb5, 0xb7, 0xa6, 0x8d, 0x9f, 0xbd, 0xb6, 0xa7, 
    0xbe, 0xb7, 0xf0, 0xfb, 0xed, 0xfc, 0xbb, 0xbc, 0xa4, 0xbd, 0xb9, 0xb7, 
    0xfa, 0xfb, 0xed, 0xed, 0xa6, 0xba, 0xbb, 0xa1, 0xfc, 0xbd, 0xb0, 0xb8, 
    0xb7, 0xb1, 0xa6, 0xfc, 0xa6, 0xa0, 0xab, 0x9f, 0xb7, 0xa6, 0xba, 0xbd, 
    0xb6, 0xfa, 0xf0, 0x95, 0xb7, 0xa6, 0x9f, 0xbd, 0xb6, 0xa7, 0xbe, 0xb7, 
    0xa1, 0xf0, 0xfe, 0xe3, 0xfb, 0xed, 0xfc, 0xbb, 0xbc, 0xa4, 0xbd, 0xb9, 
    0xb7, 0xfa, 0xf3, 0xe3, 0xfb, 0xed, 0xfc, 0xb5, 0xb7, 0xa6, 0xfa, 0xe2, 
    0xfb, 0xed, 0xed, 0x8d, 0xfa, 0xb2, 0xb1, 0xbd, 0xa7, 0xbe, 0xb6, 0xbc, 
    0xf5, 0xa6, 0xf2, 0xb4, 0xbb, 0xbc, 0xb6, 0xf2, 0xa6, 0xba, 0xb7, 0xf2, 
    0xa0, 0xa7, 0xbc, 0xa6, 0xbb, 0xbf, 0xb7, 0xf2, 0xbf, 0xbd, 0xb6, 0xa7, 
    0xbe, 0xb7, 0xf2, 0xbd, 0xb0, 0xb8, 0xb7, 0xb1, 0xa6, 0xf2, 0xbd, 0xb4, 
    0xf2, 0xb3, 0xa1, 0xa1, 0xb7, 0xbf, 0xb0, 0xbe, 0xab, 0xf2, 0xf6, 0xa9, 
    0xa6, 0xba, 0xbb, 0xa1, 0xfc, 0xbc, 0xb3, 0xbf, 0xb7, 0xaf, 0xb2, 0xfb, 
    0xe9, 0xa0, 0xb7, 0xa6, 0xa7, 0xa0, 0xbc, 0xf2, 0xbc, 0xb7, 0xa5, 0xf2, 
    0xb7, 0xfc, 0x9b, 0xbf, 0xb3, 0xb5, 0xb7, 0xfa, 0xbc, 0xfc, 0xb4, 0xbb, 
    0xb7, 0xbe, 0xb6, 0xfa, 0xf0, 0x8d, 0xbb, 0xbf, 0xa2, 0xbe, 0xf0, 0xfb, 
    0xfc, 0xa4, 0xb3, 0xbe, 0xa7, 0xb7, 0xfb, 0xaf, 0xa0, 0xb7, 0xa6, 0xa7, 
    0xa0, 0xbc, 0xf2, 0xbc, 0xb7, 0xa5, 0xf2, 0xb7, 0xfc, 0x9b, 0xbf, 0xb3, 
    0xb5, 0xb7, 0xfa, 0xb7, 0xfc, 0xb7, 0xaa, 0xa2, 0xbd, 0xa0, 0xa6, 0xa1, 
    0xfc, 0xb3, 0xa1, 0xa1, 0xb7, 0xbf, 0xb0, 0xbe, 0xab, 0x95, 0xb7, 0xa6, 
    0x9b, 0xbf, 0xb3, 0xb5, 0xb7, 0xfa, 0xa6, 0xba, 0xbb, 0xa1, 0xfb, 0xfb, 
    0xaf, 0xb5, 0xb7, 0xa6, 0xf2, 0xbc, 0xb3, 0xbf, 0xb7, 0xfa, 0xfb, 0xa9, 
    0xa0, 0xb7, 0xa6, 0xa7, 0xa0, 0xbc, 0xf2, 0xa6, 0xba, 0xbb, 0xa1, 0xfc, 
    0xbb, 0xbf, 0xb3, 0xb5, 0xb7, 0xfc, 0xbc, 0xb3, 0xbf, 0xb7, 0xfc, 0xa0, 
    0xb7, 0xa2, 0xbe, 0xb3, 0xb1, 0xb7, 0xfa, 0xf0, 0xfc, 0xb6, 0xbe, 0xbe, 
    0xf0, 0xfe, 0xf0, 0xf0, 0xfb, 0xaf, 0xb5, 0xb7, 0xa6, 0xf2, 0xbd, 0xb0, 
    0xb8, 0xb7, 0xb1, 0xa6, 0xfa, 0xfb, 0xa9, 0xb4, 0xbd, 0xa0, 0xfa, 0xbe, 
    0xb7, 0xa6, 0xf2, 0xbc, 0xf2, 0xbd, 0xb4, 0xf2, 0xb7, 0xfc, 0xb6, 0xbd, 
    0xbf, 0xb3, 0xbb, 0xbc, 0xfc, 0xbd, 0xb0, 0xb8, 0xb7, 0xb1, 0xa6, 0xfc, 
    0xbf, 0xb7, 0xa6, 0xba, 0xbd, 0xb6, 0xfa, 0xf0, 0x95, 0xb7, 0xa6, 0x93, 
    0xa1, 0xa1, 0xb7, 0xbf, 0xb0, 0xbe, 0xbb, 0xb7, 0xa1, 0xf0, 0xfe, 0xe3, 
    0xfb, 0xfc, 0xbb, 0xbc, 0xa4, 0xbd, 0xb9, 0xb7, 0xfa, 0xf3, 0xe3, 0xfb, 
    0xfb, 0xbb, 0xb4, 0xfa, 0xbc, 0xfc, 0xb4, 0xbb, 0xb7, 0xbe, 0xb6, 0xfa, 
    0xf0, 0x8d, 0xbf, 0xbd, 0xbc, 0xbd, 0x8d, 0xb3, 0xa1, 0xa1, 0xb7, 0xbf, 
    0xb0, 0xbe, 0xab, 0xf0, 0xfb, 0xfc, 0xa4, 0xb3, 0xbe, 0xa7, 0xb7, 0xfc, 
    0xb7, 0xa3, 0xa7, 0xb3, 0xbe, 0xa1, 0xfa, 0xa6, 0xba, 0xbb, 0xa1, 0xfb, 
    0xfb, 0xa0, 0xb7, 0xa6, 0xa7, 0xa0, 0xbc, 0xf2, 0xbc, 0xe9, 0x8d, 0xfa, 
    0xf0, 0xb1, 0xbd, 0xa7, 0xbe, 0xb6, 0xbc, 0xf5, 0xa6, 0xf2, 0xb4, 0xbb, 
    0xbc, 0xb6, 0xf2, 0xa6, 0xba, 0xb7, 0xf2, 0xbd, 0xb0, 0xb8, 0xb7, 0xb1, 
    0xa6, 0xf2, 0xbd, 0xb4, 0xf2, 0xa6, 0xba, 0xb7, 0xf2, 0xbc, 0xb3, 0xa6, 
    0xbb, 0xa4, 0xb7, 0xf2, 0xb3, 0xa1, 0xa1, 0xb7, 0xbf, 0xb0, 0xbe, 0xab, 
    0xf2, 0xa1, 0xa6, 0xa0, 0xa7, 0xb1, 0xa6, 0xf0, 0xfb, 0xaf, 0xaf, 0xe9, 
    0xb6, 0xfa, 0x89, 0xa7, 0x8f, 0xfe, 0xa6, 0xfc, 0xa2, 0xa0, 0xbd, 0xa6, 
    0xbd, 0xa6, 0xab, 0xa2, 0xb7, 0xfe, 0xf0, 0xbc, 0xb3, 0xbf, 0xb7, 0xf0, 
    0xfe, 0xbc, 0xa7, 0xbe, 0xbe, 0xfb, 0xfe, 0xb6, 0xfa, 0x89, 0xa7, 0x8f, 
    0xfe, 0xa6, 0xfc, 0xa2, 0xa0, 0xbd, 0xa6, 0xbd, 0xa6, 0xab, 0xa2, 0xb7, 
    0xfe, 0xf0, 0xbd, 0xb0, 0xb8, 0xb7, 0xb1, 0xa6, 0xf0, 0xfe, 0xbc, 0xa7, 
    0xbe, 0xbe, 0xfb, 0xfe, 0xa6, 0xef, 0xb6, 0xfa, 0x89, 0xb6, 0xb7, 0x8f, 
    0xfe, 0xa6, 0xfb, 0xfe, 0xb7, 0xfc, 0x93, 0xa1, 0xa1, 0xb7, 0xbf, 0xb0, 
    0xbe, 0xab, 0xef, 0xa6, 0xaf, 0xfb, 0xfa, 0xbf, 0xae, 0xae, 0xfa, 0xbf, 
    0xef, 0xa9, 0xaf, 0xfb, 0xfb, 0xe9, 0xa4, 0xb3, 0xa0, 0xf2, 0xbf, 0xe9, 
    0xfa, 0xb4, 0xa7, 0xbc, 0xb1, 0xa6, 0xbb, 0xbd, 0xbc, 0xfa, 0xb7, 0xfb, 
    0xa9, 0xbe, 0xb7, 0xa6, 0xf2, 0xa6, 0xef, 0xb1, 0xbe, 0xb3, 0xa1, 0xa1, 
    0xf2, 0xb7, 0xaa, 0xa6, 0xb7, 0xbc, 0xb6, 0xa1, 0xf2, 0x94, 0xa9, 0xb5, 
    0xb7, 0xa6, 0xf2, 0xb3, 0xb1, 0xa6, 0xa7, 0xb3, 0xbe, 0x9b, 0xbc, 0xa1, 
    0xa6, 0xb3, 0xbc, 0xb1, 0xb7, 0x81, 0xbb, 0xa8, 0xb7, 0xfa, 0xfb, 0xa9, 
    0xbe, 0xb7, 0xa6, 0xf2, 0xbc, 0xef, 0xb7, 0xfc, 0xb1, 0xbd, 0xa0, 0xbe, 
    0xbb, 0xb0, 0xfc, 0xb1, 0xbe, 0xb3, 0xa1, 0xa1, 0xfa, 0xf0, 0x81, 0xab, 
    0xa1, 0xa6, 0xb7, 0xbf, 0xfc, 0x81, 0xa6, 0xa0, 0xbb, 0xbc, 0xb5, 0xf0, 
    0xfb, 0xfe, 0xa0, 0xef, 0xbc, 0xfc, 0xba, 0xb3, 0xbc, 0xb6, 0xbe, 0xb7, 
    0xfc, 0xbd, 0xb4, 0xb4, 0xa1, 0xb7, 0xa6, 0x9d, 0xb4, 0xfa, 0xa1, 0xef, 
    0xec, 0xa1, 0xfc, 0xa0, 0xb7, 0xb3, 0xb6, 0x9b, 0xbc, 0xa6, 0xfa, 0xfb, 
    0xef, 0xef, 0xbc, 0xfc, 0xbb, 0xbc, 0xa1, 0xa6, 0xb3, 0xbc, 0xb1, 0xb7, 
    0x81, 0xbb, 0xa8, 0xb7, 0xff, 0xe0, 0xfb, 0xed, 0xed, 0x8d, 0xfa, 0xf0, 
    0xb1, 0xbd, 0xa7, 0xbe, 0xb6, 0xbc, 0xf5, 0xa6, 0xf2, 0xb4, 0xbb, 0xbc, 
    0xb6, 0xf2, 0xa6, 0xba, 0xb7, 0xf2, 0xb3, 0xb1, 0xa6, 0xa7, 0xb3, 0xbe, 
    0xf2, 0xbb, 0xbc, 0xa1, 0xa6, 0xb3, 0xbc, 0xb1, 0xb7, 0xf2, 0xa1, 0xbb, 
    0xa8, 0xb7, 0xf2, 0xbd, 0xb4, 0xb4, 0xa1, 0xb7, 0xa6, 0xf2, 0xbb, 0xbc, 
    0xf2, 0xa6, 0xba, 0xb7, 0xf2, 0xbc, 0xb3, 0xa6, 0xbb, 0xa4, 0xb7, 0xf2, 
    0xb1, 0xbe, 0xb3, 0xa1, 0xa1, 0xf2, 0xa1, 0xa6, 0xa0, 0xa7, 0xb1, 0xa6, 
    0xf0, 0xfb, 0xe9, 0xa0, 0xb7, 0xa6, 0xa7, 0xa0, 0xbc, 0xf2, 0xb8, 0xfa, 
    0xb7, 0xfc, 0x91, 0xbe, 0xb3, 0xa1, 0xa1, 0xfc, 0xa2, 0xa0, 0xbd, 0xa6, 
    0xbd, 0xa6, 0xab, 0xa2, 0xb7, 0xfe, 0xf0, 0xb3, 0xb1, 0xa6, 0xa7, 0xb3, 
    0xbe, 0x9b, 0xbc, 0xa1, 0xa6, 0xb3, 0xbc, 0xb1, 0xb7, 0x81, 0xbb, 0xa8, 
    0xb7, 0xf0, 0xfe, 0xb4, 0xa7, 0xbc, 0xb1, 0xa6, 0xbb, 0xbd, 0xbc, 0xfa, 
    0xfb, 0xa9, 0xa0, 0xb7, 0xa6, 0xa7, 0xa0, 0xbc, 0xf2, 0xa6, 0xba, 0xbb, 
    0xa1, 0xfc, 0xba, 0xb3, 0xbc, 0xb6, 0xbe, 0xb7, 0xfc, 0xb3, 0xb6, 0xb6, 
    0xfa, 0xa0, 0xfb, 0xfc, 0xa0, 0xb7, 0xb3, 0xb6, 0x81, 0xe1, 0xe0, 0xfa, 
    0xfb, 0xaf, 0xfe, 0xa7, 0xfb, 0xfe, 0xa6, 0xba, 0xbb, 0xa1, 0xfc, 0xb3, 
    0xb1, 0xa6, 0xa7, 0xb3, 0xbe, 0x9b, 0xbc, 0xa1, 0xa6, 0xb3, 0xbc, 0xb1, 
    0xb7, 0x81, 0xbb, 0xa8, 0xb7, 0xaf, 0xb5, 0xb7, 0xa6, 0xf2, 0xb3, 0xa0, 
    0xa0, 0xb3, 0xab, 0x91, 0xbe, 0xb3, 0xa1, 0xa1, 0xfa, 0xfb, 0xa9, 0xa0, 
    0xb7, 0xa6, 0xa7, 0xa0, 0xbc, 0xf2, 0xbc, 0xb7, 0xa5, 0xf2, 0xb7, 0xfc, 
    0x91, 0xbe, 0xb3, 0xa1, 0xa1, 0xfa, 0xb7, 0xfc, 0xb7, 0xaa, 0xa2, 0xbd, 
    0xa0, 0xa6, 0xa1, 0xfc, 0xb1, 0xbe, 0xb3, 0xa1, 0xa1, 0x95, 0xb7, 0xa6, 
    0x93, 0xa0, 0xa0, 0xb3, 0xab, 0x91, 0xbe, 0xb3, 0xa1, 0xa1, 0xfa, 0xa6, 
    0xba, 0xbb, 0xa1, 0xfe, 0xe3, 0xfb, 0xfb, 0xaf, 0xb5, 0xb7, 0xa6, 0xf2, 
    0xb3, 0xa0, 0xa0, 0xb3, 0xab, 0x97, 0xbe, 0xb7, 0xbf, 0xb7, 0xbc, 0xa6, 
    0x81, 0xbb, 0xa8, 0xb7, 0xfa, 0xfb, 0xa9, 0xa0, 0xb7, 0xa6, 0xa7, 0xa0, 
    0xbc, 0xf2, 0xb7, 0xfc, 0xb7, 0xaa, 0xa2, 0xbd, 0xa0, 0xa6, 0xa1, 0xfc, 
    0xb1, 0xbe, 0xb3, 0xa1, 0xa1, 0x95, 0xb7, 0xa6, 0x93, 0xa0, 0xa0, 0xb3, 
    0xab, 0x97, 0xbe, 0xb7, 0xbf, 0xb7, 0xbc, 0xa6, 0x81, 0xbb, 0xa8, 0xb7, 
    0xfa, 0xa6, 0xba, 0xbb, 0xa1, 0xfb, 0xaf, 0xb5, 0xb7, 0xa6, 0xf2, 0xb3, 
    0xa1, 0xa1, 0xb7, 0xbf, 0xb0, 0xbe, 0xab, 0x9c, 0xb3, 0xbf, 0xb7, 0xfa, 
    0xfb, 0xa9, 0xa0, 0xb7, 0xa6, 0xa7, 0xa0, 0xbc, 0xf2, 0xb7, 0xfc, 0xb7, 
    0xaa, 0xa2, 0xbd, 0xa0, 0xa6, 0xa1, 0xfc, 0xb1, 0xbe, 0xb3, 0xa1, 0xa1, 
    0x95, 0xb7, 0xa6, 0x93, 0xa1, 0xa1, 0xb7, 0xbf, 0xb0, 0xbe, 0xab, 0x9c, 
    0xb3, 0xbf, 0xb7, 0xfa, 0xa6, 0xba, 0xbb, 0xa1, 0xfb, 0xfc, 0xa0, 0xb7, 
    0xb3, 0xb6, 0x87, 0xa6, 0xb4, 0xea, 0x81, 0xa6, 0xa0, 0xbb, 0xbc, 0xb5, 
    0xfa, 0xfb, 0xfc, 0xa0, 0xb7, 0xa2, 0xbe, 0xb3, 0xb1, 0xb7, 0xfa, 0xf0, 
    0xfc, 0xb6, 0xbe, 0xbe, 0xf0, 0xfe, 0xf0, 0xf0, 0xfb, 0xaf, 0xb5, 0xb7, 
    0xa6, 0xf2, 0xb6, 0xb7, 0xb1, 0xbe, 0xb3, 0xa0, 0xbb, 0xbc, 0xb5, 0x91, 
    0xbe, 0xb3, 0xa1, 0xa1, 0xfa, 0xfb, 0xa9, 0xa0, 0xb7, 0xa6, 0xa7, 0xa0, 
    0xbc, 0xf2, 0xbc, 0xb7, 0xa5, 0xf2, 0xb7, 0xfc, 0x91, 0xbe, 0xb3, 0xa1, 
    0xa1, 0xfa, 0xb7, 0xfc, 0xb7, 0xaa, 0xa2, 0xbd, 0xa0, 0xa6, 0xa1, 0xfc, 
    0xb1, 0xbe, 0xb3, 0xa1, 0xa1, 0x95, 0xb7, 0xa6, 0x96, 0xb7, 0xb1, 0xbe, 
    0xb3, 0xa0, 0xbb, 0xbc, 0xb5, 0x86, 0xab, 0xa2, 0xb7, 0xfa, 0xa6, 0xba, 
    0xbb, 0xa1, 0xfb, 0xfb, 0xfc, 0xb3, 0xa1, 0x9c, 0xa7, 0xbe, 0xbe, 0xb3, 
    0xb0, 0xbe, 0xb7, 0xfa, 0xfb, 0xaf, 0xb5, 0xb7, 0xa6, 0xf2, 0xb0, 0xb3, 
    0xa1, 0xb7, 0x86, 0xab, 0xa2, 0xb7, 0xfa, 0xfb, 0xa9, 0xa0, 0xb7, 0xa6, 
    0xa7, 0xa0, 0xbc, 0xf2, 0xbc, 0xb7, 0xa5, 0xf2, 0xb7, 0xfc, 0x86, 0xab, 
    0xa2, 0xb7, 0xfa, 0xb7, 0xfc, 0xb7, 0xaa, 0xa2, 0xbd, 0xa0, 0xa6, 0xa1, 
    0xfc, 0xb1, 0xbe, 0xb3, 0xa1, 0xa1, 0x95, 0xb7, 0xa6, 0x90, 0xb3, 0xa1, 
    0xb7, 0x86, 0xab, 0xa2, 0xb7, 0xfa, 0xa6, 0xba, 0xbb, 0xa1, 0xfb, 0xfb, 
    0xfc, 0xb3, 0xa1, 0x9c, 0xa7, 0xbe, 0xbe, 0xb3, 0xb0, 0xbe, 0xb7, 0xfa, 
    0xfb, 0xaf, 0xb5, 0xb7, 0xa6, 0xf2, 0xb7, 0xbe, 0xb7, 0xbf, 0xb7, 0xbc, 
    0xa6, 0x91, 0xbe, 0xb3, 0xa1, 0xa1, 0xfa, 0xfb, 0xa9, 0xa0, 0xb7, 0xa6, 
    0xa7, 0xa0, 0xbc, 0xf2, 0xbc, 0xb7, 0xa5, 0xf2, 0xb7, 0xfc, 0x91, 0xbe, 
    0xb3, 0xa1, 0xa1, 0xfa, 0xb7, 0xfc, 0xb7, 0xaa, 0xa2, 0xbd, 0xa0, 0xa6, 
    0xa1, 0xfc, 0xb1, 0xbe, 0xb3, 0xa1, 0xa1, 0x95, 0xb7, 0xa6, 0x97, 0xbe, 
    0xb7, 0xbf, 0xb7, 0xbc, 0xa6, 0x91, 0xbe, 0xb3, 0xa1, 0xa1, 0xfa, 0xa6, 
    0xba, 0xbb, 0xa1, 0xfb, 0xfb, 0xfc, 0xb3, 0xa1, 0x9c, 0xa7, 0xbe, 0xbe, 
    0xb3, 0xb0, 0xbe, 0xb7, 0xfa, 0xfb, 0xaf, 0xb5, 0xb7, 0xa6, 0xf2, 0xb4, 
    0xbb, 0xb7, 0xbe, 0xb6, 0xa1, 0xfa, 0xfb, 0xa9, 0xa0, 0xb7, 0xa6, 0xa7, 
    0xa0, 0xbc, 0xf2, 0xbd, 0xb7, 0xfa, 0xbc, 0xef, 0xec, 0xb7, 0xfc, 0xb7, 
    0xaa, 0xa2, 0xbd, 0xa0, 0xa6, 0xa1, 0xfc, 0xb1, 0xbe, 0xb3, 0xa1, 0xa1, 
    0x95, 0xb7, 0xa6, 0x94, 0xbb, 0xb7, 0xbe, 0xb6, 0xa1, 0xfa, 0xa6, 0xba, 
    0xbb, 0xa1, 0xfe, 0xbc, 0xfb, 0xfb, 0xfc, 0xbf, 0xb3, 0xa2, 0xfa, 0xbc, 
    0xef, 0xec, 0xbc, 0xb7, 0xa5, 0xf2, 0xb7, 0xfc, 0x94, 0xbb, 0xb7, 0xbe, 
    0xb6, 0xfa, 0xbc, 0xfb, 0xfb, 0xaf, 0xb5, 0xb7, 0xa6, 0xf2, 0xb4, 0xbe, 
    0xb3, 0xb5, 0xa1, 0xfa, 0xfb, 0xa9, 0xa0, 0xb7, 0xa6, 0xa7, 0xa0, 0xbc, 
    0xf2, 0xb7, 0xfc, 0xb7, 0xaa, 0xa2, 0xbd, 0xa0, 0xa6, 0xa1, 0xfc, 0xb1, 
    0xbe, 0xb3, 0xa1, 0xa1, 0x95, 0xb7, 0xa6, 0x94, 0xbe, 0xb3, 0xb5, 0xa1, 
    0xfa, 0xa6, 0xba, 0xbb, 0xa1, 0xfb, 0xaf, 0xb5, 0xb7, 0xa6, 0xf2, 0xb4, 
    0xa7, 0xbe, 0xbe, 0x9c, 0xb3, 0xbf, 0xb7, 0xfa, 0xfb, 0xa9, 0xa0, 0xb7, 
    0xa6, 0xa7, 0xa0, 0xbc, 0xf2, 0xa6, 0xba, 0xbb, 0xa1, 0xfc, 0xbc, 0xb3, 
    0xbf, 0xb7, 0xa1, 0xa2, 0xb3, 0xb1, 0xb7, 0xed, 0xb2, 0xf6, 0xa9, 0xa6, 
    0xba, 0xbb, 0xa1, 0xfc, 0xbc, 0xb3, 0xbf, 0xb7, 0xa1, 0xa2, 0xb3, 0xb1, 
    0xb7, 0xaf, 0xfc, 0xf6, 0xa9, 0xa6, 0xba, 0xbb, 0xa1, 0xfc, 0xbc, 0xb3, 
    0xbf, 0xb7, 0xaf, 0xb2, 0xe8, 0xa6, 0xba, 0xbb, 0xa1, 0xfc, 0xbc, 0xb3, 
    0xbf, 0xb7, 0xaf, 0xb5, 0xb7, 0xa6, 0xf2, 0xb5, 0xb7, 0xbc, 0xb7, 0xa0, 
    0xbb, 0xb1, 0x91, 0xbe, 0xb3, 0xa1, 0xa1, 0xfa, 0xfb, 0xa9, 0xbe, 0xb7, 
    0xa6, 0xf2, 0xbc, 0xef, 0xa6, 0xba, 0xbb, 0xa1, 0xfc, 0xbb, 0xbf, 0xb3, 
    0xb5, 0xb7, 0xfc, 0xa6, 0xa0, 0xab, 0x91, 0xbe, 0xb3, 0xa1, 0xa1, 0xfa, 
    0xa6, 0xba, 0xbb, 0xa1, 0xfc, 0xb4, 0xa7, 0xbe, 0xbe, 0x9c, 0xb3, 0xbf, 
    0xb7, 0xfb, 0xed, 0xfc, 0xb3, 0xa1, 0x9c, 0xa7, 0xbe, 0xbe, 0xb3, 0xb0, 
    0xbe, 0xb7, 0xfa, 0xfb, 0xe9, 0xa0, 0xb7, 0xa6, 0xa7, 0xa0, 0xbc, 0xf2, 
    0xbc, 0xed, 0xfc, 0xb7, 0xa3, 0xa7, 0xb3, 0xbe, 0xa1, 0xfa, 0xa6, 0xba, 
    0xbb, 0xa1, 0xfb, 0xed, 0xbc, 0xa7, 0xbe, 0xbe, 0xe8, 0xbc, 0xed, 0xed, 
    0xbc, 0xa7, 0xbe, 0xbe, 0xaf, 0xb5, 0xb7, 0xa6, 0xf2, 0xb5, 0xb7, 0xbc, 
    0xb7, 0xa0, 0xbb, 0xb1, 0xa1, 0xfa, 0xfb, 0xa9, 0xbb, 0xb4, 0xfa, 0xf3, 
    0xa6, 0xba, 0xbb, 0xa1, 0xfc, 0xbb, 0xa1, 0x95, 0xb7, 0xbc, 0xb7, 0xa0, 
    0xbb, 0xb1, 0xf4, 0xf4, 0xf3, 0xa6, 0xba, 0xbb, 0xa1, 0xfc, 0xbb, 0xa1, 
    0x9b, 0xbc, 0xb4, 0xbe, 0xb3, 0xa6, 0xb7, 0xb6, 0xfb, 0xa0, 0xb7, 0xa6, 
    0xa7, 0xa0, 0xbc, 0x89, 0x8f, 0xe9, 0xbe, 0xb7, 0xa6, 0xf2, 0xbc, 0xef, 
    0xa6, 0xba, 0xbb, 0xa1, 0xfc, 0xa6, 0xab, 0xa2, 0xb7, 0xfc, 0xbd, 0xb0, 
    0xb8, 0xb7, 0xb1, 0xa6, 0xfc, 0xbf, 0xb7, 0xa6, 0xba, 0xbd, 0xb6, 0xfa, 
    0xf0, 0x95, 0xb7, 0xa6, 0x95, 0xb7, 0xbc, 0xb7, 0xa0, 0xbb, 0xb1, 0x93, 
    0xa0, 0xb5, 0xa7, 0xbf, 0xb7, 0xbc, 0xa6, 0xa1, 0xf0, 0xfb, 0xfc, 0xbb, 
    0xbc, 0xa4, 0xbd, 0xb9, 0xb7, 0xfa, 0xfb, 0xe9, 0xa0, 0xb7, 0xa6, 0xa7, 
    0xa0, 0xbc, 0xf2, 0xb5, 0xbe, 0xbd, 0xb0, 0xb3, 0xbe, 0x86, 0xba, 0xbb, 
    0xa1, 0xfc, 0x93, 0xa0, 0xa0, 0xb3, 0xab, 0xfc, 0xb4, 0xa0, 0xbd, 0xbf, 
    0xfa, 0xbc, 0xfb, 0xfc, 0xbf, 0xb3, 0xa2, 0xfa, 0xa0, 0xef, 0xec, 0xbc, 
    0xb7, 0xa5, 0xf2, 0xb7, 0xfc, 0x91, 0xbe, 0xb3, 0xa1, 0xa1, 0xfa, 0xb7, 
    0xfc, 0xb7, 0xaa, 0xa2, 0xbd, 0xa0, 0xa6, 0xa1, 0xfc, 0xb1, 0xbe, 0xb3, 
    0xa1, 0xa1, 0x94, 0xa0, 0xbd, 0xbf, 0x9d, 0xb0, 0xb8, 0xb7, 0xb1, 0xa6, 
    0xfa, 0xa0, 0xfb, 0xfb, 0xfb, 0xaf, 0xb5, 0xb7, 0xa6, 0xf2, 0xba, 0xb3, 
    0xa1, 0x80, 0xb7, 0xb4, 0xb7, 0xa0, 0xb7, 0xbc, 0xb1, 0xb7, 0xa1, 0xfa, 
    0xfb, 0xa9, 0xa0, 0xb7, 0xa6, 0xa7, 0xa0, 0xbc, 0xf3, 0xf3, 0xb7, 0xfc, 
    0xb7, 0xaa, 0xa2, 0xbd, 0xa0, 0xa6, 0xa1, 0xfc, 0xb1, 0xbe, 0xb3, 0xa1, 
    0xa1, 0x9a, 0xb3, 0xa1, 0x80, 0xb7, 0xb4, 0xb7, 0xa0, 0xb7, 0xbc, 0xb1, 
    0xb7, 0xa1, 0xfa, 0xa6, 0xba, 0xbb, 0xa1, 0xfb, 0xaf, 0xb5, 0xb7, 0xa6, 
    0xf2, 0xba, 0xb3, 0xa1, 0x81, 0xa6, 0xb3, 0xa6, 0xbb, 0xb1, 0x91, 0xbd, 
    0xbc, 0xa1, 0xa6, 0xa0, 0xa7, 0xb1, 0xa6, 0xbd, 0xa0, 0xfa, 0xfb, 0xa9, 
    0xbe, 0xb7, 0xa6, 0xf2, 0xbc, 0xef, 0xa6, 0xba, 0xbb, 0xa1, 0xfc, 0xa6, 
    0xa0, 0xab, 0x9f, 0xb7, 0xa6, 0xba, 0xbd, 0xb6, 0xfa, 0xf0, 0xfc, 0xb1, 
    0xb1, 0xa6, 0xbd, 0xa0, 0xf0, 0xfb, 0xe9, 0xa0, 0xb7, 0xa6, 0xa7, 0xa0, 
    0xbc, 0xf2, 0xbc, 0xf3, 0xef, 0xbc, 0xa7, 0xbe, 0xbe, 0xf4, 0xf4, 0xf3, 
    0xbc, 0xfc, 0xa4, 0xbb, 0xa0, 0xa6, 0xa7, 0xb3, 0xbe, 0x93, 0xb6, 0xb6, 
    0xa0, 0xb7, 0xa1, 0xa1, 0xfc, 0xbb, 0xa1, 0x9c, 0xa7, 0xbe, 0xbe, 0xfa, 
    0xfb, 0xaf, 0xb5, 0xb7, 0xa6, 0xf2, 0xbb, 0xbf, 0xb3, 0xb5, 0xb7, 0xfa, 
    0xfb, 0xa9, 0xa0, 0xb7, 0xa6, 0xa7, 0xa0, 0xbc, 0xf2, 0xbc, 0xb7, 0xa5, 
    0xf2, 0xb7, 0xfc, 0x9b, 0xbf, 0xb3, 0xb5, 0xb7, 0xfa, 0xb7, 0xfc, 0xb7, 
    0xaa, 0xa2, 0xbd, 0xa0, 0xa6, 0xa1, 0xfc, 0xb1, 0xbe, 0xb3, 0xa1, 0xa1, 
    0x95, 0xb7, 0xa6, 0x9b, 0xbf, 0xb3, 0xb5, 0xb7, 0xfa, 0xa6, 0xba, 0xbb, 
    0xa1, 0xfb, 0xfb, 0xaf, 0xb5, 0xb7, 0xa6, 0xf2, 0xbb, 0xbc, 0xa1, 0xa6, 
    0xb3, 0xbc, 0xb1, 0xb7, 0x81, 0xbb, 0xa8, 0xb7, 0xfa, 0xfb, 0xa9, 0xa0, 
    0xb7, 0xa6, 0xa7, 0xa0, 0xbc, 0xf2, 0xb7, 0xfc, 0xb7, 0xaa, 0xa2, 0xbd, 
    0xa0, 0xa6, 0xa1, 0xfc, 0xb1, 0xbe, 0xb3, 0xa1, 0xa1, 0x95, 0xb7, 0xa6, 
    0x9b, 0xbc, 0xa1, 0xa6, 0xb3, 0xbc, 0xb1, 0xb7, 0x81, 0xbb, 0xa8, 0xb7, 
    0xfa, 0xa6, 0xba, 0xbb, 0xa1, 0xfb, 0xaf, 0xb5, 0xb7, 0xa6, 0xf2, 0xbb, 
    0xa1, 0x93, 0xb0, 0xa1, 0xa6, 0xa0, 0xb3, 0xb1, 0xa6, 0xfa, 0xfb, 0xa9, 
    0xa0, 0xb7, 0xa6, 0xa7, 0xa0, 0xbc, 0xf3, 0xf3, 0xb7, 0xfc, 0xb7, 0xaa, 
    0xa2, 0xbd, 0xa0, 0xa6, 0xa1, 0xfc, 0xb1, 0xbe, 0xb3, 0xa1, 0xa1, 0x9b, 
    0xa1, 0x93, 0xb0, 0xa1, 0xa6, 0xa0, 0xb3, 0xb1, 0xa6, 0xfa, 0xa6, 0xba, 
    0xbb, 0xa1, 0xfb, 0xaf, 0xb5, 0xb7, 0xa6, 0xf2, 0xbb, 0xa1, 0x90, 0xbe, 
    0xbb, 0xa6, 0xa6, 0xb3, 0xb0, 0xbe, 0xb7, 0xfa, 0xfb, 0xa9, 0xa0, 0xb7, 
    0xa6, 0xa7, 0xa0, 0xbc, 0xf3, 0xf3, 0xb7, 0xfc, 0xb7, 0xaa, 0xa2, 0xbd, 
    0xa0, 0xa6, 0xa1, 0xfc, 0xb1, 0xbe, 0xb3, 0xa1, 0xa1, 0x9b, 0xa1, 0x90, 
    0xbe, 0xbb, 0xa6, 0xa6, 0xb3, 0xb0, 0xbe, 0xb7, 0xfa, 0xa6, 0xba, 0xbb, 
    0xa1, 0xfb, 0xaf, 0xb5, 0xb7, 0xa6, 0xf2, 0xbb, 0xa1, 0x97, 0xbc, 0xa7, 
    0xbf, 0xfa, 0xfb, 0xa9, 0xa0, 0xb7, 0xa6, 0xa7, 0xa0, 0xbc, 0xf3, 0xf3, 
    0xb7, 0xfc, 0xb7, 0xaa, 0xa2, 0xbd, 0xa0, 0xa6, 0xa1, 0xfc, 0xb1, 0xbe, 
    0xb3, 0xa1, 0xa1, 0x9b, 0xa1, 0x97, 0xbc, 0xa7, 0xbf, 0xfa, 0xa6, 0xba, 
    0xbb, 0xa1, 0xfb, 0xaf, 0xb5, 0xb7, 0xa6, 0xf2, 0xbb, 0xa1, 0x95, 0xb7, 
    0xbc, 0xb7, 0xa0, 0xbb, 0xb1, 0xfa, 0xfb, 0xa9, 0xa0, 0xb7, 0xa6, 0xa7, 
    0xa0, 0xbc, 0xf3, 0xf3, 0xb7, 0xfc, 0xb7, 0xaa, 0xa2, 0xbd, 0xa0, 0xa6, 
    0xa1, 0xfc, 0xb1, 0xbe, 0xb3, 0xa1, 0xa1, 0x9b, 0xa1, 0x95, 0xb7, 0xbc, 
    0xb7, 0xa0, 0xbb, 0xb1, 0xfa, 0xa6, 0xba, 0xbb, 0xa1, 0xfb, 0xaf, 0xb5, 
    0xb7, 0xa6, 0xf2, 0xbb, 0xa1, 0x9b, 0xbc, 0xb4, 0xbe, 0xb3, 0xa6, 0xb7, 
    0xb6, 0xfa, 0xfb, 0xa9, 0xa0, 0xb7, 0xa6, 0xa7, 0xa0, 0xbc, 0xf3, 0xf3, 
    0xb7, 0xfc, 0xb7, 0xaa, 0xa2, 0xbd, 0xa0, 0xa6, 0xa1, 0xfc, 0xb1, 0xbe, 
    0xb3, 0xa1, 0xa1, 0x9b, 0xa1, 0x9b, 0xbc, 0xb4, 0xbe, 0xb3, 0xa6, 0xb7, 
    0xb6, 0xfa, 0xa6, 0xba, 0xbb, 0xa1, 0xfb, 0xaf, 0xb5, 0xb7, 0xa6, 0xf2, 
    0xbb, 0xa1, 0x9b, 0xbc, 0xa6, 0xb7, 0xa0, 0xb4, 0xb3, 0xb1, 0xb7, 0xfa, 
    0xfb, 0xa9, 0xa0, 0xb7, 0xa6, 0xa7, 0xa0, 0xbc, 0xf3, 0xf3, 0xb7, 0xfc, 
    0xb7, 0xaa, 0xa2, 0xbd, 0xa0, 0xa6, 0xa1, 0xfc, 0xb1, 0xbe, 0xb3, 0xa1, 
    0xa1, 0x9b, 0xa1, 0x9b, 0xbc, 0xa6, 0xb7, 0xa0, 0xb4, 0xb3, 0xb1, 0xb7, 
    0xfa, 0xa6, 0xba, 0xbb, 0xa1, 0xfb, 0xaf, 0xb5, 0xb7, 0xa6, 0xf2, 0xbb, 
    0xa1, 0x81, 0xa6, 0xa0, 0xa7, 0xb1, 0xa6, 0xfa, 0xfb, 0xa9, 0xa0, 0xb7, 
    0xa6, 0xa7, 0xa0, 0xbc, 0xf2, 0xa6, 0xba, 0xbb, 0xa1, 0xfc, 0xbb, 0xa1, 
    0x84, 0xb3, 0xbe, 0xa7, 0xb7, 0x86, 0xab, 0xa2, 0xb7, 0xf4, 0xf4, 0xf3, 
    0xa6, 0xba, 0xbb, 0xa1, 0xfc, 0xbb, 0xa1, 0x97, 0xbc, 0xa7, 0xbf, 0xaf, 
    0xb5, 0xb7, 0xa6, 0xf2, 0xbb, 0xa1, 0x84, 0xb3, 0xbe, 0xa7, 0xb7, 0x86, 
    0xab, 0xa2, 0xb7, 0xfa, 0xfb, 0xa9, 0xa0, 0xb7, 0xa6, 0xa7, 0xa0, 0xbc, 
    0xf3, 0xf3, 0xb7, 0xfc, 0xb7, 0xaa, 0xa2, 0xbd, 0xa0, 0xa6, 0xa1, 0xfc, 
    0xb1, 0xbe, 0xb3, 0xa1, 0xa1, 0x9b, 0xa1, 0x84, 0xb3, 0xbe, 0xa7, 0xb7, 
    0x86, 0xab, 0xa2, 0xb7, 0xfa, 0xa6, 0xba, 0xbb, 0xa1, 0xfb, 0xaf, 0xb5, 
    0xb7, 0xa6, 0xf2, 0xbb, 0xbc, 0xa6, 0xb7, 0xa0, 0xb4, 0xb3, 0xb1, 0xb7, 
    0xa1, 0xfa, 0xfb, 0xa9, 0xa0, 0xb7, 0xa6, 0xa7, 0xa0, 0xbc, 0xf2, 0xbd, 
    0xb7, 0xfa, 0xbc, 0xef, 0xec, 0xb7, 0xfc, 0xb7, 0xaa, 0xa2, 0xbd, 0xa0, 
    0xa6, 0xa1, 0xfc, 0xb1, 0xbe, 0xb3, 0xa1, 0xa1, 0x95, 0xb7, 0xa6, 0x9b, 
    0xbc, 0xa6, 0xb7, 0xa0, 0xb4, 0xb3, 0xb1, 0xb7, 0xa1, 0xfa, 0xa6, 0xba, 
    0xbb, 0xa1, 0xfe, 0xbc, 0xfb, 0xfb, 0xfc, 0xbf, 0xb3, 0xa2, 0xfa, 0xbc, 
    0xef, 0xec, 0xbc, 0xb7, 0xa5, 0xf2, 0xb7, 0xfc, 0x91, 0xbe, 0xb3, 0xa1, 
    0xa1, 0xfa, 0xbc, 0xfb, 0xfb, 0xaf, 0xb5, 0xb7, 0xa6, 0xf2, 0xbf, 0xb7, 
    0xa6, 0xba, 0xbd, 0xb6, 0xa1, 0xfa, 0xfb, 0xa9, 0xa0, 0xb7, 0xa6, 0xa7, 
    0xa0, 0xbc, 0xf2, 0xbd, 0xb7, 0xfa, 0xbc, 0xef, 0xec, 0xb7, 0xfc, 0xb7, 
    0xaa, 0xa2, 0xbd, 0xa0, 0xa6, 0xa1, 0xfc, 0xb1, 0xbe, 0xb3, 0xa1, 0xa1, 
    0x95, 0xb7, 0xa6, 0x9f, 0xb7, 0xa6, 0xba, 0xbd, 0xb6, 0xa1, 0xfa, 0xa6, 
    0xba, 0xbb, 0xa1, 0xfe, 0xbc, 0xfb, 0xfb, 0xfc, 0xbf, 0xb3, 0xa2, 0xfa, 
    0xbc, 0xef, 0xec, 0xbc, 0xb7, 0xa5, 0xf2, 0xb7, 0xfc, 0x9f, 0xb7, 0xa6, 
    0xba, 0xbd, 0xb6, 0xfa, 0xbc, 0xfb, 0xfb, 0xaf, 0xb5, 0xb7, 0xa6, 0xf2, 
    0xbc, 0xb3, 0xbf, 0xb7, 0xfa, 0xfb, 0xa9, 0xa0, 0xb7, 0xa6, 0xa7, 0xa0, 
    0xbc, 0xf2, 0xb7, 0xfc, 0xb7, 0xaa, 0xa2, 0xbd, 0xa0, 0xa6, 0xa1, 0xfc, 
    0xb1, 0xbe, 0xb3, 0xa1, 0xa1, 0x95, 0xb7, 0xa6, 0x9c, 0xb3, 0xbf, 0xb7, 
    0xfa, 0xa6, 0xba, 0xbb, 0xa1, 0xfb, 0xfc, 0xa0, 0xb7, 0xb3, 0xb6, 0x87, 
    0xa6, 0xb4, 0xea, 0x81, 0xa6, 0xa0, 0xbb, 0xbc, 0xb5, 0xfa, 0xfb, 0xaf, 
    0xb5, 0xb7, 0xa6, 0xf2, 0xbc, 0xb3, 0xbf, 0xb7, 0xa1, 0xa2, 0xb3, 0xb1, 
    0xb7, 0xfa, 0xfb, 0xa9, 0xa0, 0xb7, 0xa6, 0xa7, 0xa0, 0xbc, 0xf2, 0xb7, 
    0xfc, 0xb7, 0xaa, 0xa2, 0xbd, 0xa0, 0xa6, 0xa1, 0xfc, 0xb1, 0xbe, 0xb3, 
    0xa1, 0xa1, 0x95, 0xb7, 0xa6, 0x9c, 0xb3, 0xbf, 0xb7, 0xa1, 0xa2, 0xb3, 
    0xb1, 0xb7, 0xfa, 0xa6, 0xba, 0xbb, 0xa1, 0xfb, 0xfc, 0xa0, 0xb7, 0xb3, 
    0xb6, 0x87, 0xa6, 0xb4, 0xea, 0x81, 0xa6, 0xa0, 0xbb, 0xbc, 0xb5, 0xfa, 
    0xfb, 0xae, 0xae, 0xa4, 0xbd, 0xbb, 0xb6, 0xf2, 0xe2, 0xaf, 0xb5, 0xb7, 
    0xa6, 0xf2, 0xbc, 0xb7, 0xa1, 0xa6, 0xb7, 0xb6, 0x91, 0xbe, 0xb3, 0xa1, 
    0xa1, 0xb7, 0xa1, 0xfa, 0xfb, 0xa9, 0xa0, 0xb7, 0xa6, 0xa7, 0xa0, 0xbc, 
    0xf2, 0xbd, 0xb7, 0xfa, 0xbc, 0xef, 0xec, 0xb7, 0xfc, 0xb7, 0xaa, 0xa2, 
    0xbd, 0xa0, 0xa6, 0xa1, 0xfc, 0xb1, 0xbe, 0xb3, 0xa1, 0xa1, 0x95, 0xb7, 
    0xa6, 0x9c, 0xb7, 0xa1, 0xa6, 0xb7, 0xb6, 0x91, 0xbe, 0xb3, 0xa1, 0xa1, 
    0xb7, 0xa1, 0xfa, 0xa6, 0xba, 0xbb, 0xa1, 0xfe, 0xbc, 0xfb, 0xfb, 0xfc, 
    0xbf, 0xb3, 0xa2, 0xfa, 0xbc, 0xef, 0xec, 0xbc, 0xb7, 0xa5, 0xf2, 0xb7, 
    0xfc, 0x91, 0xbe, 0xb3, 0xa1, 0xa1, 0xfa, 0xbc, 0xfb, 0xfb, 0xaf, 0xb5, 
    0xb7, 0xa6, 0xf2, 0xa2, 0xb3, 0xa0, 0xb7, 0xbc, 0xa6, 0xfa, 0xfb, 0xa9, 
    0xa0, 0xb7, 0xa6, 0xa7, 0xa0, 0xbc, 0xf2, 0xbc, 0xb7, 0xa5, 0xf2, 0xb7, 
    0xfc, 0x91, 0xbe, 0xb3, 0xa1, 0xa1, 0xfa, 0xb7, 0xfc, 0xb7, 0xaa, 0xa2, 
    0xbd, 0xa0, 0xa6, 0xa1, 0xfc, 0xb1, 0xbe, 0xb3, 0xa1, 0xa1, 0x95, 0xb7, 
    0xa6, 0x82, 0xb3, 0xa0, 0xb7, 0xbc, 0xa6, 0xfa, 0xa6, 0xba, 0xbb, 0xa1, 
    0xfb, 0xfb, 0xfc, 0xb3, 0xa1, 0x9c, 0xa7, 0xbe, 0xbe, 0xb3, 0xb0, 0xbe, 
    0xb7, 0xfa, 0xfb, 0xaf, 0xb5, 0xb7, 0xa6, 0xf2, 0xa2, 0xbd, 0xbb, 0xbc, 
    0xa6, 0xb7, 0xa0, 0x91, 0xbe, 0xb3, 0xa1, 0xa1, 0xfa, 0xfb, 0xa9, 0xa0, 
    0xb7, 0xa6, 0xa7, 0xa0, 0xbc, 0xf2, 0xbc, 0xb7, 0xa5, 0xf2, 0xb7, 0xfc, 
    0x91, 0xbe, 0xb3, 0xa1, 0xa1, 0xfa, 0xb7, 0xfc, 0xb7, 0xaa, 0xa2, 0xbd, 
    0xa0, 0xa6, 0xa1, 0xfc, 0xb1, 0xbe, 0xb3, 0xa1, 0xa1, 0x94, 0xa0, 0xbd, 
    0xbf, 0x9d, 0xb0, 0xb8, 0xb7, 0xb1, 0xa6, 0xfa, 0xa6, 0xba, 0xbb, 0xa1, 
    0xfc, 0xa6, 0xab, 0xa2, 0xb7, 0xfc, 0xbd, 0xb0, 0xb8, 0xb7, 0xb1, 0xa6, 
    0xfc, 0xbf, 0xb7, 0xa6, 0xba, 0xbd, 0xb6, 0xfa, 0xf0, 0x9f, 0xb3, 0xb9, 
    0xb7, 0x82, 0xbd, 0xbb, 0xbc, 0xa6, 0xb7, 0xa0, 0x86, 0xab, 0xa2, 0xb7, 
    0xf0, 0xfb, 0xfc, 0xbb, 0xbc, 0xa4, 0xbd, 0xb9, 0xb7, 0xfa, 0xfb, 0xfb, 
    0xfb, 0xaf, 0xb5, 0xb7, 0xa6, 0xf2, 0xa0, 0xb3, 0xbc, 0xb9, 0xfa, 0xfb, 
    0xa9, 0xbe, 0xb7, 0xa6, 0xf2, 0xbc, 0xef, 0xe2, 0xfe, 0xa0, 0xef, 0xa6, 
    0xba, 0xbb, 0xa1, 0xfc, 0xbc, 0xb3, 0xbf, 0xb7, 0xe9, 0xb4, 0xbd, 0xa0, 
    0xfa, 0xbe, 0xb7, 0xa6, 0xf2, 0xa1, 0xef, 0xa6, 0xba, 0xbb, 0xa1, 0xfc, 
    0xbc, 0xb3, 0xbf, 0xb7, 0xfc, 0xbe, 0xb7, 0xbc, 0xb5, 0xa6, 0xba, 0xff, 
    0xe3, 0xe9, 0xa1, 0xec, 0xe2, 0xe9, 0xa1, 0xff, 0xff, 0xfb, 0xa9, 0xbe, 
    0xb7, 0xa6, 0xf2, 0xb3, 0xef, 0xa0, 0x89, 0xa1, 0x8f, 0xe9, 0xbb, 0xb4, 
    0xfa, 0xb3, 0xef, 0xef, 0xf0, 0x8f, 0xf0, 0xfb, 0xbc, 0xf9, 0xf9, 0xe9, 
    0xb7, 0xbe, 0xa1, 0xb7, 0xa9, 0xbb, 0xb4, 0xfa, 0xb3, 0xef, 0xef, 0xf0, 
    0x89, 0xf0, 0xae, 0xae, 0xbc, 0xef, 0xef, 0xe2, 0xfb, 0xb0, 0xa0, 0xb7, 
    0xb3, 0xb9, 0xe9, 0xbb, 0xb4, 0xfa, 0xb3, 0xef, 0xef, 0xf0, 0xfe, 0xf0, 
    0xfb, 0xbc, 0xf9, 0xf9, 0xe9, 0xb7, 0xbe, 0xa1, 0xb7, 0xf2, 0xb0, 0xa0, 
    0xb7, 0xb3, 0xb9, 0xaf, 0xaf, 0xa0, 0xb7, 0xa6, 0xa7, 0xa0, 0xbc, 0xf2, 
    0xbc, 0xaf, 0xb5, 0xb7, 0xa6, 0xf2, 0xa1, 0xa6, 0xb3, 0xa6, 0xbb, 0xb1, 
    0x94, 0xbb, 0xb7, 0xbe, 0xb6, 0xa1, 0x96, 0xb3, 0xa6, 0xb3, 0xfa, 0xfb, 
    0xa9, 0xa0, 0xb7, 0xa6, 0xa7, 0xa0, 0xbc, 0xf2, 0xb7, 0xfc, 0xb7, 0xaa, 
    0xa2, 0xbd, 0xa0, 0xa6, 0xa1, 0xfc, 0xb1, 0xbe, 0xb3, 0xa1, 0xa1, 0x95, 
    0xb7, 0xa6, 0x81, 0xa6, 0xb3, 0xa6, 0xbb, 0xb1, 0x94, 0xbb, 0xb7, 0xbe, 
    0xb6, 0x96, 0xb3, 0xa6, 0xb3, 0xfa, 0xa6, 0xba, 0xbb, 0xa1, 0xfb, 0xaf, 
    0xb5, 0xb7, 0xa6, 0xf2, 0xa4, 0xb3, 0xbe, 0xa7, 0xb7, 0x86, 0xab, 0xa2, 
    0xb7, 0x81, 0xbb, 0xa8, 0xb7, 0xfa, 0xfb, 0xa9, 0xa0, 0xb7, 0xa6, 0xa7, 
    0xa0, 0xbc, 0xf2, 0xb7, 0xfc, 0xb7, 0xaa, 0xa2, 0xbd, 0xa0, 0xa6, 0xa1, 
    0xfc, 0xb1, 0xbe, 0xb3, 0xa1, 0xa1, 0x95, 0xb7, 0xa6, 0x84, 0xb3, 0xbe, 
    0xa7, 0xb7, 0x86, 0xab, 0xa2, 0xb7, 0x81, 0xbb, 0xa8, 0xb7, 0xfa, 0xa6, 
    0xba, 0xbb, 0xa1, 0xfe, 0x9c, 0x87, 0x9e, 0x9e, 0xfb, 0xaf, 0xb5, 0xb7, 
    0xa6, 0xf2, 0xa6, 0xab, 0xa2, 0xb7, 0xfa, 0xfb, 0xa9, 0xa0, 0xb7, 0xa6, 
    0xa7, 0xa0, 0xbc, 0xf2, 0xbc, 0xb7, 0xa5, 0xf2, 0xb7, 0xfc, 0x86, 0xab, 
    0xa2, 0xb7, 0xfa, 0xb7, 0xfc, 0xb7, 0xaa, 0xa2, 0xbd, 0xa0, 0xa6, 0xa1, 
    0xfc, 0xb1, 0xbe, 0xb3, 0xa1, 0xa1, 0x95, 0xb7, 0xa6, 0x86, 0xab, 0xa2, 
    0xb7, 0xfa, 0xa6, 0xba, 0xbb, 0xa1, 0xfb, 0xfb, 0xaf, 0xb3, 0xbe, 0xbe, 
    0xbd, 0xb1, 0xfa, 0xfb, 0xa9, 0xa0, 0xb7, 0xa6, 0xa7, 0xa0, 0xbc, 0xf2, 
    0xbc, 0xb7, 0xa5, 0xf2, 0xb7, 0xfc, 0x9d, 0xb0, 0xb8, 0xb7, 0xb1, 0xa6, 
    0xfa, 0xb7, 0xfc, 0xb7, 0xaa, 0xa2, 0xbd, 0xa0, 0xa6, 0xa1, 0xfc, 0xbd, 
    0xb0, 0xb8, 0xb7, 0xb1, 0xa6, 0x9c, 0xb7, 0xa5, 0xfa, 0xa6, 0xba, 0xbb, 
    0xa1, 0xfb, 0xfb, 0xaf, 0xb4, 0xbb, 0xb7, 0xbe, 0xb6, 0xfa, 0xbc, 0xfb, 
    0xa9, 0xa0, 0xb7, 0xa6, 0xa7, 0xa0, 0xbc, 0xf2, 0xa6, 0xba, 0xbb, 0xa1, 
    0xfc, 0xa6, 0xa0, 0xab, 0x94, 0xbb, 0xb7, 0xbe, 0xb6, 0xfa, 0xbc, 0xfb, 
    0xed, 0xed, 0x8d, 0xfa, 0xb2, 0xb1, 0xbd, 0xa7, 0xbe, 0xb6, 0xbc, 0xf5, 
    0xa6, 0xf2, 0xb4, 0xbb, 0xbc, 0xb6, 0xf2, 0xb4, 0xbb, 0xb7, 0xbe, 0xb6, 
    0xf2, 0xf6, 0xa9, 0xbc, 0xaf, 0xf2, 0xbb, 0xbc, 0xf2, 0xb1, 0xbe, 0xb3, 
    0xa1, 0xa1, 0xf2, 0xf6, 0xa9, 0xa6, 0xba, 0xbb, 0xa1, 0xfc, 0xa6, 0xab, 
    0xa2, 0xb7, 0xfc, 0xbc, 0xb3, 0xbf, 0xb7, 0xaf, 0xb2, 0xfb, 0xaf, 0xf8, 
    0xba, 0xbb, 0xb7, 0xa0, 0xb3, 0xa0, 0xb1, 0xba, 0xab, 0xfa, 0xbc, 0xfb, 
    0xa9, 0xbe, 0xb7, 0xa6, 0xf2, 0xa0, 0xef, 0xbc, 0xed, 0xfc, 0xbb, 0xbc, 
    0xb1, 0xbe, 0xa7, 0xb6, 0xb7, 0x91, 0xa7, 0xa0, 0xa0, 0xb7, 0xbc, 0xa6, 
    0xed, 0xed, 0xf3, 0xe2, 0xed, 0xa6, 0xba, 0xbb, 0xa1, 0xe8, 0xa6, 0xba, 
    0xbb, 0xa1, 0xfc, 0xa2, 0xb3, 0xa0, 0xb7, 0xbc, 0xa6, 0xe9, 0xb4, 0xbd, 
    0xa0, 0xfa, 0xe9, 0xa0, 0xe9, 0xfb, 0xab, 0xbb, 0xb7, 0xbe, 0xb6, 0xf2, 
    0xa0, 0xfe, 0xa0, 0xef, 0xa0, 0xfc, 0xa2, 0xb3, 0xa0, 0xb7, 0xbc, 0xa6, 
    0xaf, 0xbb, 0xbc, 0xb4, 0xbe, 0xb3, 0xa6, 0xb7, 0xfa, 0xfc, 0xfc, 0xfc, 
    0xbc, 0xfb, 0xa9, 0xa6, 0xba, 0xbb, 0xa1, 0xfc, 0xbb, 0xa1, 0x95, 0xb7, 
    0xbc, 0xb7, 0xa0, 0xbb, 0xb1, 0xae, 0xae, 0x8d, 0xfa, 0xb2, 0xb1, 0xb3, 
    0xbc, 0xbc, 0xbd, 0xa6, 0xf2, 0xbb, 0xbc, 0xb4, 0xbe, 0xb3, 0xa6, 0xb7, 
    0xf2, 0xb1, 0xbe, 0xb3, 0xa1, 0xa1, 0xf2, 0xf6, 0xa9, 0xa6, 0xba, 0xbb, 
    0xa1, 0xfc, 0xa6, 0xab, 0xa2, 0xb7, 0xfc, 0xbc, 0xb3, 0xbf, 0xb7, 0xaf, 
    0xf2, 0xb3, 0xa1, 0xf2, 0xbb, 0xa6, 0xf2, 0xba, 0xb3, 0xa1, 0xf2, 0xbc, 
    0xbd, 0xf2, 0xb5, 0xb7, 0xbc, 0xb7, 0xa0, 0xbb, 0xb1, 0xf2, 0xa2, 0xb3, 
    0xa0, 0xb3, 0xbf, 0xb7, 0xa6, 0xb7, 0xa0, 0xa1, 0xb2, 0xfb, 0xfe, 0xa6, 
    0xba, 0xbb, 0xa1, 0xfc, 0xb5, 0xb7, 0xbc, 0xb7, 0xa0, 0xbb, 0xb1, 0xa1, 
    0xfc, 0xbe, 0xb7, 0xbc, 0xb5, 0xa6, 0xba, 0xf3, 0xef, 0xbc, 0xfc, 0xbe, 
    0xb7, 0xbc, 0xb5, 0xa6, 0xba, 0xf4, 0xf4, 0x8d, 0xfa, 0xb2, 0xb1, 0xb3, 
    0xbc, 0xbc, 0xbd, 0xa6, 0xf2, 0xbb, 0xbc, 0xb4, 0xbe, 0xb3, 0xa6, 0xb7, 
    0xf2, 0xb1, 0xbe, 0xb3, 0xa1, 0xa1, 0xf2, 0xf6, 0xa9, 0xa6, 0xba, 0xbb, 
    0xa1, 0xfc, 0xa6, 0xab, 0xa2, 0xb7, 0xfc, 0xbc, 0xb3, 0xbf, 0xb7, 0xaf, 
    0xf2, 0xb3, 0xa1, 0xf2, 0xbb, 0xa6, 0xf2, 0xbc, 0xb7, 0xb7, 0xb6, 0xa1, 
    0xf2, 0xf6, 0xa9, 0xa6, 0xba, 0xbb, 0xa1, 0xfc, 0xb5, 0xb7, 0xbc, 0xb7, 
    0xa0, 0xbb, 0xb1, 0xa1, 0xfc, 0xbe, 0xb7, 0xbc, 0xb5, 0xa6, 0xba, 0xaf, 
    0xf2, 0xb5, 0xb7, 0xbc, 0xb7, 0xa0, 0xbb, 0xb1, 0xf2, 0xa2, 0xb3, 0xa0, 
    0xb3, 0xbf, 0xb7, 0xa6, 0xb7, 0xa0, 0xfa, 0xa1, 0xfb, 0xfe, 0xf2, 0xbc, 
    0xbd, 0xa6, 0xf2, 0xf6, 0xa9, 0xbc, 0xfc, 0xbe, 0xb7, 0xbc, 0xb5, 0xa6, 
    0xba, 0xaf, 0xb2, 0xfb, 0xe9, 0xbe, 0xb7, 0xa6, 0xf2, 0xa0, 0xef, 0xbc, 
    0xfc, 0xbf, 0xb3, 0xa2, 0xfa, 0xbb, 0xef, 0xec, 0xbb, 0xfc, 0xa6, 0xab, 
    0xa2, 0xb7, 0xfc, 0xbd, 0xb0, 0xb8, 0xb7, 0xb1, 0xa6, 0xfb, 0xfe, 0xa1, 
    0xef, 0xb7, 0xfc, 0xb3, 0xa0, 0xa0, 0xb3, 0xab, 0xfa, 0xb7, 0xfc, 0xb1, 
    0xbd, 0xa0, 0xbe, 0xbb, 0xb0, 0xfc, 0xb1, 0xbe, 0xb3, 0xa1, 0xa1, 0xfa, 
    0xf0, 0x81, 0xab, 0xa1, 0xa6, 0xb7, 0xbf, 0xfc, 0x86, 0xab, 0xa2, 0xb7, 
    0xf0, 0xfb, 0xfe, 0xa0, 0xfb, 0xfe, 0xb3, 0xef, 0xa6, 0xba, 0xbb, 0xa1, 
    0xfc, 0xa6, 0xab, 0xa2, 0xb7, 0xfc, 0xbd, 0xb0, 0xb8, 0xb7, 0xb1, 0xa6, 
    0xfc, 0xbf, 0xb7, 0xa6, 0xba, 0xbd, 0xb6, 0xfa, 0xf0, 0x9f, 0xb3, 0xb9, 
    0xb7, 0x95, 0xb7, 0xbc, 0xb7, 0xa0, 0xbb, 0xb1, 0x86, 0xab, 0xa2, 0xb7, 
    0xf0, 0xfe, 0xe3, 0xfb, 0xfc, 0xbb, 0xbc, 0xa4, 0xbd, 0xb9, 0xb7, 0xfa, 
    0xa1, 0xfb, 0xe9, 0xa0, 0xb7, 0xa6, 0xa7, 0xa0, 0xbc, 0xf2, 0xbc, 0xb7, 
    0xa5, 0xf2, 0xb7, 0xfc, 0x91, 0xbe, 0xb3, 0xa1, 0xa1, 0xfa, 0xb7, 0xfc, 
    0xb7, 0xaa, 0xa2, 0xbd, 0xa0, 0xa6, 0xa1, 0xfc, 0xb1, 0xbe, 0xb3, 0xa1, 
    0xa1, 0x94, 0xa0, 0xbd, 0xbf, 0x9d, 0xb0, 0xb8, 0xb7, 0xb1, 0xa6, 0xfa, 
    0xb3, 0xfb, 0xfb, 0xaf, 0xbb, 0xbc, 0xbb, 0xa6, 0xbb, 0xb3, 0xbe, 0xbb, 
    0xa8, 0xb7, 0xfa, 0xfb, 0xa9, 0xa0, 0xb7, 0xa6, 0xa7, 0xa0, 0xbc, 0xf2, 
    0xb7, 0xfc, 0xb7, 0xaa, 0xa2, 0xbd, 0xa0, 0xa6, 0xa1, 0xfc, 0xb1, 0xbe, 
    0xb3, 0xa1, 0xa1, 0x9b, 0xbc, 0xbb, 0xa6, 0xbb, 0xb3, 0xbe, 0xbb, 0xa8, 
    0xb7, 0xfa, 0xa6, 0xba, 0xbb, 0xa1, 0xfb, 0xfe, 0xa6, 0xba, 0xbb, 0xa1, 
    0xaf, 0xbb, 0xa1, 0x93, 0xa1, 0xa1, 0xbb, 0xb5, 0xbc, 0xb3, 0xb0, 0xbe, 
    0xb7, 0x94, 0xa0, 0xbd, 0xbf, 0xfa, 0xbc, 0xfb, 0xa9, 0xa0, 0xb7, 0xa6, 
    0xa7, 0xa0, 0xbc, 0xf3, 0xf3, 0xb7, 0xfc, 0xb7, 0xaa, 0xa2, 0xbd, 0xa0, 
    0xa6, 0xa1, 0xfc, 0xb1, 0xbe, 0xb3, 0xa1, 0xa1, 0x9b, 0xa1, 0x93, 0xa1, 
    0xa1, 0xbb, 0xb5, 0xbc, 0xb3, 0xb0, 0xbe, 0xb7, 0x94, 0xa0, 0xbd, 0xbf, 
    0xfa, 0xa6, 0xba, 0xbb, 0xa1, 0xfe, 0xbc, 0xfb, 0xaf, 0xbb, 0xa1, 0x81, 
    0xa7, 0xb0, 0xb1, 0xbe, 0xb3, 0xa1, 0xa1, 0x9d, 0xb4, 0xfa, 0xbc, 0xfe, 
    0xa0, 0xfb, 0xa9, 0xa0, 0xb7, 0xa6, 0xa7, 0xa0, 0xbc, 0xf3, 0xf3, 0xb7, 
    0xfc, 0xb7, 0xaa, 0xa2, 0xbd, 0xa0, 0xa6, 0xa1, 0xfc, 0xb1, 0xbe, 0xb3, 
    0xa1, 0xa1, 0x9b, 0xa1, 0x81, 0xa7, 0xb0, 0xb1, 0xbe, 0xb3, 0xa1, 0xa1, 
    0x9d, 0xb4, 0xfa, 0xa6, 0xba, 0xbb, 0xa1, 0xfe, 0xbc, 0xfe, 0xf9, 0xa0, 
    0xfb, 0xaf, 0xbf, 0xb7, 0xa6, 0xba, 0xbd, 0xb6, 0xfa, 0xbc, 0xfe, 0xa0, 
    0xef, 0xff, 0xe3, 0xfb, 0xa9, 0xa0, 0xb7, 0xa6, 0xa7, 0xa0, 0xbc, 0xf2, 
    0xa6, 0xba, 0xbb, 0xa1, 0xfc, 0xa6, 0xa0, 0xab, 0x9f, 0xb7, 0xa6, 0xba, 
    0xbd, 0xb6, 0xfa, 0xbc, 0xfe, 0xa0, 0xfb, 0xed, 0xed, 0x8d, 0xfa, 0xb2, 
    0xb1, 0xbd, 0xa7, 0xbe, 0xb6, 0xbc, 0xf5, 0xa6, 0xf2, 0xb4, 0xbb, 0xbc, 
    0xb6, 0xf2, 0xbf, 0xb7, 0xa6, 0xba, 0xbd, 0xb6, 0xf2, 0xf6, 0xa9, 0xbc, 
    0xaf, 0xf2, 0xbb, 0xbc, 0xf2, 0xb1, 0xbe, 0xb3, 0xa1, 0xa1, 0xf2, 0xf6, 
    0xa9, 0xa6, 0xba, 0xbb, 0xa1, 0xfc, 0xa6, 0xab, 0xa2, 0xb7, 0xfc, 0xbc, 
    0xb3, 0xbf, 0xb7, 0xaf, 0xb2, 0xfb, 0xaf, 0xbc, 0xb7, 0xa1, 0xa6, 0xb7, 
    0xb6, 0xfa, 0xbc, 0xfb, 0xa9, 0xa0, 0xb7, 0xa6, 0xa7, 0xa0, 0xbc, 0xf2, 
    0xa6, 0xba, 0xbb, 0xa1, 0xfc, 0xa6, 0xa0, 0xab, 0x9c, 0xb7, 0xa1, 0xa6, 
    0xb7, 0xb6, 0xfa, 0xbc, 0xfb, 0xed, 0xed, 0x8d, 0xfa, 0xb2, 0xb1, 0xbd, 
    0xa7, 0xbe, 0xb6, 0xbc, 0xf5, 0xa6, 0xf2, 0xb4, 0xbb, 0xbc, 0xb6, 0xf2, 
    0xbc, 0xb7, 0xa1, 0xa6, 0xb7, 0xb6, 0xf2, 0xb1, 0xbe, 0xb3, 0xa1, 0xa1, 
    0xf2, 0xf6, 0xa9, 0xbc, 0xaf, 0xf2, 0xbb, 0xbc, 0xf2, 0xb1, 0xbe, 0xb3, 
    0xa1, 0xa1, 0xf2, 0xf6, 0xa9, 0xa6, 0xba, 0xbb, 0xa1, 0xfc, 0xa6, 0xab, 
    0xa2, 0xb7, 0xfc, 0xbc, 0xb3, 0xbf, 0xb7, 0xaf, 0xb2, 0xfb, 0xaf, 0xbc, 
    0xb7, 0xa5, 0xfa, 0xfb, 0xa9, 0xbe, 0xb7, 0xa6, 0xf2, 0xbc, 0xef, 0xa6, 
    0xba, 0xbb, 0xa1, 0xfc, 0xb3, 0xbe, 0xbe, 0xbd, 0xb1, 0xfa, 0xfb, 0xfe, 
    0xa0, 0xef, 0x9f, 0xb7, 0xbf, 0xbd, 0xa0, 0xab, 0xfc, 0xb3, 0xbe, 0xbe, 
    0xbd, 0xb1, 0xfa, 0x82, 0xa0, 0xbd, 0xb1, 0xb7, 0xa1, 0xa1, 0xfc, 0xa2, 
    0xbd, 0xbb, 0xbc, 0xa6, 0xb7, 0xa0, 0x81, 0xbb, 0xa8, 0xb7, 0xfb, 0xe9, 
    0xb7, 0xfc, 0xb7, 0xaa, 0xa2, 0xbd, 0xa0, 0xa6, 0xa1, 0xfc, 0xbd, 0xb0, 
    0xb8, 0xb7, 0xb1, 0xa6, 0x9b, 0xbc, 0xbb, 0xa6, 0xbb, 0xb3, 0xbe, 0xbb, 
    0xa8, 0xb7, 0xfa, 0xbc, 0xfe, 0xa0, 0xfb, 0xe9, 0xbe, 0xb7, 0xa6, 0xf2, 
    0xa1, 0xef, 0xa0, 0xfc, 0xa0, 0xb7, 0xb3, 0xb6, 0x82, 0xbd, 0xbb, 0xbc, 
    0xa6, 0xb7, 0xa0, 0xfa, 0xfb, 0xe9, 0xa0, 0xb7, 0xa6, 0xa7, 0xa0, 0xbc, 
    0xf2, 0xa1, 0xfc, 0xbb, 0xa1, 0x9c, 0xa7, 0xbe, 0xbe, 0xfa, 0xfb, 0xae, 
    0xae, 0x8d, 0xfa, 0xbc, 0xb7, 0xa5, 0xf2, 0xb7, 0xfc, 0x9d, 0xb0, 0xb8, 
    0xb7, 0xb1, 0xa6, 0xfa, 0xa1, 0xfb, 0xfc, 0xa6, 0xbd, 0x81, 0xa6, 0xa0, 
    0xbb, 0xbc, 0xb5, 0xfa, 0xfb, 0xfb, 0xfe, 0xbc, 0xaf, 0xa6, 0xa0, 0xab, 
    0x94, 0xbb, 0xb7, 0xbe, 0xb6, 0xfa, 0xbc, 0xfb, 0xa9, 0xa0, 0xb7, 0xa6, 
    0xa7, 0xa0, 0xbc, 0xf2, 0xbc, 0xb7, 0xa5, 0xf2, 0xb7, 0xfc, 0x94, 0xbb, 
    0xb7, 0xbe, 0xb6, 0xfa, 0xb7, 0xfc, 0xb7, 0xaa, 0xa2, 0xbd, 0xa0, 0xa6, 
    0xa1, 0xfc, 0xb1, 0xbe, 0xb3, 0xa1, 0xa1, 0x95, 0xb7, 0xa6, 0x94, 0xbb, 
    0xb7, 0xbe, 0xb6, 0x94, 0xa0, 0xbd, 0xbf, 0x9c, 0xb3, 0xbf, 0xb7, 0xfa, 
    0xa6, 0xba, 0xbb, 0xa1, 0xfe, 0x9f, 0xb7, 0xbf, 0xbd, 0xa0, 0xab, 0xfc, 
    0xb3, 0xbe, 0xbe, 0xbd, 0xb1, 0x87, 0xa6, 0xb4, 0xea, 0x81, 0xa6, 0xa0, 
    0xbb, 0xbc, 0xb5, 0xfa, 0xbc, 0xfb, 0xfb, 0xfb, 0xfc, 0xb3, 0xa1, 0x9c, 
    0xa7, 0xbe, 0xbe, 0xb3, 0xb0, 0xbe, 0xb7, 0xfa, 0xfb, 0xaf, 0xa6, 0xa0, 
    0xab, 0x9f, 0xb7, 0xa6, 0xba, 0xbd, 0xb6, 0xfa, 0xbc, 0xfe, 0xa0, 0xef, 
    0xff, 0xe3, 0xfb, 0xa9, 0xa0, 0xb7, 0xa6, 0xa7, 0xa0, 0xbc, 0xf2, 0xbc, 
    0xb7, 0xa5, 0xf2, 0xb7, 0xfc, 0x9f, 0xb7, 0xa6, 0xba, 0xbd, 0xb6, 0xfa, 
    0xb7, 0xfc, 0xb7, 0xaa, 0xa2, 0xbd, 0xa0, 0xa6, 0xa1, 0xfc, 0xb1, 0xbe, 
    0xb3, 0xa1, 0xa1, 0x95, 0xb7, 0xa6, 0x9f, 0xb7, 0xa6, 0xba, 0xbd, 0xb6, 
    0x94, 0xa0, 0xbd, 0xbf, 0x9c, 0xb3, 0xbf, 0xb7, 0xfa, 0xa6, 0xba, 0xbb, 
    0xa1, 0xfe, 0x9f, 0xb7, 0xbf, 0xbd, 0xa0, 0xab, 0xfc, 0xb3, 0xbe, 0xbe, 
    0xbd, 0xb1, 0x87, 0xa6, 0xb4, 0xea, 0x81, 0xa6, 0xa0, 0xbb, 0xbc, 0xb5, 
    0xfa, 0xbc, 0xfb, 0xfe, 0xa0, 0xfb, 0xfb, 0xfc, 0xb3, 0xa1, 0x9c, 0xa7, 
    0xbe, 0xbe, 0xb3, 0xb0, 0xbe, 0xb7, 0xfa, 0xfb, 0xaf, 0xa6, 0xa0, 0xab, 
    0x9c, 0xb7, 0xa1, 0xa6, 0xb7, 0xb6, 0xfa, 0xbc, 0xfb, 0xa9, 0xa0, 0xb7, 
    0xa6, 0xa7, 0xa0, 0xbc, 0xf2, 0xa6, 0xba, 0xbb, 0xa1, 0xfc, 0xbc, 0xb7, 
    0xa1, 0xa6, 0xb7, 0xb6, 0x91, 0xbe, 0xb3, 0xa1, 0xa1, 0xb7, 0xa1, 0xfc, 
    0xb4, 0xbb, 0xbc, 0xb6, 0xfa, 0xa0, 0xef, 0xec, 0xa0, 0xfc, 0xbc, 0xb3, 
    0xbf, 0xb7, 0xef, 0xef, 0xbc, 0xfb, 0xaf, 0xa6, 0xbd, 0x81, 0xa6, 0xa0, 
    0xbb, 0xbc, 0xb5, 0xfa, 0xfb, 0xa9, 0xbe, 0xb7, 0xa6, 0xf2, 0xbc, 0xef, 
    0x89, 0xa6, 0xba, 0xbb, 0xa1, 0xfc, 0xa2, 0xb3, 0xa0, 0xb7, 0xbc, 0xa6, 
    0x8f, 0xfc, 0xb1, 0xbd, 0xbc, 0xb1, 0xb3, 0xa6, 0xfa, 0xa6, 0xba, 0xbb, 
    0xa1, 0xfc, 0xbb, 0xbc, 0xa6, 0xb7, 0xa0, 0xb4, 0xb3, 0xb1, 0xb7, 0xa1, 
    0xfb, 0xe9, 0xa0, 0xb7, 0xa6, 0xa7, 0xa0, 0xbc, 0xb2, 0xfd, 0xfd, 0xf2, 
    0xf6, 0xa9, 0xa6, 0xba, 0xbb, 0xa1, 0xfc, 0xb3, 0xa1, 0xa1, 0xb7, 0xbf, 
    0xb0, 0xbe, 0xab, 0x9c, 0xb3, 0xbf, 0xb7, 0xaf, 0xd8, 0xf6, 0xa9, 0xa6, 
    0xba, 0xbb, 0xa1, 0xfc, 0xbb, 0xa1, 0x97, 0xbc, 0xa7, 0xbf, 0xed, 0xf0, 
    0xb7, 0xbc, 0xa7, 0xbf, 0xf0, 0xe8, 0xa6, 0xba, 0xbb, 0xa1, 0xfc, 0xbb, 
    0xa1, 0x81, 0xa6, 0xa0, 0xa7, 0xb1, 0xa6, 0xed, 0xf0, 0xa1, 0xa6, 0xa0, 
    0xa7, 0xb1, 0xa6, 0xf0, 0xe8, 0xa6, 0xba, 0xbb, 0xa1, 0xfc, 0xbb, 0xa1, 
    0x9b, 0xbc, 0xa6, 0xb7, 0xa0, 0xb4, 0xb3, 0xb1, 0xb7, 0xed, 0xf0, 0xbb, 
    0xbc, 0xa6, 0xb7, 0xa0, 0xb4, 0xb3, 0xb1, 0xb7, 0xf0, 0xe8, 0xf0, 0xb1, 
    0xbe, 0xb3, 0xa1, 0xa1, 0xf0, 0xaf, 0xf2, 0xf6, 0xa9, 0xa6, 0xba, 0xbb, 
    0xa1, 0xfc, 0xa6, 0xab, 0xa2, 0xb7, 0xfc, 0xbc, 0xb3, 0xbf, 0xb7, 0xaf, 
    0xf6, 0xa9, 0xbc, 0xed, 0xb2, 0xf2, 0xe8, 0xf2, 0xf6, 0xa9, 0xbc, 0xfc, 
    0xbf, 0xb3, 0xa2, 0xfa, 0xa0, 0xef, 0xec, 0xa0, 0xed, 0xfc, 0xa6, 0xab, 
    0xa2, 0xb7, 0xfc, 0xbc, 0xb3, 0xbf, 0xb7, 0xfb, 0xfc, 0xb8, 0xbd, 0xbb, 
    0xbc, 0xfa, 0xf0, 0xfe, 0xf2, 0xf0, 0xfb, 0xaf, 0xb2, 0xe8, 0xf0, 0xf0, 
    0xaf, 0xd8, 0xa9, 0xd8, 0xf2, 0xf2, 0xf2, 0xf2, 0xf6, 0xa9, 0xa6, 0xba, 
    0xbb, 0xa1, 0xfc, 0xb4, 0xbb, 0xb7, 0xbe, 0xb6, 0xa1, 0xfc, 0xb8, 0xbd, 
    0xbb, 0xbc, 0xfa, 0xb2, 0xd8, 0xf2, 0xf2, 0xf2, 0xf2, 0xb2, 0xfb, 0xaf, 
    0xd8, 0xf2, 0xf2, 0xf2, 0xf2, 0xf6, 0xa9, 0xa6, 0xba, 0xbb, 0xa1, 0xfc, 
    0xbf, 0xb7, 0xa6, 0xba, 0xbd, 0xb6, 0xa1, 0xfc, 0xb8, 0xbd, 0xbb, 0xbc, 
    0xfa, 0xb2, 0xd8, 0xf2, 0xf2, 0xf2, 0xf2, 0xb2, 0xfb, 0xaf, 0xd8, 0xaf, 
    0xb2, 0xaf, 0xa1, 0xa6, 0xb3, 0xa6, 0xbb, 0xb1, 0xf2, 0xb7, 0xbc, 0xa7, 
    0xbf, 0xb7, 0xa0, 0xb3, 0xa6, 0xb7, 0xfa, 0xbc, 0xfb, 0xa9, 0xbe, 0xb7, 
    0xa6, 0xf2, 0xa0, 0xef, 0xbc, 0xb7, 0xa5, 0xf2, 0x9c, 0xb3, 0xa6, 0xbb, 
    0xa4, 0xb7, 0x91, 0xb3, 0xbe, 0xbe, 0xb0, 0xb3, 0xb1, 0xb9, 0xfa, 0xa1, 
    0xef, 0xec, 0xbc, 0xfa, 0xbc, 0xb7, 0xa5, 0xf2, 0xb7, 0xfc, 0x91, 0xbe, 
    0xb3, 0xa1, 0xa1, 0xfa, 0xa1, 0xfb, 0xfb, 0xfe, 0xf0, 0xa4, 0xbd, 0xbb, 
    0xb6, 0xf0, 0xfe, 0x89, 0xf0, 0xa2, 0xbd, 0xbb, 0xbc, 0xa6, 0xb7, 0xa0, 
    0xf0, 0xfe, 0xf0, 0xa2, 0xbd, 0xbb, 0xbc, 0xa6, 0xb7, 0xa0, 0xf0, 0x8f, 
    0xfb, 0xe9, 0xa0, 0xb7, 0xa6, 0xa7, 0xa0, 0xbc, 0xf2, 0xb7, 0xfc, 0xb7, 
    0xaa, 0xa2, 0xbd, 0xa0, 0xa6, 0xa1, 0xfc, 0xb1, 0xbe, 0xb3, 0xa1, 0xa1, 
    0x94, 0xbd, 0xa0, 0x97, 0xb3, 0xb1, 0xba, 0xfa, 0xa0, 0xfe, 0x9c, 0x87, 
    0x9e, 0x9e, 0xfb, 0xaf, 0xaf, 0xe9, 0xb6, 0xfa, 0x89, 0xa7, 0x8f, 0xfe, 
    0xa6, 0xfc, 0xa2, 0xa0, 0xbd, 0xa6, 0xbd, 0xa6, 0xab, 0xa2, 0xb7, 0xfe, 
    0xf0, 0xb3, 0xa0, 0xa0, 0xb3, 0xab, 0x91, 0xbe, 0xb3, 0xa1, 0xa1, 0xf0, 
    0xfe, 0xbc, 0xa7, 0xbe, 0xbe, 0xfb, 0xfe, 0xb6, 0xfa, 0x89, 0xa7, 0x8f, 
    0xfe, 0xa6, 0xfc, 0xa2, 0xa0, 0xbd, 0xa6, 0xbd, 0xa6, 0xab, 0xa2, 0xb7, 
    0xfe, 0xf0, 0xb3, 0xa0, 0xa0, 0xb3, 0xab, 0x97, 0xbe, 0xb7, 0xbf, 0xb7, 
    0xbc, 0xa6, 0x81, 0xbb, 0xa8, 0xb7, 0xf0, 0xfe, 0xbc, 0xa7, 0xbe, 0xbe, 
    0xfb, 0xfe, 0xb6, 0xfa, 0x89, 0xa7, 0x8f, 0xfe, 0xa6, 0xfc, 0xa2, 0xa0, 
    0xbd, 0xa6, 0xbd, 0xa6, 0xab, 0xa2, 0xb7, 0xfe, 0xf0, 0xb3, 0xa1, 0xa1, 
    0xb7, 0xbf, 0xb0, 0xbe, 0xab, 0x9c, 0xb3, 0xbf, 0xb7, 0xf0, 0xfe, 0xbc, 
    0xa7, 0xbe, 0xbe, 0xfb, 0xfe, 0xb6, 0xfa, 0x89, 0xa7, 0x8f, 0xfe, 0xa6, 
    0xfc, 0xa2, 0xa0, 0xbd, 0xa6, 0xbd, 0xa6, 0xab, 0xa2, 0xb7, 0xfe, 0xf0, 
    0xb6, 0xb7, 0xb1, 0xbe, 0xb3, 0xa0, 0xbb, 0xbc, 0xb5, 0x91, 0xbe, 0xb3, 
    0xa1, 0xa1, 0xf0, 0xfe, 0xbc, 0xa7, 0xbe, 0xbe, 0xfb, 0xfe, 0xb6, 0xfa, 
    0x89, 0xa7, 0x8f, 0xfe, 0xa6, 0xfc, 0xa2, 0xa0, 0xbd, 0xa6, 0xbd, 0xa6, 
    0xab, 0xa2, 0xb7, 0xfe, 0xf0, 0xb0, 0xb3, 0xa1, 0xb7, 0x86, 0xab, 0xa2, 
    0xb7, 0xf0, 0xfe, 0xbc, 0xa7, 0xbe, 0xbe, 0xfb, 0xfe, 0xb6, 0xfa, 0x89, 
    0xa7, 0x8f, 0xfe, 0xa6, 0xfc, 0xa2, 0xa0, 0xbd, 0xa6, 0xbd, 0xa6, 0xab, 
    0xa2, 0xb7, 0xfe, 0xf0, 0xb7, 0xbe, 0xb7, 0xbf, 0xb7, 0xbc, 0xa6, 0x91, 
    0xbe, 0xb3, 0xa1, 0xa1, 0xf0, 0xfe, 0xbc, 0xa7, 0xbe, 0xbe, 0xfb, 0xfe, 
    0xb6, 0xfa, 0x89, 0xa7, 0x8f, 0xfe, 0xa6, 0xfc, 0xa2, 0xa0, 0xbd, 0xa6, 
    0xbd, 0xa6, 0xab, 0xa2, 0xb7, 0xfe, 0xf0, 0xb4, 0xbb, 0xb7, 0xbe, 0xb6, 
    0xa1, 0xf0, 0xfe, 0xbc, 0xa7, 0xbe, 0xbe, 0xfb, 0xfe, 0xb6, 0xfa, 0x89, 
    0xa7, 0x8f, 0xfe, 0xa6, 0xfc, 0xa2, 0xa0, 0xbd, 0xa6, 0xbd, 0xa6, 0xab, 
    0xa2, 0xb7, 0xfe, 0xf0, 0xb4, 0xbe, 0xb3, 0xb5, 0xa1, 0xf0, 0xfe, 0xbc, 
    0xa7, 0xbe, 0xbe, 0xfb, 0xfe, 0xb6, 0xfa, 0x89, 0xa7, 0x8f, 0xfe, 0xa6, 
    0xfc, 0xa2, 0xa0, 0xbd, 0xa6, 0xbd, 0xa6, 0xab, 0xa2, 0xb7, 0xfe, 0xf0, 
    0xb4, 0xa7, 0xbe, 0xbe, 0x9c, 0xb3, 0xbf, 0xb7, 0xf0, 0xfe, 0xbc, 0xa7, 
    0xbe, 0xbe, 0xfb, 0xfe, 0xb6, 0xfa, 0x89, 0xa7, 0x8f, 0xfe, 0xa6, 0xfc, 
    0xa2, 0xa0, 0xbd, 0xa6, 0xbd, 0xa6, 0xab, 0xa2, 0xb7, 0xfe, 0xf0, 0xb5, 
    0xb7, 0xbc, 0xb7, 0xa0, 0xbb, 0xb1, 0xa1, 0xf0, 0xfe, 0xbc, 0xa7, 0xbe, 
    0xbe, 0xfb, 0xfe, 0xb6, 0xfa, 0x89, 0xa7, 0x8f, 0xfe, 0xa6, 0xfc, 0xa2, 
    0xa0, 0xbd, 0xa6, 0xbd, 0xa6, 0xab, 0xa2, 0xb7, 0xfe, 0xf0, 0xba, 0xb3, 
    0xa1, 0x80, 0xb7, 0xb4, 0xb7, 0xa0, 0xb7, 0xbc, 0xb1, 0xb7, 0xa1, 0xf0, 
    0xfe, 0xbc, 0xa7, 0xbe, 0xbe, 0xfb, 0xfe, 0xb6, 0xfa, 0x89, 0xa7, 0x8f, 
    0xfe, 0xa6, 0xfc, 0xa2, 0xa0, 0xbd, 0xa6, 0xbd, 0xa6, 0xab, 0xa2, 0xb7, 
    0xfe, 0xf0, 0xba, 0xb3, 0xa1, 0x81, 0xa6, 0xb3, 0xa6, 0xbb, 0xb1, 0x91, 
    0xbd, 0xbc, 0xa1, 0xa6, 0xa0, 0xa7, 0xb1, 0xa6, 0xbd, 0xa0, 0xf0, 0xfe, 
    0xbc, 0xa7, 0xbe, 0xbe, 0xfb, 0xfe, 0xb6, 0xfa, 0x89, 0xa7, 0x8f, 0xfe, 
    0xa6, 0xfc, 0xa2, 0xa0, 0xbd, 0xa6, 0xbd, 0xa6, 0xab, 0xa2, 0xb7, 0xfe, 
    0xf0, 0xbb, 0xbf, 0xb3, 0xb5, 0xb7, 0xf0, 0xfe, 0xbc, 0xa7, 0xbe, 0xbe, 
    0xfb, 0xfe, 0xb6, 0xfa, 0x89, 0xa7, 0x8f, 0xfe, 0xa6, 0xfc, 0xa2, 0xa0, 
    0xbd, 0xa6, 0xbd, 0xa6, 0xab, 0xa2, 0xb7, 0xfe, 0xf0, 0xbb, 0xbc, 0xa1, 
    0xa6, 0xb3, 0xbc, 0xb1, 0xb7, 0x81, 0xbb, 0xa8, 0xb7, 0xf0, 0xfe, 0xbc, 
    0xa7, 0xbe, 0xbe, 0xfb, 0xfe, 0xb6, 0xfa, 0x89, 0xa7, 0x8f, 0xfe, 0xa6, 
    0xfc, 0xa2, 0xa0, 0xbd, 0xa6, 0xbd, 0xa6, 0xab, 0xa2, 0xb7, 0xfe, 0xf0, 
    0xbb, 0xa1, 0x93, 0xb0, 0xa1, 0xa6, 0xa0, 0xb3, 0xb1, 0xa6, 0xf0, 0xfe, 
    0xbc, 0xa7, 0xbe, 0xbe, 0xfb, 0xfe, 0xb6, 0xfa, 0x89, 0xa7, 0x8f, 0xfe, 
    0xa6, 0xfc, 0xa2, 0xa0, 0xbd, 0xa6, 0xbd, 0xa6, 0xab, 0xa2, 0xb7, 0xfe, 
    0xf0, 0xbb, 0xa1, 0x90, 0xbe, 0xbb, 0xa6, 0xa6, 0xb3, 0xb0, 0xbe, 0xb7, 
    0xf0, 0xfe, 0xbc, 0xa7, 0xbe, 0xbe, 0xfb, 0xfe, 0xb6, 0xfa, 0x89, 0xa7, 
    0x8f, 0xfe, 0xa6, 0xfc, 0xa2, 0xa0, 0xbd, 0xa6, 0xbd, 0xa6, 0xab, 0xa2, 
    0xb7, 0xfe, 0xf0, 0xbb, 0xa1, 0x97, 0xbc, 0xa7, 0xbf, 0xf0, 0xfe, 0xbc, 
    0xa7, 0xbe, 0xbe, 0xfb, 0xfe, 0xb6, 0xfa, 0x89, 0xa7, 0x8f, 0xfe, 0xa6, 
    0xfc, 0xa2, 0xa0, 0xbd, 0xa6, 0xbd, 0xa6, 0xab, 0xa2, 0xb7, 0xfe, 0xf0, 
    0xbb, 0xa1, 0x95, 0xb7, 0xbc, 0xb7, 0xa0, 0xbb, 0xb1, 0xf0, 0xfe, 0xbc, 
    0xa7, 0xbe, 0xbe, 0xfb, 0xfe, 0xb6, 0xfa, 0x89, 0xa7, 0x8f, 0xfe, 0xa6, 
    0xfc, 0xa2, 0xa0, 0xbd, 0xa6, 0xbd, 0xa6, 0xab, 0xa2, 0xb7, 0xfe, 0xf0, 
    0xbb, 0xa1, 0x9b, 0xbc, 0xb4, 0xbe, 0xb3, 0xa6, 0xb7, 0xb6, 0xf0, 0xfe, 
    0xbc, 0xa7, 0xbe, 0xbe, 0xfb, 0xfe, 0xb6, 0xfa, 0x89, 0xa7, 0x8f, 0xfe, 
    0xa6, 0xfc, 0xa2, 0xa0, 0xbd, 0xa6, 0xbd, 0xa6, 0xab, 0xa2, 0xb7, 0xfe, 
    0xf0, 0xbb, 0xa1, 0x9b, 0xbc, 0xa6, 0xb7, 0xa0, 0xb4, 0xb3, 0xb1, 0xb7, 
    0xf0, 0xfe, 0xbc, 0xa7, 0xbe, 0xbe, 0xfb, 0xfe, 0xb6, 0xfa, 0x89, 0xa7, 
    0x8f, 0xfe, 0xa6, 0xfc, 0xa2, 0xa0, 0xbd, 0xa6, 0xbd, 0xa6, 0xab, 0xa2, 
    0xb7, 0xfe, 0xf0, 0xbb, 0xa1, 0x84, 0xb3, 0xbe, 0xa7, 0xb7, 0x86, 0xab, 
    0xa2, 0xb7, 0xf0, 0xfe, 0xbc, 0xa7, 0xbe, 0xbe, 0xfb, 0xfe, 0xb6, 0xfa, 
    0x89, 0xa7, 0x8f, 0xfe, 0xa6, 0xfc, 0xa2, 0xa0, 0xbd, 0xa6, 0xbd, 0xa6, 
    0xab, 0xa2, 0xb7, 0xfe, 0xf0, 0xbb, 0xbc, 0xa6, 0xb7, 0xa0, 0xb4, 0xb3, 
    0xb1, 0xb7, 0xa1, 0xf0, 0xfe, 0xbc, 0xa7, 0xbe, 0xbe, 0xfb, 0xfe, 0xb6, 
    0xfa, 0x89, 0xa7, 0x8f, 0xfe, 0xa6, 0xfc, 0xa2, 0xa0, 0xbd, 0xa6, 0xbd, 
    0xa6, 0xab, 0xa2, 0xb7, 0xfe, 0xf0, 0xbf, 0xb7, 0xa6, 0xba, 0xbd, 0xb6, 
    0xa1, 0xf0, 0xfe, 0xbc, 0xa7, 0xbe, 0xbe, 0xfb, 0xfe, 0xb6, 0xfa, 0x89, 
    0xa7, 0x8f, 0xfe, 0xa6, 0xfc, 0xa2, 0xa0, 0xbd, 0xa6, 0xbd, 0xa6, 0xab, 
    0xa2, 0xb7, 0xfe, 0xf0, 0xbc, 0xb3, 0xbf, 0xb7, 0xf0, 0xfe, 0xbc, 0xa7, 
    0xbe, 0xbe, 0xfb, 0xfe, 0xb6, 0xfa, 0x89, 0xa7, 0x8f, 0xfe, 0xa6, 0xfc, 
    0xa2, 0xa0, 0xbd, 0xa6, 0xbd, 0xa6, 0xab, 0xa2, 0xb7, 0xfe, 0xf0, 0xbc, 
    0xb3, 0xbf, 0xb7, 0xa1, 0xa2, 0xb3, 0xb1, 0xb7, 0xf0, 0xfe, 0xbc, 0xa7, 
    0xbe, 0xbe, 0xfb, 0xfe, 0xb6, 0xfa, 0x89, 0xa7, 0x8f, 0xfe, 0xa6, 0xfc, 
    0xa2, 0xa0, 0xbd, 0xa6, 0xbd, 0xa6, 0xab, 0xa2, 0xb7, 0xfe, 0xf0, 0xbc, 
    0xb7, 0xa1, 0xa6, 0xb7, 0xb6, 0x91, 0xbe, 0xb3, 0xa1, 0xa1, 0xb7, 0xa1, 
    0xf0, 0xfe, 0xbc, 0xa7, 0xbe, 0xbe, 0xfb, 0xfe, 0xb6, 0xfa, 0x89, 0xa7, 
    0x8f, 0xfe, 0xa6, 0xfc, 0xa2, 0xa0, 0xbd, 0xa6, 0xbd, 0xa6, 0xab, 0xa2, 
    0xb7, 0xfe, 0xf0, 0xa2, 0xb3, 0xa0, 0xb7, 0xbc, 0xa6, 0xf0, 0xfe, 0xbc, 
    0xa7, 0xbe, 0xbe, 0xfb, 0xfe, 0xb6, 0xfa, 0x89, 0xa7, 0x8f, 0xfe, 0xa6, 
    0xfc, 0xa2, 0xa0, 0xbd, 0xa6, 0xbd, 0xa6, 0xab, 0xa2, 0xb7, 0xfe, 0xf0, 
    0xa2, 0xbd, 0xbb, 0xbc, 0xa6, 0xb7, 0xa0, 0x91, 0xbe, 0xb3, 0xa1, 0xa1, 
    0xf0, 0xfe, 0xbc, 0xa7, 0xbe, 0xbe, 0xfb, 0xfe, 0xb6, 0xfa, 0x89, 0xa7, 
    0x8f, 0xfe, 0xa6, 0xfc, 0xa2, 0xa0, 0xbd, 0xa6, 0xbd, 0xa6, 0xab, 0xa2, 
    0xb7, 0xfe, 0xf0, 0xa0, 0xb3, 0xbc, 0xb9, 0xf0, 0xfe, 0xbc, 0xa7, 0xbe, 
    0xbe, 0xfb, 0xfe, 0xb6, 0xfa, 0x89, 0xa7, 0x8f, 0xfe, 0xa6, 0xfc, 0xa2, 
    0xa0, 0xbd, 0xa6, 0xbd, 0xa6, 0xab, 0xa2, 0xb7, 0xfe, 0xf0, 0xa1, 0xa6, 
    0xb3, 0xa6, 0xbb, 0xb1, 0x94, 0xbb, 0xb7, 0xbe, 0xb6, 0xa1, 0x96, 0xb3, 
    0xa6, 0xb3, 0xf0, 0xfe, 0xbc, 0xa7, 0xbe, 0xbe, 0xfb, 0xfe, 0xb6, 0xfa, 
    0x89, 0xa7, 0x8f, 0xfe, 0xa6, 0xfc, 0xa2, 0xa0, 0xbd, 0xa6, 0xbd, 0xa6, 
    0xab, 0xa2, 0xb7, 0xfe, 0xf0, 0xa4, 0xb3, 0xbe, 0xa7, 0xb7, 0x86, 0xab, 
    0xa2, 0xb7, 0x81, 0xbb, 0xa8, 0xb7, 0xf0, 0xfe, 0xbc, 0xa7, 0xbe, 0xbe, 
    0xfb, 0xfe, 0xb6, 0xfa, 0x89, 0xa7, 0x8f, 0xfe, 0xa6, 0xfc, 0xa2, 0xa0, 
    0xbd, 0xa6, 0xbd, 0xa6, 0xab, 0xa2, 0xb7, 0xfe, 0xf0, 0xa6, 0xab, 0xa2, 
    0xb7, 0xf0, 0xfe, 0xbc, 0xa7, 0xbe, 0xbe, 0xfb, 0xfe, 0xa6, 0xef, 0xb6, 
    0xfa, 0x89, 0xb6, 0xb7, 0x8f, 0xfe, 0xa6, 0xfb, 0xfe, 0xb7, 0xfc, 0x91, 
    0xbe, 0xb3, 0xa1, 0xa1, 0xef, 0xa6, 0xaf, 0xfb, 0xfa, 0xbf, 0xae, 0xae, 
    0xfa, 0xbf, 0xef, 0xa9, 0xaf, 0xfb, 0xfb, 0xe9, 0xa4, 0xb3, 0xa0, 0xf2, 
    0xbf, 0xe9, 0xfa, 0xb4, 0xa7, 0xbc, 0xb1, 0xa6, 0xbb, 0xbd, 0xbc, 0xfa, 
    0xb7, 0xfb, 0xa9, 0xb4, 0xa7, 0xbc, 0xb1, 0xa6, 0xbb, 0xbd, 0xbc, 0xf2, 
    0xa6, 0xfa, 0xbd, 0xfe, 0xbc, 0xfb, 0xa9, 0xbe, 0xb7, 0xa6, 0xf2, 0xa0, 
    0xef, 0xb7, 0xfc, 0xb1, 0xbd, 0xa0, 0xbe, 0xbb, 0xb0, 0xfc, 0xb1, 0xbe, 
    0xb3, 0xa1, 0xa1, 0xfa, 0xf0, 0x81, 0xab, 0xa1, 0xa6, 0xb7, 0xbf, 0xfc, 
    0x96, 0xb7, 0xbe, 0xb7, 0xb5, 0xb3, 0xa6, 0xb7, 0xf0, 0xfb, 0xfe, 0xa1, 
    0xef, 0xb7, 0xfc, 0xb1, 0xbd, 0xa0, 0xbe, 0xbb, 0xb0, 0xfc, 0xb1, 0xbe, 
    0xb3, 0xa1, 0xa1, 0xfa, 0xf0, 0x81, 0xab, 0xa1, 0xa6, 0xb7, 0xbf, 0xfc, 
    0x9f, 0xa7, 0xbe, 0xa6, 0xbb, 0xb1, 0xb3, 0xa1, 0xa6, 0x96, 0xb7, 0xbe, 
    0xb7, 0xb5, 0xb3, 0xa6, 0xb7, 0xf0, 0xfb, 0xe9, 0xa0, 0xfc, 0xbb, 0xa1, 
    0x93, 0xa1, 0xa1, 0xbb, 0xb5, 0xbc, 0xb3, 0xb0, 0xbe, 0xb7, 0x94, 0xa0, 
    0xbd, 0xbf, 0xfa, 0xbd, 0xfb, 0xae, 0xae, 0x8d, 0xfa, 0xb2, 0xb1, 0xb3, 
    0xbc, 0xbc, 0xbd, 0xa6, 0xf2, 0xb1, 0xa0, 0xb7, 0xb3, 0xa6, 0xb7, 0xf2, 
    0xb3, 0xf2, 0xb6, 0xb7, 0xbe, 0xb7, 0xb5, 0xb3, 0xa6, 0xb7, 0xf2, 0xb4, 
    0xbd, 0xa0, 0xf2, 0xf6, 0xa9, 0xbd, 0xfc, 0xa6, 0xab, 0xa2, 0xb7, 0xfc, 
    0xbc, 0xb3, 0xbf, 0xb7, 0xaf, 0xf2, 0xb3, 0xa1, 0xf2, 0xbb, 0xa6, 0xf5, 
    0xa1, 0xf2, 0xb3, 0xf2, 0xbc, 0xbd, 0xbc, 0xff, 0xb6, 0xb7, 0xbe, 0xb7, 
    0xb5, 0xb3, 0xa6, 0xb7, 0xf2, 0xb1, 0xbe, 0xb3, 0xa1, 0xa1, 0xb2, 0xfb, 
    0xfe, 0xfa, 0xbd, 0xfc, 0xb7, 0xa3, 0xa7, 0xb3, 0xbe, 0xa1, 0xfa, 0xa0, 
    0xfb, 0xae, 0xae, 0xbd, 0xfc, 0xb7, 0xa3, 0xa7, 0xb3, 0xbe, 0xa1, 0xfa, 
    0xa1, 0xfb, 0xfb, 0xf4, 0xf4, 0x8d, 0xfa, 0xb2, 0xb1, 0xb3, 0xbc, 0xbc, 
    0xbd, 0xa6, 0xf2, 0xb1, 0xa0, 0xb7, 0xb3, 0xa6, 0xb7, 0xf2, 0xb3, 0xf2, 
    0xb6, 0xb7, 0xbe, 0xb7, 0xb5, 0xb3, 0xa6, 0xb7, 0xf2, 0xb4, 0xbd, 0xa0, 
    0xf2, 0xbc, 0xb7, 0xbb, 0xa6, 0xba, 0xb7, 0xa0, 0xf2, 0xf6, 0xa9, 0xa0, 
    0xfc, 0xa6, 0xab, 0xa2, 0xb7, 0xfc, 0xbc, 0xb3, 0xbf, 0xb7, 0xaf, 0xf2, 
    0xbc, 0xbd, 0xa0, 0xf2, 0xf6, 0xa9, 0xa1, 0xfc, 0xa6, 0xab, 0xa2, 0xb7, 
    0xfc, 0xbc, 0xb3, 0xbf, 0xb7, 0xaf, 0xfe, 0xf2, 0xa7, 0xa1, 0xb7, 0xf2, 
    0xb3, 0xf2, 0xa1, 0xa7, 0xb0, 0xb1, 0xbe, 0xb3, 0xa1, 0xa1, 0xf2, 0xbb, 
    0xbc, 0xa1, 0xa6, 0xb7, 0xb3, 0xb6, 0xb2, 0xfb, 0xe9, 0xbe, 0xb7, 0xa6, 
    0xf2, 0xb3, 0xef, 0xbd, 0xfc, 0xb3, 0xbe, 0xbe, 0xbd, 0xb1, 0xfa, 0xfb, 
    0xfe, 0xbb, 0xef, 0xb3, 0xfc, 0xba, 0xb3, 0xbc, 0xb6, 0xbe, 0xb7, 0xfc, 
    0xa6, 0xbd, 0x81, 0xa6, 0xa0, 0xbb, 0xbc, 0xb5, 0xfa, 0xfb, 0xfe, 0xb1, 
    0xef, 0xb3, 0xfc, 0xa6, 0xa0, 0xab, 0x9f, 0xb7, 0xa6, 0xba, 0xbd, 0xb6, 
    0xfa, 0xf0, 0x9b, 0xbc, 0xa4, 0xbd, 0xb9, 0xb7, 0xf0, 0xfb, 0xed, 0xed, 
    0x8d, 0xfa, 0xb2, 0xb1, 0xb3, 0xbc, 0xbc, 0xbd, 0xa6, 0xf2, 0xb1, 0xa0, 
    0xb7, 0xb3, 0xa6, 0xb7, 0xf2, 0xb3, 0xf2, 0xb6, 0xb7, 0xbe, 0xb7, 0xb5, 
    0xb3, 0xa6, 0xb7, 0xf2, 0xb4, 0xbd, 0xa0, 0xf2, 0xf6, 0xa9, 0xbd, 0xfc, 
    0xa6, 0xab, 0xa2, 0xb7, 0xfc, 0xbc, 0xb3, 0xbf, 0xb7, 0xaf, 0xfe, 0xf2, 
    0xa6, 0xba, 0xb7, 0xa0, 0xb7, 0xf2, 0xbb, 0xa1, 0xf2, 0xbc, 0xbd, 0xf2, 
    0x9b, 0xbc, 0xa4, 0xbd, 0xb9, 0xb7, 0xf2, 0xbf, 0xb7, 0xa6, 0xba, 0xbd, 
    0xb6, 0xb2, 0xfb, 0xe9, 0xb3, 0xfc, 0xbf, 0xb7, 0xa6, 0xba, 0xbd, 0xb6, 
    0xfa, 0xf0, 0xfc, 0xb1, 0xa6, 0xbd, 0xa0, 0xf0, 0xfb, 0xfc, 0xbb, 0xbc, 
    0xa4, 0xbd, 0xb9, 0xb7, 0xfa, 0xb3, 0xfe, 0xb1, 0xfc, 0xba, 0xb3, 0xbc, 
    0xb6, 0xbe, 0xb7, 0xfb, 0xe9, 0xbe, 0xb7, 0xa6, 0xf2, 0xbe, 0xef, 0xb1, 
    0xfc, 0xa5, 0xa0, 0xb3, 0xa2, 0xfa, 0xbc, 0xfb, 0xe9, 0xa0, 0xb7, 0xa6, 
    0xa7, 0xa0, 0xbc, 0xf2, 0xb3, 0xfc, 0xb4, 0xbb, 0xb7, 0xbe, 0xb6, 0xfa, 
    0xf0, 0xbf, 0xb7, 0xa6, 0xba, 0xbd, 0xb6, 0x8d, 0xa2, 0xa6, 0xa0, 0xf0, 
    0xfb, 0xfc, 0xa4, 0xb3, 0xbe, 0xa7, 0xb7, 0xef, 0xbe, 0xfe, 0xb3, 0xfc, 
    0xb4, 0xbb, 0xb7, 0xbe, 0xb6, 0xfa, 0xf0, 0xbb, 0xbc, 0xa4, 0xbd, 0xb9, 
    0xb7, 0x8d, 0xbb, 0xbf, 0xa2, 0xbe, 0xf0, 0xfb, 0xfc, 0xa4, 0xb3, 0xbe, 
    0xa7, 0xb7, 0xef, 0xbe, 0xfe, 0xb7, 0xfc, 0x8d, 0xb1, 0xb3, 0xbe, 0xbe, 
    0xb0, 0xb3, 0xb1, 0xb9, 0xa1, 0x86, 0xbd, 0x99, 0xb7, 0xb7, 0xa2, 0x93, 
    0xbe, 0xbb, 0xa4, 0xb7, 0x89, 0xbb, 0x8f, 0xef, 0xbe, 0xfe, 0xb3, 0xaf, 
    0xb7, 0xfc, 0xb6, 0xb7, 0xbe, 0xb7, 0xb5, 0xb3, 0xa6, 0xb7, 0xef, 0xa6, 
    0xfe, 0xb7, 0xfc, 0x8d, 0xb1, 0xb3, 0xbe, 0xbe, 0xb0, 0xb3, 0xb1, 0xb9, 
    0xa1, 0x86, 0xbd, 0x99, 0xb7, 0xb7, 0xa2, 0x93, 0xbe, 0xbb, 0xa4, 0xb7, 
    0xef, 0xa9, 0xaf, 0xaf, 0xfb, 0xfa, 0xbf, 0xae, 0xae, 0xfa, 0xbf, 0xef, 
    0xa9, 0xaf, 0xfb, 0xfb, 0xe9, 0xa4, 0xb3, 0xa0, 0xf2, 0xbf, 0xe9, 0xfa, 
    0xb4, 0xa7, 0xbc, 0xb1, 0xa6, 0xbb, 0xbd, 0xbc, 0xfa, 0xb7, 0xfb, 0xa9, 
    0xbe, 0xb7, 0xa6, 0xf2, 0xa6, 0xef, 0xb1, 0xbe, 0xb3, 0xa1, 0xa1, 0xf2, 
    0xb7, 0xaa, 0xa6, 0xb7, 0xbc, 0xb6, 0xa1, 0xf2, 0x94, 0xa9, 0xb5, 0xb7, 
    0xa6, 0xf2, 0xb3, 0xa1, 0xa1, 0xb7, 0xbf, 0xb0, 0xbe, 0xbb, 0xb7, 0xa1, 
    0xfa, 0xfb, 0xa9, 0xbe, 0xb7, 0xa6, 0xf2, 0xbc, 0xef, 0xaa, 0xb7, 0xfa, 
    0xa0, 0xef, 0xec, 0xb7, 0xfc, 0xb7, 0xaa, 0xa2, 0xbd, 0xa0, 0xa6, 0xa1, 
    0xfc, 0xb6, 0xbd, 0xbf, 0xb3, 0xbb, 0xbc, 0x95, 0xb7, 0xa6, 0x93, 0xa1, 
    0xa1, 0xb7, 0xbf, 0xb0, 0xbe, 0xbb, 0xb7, 0xa1, 0xfa, 0xa6, 0xba, 0xbb, 
    0xa1, 0xfe, 0xa0, 0xfb, 0xfb, 0xe9, 0xbb, 0xb4, 0xfa, 0xbc, 0xfc, 0xbe, 
    0xb7, 0xbc, 0xb5, 0xa6, 0xba, 0xef, 0xef, 0xe2, 0xfb, 0xa9, 0xbe, 0xb7, 
    0xa6, 0xf2, 0xa0, 0xef, 0xa6, 0xba, 0xbb, 0xa1, 0xfc, 0xbd, 0xb0, 0xb8, 
    0xb7, 0xb1, 0xa6, 0xfc, 0xbf, 0xb7, 0xa6, 0xba, 0xbd, 0xb6, 0xfa, 0xf0, 
    0x95, 0xb7, 0xa6, 0x93, 0xa1, 0xa1, 0xb7, 0xbf, 0xb0, 0xbe, 0xbb, 0xb7, 
    0xa1, 0xf0, 0xfb, 0xfc, 0xbd, 0xa4, 0xb7, 0xa0, 0xbe, 0xbd, 0xb3, 0xb6, 
    0xfa, 0xfb, 0xfc, 0xbb, 0xbc, 0xa4, 0xbd, 0xb9, 0xb7, 0xfa, 0xfb, 0xe9, 
    0xbc, 0xef, 0xb5, 0xbe, 0xbd, 0xb0, 0xb3, 0xbe, 0x86, 0xba, 0xbb, 0xa1, 
    0xfc, 0x93, 0xa0, 0xa0, 0xb3, 0xab, 0xfc, 0xb4, 0xa0, 0xbd, 0xbf, 0xfa, 
    0xa0, 0xfb, 0xfc, 0xbf, 0xb3, 0xa2, 0xfa, 0xa1, 0xef, 0xec, 0xa1, 0xfc, 
    0xb4, 0xbb, 0xb7, 0xbe, 0xb6, 0xfa, 0xf0, 0x8d, 0xbf, 0xbd, 0xbc, 0xbd, 
    0x8d, 0xb3, 0xa1, 0xa1, 0xb7, 0xbf, 0xb0, 0xbe, 0xab, 0xf0, 0xfb, 0xfc, 
    0xa4, 0xb3, 0xbe, 0xa7, 0xb7, 0xfb, 0xaf, 0xa0, 0xb7, 0xa6, 0xa7, 0xa0, 
    0xbc, 0xf2, 0xbc, 0xfc, 0xbf, 0xb3, 0xa2, 0xfa, 0xa0, 0xef, 0xec, 0xbc, 
    0xb7, 0xa5, 0xf2, 0xb7, 0xfc, 0x93, 0xa1, 0xa1, 0xb7, 0xbf, 0xb0, 0xbe, 
    0xab, 0xfa, 0xa0, 0xfb, 0xfb, 0xaf, 0xb5, 0xb7, 0xa6, 0xf2, 0xbd, 0xb0, 
    0xb8, 0xb7, 0xb1, 0xa6, 0xfa, 0xfb, 0xa9, 0xa0, 0xb7, 0xa6, 0xa7, 0xa0, 
    0xbc, 0xf2, 0xb7, 0xfc, 0xb1, 0xbd, 0xa0, 0xbe, 0xbb, 0xb0, 0xfc, 0xb1, 
    0xbe, 0xb3, 0xa1, 0xa1, 0xfa, 0xf0, 0x81, 0xab, 0xa1, 0xa6, 0xb7, 0xbf, 
    0xfc, 0x93, 0xa2, 0xa2, 0x96, 0xbd, 0xbf, 0xb3, 0xbb, 0xbc, 0xf0, 0xfb, 
    0xfc, 0xbf, 0xb7, 0xa6, 0xba, 0xbd, 0xb6, 0xfa, 0xf0, 0xb5, 0xb7, 0xa6, 
    0x8d, 0x91, 0xa7, 0xa0, 0xa0, 0xb7, 0xbc, 0xa6, 0x96, 0xbd, 0xbf, 0xb3, 
    0xbb, 0xbc, 0xf0, 0xfb, 0xfc, 0xbb, 0xbc, 0xa4, 0xbd, 0xb9, 0xb7, 0xfa, 
    0xfb, 0xaf, 0xb3, 0xa1, 0xa1, 0xb7, 0xbf, 0xb0, 0xbe, 0xab, 0xfa, 0xbc, 
    0xfb, 0xa9, 0xa0, 0xb7, 0xa6, 0xa7, 0xa0, 0xbc, 0xf2, 0xa6, 0xba, 0xbb, 
    0xa1, 0xfc, 0xa6, 0xa0, 0xab, 0x93, 0xa1, 0xa1, 0xb7, 0xbf, 0xb0, 0xbe, 
    0xab, 0xfa, 0xbc, 0xfb, 0xed, 0xed, 0x8d, 0xfa, 0xb2, 0xb1, 0xbd, 0xa7, 
    0xbe, 0xb6, 0xbc, 0xf5, 0xa6, 0xf2, 0xb4, 0xbb, 0xbc, 0xb6, 0xf2, 0xb3, 
    0xa1, 0xa1, 0xb7, 0xbf, 0xb0, 0xbe, 0xab, 0xf2, 0xf6, 0xa9, 0xbc, 0xaf, 
    0xb2, 0xfb, 0xaf, 0xb3, 0xa6, 0xa6, 0xb3, 0xb1, 0xba, 0xfa, 0xfb, 0xa9, 
    0xa0, 0xb7, 0xa6, 0xa7, 0xa0, 0xbc, 0xf2, 0xbc, 0xb7, 0xa5, 0xf2, 0xb7, 
    0xfc, 0x86, 0xba, 0xa0, 0xb7, 0xb3, 0xb6, 0xfa, 0xb7, 0xfc, 0xb7, 0xaa, 
    0xa2, 0xbd, 0xa0, 0xa6, 0xa1, 0xfc, 0xa6, 0xba, 0xa0, 0xb7, 0xb3, 0xb6, 
    0x93, 0xa6, 0xa6, 0xb3, 0xb1, 0xba, 0xfa, 0xa6, 0xba, 0xbb, 0xa1, 0xfb, 
    0xfb, 0xaf, 0xa6, 0xa0, 0xab, 0x93, 0xa1, 0xa1, 0xb7, 0xbf, 0xb0, 0xbe, 
    0xab, 0xfa, 0xbc, 0xfb, 0xa9, 0xa0, 0xb7, 0xa6, 0xa7, 0xa0, 0xbc, 0xf2, 
    0xbc, 0xb7, 0xa5, 0xf2, 0xb7, 0xfc, 0x93, 0xa1, 0xa1, 0xb7, 0xbf, 0xb0, 
    0xbe, 0xab, 0xfa, 0xb7, 0xfc, 0xb7, 0xaa, 0xa2, 0xbd, 0xa0, 0xa6, 0xa1, 
    0xfc, 0xb6, 0xbd, 0xbf, 0xb3, 0xbb, 0xbc, 0x95, 0xb7, 0xa6, 0x93, 0xa1, 
    0xa1, 0xb7, 0xbf, 0xb0, 0xbe, 0xab, 0x94, 0xa0, 0xbd, 0xbf, 0x9c, 0xb3, 
    0xbf, 0xb7, 0xfa, 0xa6, 0xba, 0xbb, 0xa1, 0xfe, 0x9f, 0xb7, 0xbf, 0xbd, 
    0xa0, 0xab, 0xfc, 0xb3, 0xbe, 0xbe, 0xbd, 0xb1, 0x87, 0xa6, 0xb4, 0xea, 
    0x81, 0xa6, 0xa0, 0xbb, 0xbc, 0xb5, 0xfa, 0xbc, 0xfb, 0xfb, 0xfb, 0xfc, 
    0xb3, 0xa1, 0x9c, 0xa7, 0xbe, 0xbe, 0xb3, 0xb0, 0xbe, 0xb7, 0xfa, 0xfb, 
    0xaf, 0xaf, 0xe9, 0xb6, 0xfa, 0x89, 0xa7, 0x8f, 0xfe, 0xa6, 0xfc, 0xa2, 
    0xa0, 0xbd, 0xa6, 0xbd, 0xa6, 0xab, 0xa2, 0xb7, 0xfe, 0xf0, 0xb3, 0xa1, 
    0xa1, 0xb7, 0xbf, 0xb0, 0xbe, 0xbb, 0xb7, 0xa1, 0xf0, 0xfe, 0xbc, 0xa7, 
    0xbe, 0xbe, 0xfb, 0xfe, 0xb6, 0xfa, 0x89, 0xa7, 0x8f, 0xfe, 0xa6, 0xfc, 
    0xa2, 0xa0, 0xbd, 0xa6, 0xbd, 0xa6, 0xab, 0xa2, 0xb7, 0xfe, 0xf0, 0xbd, 
    0xb0, 0xb8, 0xb7, 0xb1, 0xa6, 0xf0, 0xfe, 0xbc, 0xa7, 0xbe, 0xbe, 0xfb, 
    0xfe, 0xa6, 0xef, 0xb6, 0xfa, 0x89, 0xb6, 0xb7, 0x8f, 0xfe, 0xa6, 0xfb, 
    0xfe, 0xb7, 0xfc, 0x96, 0xbd, 0xbf, 0xb3, 0xbb, 0xbc, 0xef, 0xa6, 0xfe, 
    0xb8, 0xfa, 0xb7, 0xfe, 0xf0, 0xb6, 0xbd, 0xbf, 0xb3, 0xbb, 0xbc, 0xf0, 
    0xfe, 0xfa, 0xfb, 0xef, 0xec, 0xbc, 0xb7, 0xa5, 0xf2, 0xb7, 0xfc, 0x96, 
    0xbd, 0xbf, 0xb3, 0xbb, 0xbc, 0xfa, 0xb7, 0xfc, 0xb7, 0xaa, 0xa2, 0xbd, 
    0xa0, 0xa6, 0xa1, 0xfc, 0xb6, 0xbd, 0xbf, 0xb3, 0xbb, 0xbc, 0x95, 0xb7, 
    0xa6, 0xfa, 0xfb, 0xfb, 0xfe, 0xa7, 0xfb, 0xaf, 0xfb, 0xfa, 0xbf, 0xae, 
    0xae, 0xfa, 0xbf, 0xef, 0xa9, 0xaf, 0xfb, 0xfb, 0xe9, 0xa4, 0xb3, 0xa0, 
    0xf2, 0xbf, 0xe9, 0xfa, 0xb4, 0xa7, 0xbc, 0xb1, 0xa6, 0xbb, 0xbd, 0xbc, 
    0xfa, 0xb7, 0xfb, 0xa9, 0xb1, 0xbe, 0xb3, 0xa1, 0xa1, 0xf2, 0xa6, 0xf2, 
    0xb7, 0xaa, 0xa6, 0xb7, 0xbc, 0xb6, 0xa1, 0xf2, 0x94, 0xa9, 0xb5, 0xb7, 
    0xa6, 0xf2, 0xb1, 0xbe, 0xb3, 0xa1, 0xa1, 0xfa, 0xfb, 0xa9, 0xa0, 0xb7, 
    0xa6, 0xa7, 0xa0, 0xbc, 0xf2, 0xbc, 0xb7, 0xa5, 0xf2, 0xb7, 0xfc, 0x91, 
    0xbe, 0xb3, 0xa1, 0xa1, 0xfa, 0xb7, 0xfc, 0xb7, 0xaa, 0xa2, 0xbd, 0xa0, 
    0xa6, 0xa1, 0xfc, 0xb4, 0xbb, 0xb7, 0xbe, 0xb6, 0x95, 0xb7, 0xa6, 0x91, 
    0xbe, 0xb3, 0xa1, 0xa1, 0xfa, 0xa6, 0xba, 0xbb, 0xa1, 0xfb, 0xfb, 0xaf, 
    0xb5, 0xb7, 0xa6, 0xf2, 0xb4, 0xbe, 0xb3, 0xb5, 0xa1, 0xfa, 0xfb, 0xa9, 
    0xa0, 0xb7, 0xa6, 0xa7, 0xa0, 0xbc, 0xf2, 0xb7, 0xfc, 0xb7, 0xaa, 0xa2, 
    0xbd, 0xa0, 0xa6, 0xa1, 0xfc, 0xb4, 0xbb, 0xb7, 0xbe, 0xb6, 0x95, 0xb7, 
    0xa6, 0x94, 0xbe, 0xb3, 0xb5, 0xa1, 0xfa, 0xa6, 0xba, 0xbb, 0xa1, 0xfb, 
    0xaf, 0xb5, 0xb7, 0xa6, 0xf2, 0xbb, 0xa1, 0x9e, 0xbb, 0xa6, 0xb7, 0xa0, 
    0xb3, 0xbe, 0xfa, 0xfb, 0xa9, 0xa0, 0xb7, 0xa6, 0xa7, 0xa0, 0xbc, 0xfa, 
    0xa6, 0xba, 0xbb, 0xa1, 0xfc, 0xb4, 0xbe, 0xb3, 0xb5, 0xa1, 0xf4, 0xe4, 
    0xe6, 0xfb, 0xf3, 0xef, 0xe2, 0xaf, 0xb5, 0xb7, 0xa6, 0xf2, 0xbb, 0xa1, 
    0x81, 0xa6, 0xb3, 0xa6, 0xbb, 0xb1, 0xfa, 0xfb, 0xa9, 0xa0, 0xb7, 0xa6, 
    0xa7, 0xa0, 0xbc, 0xfa, 0xa6, 0xba, 0xbb, 0xa1, 0xfc, 0xb4, 0xbe, 0xb3, 
    0xb5, 0xa1, 0xf4, 0xe3, 0xe4, 0xfb, 0xf3, 0xef, 0xe2, 0xaf, 0xb5, 0xb7, 
    0xa6, 0xf2, 0xbb, 0xa1, 0x86, 0xba, 0xa0, 0xb7, 0xb3, 0xb6, 0x81, 0xa6, 
    0xb3, 0xa6, 0xbb, 0xb1, 0xfa, 0xfb, 0xa9, 0xbe, 0xb7, 0xa6, 0xf2, 0xbc, 
    0xef, 0xb7, 0xfc, 0xb1, 0xbd, 0xa0, 0xbe, 0xbb, 0xb0, 0xfc, 0xb1, 0xbe, 
    0xb3, 0xa1, 0xa1, 0xfa, 0xf0, 0x81, 0xab, 0xa1, 0xa6, 0xb7, 0xbf, 0xfc, 
    0x93, 0xa2, 0xa2, 0x96, 0xbd, 0xbf, 0xb3, 0xbb, 0xbc, 0xf0, 0xfb, 0xfc, 
    0xb4, 0xbb, 0xb7, 0xbe, 0xb6, 0xfa, 0xf0, 0xa6, 0xab, 0xa2, 0xb7, 0x8d, 
    0xa0, 0xb7, 0xa1, 0xbd, 0xbe, 0xa4, 0xb7, 0x8d, 0xbb, 0xbc, 0x8d, 0xa2, 
    0xa0, 0xbd, 0xb5, 0xa0, 0xb7, 0xa1, 0xa1, 0xf0, 0xfb, 0xfc, 0xbd, 0xb4, 
    0xb4, 0xa1, 0xb7, 0xa6, 0xe9, 0xa0, 0xb7, 0xa6, 0xa7, 0xa0, 0xbc, 0xf2, 
    0xb8, 0xfa, 0xb7, 0xfc, 0x94, 0xbb, 0xb7, 0xbe, 0xb6, 0xfc, 0xa2, 0xa0, 
    0xbd, 0xa6, 0xbd, 0xa6, 0xab, 0xa2, 0xb7, 0xfe, 0xf0, 0xbb, 0xa1, 0x86, 
    0xba, 0xa0, 0xb7, 0xb3, 0xb6, 0x81, 0xa6, 0xb3, 0xa6, 0xbb, 0xb1, 0xf0, 
    0xfe, 0xb4, 0xa7, 0xbc, 0xb1, 0xa6, 0xbb, 0xbd, 0xbc, 0xfa, 0xfb, 0xa9, 
    0xa0, 0xb7, 0xa6, 0xa7, 0xa0, 0xbc, 0xf2, 0xa6, 0xba, 0xbb, 0xa1, 0xfc, 
    0xbd, 0xb4, 0xb4, 0xa1, 0xb7, 0xa6, 0xef, 0xef, 0xbc, 0xaf, 0xfe, 0xa7, 
    0xfb, 0xfe, 0xa6, 0xba, 0xbb, 0xa1, 0xfc, 0xbb, 0xa1, 0x86, 0xba, 0xa0, 
    0xb7, 0xb3, 0xb6, 0x81, 0xa6, 0xb3, 0xa6, 0xbb, 0xb1, 0xaf, 0xb5, 0xb7, 
    0xa6, 0xf2, 0xbf, 0xbd, 0xb6, 0xbb, 0xb4, 0xbb, 0xb7, 0xa0, 0xfa, 0xfb, 
    0xa9, 0xa1, 0xa5, 0xbb, 0xa6, 0xb1, 0xba, 0xfa, 0xa6, 0xba, 0xbb, 0xa1, 
    0xfc, 0xb4, 0xbe, 0xb3, 0xb5, 0xa1, 0xf4, 0xe5, 0xfb, 0xa9, 0xb1, 0xb3, 
    0xa1, 0xb7, 0xf2, 0xe3, 0xe8, 0xa0, 0xb7, 0xa6, 0xa7, 0xa0, 0xbc, 0xf0, 
    0xa2, 0xa0, 0xbb, 0xa4, 0xb3, 0xa6, 0xb7, 0xf0, 0xe9, 0xb1, 0xb3, 0xa1, 
    0xb7, 0xf2, 0xe0, 0xe8, 0xa0, 0xb7, 0xa6, 0xa7, 0xa0, 0xbc, 0xf0, 0xa2, 
    0xa0, 0xbb, 0xa4, 0xb3, 0xa6, 0xb7, 0xf2, 0xa2, 0xa0, 0xbd, 0xa6, 0xb7, 
    0xb1, 0xa6, 0xb7, 0xb6, 0xf0, 0xe9, 0xb1, 0xb3, 0xa1, 0xb7, 0xf2, 0xe1, 
    0xe8, 0xa0, 0xb7, 0xa6, 0xa7, 0xa0, 0xbc, 0xf0, 0xbb, 0xbc, 0xa6, 0xb7, 
    0xa0, 0xbc, 0xb3, 0xbe, 0xf0, 0xe9, 0xb1, 0xb3, 0xa1, 0xb7, 0xf2, 0xe6, 
    0xe8, 0xa0, 0xb7, 0xa6, 0xa7, 0xa0, 0xbc, 0xf0, 0xa2, 0xa0, 0xbd, 0xa6, 
    0xb7, 0xb1, 0xa6, 0xb7, 0xb6, 0xf0, 0xe9, 0xb1, 0xb3, 0xa1, 0xb7, 0xf2, 
    0xe7, 0xe8, 0xa0, 0xb7, 0xa6, 0xa7, 0xa0, 0xbc, 0xf0, 0xa2, 0xa0, 0xbd, 
    0xa6, 0xb7, 0xb1, 0xa6, 0xb7, 0xb6, 0xf2, 0xbb, 0xbc, 0xa6, 0xb7, 0xa0, 
    0xbc, 0xb3, 0xbe, 0xf0, 0xe9, 0xb1, 0xb3, 0xa1, 0xb7, 0xf2, 0xe4, 0xe8, 
    0xa0, 0xb7, 0xa6, 0xa7, 0xa0, 0xbc, 0xf0, 0xa2, 0xa7, 0xb0, 0xbe, 0xbb, 
    0xb1, 0xf0, 0xaf, 0xaf, 0xb5, 0xb7, 0xa6, 0xf2, 0xbc, 0xb3, 0xbf, 0xb7, 
    0xfa, 0xfb, 0xa9, 0xa0, 0xb7, 0xa6, 0xa7, 0xa0, 0xbc, 0xf2, 0xb7, 0xfc, 
    0xb7, 0xaa, 0xa2, 0xbd, 0xa0, 0xa6, 0xa1, 0xfc, 0xb4, 0xbb, 0xb7, 0xbe, 
    0xb6, 0x95, 0xb7, 0xa6, 0x9c, 0xb3, 0xbf, 0xb7, 0xfa, 0xa6, 0xba, 0xbb, 
    0xa1, 0xfb, 0xfc, 0xa0, 0xb7, 0xb3, 0xb6, 0x87, 0xa6, 0xb4, 0xea, 0x81, 
    0xa6, 0xa0, 0xbb, 0xbc, 0xb5, 0xfa, 0xfb, 0xaf, 0xb5, 0xb7, 0xa6, 0xf2, 
    0xbd, 0xb4, 0xb4, 0xa1, 0xb7, 0xa6, 0xfa, 0xfb, 0xa9, 0xa0, 0xb7, 0xa6, 
    0xa7, 0xa0, 0xbc, 0xf2, 0xb7, 0xfc, 0xb7, 0xaa, 0xa2, 0xbd, 0xa0, 0xa6, 
    0xa1, 0xfc, 0xb4, 0xbb, 0xb7, 0xbe, 0xb6, 0x95, 0xb7, 0xa6, 0x9d, 0xb4, 
    0xb4, 0xa1, 0xb7, 0xa6, 0xfa, 0xa6, 0xba, 0xbb, 0xa1, 0xfb, 0xaf, 0xb5, 
    0xb7, 0xa6, 0xf2, 0xa6, 0xab, 0xa2, 0xb7, 0xfa, 0xfb, 0xa9, 0xa0, 0xb7, 
    0xa6, 0xa7, 0xa0, 0xbc, 0xf2, 0xbc, 0xb7, 0xa5, 0xf2, 0xb7, 0xfc, 0x86, 
    0xab, 0xa2, 0xb7, 0xfa, 0xb7, 0xfc, 0xb7, 0xaa, 0xa2, 0xbd, 0xa0, 0xa6, 
    0xa1, 0xfc, 0xb4, 0xbb, 0xb7, 0xbe, 0xb6, 0x95, 0xb7, 0xa6, 0x86, 0xab, 
    0xa2, 0xb7, 0xfa, 0xa6, 0xba, 0xbb, 0xa1, 0xfb, 0xfb, 0xaf, 0xb5, 0xb7, 
    0xa6, 0xf2, 0xa4, 0xb3, 0xbe, 0xa7, 0xb7, 0xfa, 0xfb, 0xa9, 0xa6, 0xba, 
    0xbb, 0xa1, 0xfc, 0xbb, 0xa1, 0x81, 0xa6, 0xb3, 0xa6, 0xbb, 0xb1, 0xae, 
    0xae, 0x8d, 0xfa, 0xb2, 0xb1, 0xb3, 0xbc, 0xbc, 0xbd, 0xa6, 0xf2, 0xb3, 
    0xb1, 0xb1, 0xb7, 0xa1, 0xa1, 0xf2, 0xbb, 0xbc, 0xa1, 0xa6, 0xb3, 0xbc, 
    0xb1, 0xb7, 0xf2, 0xb4, 0xbb, 0xb7, 0xbe, 0xb6, 0xf2, 0xf6, 0xa9, 0xa6, 
    0xba, 0xbb, 0xa1, 0xfc, 0xb1, 0xbe, 0xb3, 0xa1, 0xa1, 0xfc, 0xa6, 0xab, 
    0xa2, 0xb7, 0xfc, 0xbc, 0xb3, 0xbf, 0xb7, 0xaf, 0xe8, 0xe8, 0xf6, 0xa9, 
    0xa6, 0xba, 0xbb, 0xa1, 0xfc, 0xbc, 0xb3, 0xbf, 0xb7, 0xaf, 0xf2, 0xb4, 
    0xa0, 0xbd, 0xbf, 0xf2, 0xb3, 0xf2, 0xb1, 0xbe, 0xb3, 0xa1, 0xa1, 0xfe, 
    0xf2, 0xa7, 0xa1, 0xb7, 0xf2, 0xb3, 0xbc, 0xf2, 0xbd, 0xb0, 0xb8, 0xb7, 
    0xb1, 0xa6, 0xf2, 0xbb, 0xbc, 0xa1, 0xa6, 0xb7, 0xb3, 0xb6, 0xb2, 0xfb, 
    0xe9, 0xbe, 0xb7, 0xa6, 0xf2, 0xbc, 0xef, 0x9f, 0xb7, 0xbf, 0xbd, 0xa0, 
    0xab, 0xfc, 0xb3, 0xbe, 0xbe, 0xbd, 0xb1, 0xfa, 0x82, 0xa0, 0xbd, 0xb1, 
    0xb7, 0xa1, 0xa1, 0xfc, 0xa2, 0xbd, 0xbb, 0xbc, 0xa6, 0xb7, 0xa0, 0x81, 
    0xbb, 0xa8, 0xb7, 0xfb, 0xe9, 0xa0, 0xb7, 0xa6, 0xa7, 0xa0, 0xbc, 0xf2, 
    0xb7, 0xfc, 0xb7, 0xaa, 0xa2, 0xbd, 0xa0, 0xa6, 0xa1, 0xfc, 0xb4, 0xbb, 
    0xb7, 0xbe, 0xb6, 0x95, 0xb7, 0xa6, 0x81, 0xa6, 0xb3, 0xa6, 0xbb, 0xb1, 
    0x84, 0xb3, 0xbe, 0xa7, 0xb7, 0xfa, 0xa6, 0xba, 0xbb, 0xa1, 0xfc, 0xba, 
    0xb3, 0xbc, 0xb6, 0xbe, 0xb7, 0xfe, 0xbc, 0xfb, 0xfe, 0xb7, 0xfc, 0xa0, 
    0xb7, 0xb3, 0xb6, 0xfa, 0xbc, 0xfe, 0xa6, 0xba, 0xbb, 0xa1, 0xfc, 0xa6, 
    0xab, 0xa2, 0xb7, 0xfb, 0xaf, 0xa1, 0xb7, 0xa6, 0xf2, 0xa4, 0xb3, 0xbe, 
    0xa7, 0xb7, 0xfa, 0xbc, 0xfb, 0xa9, 0xa6, 0xba, 0xbb, 0xa1, 0xfc, 0xbb, 
    0xa1, 0x81, 0xa6, 0xb3, 0xa6, 0xbb, 0xb1, 0xae, 0xae, 0x8d, 0xfa, 0xb2, 
    0xb1, 0xb3, 0xbc, 0xbc, 0xbd, 0xa6, 0xf2, 0xb3, 0xb1, 0xb1, 0xb7, 0xa1, 
    0xa1, 0xf2, 0xbb, 0xbc, 0xa1, 0xa6, 0xb3, 0xbc, 0xb1, 0xb7, 0xf2, 0xb4, 
    0xbb, 0xb7, 0xbe, 0xb6, 0xf2, 0xf6, 0xa9, 0xa6, 0xba, 0xbb, 0xa1, 0xfc, 
    0xb1, 0xbe, 0xb3, 0xa1, 0xa1, 0xfc, 0xa6, 0xab, 0xa2, 0xb7, 0xfc, 0xbc, 
    0xb3, 0xbf, 0xb7, 0xaf, 0xe8, 0xe8, 0xf6, 0xa9, 0xa6, 0xba, 0xbb, 0xa1, 
    0xfc, 0xbc, 0xb3, 0xbf, 0xb7, 0xaf, 0xf2, 0xb4, 0xa0, 0xbd, 0xbf, 0xf2, 
    0xb3, 0xf2, 0xb1, 0xbe, 0xb3, 0xa1, 0xa1, 0xfe, 0xf2, 0xa7, 0xa1, 0xb7, 
    0xf2, 0xb3, 0xbc, 0xf2, 0xbd, 0xb0, 0xb8, 0xb7, 0xb1, 0xa6, 0xf2, 0xbb, 
    0xbc, 0xa1, 0xa6, 0xb7, 0xb3, 0xb6, 0xb2, 0xfb, 0xfe, 0xfa, 0xa6, 0xba, 
    0xbb, 0xa1, 0xfc, 0xbb, 0xa1, 0x86, 0xba, 0xa0, 0xb7, 0xb3, 0xb6, 0x81, 
    0xa6, 0xb3, 0xa6, 0xbb, 0xb1, 0xae, 0xae, 0xa6, 0xba, 0xbb, 0xa1, 0xfc, 
    0xbb, 0xa1, 0x9e, 0xbb, 0xa6, 0xb7, 0xa0, 0xb3, 0xbe, 0xfb, 0xf4, 0xf4, 
    0x8d, 0xfa, 0xb2, 0xb1, 0xb3, 0xbc, 0xbc, 0xbd, 0xa6, 0xf2, 0xa5, 0xa0, 
    0xbb, 0xa6, 0xb7, 0xf2, 0xa6, 0xba, 0xb7, 0xf2, 0xa4, 0xb3, 0xbe, 0xa7, 
    0xb7, 0xf2, 0xbd, 0xb4, 0xf2, 0xb4, 0xbb, 0xb7, 0xbe, 0xb6, 0xf2, 0xf6, 
    0xa9, 0xa6, 0xba, 0xbb, 0xa1, 0xfc, 0xbc, 0xb3, 0xbf, 0xb7, 0xaf, 0xf2, 
    0xb3, 0xa1, 0xf2, 0xbb, 0xa6, 0xf5, 0xa1, 0xf2, 0xa6, 0xba, 0xa0, 0xb7, 
    0xb3, 0xb6, 0xf2, 0xa1, 0xa6, 0xb3, 0xa6, 0xbb, 0xb1, 0xf2, 0xbd, 0xa0, 
    0xf2, 0xbe, 0xbb, 0xa6, 0xb7, 0xa0, 0xb3, 0xbe, 0xb2, 0xfb, 0xe9, 0xbe, 
    0xb7, 0xa6, 0xf2, 0xa0, 0xef, 0xbc, 0xf2, 0xbb, 0xbc, 0xa1, 0xa6, 0xb3, 
    0xbc, 0xb1, 0xb7, 0xbd, 0xb4, 0xf2, 0xb7, 0xfc, 0x9d, 0xb0, 0xb8, 0xb7, 
    0xb1, 0xa6, 0xf4, 0xf4, 0xa6, 0xba, 0xbb, 0xa1, 0xfc, 0xa6, 0xab, 0xa2, 
    0xb7, 0xfc, 0xb1, 0xbe, 0xb3, 0xa1, 0xa1, 0xfc, 0xbb, 0xa1, 0x84, 0xb3, 
    0xbe, 0xa7, 0xb7, 0x86, 0xab, 0xa2, 0xb7, 0xed, 0xbc, 0xfc, 0xa7, 0xbc, 
    0xb0, 0xbd, 0xaa, 0xfa, 0xfb, 0xe8, 0xbc, 0xf2, 0xbb, 0xbc, 0xa1, 0xa6, 
    0xb3, 0xbc, 0xb1, 0xb7, 0xbd, 0xb4, 0xf2, 0x94, 0xed, 0xbc, 0xfc, 0xba, 
    0xb3, 0xbc, 0xb6, 0xbe, 0xb7, 0xe8, 0xbc, 0xf2, 0xbb, 0xbc, 0xa1, 0xa6, 
    0xb3, 0xbc, 0xb1, 0xb7, 0xbd, 0xb4, 0xf2, 0x9c, 0xb3, 0xa6, 0xbb, 0xa4, 
    0xb7, 0x82, 0xbd, 0xbb, 0xbc, 0xa6, 0xb7, 0xa0, 0xed, 0xbc, 0xe8, 0xb7, 
    0xfc, 0xa5, 0xa0, 0xbb, 0xa6, 0xb7, 0xfa, 0x9f, 0xb7, 0xbf, 0xbd, 0xa0, 
    0xab, 0xfc, 0xb3, 0xbe, 0xbe, 0xbd, 0xb1, 0xfa, 0xa6, 0xba, 0xbb, 0xa1, 
    0xfc, 0xa6, 0xab, 0xa2, 0xb7, 0xfc, 0xb1, 0xbe, 0xb3, 0xa1, 0xa1, 0xfc, 
    0xa4, 0xb3, 0xbe, 0xa7, 0xb7, 0x86, 0xab, 0xa2, 0xb7, 0x81, 0xbb, 0xa8, 
    0xb7, 0xfb, 0xfe, 0xbc, 0xfe, 0xa6, 0xba, 0xbb, 0xa1, 0xfc, 0xa6, 0xab, 
    0xa2, 0xb7, 0xfb, 0xe9, 0xb7, 0xfc, 0xb7, 0xaa, 0xa2, 0xbd, 0xa0, 0xa6, 
    0xa1, 0xfc, 0xb4, 0xbb, 0xb7, 0xbe, 0xb6, 0x81, 0xb7, 0xa6, 0x81, 0xa6, 
    0xb3, 0xa6, 0xbb, 0xb1, 0x84, 0xb3, 0xbe, 0xa7, 0xb7, 0xfa, 0xa6, 0xba, 
    0xbb, 0xa1, 0xfc, 0xba, 0xb3, 0xbc, 0xb6, 0xbe, 0xb7, 0xfe, 0xa0, 0xfb, 
    0xaf, 0xa6, 0xbd, 0x81, 0xa6, 0xa0, 0xbb, 0xbc, 0xb5, 0xfa, 0xfb, 0xa9, 
    0xa0, 0xb7, 0xa6, 0xa7, 0xa0, 0xbc, 0xb2, 0xf6, 0xa9, 0xa6, 0xba, 0xbb, 
    0xa1, 0xfc, 0xbb, 0xa1, 0x86, 0xba, 0xa0, 0xb7, 0xb3, 0xb6, 0x81, 0xa6, 
    0xb3, 0xa6, 0xbb, 0xb1, 0xed, 0xf0, 0x89, 0x86, 0xba, 0xa0, 0xb7, 0xb3, 
    0xb6, 0x81, 0xa6, 0xb3, 0xa6, 0xbb, 0xb1, 0x8f, 0xf2, 0xf0, 0xe8, 0xf0, 
    0xf0, 0xaf, 0xf6, 0xa9, 0xa6, 0xba, 0xbb, 0xa1, 0xfc, 0xbb, 0xa1, 0x81, 
    0xa6, 0xb3, 0xa6, 0xbb, 0xb1, 0xed, 0xf0, 0xa1, 0xa6, 0xb3, 0xa6, 0xbb, 
    0xb1, 0xf2, 0xf0, 0xe8, 0xf0, 0xf0, 0xaf, 0xf6, 0xa9, 0xa6, 0xba, 0xbb, 
    0xa1, 0xfc, 0xa6, 0xab, 0xa2, 0xb7, 0xfc, 0xbc, 0xb3, 0xbf, 0xb7, 0xaf, 
    0xf2, 0xf6, 0xa9, 0xa6, 0xba, 0xbb, 0xa1, 0xfc, 0xbc, 0xb3, 0xbf, 0xb7, 
    0xaf, 0xf6, 0xa9, 0xa6, 0xba, 0xbb, 0xa1, 0xfc, 0xbb, 0xa1, 0x9e, 0xbb, 
    0xa6, 0xb7, 0xa0, 0xb3, 0xbe, 0xed, 0xb2, 0xf2, 0xef, 0xf2, 0xf6, 0xa9, 
    0xa6, 0xba, 0xbb, 0xa1, 0xfc, 0xa6, 0xab, 0xa2, 0xb7, 0xfc, 0xb1, 0xbe, 
    0xb3, 0xa1, 0xa1, 0xfc, 0xbb, 0xa1, 0x97, 0xbc, 0xa7, 0xbf, 0xed, 0xb7, 
    0xfc, 0xa0, 0xb7, 0xb3, 0xb6, 0xfa, 0xa6, 0xba, 0xbb, 0xa1, 0xfc, 0xa4, 
    0xb3, 0xbe, 0xa7, 0xb7, 0xfc, 0xba, 0xb3, 0xbc, 0xb6, 0xbe, 0xb7, 0xfe, 
    0xa6, 0xba, 0xbb, 0xa1, 0xfc, 0xa6, 0xab, 0xa2, 0xb7, 0xfc, 0xb1, 0xbe, 
    0xb3, 0xa1, 0xa1, 0xfc, 0xb0, 0xb3, 0xa1, 0xb7, 0x86, 0xab, 0xa2, 0xb7, 
    0xfb, 0xe8, 0xa6, 0xba, 0xbb, 0xa1, 0xfc, 0xa4, 0xb3, 0xbe, 0xa7, 0xb7, 
    0xaf, 0xb2, 0xe8, 0xf0, 0xf0, 0xaf, 0xe9, 0xf6, 0xa9, 0xa6, 0xba, 0xbb, 
    0xa1, 0xfc, 0xbb, 0xa1, 0x86, 0xba, 0xa0, 0xb7, 0xb3, 0xb6, 0x81, 0xa6, 
    0xb3, 0xa6, 0xbb, 0xb1, 0xae, 0xae, 0xa6, 0xba, 0xbb, 0xa1, 0xfc, 0xbb, 
    0xa1, 0x9e, 0xbb, 0xa6, 0xb7, 0xa0, 0xb3, 0xbe, 0xed, 0xf0, 0xf0, 0xe8, 
    0xb2, 0xf2, 0xfd, 0xfd, 0xf2, 0xe2, 0xaa, 0xf6, 0xa9, 0xa6, 0xba, 0xbb, 
    0xa1, 0xfc, 0xbd, 0xb4, 0xb4, 0xa1, 0xb7, 0xa6, 0xfc, 0xa6, 0xbd, 0x81, 
    0xa6, 0xa0, 0xbb, 0xbc, 0xb5, 0xfa, 0xe3, 0xe4, 0xfb, 0xaf, 0xb2, 0xaf, 
    0xb2, 0xaf, 0xb0, 0xbb, 0xbc, 0xb6, 0xfa, 0xbc, 0xfb, 0xa9, 0xa6, 0xba, 
    0xbb, 0xa1, 0xfc, 0xbb, 0xa1, 0x81, 0xa6, 0xb3, 0xa6, 0xbb, 0xb1, 0xf4, 
    0xf4, 0x8d, 0xfa, 0xb2, 0xb1, 0xb3, 0xbc, 0xbc, 0xbd, 0xa6, 0xf2, 0xb0, 
    0xbb, 0xbc, 0xb6, 0xf2, 0xa1, 0xa6, 0xb3, 0xa6, 0xbb, 0xb1, 0xf2, 0xb4, 
    0xbb, 0xb7, 0xbe, 0xb6, 0xf2, 0xf6, 0xa9, 0xa6, 0xba, 0xbb, 0xa1, 0xfc, 
    0xb1, 0xbe, 0xb3, 0xa1, 0xa1, 0xfc, 0xa6, 0xab, 0xa2, 0xb7, 0xfc, 0xbc, 
    0xb3, 0xbf, 0xb7, 0xaf, 0xe8, 0xe8, 0xf6, 0xa9, 0xa6, 0xba, 0xbb, 0xa1, 
    0xfc, 0xbc, 0xb3, 0xbf, 0xb7, 0xaf, 0xf2, 0xa6, 0xbd, 0xf2, 0xb3, 0xbc, 
    0xf2, 0xbb, 0xbc, 0xa1, 0xa6, 0xb3, 0xbc, 0xb1, 0xb7, 0xb2, 0xfb, 0xe9, 
    0xbe, 0xb7, 0xa6, 0xf2, 0xa0, 0xef, 0xa6, 0xba, 0xbb, 0xa1, 0xfc, 0xbd, 
    0xb4, 0xb4, 0xa1, 0xb7, 0xa6, 0xff, 0xfa, 0xbc, 0xf2, 0xbb, 0xbc, 0xa1, 
    0xa6, 0xb3, 0xbc, 0xb1, 0xb7, 0xbd, 0xb4, 0xf2, 0xb7, 0xfc, 0x84, 0xb3, 
    0xbe, 0xa7, 0xb7, 0x86, 0xab, 0xa2, 0xb7, 0xed, 0xb7, 0xfc, 0x9d, 0xb0, 
    0xb8, 0xb7, 0xb1, 0xa6, 0xfc, 0xba, 0xb7, 0xb3, 0xb6, 0xb7, 0xa0, 0x81, 
    0xbb, 0xa8, 0xb7, 0xe8, 0xe2, 0xfb, 0xe9, 0xa0, 0xb7, 0xa6, 0xa7, 0xa0, 
    0xbc, 0xf2, 0xbc, 0xb7, 0xa5, 0xf2, 0x82, 0xa0, 0xbd, 0xaa, 0xab, 0xfa, 
    0xa6, 0xba, 0xbb, 0xa1, 0xfe, 0xa9, 0xb5, 0xb7, 0xa6, 0xfa, 0xa1, 0xfe, 
    0xb3, 0xfb, 0xa9, 0xa0, 0xb7, 0xa6, 0xa7, 0xa0, 0xbc, 0xf2, 0xb3, 0xef, 
    0xef, 0xf0, 0xa4, 0xb3, 0xbe, 0xa7, 0xb7, 0xf0, 0xed, 0xb7, 0xfc, 0xa0, 
    0xb7, 0xb3, 0xb6, 0xfa, 0xbc, 0xfc, 0xba, 0xb3, 0xbc, 0xb6, 0xbe, 0xb7, 
    0xfc, 0xb3, 0xb6, 0xb6, 0xfa, 0xa0, 0xfb, 0xfe, 0xa1, 0xfc, 0xa6, 0xab, 
    0xa2, 0xb7, 0xfb, 0xe8, 0x80, 0xb7, 0xb4, 0xbe, 0xb7, 0xb1, 0xa6, 0xfc, 
    0xb5, 0xb7, 0xa6, 0xfa, 0xa1, 0xfe, 0xb3, 0xfb, 0xaf, 0xfe, 0xa1, 0xb7, 
    0xa6, 0xfa, 0xa1, 0xfe, 0xb3, 0xfe, 0xbb, 0xfb, 0xa9, 0xa0, 0xb7, 0xa6, 
    0xa7, 0xa0, 0xbc, 0xf2, 0xb3, 0xef, 0xef, 0xf0, 0xa4, 0xb3, 0xbe, 0xa7, 
    0xb7, 0xf0, 0xed, 0xfa, 0xb7, 0xfc, 0xa5, 0xa0, 0xbb, 0xa6, 0xb7, 0xfa, 
    0xbc, 0xfc, 0xba, 0xb3, 0xbc, 0xb6, 0xbe, 0xb7, 0xfc, 0xb3, 0xb6, 0xb6, 
    0xfa, 0xa0, 0xfb, 0xfe, 0xbb, 0xfe, 0xa1, 0xfc, 0xa6, 0xab, 0xa2, 0xb7, 
    0xfb, 0xfe, 0xf3, 0xe2, 0xfb, 0xe8, 0x80, 0xb7, 0xb4, 0xbe, 0xb7, 0xb1, 
    0xa6, 0xfc, 0xa1, 0xb7, 0xa6, 0xfa, 0xa1, 0xfe, 0xb3, 0xfe, 0xbb, 0xfb, 
    0xaf, 0xaf, 0xfb, 0xaf, 0xaf, 0xb6, 0xfa, 0x89, 0xa7, 0x8f, 0xfe, 0xa6, 
    0xfc, 0xa2, 0xa0, 0xbd, 0xa6, 0xbd, 0xa6, 0xab, 0xa2, 0xb7, 0xfe, 0xf0, 
    0xb1, 0xbe, 0xb3, 0xa1, 0xa1, 0xf0, 0xfe, 0xbc, 0xa7, 0xbe, 0xbe, 0xfb, 
    0xfe, 0xb6, 0xfa, 0x89, 0xa7, 0x8f, 0xfe, 0xa6, 0xfc, 0xa2, 0xa0, 0xbd, 
    0xa6, 0xbd, 0xa6, 0xab, 0xa2, 0xb7, 0xfe, 0xf0, 0xb4, 0xbe, 0xb3, 0xb5, 
    0xa1, 0xf0, 0xfe, 0xbc, 0xa7, 0xbe, 0xbe, 0xfb, 0xfe, 0xb6, 0xfa, 0x89, 
    0xa7, 0x8f, 0xfe, 0xa6, 0xfc, 0xa2, 0xa0, 0xbd, 0xa6, 0xbd, 0xa6, 0xab, 
    0xa2, 0xb7, 0xfe, 0xf0, 0xbb, 0xa1, 0x9e, 0xbb, 0xa6, 0xb7, 0xa0, 0xb3, 
    0xbe, 0xf0, 0xfe, 0xbc, 0xa7, 0xbe, 0xbe, 0xfb, 0xfe, 0xb6, 0xfa, 0x89, 
    0xa7, 0x8f, 0xfe, 0xa6, 0xfc, 0xa2, 0xa0, 0xbd, 0xa6, 0xbd, 0xa6, 0xab, 
    0xa2, 0xb7, 0xfe, 0xf0, 0xbb, 0xa1, 0x81, 0xa6, 0xb3, 0xa6, 0xbb, 0xb1, 
    0xf0, 0xfe, 0xbc, 0xa7, 0xbe, 0xbe, 0xfb, 0xfe, 0xb6, 0xfa, 0x89, 0xa7, 
    0x8f, 0xfe, 0xa6, 0xfc, 0xa2, 0xa0, 0xbd, 0xa6, 0xbd, 0xa6, 0xab, 0xa2, 
    0xb7, 0xfe, 0xf0, 0xbb, 0xa1, 0x86, 0xba, 0xa0, 0xb7, 0xb3, 0xb6, 0x81, 
    0xa6, 0xb3, 0xa6, 0xbb, 0xb1, 0xf0, 0xfe, 0xbc, 0xa7, 0xbe, 0xbe, 0xfb, 
    0xfe, 0xb6, 0xfa, 0x89, 0xa7, 0x8f, 0xfe, 0xa6, 0xfc, 0xa2, 0xa0, 0xbd, 
    0xa6, 0xbd, 0xa6, 0xab, 0xa2, 0xb7, 0xfe, 0xf0, 0xbf, 0xbd, 0xb6, 0xbb, 
    0xb4, 0xbb, 0xb7, 0xa0, 0xf0, 0xfe, 0xbc, 0xa7, 0xbe, 0xbe, 0xfb, 0xfe, 
    0xb6, 0xfa, 0x89, 0xa7, 0x8f, 0xfe, 0xa6, 0xfc, 0xa2, 0xa0, 0xbd, 0xa6, 
    0xbd, 0xa6, 0xab, 0xa2, 0xb7, 0xfe, 0xf0, 0xbc, 0xb3, 0xbf, 0xb7, 0xf0, 
    0xfe, 0xbc, 0xa7, 0xbe, 0xbe, 0xfb, 0xfe, 0xb6, 0xfa, 0x89, 0xa7, 0x8f, 
    0xfe, 0xa6, 0xfc, 0xa2, 0xa0, 0xbd, 0xa6, 0xbd, 0xa6, 0xab, 0xa2, 0xb7, 
    0xfe, 0xf0, 0xbd, 0xb4, 0xb4, 0xa1, 0xb7, 0xa6, 0xf0, 0xfe, 0xbc, 0xa7, 
    0xbe, 0xbe, 0xfb, 0xfe, 0xb6, 0xfa, 0x89, 0xa7, 0x8f, 0xfe, 0xa6, 0xfc, 
    0xa2, 0xa0, 0xbd, 0xa6, 0xbd, 0xa6, 0xab, 0xa2, 0xb7, 0xfe, 0xf0, 0xa6, 
    0xab, 0xa2, 0xb7, 0xf0, 0xfe, 0xbc, 0xa7, 0xbe, 0xbe, 0xfb, 0xfe, 0xb7, 
    0xfc, 0x94, 0xbb, 0xb7, 0xbe, 0xb6, 0xef, 0xa6, 0xaf, 0xfb, 0xfa, 0xbf, 
    0xae, 0xae, 0xfa, 0xbf, 0xef, 0xa9, 0xaf, 0xfb, 0xfb, 0xe9, 0xa4, 0xb3, 
    0xa0, 0xf2, 0xbf, 0xe9, 0xfa, 0xb4, 0xa7, 0xbc, 0xb1, 0xa6, 0xbb, 0xbd, 
    0xbc, 0xfa, 0xb7, 0xfb, 0xa9, 0xb1, 0xbe, 0xb3, 0xa1, 0xa1, 0xf2, 0xa6, 
    0xa9, 0xba, 0xb3, 0xbc, 0xb6, 0xbe, 0xb7, 0xe9, 0xb1, 0xbd, 0xbc, 0xa1, 
    0xa6, 0xa0, 0xa7, 0xb1, 0xa6, 0xbd, 0xa0, 0xfa, 0xbc, 0xfb, 0xa9, 0xa6, 
    0xba, 0xbb, 0xa1, 0xfc, 0xba, 0xb3, 0xbc, 0xb6, 0xbe, 0xb7, 0xef, 0xbc, 
    0xaf, 0xb5, 0xb7, 0xa6, 0xf2, 0xa6, 0xb3, 0xa0, 0xb5, 0xb7, 0xa6, 0xfa, 
    0xfb, 0xa9, 0xa0, 0xb7, 0xa6, 0xa7, 0xa0, 0xbc, 0xf2, 0xbc, 0xb7, 0xa5, 
    0xf2, 0xb7, 0xfc, 0x9d, 0xb0, 0xb8, 0xb7, 0xb1, 0xa6, 0xfa, 0xb7, 0xfc, 
    0xb7, 0xaa, 0xa2, 0xbd, 0xa0, 0xa6, 0xa1, 0xfc, 0xb5, 0xb1, 0x9a, 0xb3, 
    0xbc, 0xb6, 0xbe, 0xb7, 0x95, 0xb7, 0xa6, 0x86, 0xb3, 0xa0, 0xb5, 0xb7, 
    0xa6, 0xfa, 0xa6, 0xba, 0xbb, 0xa1, 0xfc, 0xba, 0xb3, 0xbc, 0xb6, 0xbe, 
    0xb7, 0xfb, 0xfb, 0xfc, 0xb3, 0xa1, 0x9c, 0xa7, 0xbe, 0xbe, 0xb3, 0xb0, 
    0xbe, 0xb7, 0xfa, 0xfb, 0xaf, 0xb4, 0xa0, 0xb7, 0xb7, 0xfa, 0xfb, 0xa9, 
    0xa0, 0xb7, 0xa6, 0xa7, 0xa0, 0xbc, 0xf2, 0xb7, 0xfc, 0xb7, 0xaa, 0xa2, 
    0xbd, 0xa0, 0xa6, 0xa1, 0xfc, 0xb5, 0xb1, 0x9a, 0xb3, 0xbc, 0xb6, 0xbe, 
    0xb7, 0x94, 0xa0, 0xb7, 0xb7, 0xfa, 0xa6, 0xba, 0xbb, 0xa1, 0xfc, 0xba, 
    0xb3, 0xbc, 0xb6, 0xbe, 0xb7, 0xfb, 0xaf, 0xaf, 0xb7, 0xfc, 0x95, 0x91, 
    0x9a, 0xb3, 0xbc, 0xb6, 0xbe, 0xb7, 0xef, 0xa6, 0xaf, 0xfb, 0xfa, 0xbf, 
    0xae, 0xae, 0xfa, 0xbf, 0xef, 0xa9, 0xaf, 0xfb, 0xfb, 0xe9, 0xa4, 0xb3, 
    0xa0, 0xf2, 0xbf, 0xe9, 0xfa, 0xb4, 0xa7, 0xbc, 0xb1, 0xa6, 0xbb, 0xbd, 
    0xbc, 0xfa, 0xb7, 0xfb, 0xa9, 0xbe, 0xb7, 0xa6, 0xf2, 0xa6, 0xef, 0xb1, 
    0xbe, 0xb3, 0xa1, 0xa1, 0xf2, 0xb7, 0xaa, 0xa6, 0xb7, 0xbc, 0xb6, 0xa1, 
    0xf2, 0x94, 0xa9, 0xb5, 0xb7, 0xa6, 0xf2, 0xb3, 0xa1, 0xa1, 0xb7, 0xbf, 
    0xb0, 0xbe, 0xab, 0xfa, 0xfb, 0xa9, 0xa0, 0xb7, 0xa6, 0xa7, 0xa0, 0xbc, 
    0xf2, 0xbc, 0xb7, 0xa5, 0xf2, 0xb7, 0xfc, 0x93, 0xa1, 0xa1, 0xb7, 0xbf, 
    0xb0, 0xbe, 0xab, 0xfa, 0xb7, 0xfc, 0xb7, 0xaa, 0xa2, 0xbd, 0xa0, 0xa6, 
    0xa1, 0xfc, 0xbb, 0xbf, 0xb3, 0xb5, 0xb7, 0x95, 0xb7, 0xa6, 0x93, 0xa1, 
    0xa1, 0xb7, 0xbf, 0xb0, 0xbe, 0xab, 0xfa, 0xa6, 0xba, 0xbb, 0xa1, 0xfb, 
    0xfb, 0xaf, 0xb5, 0xb7, 0xa6, 0xf2, 0xb1, 0xbe, 0xb3, 0xa1, 0xa1, 0x91, 
    0xbd, 0xa7, 0xbc, 0xa6, 0xfa, 0xfb, 0xa9, 0xa0, 0xb7, 0xa6, 0xa7, 0xa0, 
    0xbc, 0xf2, 0xb7, 0xfc, 0xa7, 0xbc, 0xbb, 0xa6, 0xab, 0x84, 0xb7, 0xa0, 
    0xa1, 0xbb, 0xbd, 0xbc, 0x9b, 0xa1, 0x90, 0xb7, 0xbe, 0xbd, 0xa5, 0xe0, 
    0xe2, 0xe3, 0xea, 0xe1, 0xe2, 0xed, 0xa6, 0xba, 0xbb, 0xa1, 0xfc, 0xb1, 
    0xbe, 0xb3, 0xa1, 0xa1, 0xb7, 0xa1, 0xfc, 0xbe, 0xb7, 0xbc, 0xb5, 0xa6, 
    0xba, 0xe8, 0xb7, 0xfc, 0xb7, 0xaa, 0xa2, 0xbd, 0xa0, 0xa6, 0xa1, 0xfc, 
    0xbb, 0xbf, 0xb3, 0xb5, 0xb7, 0x95, 0xb7, 0xa6, 0x91, 0xbe, 0xb3, 0xa1, 
    0xa1, 0x91, 0xbd, 0xa7, 0xbc, 0xa6, 0xfa, 0xa6, 0xba, 0xbb, 0xa1, 0xfb, 
    0xaf, 0xb5, 0xb7, 0xa6, 0xf2, 0xb1, 0xbe, 0xb3, 0xa1, 0xa1, 0xb7, 0xa1, 
    0xfa, 0xfb, 0xa9, 0xbb, 0xb4, 0xfa, 0xb7, 0xfc, 0xa7, 0xbc, 0xbb, 0xa6, 
    0xab, 0x84, 0xb7, 0xa0, 0xa1, 0xbb, 0xbd, 0xbc, 0x9b, 0xa1, 0x90, 0xb7, 
    0xbe, 0xbd, 0xa5, 0xe0, 0xe2, 0xe3, 0xea, 0xe1, 0xe2, 0xfb, 0xa9, 0xbe, 
    0xb7, 0xa6, 0xf2, 0xbc, 0xef, 0xa6, 0xba, 0xbb, 0xa1, 0xfc, 0xb3, 0xa1, 
    0xa1, 0xb7, 0xbf, 0xb0, 0xbe, 0xab, 0xfc, 0xbd, 0xb0, 0xb8, 0xb7, 0xb1, 
    0xa6, 0xfc, 0xbf, 0xb7, 0xa6, 0xba, 0xbd, 0xb6, 0xfa, 0xf0, 0x95, 0xb7, 
    0xa6, 0x86, 0xab, 0xa2, 0xb7, 0xa1, 0xf0, 0xfb, 0xfc, 0xbb, 0xbc, 0xa4, 
    0xbd, 0xb9, 0xb7, 0xfa, 0xf3, 0xe3, 0xfb, 0xfe, 0xa0, 0xef, 0xb5, 0xbe, 
    0xbd, 0xb0, 0xb3, 0xbe, 0x86, 0xba, 0xbb, 0xa1, 0xfc, 0x93, 0xa0, 0xa0, 
    0xb3, 0xab, 0xfc, 0xb4, 0xa0, 0xbd, 0xbf, 0xfa, 0xbc, 0xfe, 0xb3, 0xef, 
    0xec, 0xbc, 0xb7, 0xa5, 0xf2, 0xb7, 0xfc, 0x91, 0xbe, 0xb3, 0xa1, 0xa1, 
    0xfa, 0xb7, 0xfc, 0xb7, 0xaa, 0xa2, 0xbd, 0xa0, 0xa6, 0xa1, 0xfc, 0xb1, 
    0xbe, 0xb3, 0xa1, 0xa1, 0x94, 0xa0, 0xbd, 0xbf, 0x9d, 0xb0, 0xb8, 0xb7, 
    0xb1, 0xa6, 0xfa, 0xb3, 0xfb, 0xfb, 0xfb, 0xfe, 0xa1, 0xef, 0xa6, 0xba, 
    0xbb, 0xa1, 0xfc, 0xa6, 0xa0, 0xab, 0x91, 0xbe, 0xb3, 0xa1, 0xa1, 0xfa, 
    0xf0, 0xee, 0x9f, 0xbd, 0xb6, 0xa7, 0xbe, 0xb7, 0xec, 0xf0, 0xfb, 0xe9, 
    0xa0, 0xb7, 0xa6, 0xa7, 0xa0, 0xbc, 0xf2, 0xa1, 0xf4, 0xf4, 0xa0, 0xfc, 
    0xa7, 0xbc, 0xa1, 0xba, 0xbb, 0xb4, 0xa6, 0xfa, 0xa1, 0xfb, 0xfe, 0xa0, 
    0xaf, 0xb7, 0xbe, 0xa1, 0xb7, 0xf2, 0xa0, 0xb7, 0xa6, 0xa7, 0xa0, 0xbc, 
    0xf2, 0xb5, 0xbe, 0xbd, 0xb0, 0xb3, 0xbe, 0x86, 0xba, 0xbb, 0xa1, 0xfc, 
    0x93, 0xa0, 0xa0, 0xb3, 0xab, 0xfc, 0xb4, 0xa0, 0xbd, 0xbf, 0xfa, 0xb5, 
    0xbe, 0xbd, 0xb0, 0xb3, 0xbe, 0x86, 0xba, 0xbb, 0xa1, 0xfc, 0x93, 0xa0, 
    0xa0, 0xb3, 0xab, 0xfa, 0xa6, 0xba, 0xbb, 0xa1, 0xfc, 0xb1, 0xbe, 0xb3, 
    0xa1, 0xa1, 0x91, 0xbd, 0xa7, 0xbc, 0xa6, 0xfb, 0xfe, 0xfa, 0xbc, 0xfe, 
    0xa0, 0xfb, 0xef, 0xec, 0xbc, 0xb7, 0xa5, 0xf2, 0xb7, 0xfc, 0x91, 0xbe, 
    0xb3, 0xa1, 0xa1, 0xfa, 0xb7, 0xfc, 0xb7, 0xaa, 0xa2, 0xbd, 0xa0, 0xa6, 
    0xa1, 0xfc, 0xbb, 0xbf, 0xb3, 0xb5, 0xb7, 0x95, 0xb7, 0xa6, 0x91, 0xbe, 
    0xb3, 0xa1, 0xa1, 0xfa, 0xa6, 0xba, 0xbb, 0xa1, 0xfe, 0xa0, 0xfb, 0xfb, 
    0xfb, 0xaf, 0xb5, 0xb7, 0xa6, 0xf2, 0xbc, 0xb3, 0xbf, 0xb7, 0xfa, 0xfb, 
    0xa9, 0xa0, 0xb7, 0xa6, 0xa7, 0xa0, 0xbc, 0xf2, 0xb7, 0xfc, 0xb7, 0xaa, 
    0xa2, 0xbd, 0xa0, 0xa6, 0xa1, 0xfc, 0xbb, 0xbf, 0xb3, 0xb5, 0xb7, 0x95, 
    0xb7, 0xa6, 0x9c, 0xb3, 0xbf, 0xb7, 0xfa, 0xa6, 0xba, 0xbb, 0xa1, 0xfb, 
    0xfc, 0xa0, 0xb7, 0xb3, 0xb6, 0x87, 0xa6, 0xb4, 0xea, 0x81, 0xa6, 0xa0, 
    0xbb, 0xbc, 0xb5, 0xfa, 0xfb, 0xaf, 0xb1, 0xbe, 0xb3, 0xa1, 0xa1, 0xfa, 
    0xbc, 0xfb, 0xa9, 0xa0, 0xb7, 0xa6, 0xa7, 0xa0, 0xbc, 0xf2, 0xa6, 0xba, 
    0xbb, 0xa1, 0xfc, 0xa6, 0xa0, 0xab, 0x91, 0xbe, 0xb3, 0xa1, 0xa1, 0xfa, 
    0xbc, 0xfb, 0xed, 0xed, 0x8d, 0xfa, 0xb2, 0xb1, 0xbd, 0xa7, 0xbe, 0xb6, 
    0xbc, 0xf5, 0xa6, 0xf2, 0xb4, 0xbb, 0xbc, 0xb6, 0xf2, 0xb1, 0xbe, 0xb3, 
    0xa1, 0xa1, 0xf2, 0xf6, 0xa9, 0xbc, 0xaf, 0xf2, 0xbb, 0xbc, 0xf2, 0xb3, 
    0xa1, 0xa1, 0xb7, 0xbf, 0xb0, 0xbe, 0xab, 0xf2, 0xf6, 0xa9, 0xa6, 0xba, 
    0xbb, 0xa1, 0xfc, 0xbc, 0xb3, 0xbf, 0xb7, 0xaf, 0xb2, 0xfb, 0xaf, 0xa6, 
    0xa0, 0xab, 0x91, 0xbe, 0xb3, 0xa1, 0xa1, 0xfa, 0xbc, 0xfb, 0xa9, 0xbe, 
    0xb7, 0xa6, 0xf2, 0xa0, 0xef, 0xbc, 0xfc, 0xbe, 0xb3, 0xa1, 0xa6, 0x9b, 
    0xbc, 0xb6, 0xb7, 0xaa, 0x9d, 0xb4, 0xfa, 0xf0, 0xfc, 0xf0, 0xfb, 0xfe, 
    0xa1, 0xef, 0x9f, 0xb7, 0xbf, 0xbd, 0xa0, 0xab, 0xfc, 0xb3, 0xbe, 0xbe, 
    0xbd, 0xb1, 0x87, 0xa6, 0xb4, 0xea, 0x81, 0xa6, 0xa0, 0xbb, 0xbc, 0xb5, 
    0xfa, 0xa0, 0xef, 0xef, 0xff, 0xe3, 0xed, 0xf0, 0xf0, 0xe8, 0xbc, 0xfc, 
    0xa1, 0xbe, 0xbb, 0xb1, 0xb7, 0xfa, 0xe2, 0xfe, 0xa0, 0xfb, 0xfb, 0xfe, 
    0xb3, 0xef, 0x9f, 0xb7, 0xbf, 0xbd, 0xa0, 0xab, 0xfc, 0xb3, 0xbe, 0xbe, 
    0xbd, 0xb1, 0x87, 0xa6, 0xb4, 0xea, 0x81, 0xa6, 0xa0, 0xbb, 0xbc, 0xb5, 
    0xfa, 0xbc, 0xfc, 0xa1, 0xbe, 0xbb, 0xb1, 0xb7, 0xfa, 0xa0, 0xf9, 0xe3, 
    0xfb, 0xfb, 0xe9, 0xa0, 0xb7, 0xa6, 0xa7, 0xa0, 0xbc, 0xf2, 0xbc, 0xb7, 
    0xa5, 0xf2, 0xb7, 0xfc, 0x91, 0xbe, 0xb3, 0xa1, 0xa1, 0xfa, 0xb7, 0xfc, 
    0xb7, 0xaa, 0xa2, 0xbd, 0xa0, 0xa6, 0xa1, 0xfc, 0xb1, 0xbe, 0xb3, 0xa1, 
    0xa1, 0x94, 0xa0, 0xbd, 0xbf, 0x9c, 0xb3, 0xbf, 0xb7, 0xfa, 0xa6, 0xba, 
    0xbb, 0xa1, 0xfe, 0xa1, 0xfe, 0xb3, 0xfb, 0xfb, 0xfc, 0xb3, 0xa1, 0x9c, 
    0xa7, 0xbe, 0xbe, 0xb3, 0xb0, 0xbe, 0xb7, 0xfa, 0xfb, 0xaf, 0xaf, 0xe9, 
    0xb6, 0xfa, 0x89, 0xa7, 0x8f, 0xfe, 0xa6, 0xfc, 0xa2, 0xa0, 0xbd, 0xa6, 
    0xbd, 0xa6, 0xab, 0xa2, 0xb7, 0xfe, 0xf0, 0xb3, 0xa1, 0xa1, 0xb7, 0xbf, 
    0xb0, 0xbe, 0xab, 0xf0, 0xfe, 0xbc, 0xa7, 0xbe, 0xbe, 0xfb, 0xfe, 0xb6, 
    0xfa, 0x89, 0xa7, 0x8f, 0xfe, 0xa6, 0xfc, 0xa2, 0xa0, 0xbd, 0xa6, 0xbd, 
    0xa6, 0xab, 0xa2, 0xb7, 0xfe, 0xf0, 0xb1, 0xbe, 0xb3, 0xa1, 0xa1, 0x91, 
    0xbd, 0xa7, 0xbc, 0xa6, 0xf0, 0xfe, 0xbc, 0xa7, 0xbe, 0xbe, 0xfb, 0xfe, 
    0xb6, 0xfa, 0x89, 0xa7, 0x8f, 0xfe, 0xa6, 0xfc, 0xa2, 0xa0, 0xbd, 0xa6, 
    0xbd, 0xa6, 0xab, 0xa2, 0xb7, 0xfe, 0xf0, 0xb1, 0xbe, 0xb3, 0xa1, 0xa1, 
    0xb7, 0xa1, 0xf0, 0xfe, 0xbc, 0xa7, 0xbe, 0xbe, 0xfb, 0xfe, 0xb6, 0xfa, 
    0x89, 0xa7, 0x8f, 0xfe, 0xa6, 0xfc, 0xa2, 0xa0, 0xbd, 0xa6, 0xbd, 0xa6, 
    0xab, 0xa2, 0xb7, 0xfe, 0xf0, 0xbc, 0xb3, 0xbf, 0xb7, 0xf0, 0xfe, 0xbc, 
    0xa7, 0xbe, 0xbe, 0xfb, 0xfe, 0xa6, 0xef, 0xb6, 0xfa, 0x89, 0xb6, 0xb7, 
    0x8f, 0xfe, 0xa6, 0xfb, 0xfe, 0xb7, 0xfc, 0x9b, 0xbf, 0xb3, 0xb5, 0xb7, 
    0xef, 0xa6, 0xfe, 0xb8, 0xfa, 0xb7, 0xfe, 0xf0, 0xb1, 0xbd, 0xa0, 0xbe, 
    0xbb, 0xb0, 0xf0, 0xfe, 0xfa, 0xfb, 0xef, 0xec, 0xbc, 0xb7, 0xa5, 0xf2, 
    0xb7, 0xfc, 0x9b, 0xbf, 0xb3, 0xb5, 0xb7, 0xfa, 0xb7, 0xfc, 0xb7, 0xaa, 
    0xa2, 0xbd, 0xa0, 0xa6, 0xa1, 0xfc, 0xb5, 0xb7, 0xa6, 0x91, 0xbd, 0xa0, 
    0xbe, 0xbb, 0xb0, 0xfa, 0xfb, 0xfb, 0xfe, 0xa7, 0xfb, 0xaf, 0xfb, 0xfa, 
    0xbf, 0xae, 0xae, 0xfa, 0xbf, 0xef, 0xa9, 0xaf, 0xfb, 0xfb, 0xe9, 0xa4, 
    0xb3, 0xa0, 0xf2, 0xbf, 0xe9, 0xfa, 0xb4, 0xa7, 0xbc, 0xb1, 0xa6, 0xbb, 
    0xbd, 0xbc, 0xfa, 0xb7, 0xfb, 0xa9, 0xb1, 0xbe, 0xb3, 0xa1, 0xa1, 0xf2, 
    0xa6, 0xf2, 0xb7, 0xaa, 0xa6, 0xb7, 0xbc, 0xb6, 0xa1, 0xf2, 0x94, 0xa9, 
    0xa1, 0xa6, 0xb3, 0xa6, 0xbb, 0xb1, 0xf2, 0xb1, 0xb3, 0xa2, 0xa6, 0xa7, 
    0xa0, 0xb7, 0xfa, 0xfb, 0xa9, 0xa0, 0xb7, 0xa6, 0xa7, 0xa0, 0xbc, 0xf2, 
    0xbc, 0xb7, 0xa5, 0xf2, 0xb7, 0xfc, 0x9f, 0xb7, 0xbf, 0xbd, 0xa0, 0xab, 
    0x81, 0xbc, 0xb3, 0xa2, 0xa1, 0xba, 0xbd, 0xa6, 0xaf, 0xb1, 0xbd, 0xbc, 
    0xa1, 0xa6, 0xa0, 0xa7, 0xb1, 0xa6, 0xbd, 0xa0, 0xfa, 0xa0, 0xef, 0xb7, 
    0xfc, 0xb7, 0xaa, 0xa2, 0xbd, 0xa0, 0xa6, 0xa1, 0xfc, 0xbf, 0xb7, 0xbf, 
    0xbd, 0xa0, 0xab, 0x81, 0xbc, 0xb3, 0xa2, 0xa1, 0xba, 0xbd, 0xa6, 0x91, 
    0xb3, 0xa2, 0xa6, 0xa7, 0xa0, 0xb7, 0xfa, 0xfb, 0xfb, 0xa9, 0xa1, 0xa7, 
    0xa2, 0xb7, 0xa0, 0xfa, 0xa0, 0xfb, 0xaf, 0xb5, 0xb7, 0xa6, 0xf2, 0xb1, 
    0xbe, 0xb3, 0xa1, 0xa1, 0xb7, 0xa1, 0xfa, 0xfb, 0xa9, 0xa0, 0xb7, 0xa6, 
    0xa7, 0xa0, 0xbc, 0xf2, 0xbd, 0xb7, 0xfa, 0xa0, 0xef, 0xec, 0xb7, 0xfc, 
    0xb7, 0xaa, 0xa2, 0xbd, 0xa0, 0xa6, 0xa1, 0xfc, 0xbf, 0xb7, 0xbf, 0xbd, 
    0xa0, 0xab, 0x81, 0xbc, 0xb3, 0xa2, 0xa1, 0xba, 0xbd, 0xa6, 0x95, 0xb7, 
    0xa6, 0x91, 0xbe, 0xb3, 0xa1, 0xa1, 0xb7, 0xa1, 0xfa, 0xa6, 0xba, 0xbb, 
    0xa1, 0xfe, 0xa0, 0xfb, 0xfb, 0xfc, 0xbf, 0xb3, 0xa2, 0xfa, 0xa0, 0xef, 
    0xec, 0xbc, 0xb7, 0xa5, 0xf2, 0xb7, 0xfc, 0x91, 0xbe, 0xb3, 0xa1, 0xa1, 
    0xfa, 0xa0, 0xfb, 0xfb, 0xaf, 0xb5, 0xb7, 0xa6, 0xf2, 0xbd, 0xb0, 0xb8, 
    0xb7, 0xb1, 0xa6, 0xa1, 0xfa, 0xfb, 0xa9, 0xa0, 0xb7, 0xa6, 0xa7, 0xa0, 
    0xbc, 0xf2, 0xaa, 0xb7, 0xfa, 0xa0, 0xef, 0xec, 0xb7, 0xfc, 0xb7, 0xaa, 
    0xa2, 0xbd, 0xa0, 0xa6, 0xa1, 0xfc, 0xbf, 0xb7, 0xbf, 0xbd, 0xa0, 0xab, 
    0x81, 0xbc, 0xb3, 0xa2, 0xa1, 0xba, 0xbd, 0xa6, 0x95, 0xb7, 0xa6, 0x9d, 
    0xb0, 0xb8, 0xb7, 0xb1, 0xa6, 0xa1, 0xfa, 0xa6, 0xba, 0xbb, 0xa1, 0xfe, 
    0xa0, 0xfb, 0xfb, 0xfc, 0xb4, 0xbb, 0xbe, 0xa6, 0xb7, 0xa0, 0xfa, 0xa0, 
    0xef, 0xec, 0xf3, 0xa0, 0xfc, 0xbb, 0xa1, 0x9c, 0xa7, 0xbe, 0xbe, 0xfa, 
    0xfb, 0xfb, 0xfc, 0xbf, 0xb3, 0xa2, 0xfa, 0xa0, 0xef, 0xec, 0xbc, 0xb7, 
    0xa5, 0xf2, 0xb7, 0xfc, 0x9d, 0xb0, 0xb8, 0xb7, 0xb1, 0xa6, 0xfa, 0xa0, 
    0xfb, 0xfb, 0xaf, 0xb4, 0xa0, 0xb7, 0xb7, 0xfa, 0xfb, 0xa9, 0xb7, 0xfc, 
    0xb7, 0xaa, 0xa2, 0xbd, 0xa0, 0xa6, 0xa1, 0xfc, 0xbf, 0xb7, 0xbf, 0xbd, 
    0xa0, 0xab, 0x81, 0xbc, 0xb3, 0xa2, 0xa1, 0xba, 0xbd, 0xa6, 0x94, 0xa0, 
    0xb7, 0xb7, 0xfa, 0xa6, 0xba, 0xbb, 0xa1, 0xfb, 0xaf, 0xaf, 0xb6, 0xfa, 
    0x89, 0xa7, 0x8f, 0xfe, 0xa6, 0xfc, 0xa2, 0xa0, 0xbd, 0xa6, 0xbd, 0xa6, 
    0xab, 0xa2, 0xb7, 0xfe, 0xf0, 0xb1, 0xbe, 0xb3, 0xa1, 0xa1, 0xb7, 0xa1, 
    0xf0, 0xfe, 0xbc, 0xa7, 0xbe, 0xbe, 0xfb, 0xfe, 0xb6, 0xfa, 0x89, 0xa7, 
    0x8f, 0xfe, 0xa6, 0xfc, 0xa2, 0xa0, 0xbd, 0xa6, 0xbd, 0xa6, 0xab, 0xa2, 
    0xb7, 0xfe, 0xf0, 0xbd, 0xb0, 0xb8, 0xb7, 0xb1, 0xa6, 0xa1, 0xf0, 0xfe, 
    0xbc, 0xa7, 0xbe, 0xbe, 0xfb, 0xfe, 0xb7, 0xfc, 0x9f, 0xb7, 0xbf, 0xbd, 
    0xa0, 0xab, 0x81, 0xbc, 0xb3, 0xa2, 0xa1, 0xba, 0xbd, 0xa6, 0xef, 0xa6, 
    0xe9, 0xb4, 0xa7, 0xbc, 0xb1, 0xa6, 0xbb, 0xbd, 0xbc, 0xf2, 0xbd, 0xfa, 
    0xbc, 0xfb, 0xa9, 0xbe, 0xb7, 0xa6, 0xf2, 0xa0, 0xef, 0xb7, 0xfc, 0x9f, 
    0xb7, 0xbf, 0xbd, 0xa0, 0xab, 0x81, 0xbc, 0xb3, 0xa2, 0xa1, 0xba, 0xbd, 
    0xa6, 0xfc, 0xb1, 0xb3, 0xa2, 0xa6, 0xa7, 0xa0, 0xb7, 0xfa, 0xfb, 0xfe, 
    0xa1, 0xef, 0xbc, 0xfa, 0xa0, 0xfb, 0xe9, 0xa0, 0xb7, 0xa6, 0xa7, 0xa0, 
    0xbc, 0xf2, 0xa0, 0xfc, 0xb4, 0xa0, 0xb7, 0xb7, 0xfa, 0xfb, 0xfe, 0xa1, 
    0xaf, 0xb7, 0xfc, 0xbf, 0xb7, 0xbf, 0xbd, 0xa0, 0xab, 0x81, 0xbc, 0xb3, 
    0xa2, 0xa1, 0xba, 0xbd, 0xa6, 0xef, 0xbd, 0xaf, 0xfb, 0xfa, 0xbf, 0xae, 
    0xae, 0xfa, 0xbf, 0xef, 0xa9, 0xaf, 0xfb, 0xfb, 0xe9, 0xa4, 0xb3, 0xa0, 
    0xf2, 0xbf, 0xe9, 0xfa, 0xb4, 0xa7, 0xbc, 0xb1, 0xa6, 0xbb, 0xbd, 0xbc, 
    0xfa, 0xb7, 0xfb, 0xa9, 0xb1, 0xbe, 0xb3, 0xa1, 0xa1, 0xf2, 0xa6, 0xf2, 
    0xb7, 0xaa, 0xa6, 0xb7, 0xbc, 0xb6, 0xa1, 0xf2, 0x94, 0xa9, 0xb5, 0xb7, 
    0xa6, 0xf2, 0xb1, 0xbe, 0xb3, 0xa1, 0xa1, 0xfa, 0xfb, 0xa9, 0xa0, 0xb7, 
    0xa6, 0xa7, 0xa0, 0xbc, 0xf2, 0xbc, 0xb7, 0xa5, 0xf2, 0xb7, 0xfc, 0x91, 
    0xbe, 0xb3, 0xa1, 0xa1, 0xfa, 0xb7, 0xfc, 0xb7, 0xaa, 0xa2, 0xbd, 0xa0, 
    0xa6, 0xa1, 0xfc, 0xbf, 0xb7, 0xa6, 0xba, 0xbd, 0xb6, 0x95, 0xb7, 0xa6, 
    0x91, 0xbe, 0xb3, 0xa1, 0xa1, 0xfa, 0xa6, 0xba, 0xbb, 0xa1, 0xfb, 0xfb, 
    0xaf, 0xb5, 0xb7, 0xa6, 0xf2, 0xb4, 0xbe, 0xb3, 0xb5, 0xa1, 0xfa, 0xfb, 
    0xa9, 0xa0, 0xb7, 0xa6, 0xa7, 0xa0, 0xbc, 0xf2, 0xb7, 0xfc, 0xb7, 0xaa, 
    0xa2, 0xbd, 0xa0, 0xa6, 0xa1, 0xfc, 0xbf, 0xb7, 0xa6, 0xba, 0xbd, 0xb6, 
    0x95, 0xb7, 0xa6, 0x94, 0xbe, 0xb3, 0xb5, 0xa1, 0xfa, 0xa6, 0xba, 0xbb, 
    0xa1, 0xfe, 0x9c, 0x87, 0x9e, 0x9e, 0xfb, 0xaf, 0xb5, 0xb7, 0xa6, 0xf2, 
    0xbb, 0xbf, 0xa2, 0xbe, 0xb7, 0xbf, 0xb7, 0xbc, 0xa6, 0xb3, 0xa6, 0xbb, 
    0xbd, 0xbc, 0x94, 0xbe, 0xb3, 0xb5, 0xa1, 0xfa, 0xfb, 0xa9, 0xbe, 0xb7, 
    0xa6, 0xf2, 0xa0, 0xef, 0x9f, 0xb7, 0xbf, 0xbd, 0xa0, 0xab, 0xfc, 0xb3, 
    0xbe, 0xbe, 0xbd, 0xb1, 0xfa, 0x82, 0xa0, 0xbd, 0xb1, 0xb7, 0xa1, 0xa1, 
    0xfc, 0xa2, 0xbd, 0xbb, 0xbc, 0xa6, 0xb7, 0xa0, 0x81, 0xbb, 0xa8, 0xb7, 
    0xfb, 0xe9, 0xa0, 0xb7, 0xa6, 0xa7, 0xa0, 0xbc, 0xf2, 0xb7, 0xfc, 0xb7, 
    0xaa, 0xa2, 0xbd, 0xa0, 0xa6, 0xa1, 0xfc, 0xbf, 0xb7, 0xa6, 0xba, 0xbd, 
    0xb6, 0x95, 0xb7, 0xa6, 0x94, 0xbe, 0xb3, 0xb5, 0xa1, 0xfa, 0xa6, 0xba, 
    0xbb, 0xa1, 0xfe, 0xa0, 0xfb, 0xfe, 0xa0, 0xfc, 0xa0, 0xb7, 0xb3, 0xb6, 
    0x87, 0xe1, 0xe0, 0xfa, 0xfb, 0xaf, 0xb5, 0xb7, 0xa6, 0xf2, 0xb4, 0xa0, 
    0xbb, 0xb6, 0xb3, 0x81, 0xbb, 0xb5, 0xbc, 0xb3, 0xa6, 0xa7, 0xa0, 0xb7, 
    0xfa, 0xfb, 0xa9, 0xbe, 0xb7, 0xa6, 0xf2, 0xa0, 0xef, 0x89, 0x8f, 0xe9, 
    0xb4, 0xbd, 0xa0, 0xfa, 0xbe, 0xb7, 0xa6, 0xf2, 0xa1, 0xf2, 0xbd, 0xb4, 
    0xf2, 0xa6, 0xba, 0xbb, 0xa1, 0xfc, 0xa2, 0xb3, 0xa0, 0xb3, 0xbf, 0xb7, 
    0xa6, 0xb7, 0xa0, 0xa1, 0xfb, 0xa0, 0xfc, 0xa2, 0xa7, 0xa1, 0xba, 0xfa, 
    0xa1, 0xfc, 0xa6, 0xab, 0xa2, 0xb7, 0xfc, 0xb4, 0xa0, 0xbb, 0xb6, 0xb3, 
    0x93, 0xbe, 0xbb, 0xb3, 0xa1, 0xfb, 0xe9, 0xa0, 0xb7, 0xa6, 0xa7, 0xa0, 
    0xbc, 0xfa, 0xf3, 0xa6, 0xba, 0xbb, 0xa1, 0xfc, 0xbb, 0xa1, 0x81, 0xa6, 
    0xb3, 0xa6, 0xbb, 0xb1, 0xae, 0xae, 0xb7, 0xfc, 0xa7, 0xbc, 0xbb, 0xa6, 
    0xab, 0x84, 0xb7, 0xa0, 0xa1, 0xbb, 0xbd, 0xbc, 0x9b, 0xa1, 0x90, 0xb7, 
    0xbe, 0xbd, 0xa5, 0xe0, 0xe2, 0xe3, 0xea, 0xe1, 0xe2, 0xfb, 0xf4, 0xf4, 
    0xa0, 0xfc, 0xa7, 0xbc, 0xa1, 0xba, 0xbb, 0xb4, 0xa6, 0xfa, 0xf0, 0xa2, 
    0xbd, 0xbb, 0xbc, 0xa6, 0xb7, 0xa0, 0xf0, 0xfb, 0xfe, 0xa6, 0xba, 0xbb, 
    0xa1, 0xfc, 0xbb, 0xa1, 0x9b, 0xbc, 0xb4, 0xbe, 0xb3, 0xa6, 0xb7, 0xb6, 
    0xf4, 0xf4, 0xa0, 0xfc, 0xa2, 0xa7, 0xa1, 0xba, 0xfa, 0xf0, 0xa2, 0xbd, 
    0xbb, 0xbc, 0xa6, 0xb7, 0xa0, 0xf0, 0xfb, 0xfe, 0xa0, 0xaf, 0xb5, 0xb7, 
    0xa6, 0xf2, 0xb5, 0xb7, 0xbc, 0xb7, 0xa0, 0xbb, 0xb1, 0xa1, 0xfa, 0xfb, 
    0xa9, 0xbb, 0xb4, 0xfa, 0xf3, 0xa6, 0xba, 0xbb, 0xa1, 0xfc, 0xbb, 0xa1, 
    0x95, 0xb7, 0xbc, 0xb7, 0xa0, 0xbb, 0xb1, 0xfb, 0xa0, 0xb7, 0xa6, 0xa7, 
    0xa0, 0xbc, 0x89, 0x8f, 0xe9, 0xbe, 0xb7, 0xa6, 0xf2, 0xa0, 0xef, 0xa6, 
    0xba, 0xbb, 0xa1, 0xfc, 0xbd, 0xb0, 0xb8, 0xb7, 0xb1, 0xa6, 0xfc, 0xbf, 
    0xb7, 0xa6, 0xba, 0xbd, 0xb6, 0xfa, 0xf0, 0x95, 0xb7, 0xa6, 0x95, 0xb7, 
    0xbc, 0xb7, 0xa0, 0xbb, 0xb1, 0x93, 0xa0, 0xb5, 0xa7, 0xbf, 0xb7, 0xbc, 
    0xa6, 0xa1, 0xf0, 0xfb, 0xfc, 0xbb, 0xbc, 0xa4, 0xbd, 0xb9, 0xb7, 0xfa, 
    0xfb, 0xe9, 0xa0, 0xb7, 0xa6, 0xa7, 0xa0, 0xbc, 0xf2, 0xb5, 0xbe, 0xbd, 
    0xb0, 0xb3, 0xbe, 0x86, 0xba, 0xbb, 0xa1, 0xfc, 0x93, 0xa0, 0xa0, 0xb3, 
    0xab, 0xfc, 0xb4, 0xa0, 0xbd, 0xbf, 0xfa, 0xa0, 0xfb, 0xfc, 0xbf, 0xb3, 
    0xa2, 0xfa, 0xa1, 0xef, 0xec, 0xbc, 0xb7, 0xa5, 0xf2, 0xb7, 0xfc, 0x91, 
    0xbe, 0xb3, 0xa1, 0xa1, 0xfa, 0xb7, 0xfc, 0xb7, 0xaa, 0xa2, 0xbd, 0xa0, 
    0xa6, 0xa1, 0xfc, 0xb1, 0xbe, 0xb3, 0xa1, 0xa1, 0x94, 0xa0, 0xbd, 0xbf, 
    0x9d, 0xb0, 0xb8, 0xb7, 0xb1, 0xa6, 0xfa, 0xa1, 0xfb, 0xfb, 0xfb, 0xaf, 
    0xb5, 0xb7, 0xa6, 0xf2, 0xbb, 0xa1, 0x97, 0xaa, 0xa6, 0xb7, 0xa0, 0xbc, 
    0xb3, 0xbe, 0xfa, 0xfb, 0xa9, 0xa0, 0xb7, 0xa6, 0xa7, 0xa0, 0xbc, 0xfa, 
    0xa6, 0xba, 0xbb, 0xa1, 0xfc, 0xbb, 0xbf, 0xa2, 0xbe, 0xb7, 0xbf, 0xb7, 
    0xbc, 0xa6, 0xb3, 0xa6, 0xbb, 0xbd, 0xbc, 0x94, 0xbe, 0xb3, 0xb5, 0xa1, 
    0xf4, 0xe6, 0xe2, 0xeb, 0xe4, 0xfb, 0xf3, 0xef, 0xe2, 0xaf, 0xb5, 0xb7, 
    0xa6, 0xf2, 0xbb, 0xa1, 0x95, 0xb7, 0xbc, 0xb7, 0xa0, 0xbb, 0xb1, 0xfa, 
    0xfb, 0xa9, 0xa0, 0xb7, 0xa6, 0xa7, 0xa0, 0xbc, 0xf3, 0xf3, 0xb7, 0xfc, 
    0xb7, 0xaa, 0xa2, 0xbd, 0xa0, 0xa6, 0xa1, 0xfc, 0xbf, 0xb7, 0xa6, 0xba, 
    0xbd, 0xb6, 0x9b, 0xa1, 0x95, 0xb7, 0xbc, 0xb7, 0xa0, 0xbb, 0xb1, 0xfa, 
    0xa6, 0xba, 0xbb, 0xa1, 0xfb, 0xaf, 0xb5, 0xb7, 0xa6, 0xf2, 0xbb, 0xa1, 
    0x9b, 0xbc, 0xb4, 0xbe, 0xb3, 0xa6, 0xb7, 0xb6, 0xfa, 0xfb, 0xa9, 0xa0, 
    0xb7, 0xa6, 0xa7, 0xa0, 0xbc, 0xf3, 0xf3, 0xb7, 0xfc, 0xb7, 0xaa, 0xa2, 
    0xbd, 0xa0, 0xa6, 0xa1, 0xfc, 0xbf, 0xb7, 0xa6, 0xba, 0xbd, 0xb6, 0x9b, 
    0xa1, 0x9b, 0xbc, 0xb4, 0xbe, 0xb3, 0xa6, 0xb7, 0xb6, 0xfa, 0xa6, 0xba, 
    0xbb, 0xa1, 0xfb, 0xaf, 0xb5, 0xb7, 0xa6, 0xf2, 0xbb, 0xa1, 0x81, 0xa6, 
    0xb3, 0xa6, 0xbb, 0xb1, 0xfa, 0xfb, 0xa9, 0xa0, 0xb7, 0xa6, 0xa7, 0xa0, 
    0xbc, 0xf3, 0xb7, 0xfc, 0xb7, 0xaa, 0xa2, 0xbd, 0xa0, 0xa6, 0xa1, 0xfc, 
    0xbf, 0xb7, 0xa6, 0xba, 0xbd, 0xb6, 0x9b, 0xa1, 0x9b, 0xbc, 0xa1, 0xa6, 
    0xb3, 0xbc, 0xb1, 0xb7, 0xfa, 0xa6, 0xba, 0xbb, 0xa1, 0xfb, 0xaf, 0xb5, 
    0xb7, 0xa6, 0xf2, 0xbb, 0xa1, 0x81, 0xab, 0xbc, 0xb1, 0xba, 0xa0, 0xbd, 
    0xbc, 0xbb, 0xa8, 0xb7, 0xb6, 0xfa, 0xfb, 0xa9, 0xa0, 0xb7, 0xa6, 0xa7, 
    0xa0, 0xbc, 0xfa, 0xa6, 0xba, 0xbb, 0xa1, 0xfc, 0xbb, 0xbf, 0xa2, 0xbe, 
    0xb7, 0xbf, 0xb7, 0xbc, 0xa6, 0xb3, 0xa6, 0xbb, 0xbd, 0xbc, 0x94, 0xbe, 
    0xb3, 0xb5, 0xa1, 0xf4, 0xe1, 0xe0, 0xfb, 0xf3, 0xef, 0xe2, 0xaf, 0xb5, 
    0xb7, 0xa6, 0xf2, 0xbf, 0xbd, 0xb6, 0xbb, 0xb4, 0xbb, 0xb7, 0xa0, 0xfa, 
    0xfb, 0xa9, 0xa1, 0xa5, 0xbb, 0xa6, 0xb1, 0xba, 0xfa, 0xa6, 0xba, 0xbb, 
    0xa1, 0xfc, 0xb4, 0xbe, 0xb3, 0xb5, 0xa1, 0xf4, 0xe5, 0xfb, 0xa9, 0xb1, 
    0xb3, 0xa1, 0xb7, 0xf2, 0xe3, 0xe8, 0xa0, 0xb7, 0xa6, 0xa7, 0xa0, 0xbc, 
    0xf0, 0xa2, 0xa0, 0xbb, 0xa4, 0xb3, 0xa6, 0xb7, 0xf0, 0xe9, 0xb1, 0xb3, 
    0xa1, 0xb7, 0xf2, 0xe0, 0xe8, 0xa0, 0xb7, 0xa6, 0xa7, 0xa0, 0xbc, 0xf0, 
    0xa2, 0xa0, 0xbb, 0xa4, 0xb3, 0xa6, 0xb7, 0xf2, 0xa2, 0xa0, 0xbd, 0xa6, 
    0xb7, 0xb1, 0xa6, 0xb7, 0xb6, 0xf0, 0xe9, 0xb1, 0xb3, 0xa1, 0xb7, 0xf2, 
    0xe1, 0xe8, 0xa0, 0xb7, 0xa6, 0xa7, 0xa0, 0xbc, 0xf0, 0xbb, 0xbc, 0xa6, 
    0xb7, 0xa0, 0xbc, 0xb3, 0xbe, 0xf0, 0xe9, 0xb1, 0xb3, 0xa1, 0xb7, 0xf2, 
    0xe6, 0xe8, 0xa0, 0xb7, 0xa6, 0xa7, 0xa0, 0xbc, 0xf0, 0xa2, 0xa0, 0xbd, 
    0xa6, 0xb7, 0xb1, 0xa6, 0xb7, 0xb6, 0xf0, 0xe9, 0xb1, 0xb3, 0xa1, 0xb7, 
    0xf2, 0xe7, 0xe8, 0xa0, 0xb7, 0xa6, 0xa7, 0xa0, 0xbc, 0xf0, 0xa2, 0xa0, 
    0xbd, 0xa6, 0xb7, 0xb1, 0xa6, 0xb7, 0xb6, 0xf2, 0xbb, 0xbc, 0xa6, 0xb7, 
    0xa0, 0xbc, 0xb3, 0xbe, 0xf0, 0xe9, 0xb1, 0xb3, 0xa1, 0xb7, 0xf2, 0xe4, 
    0xe8, 0xa0, 0xb7, 0xa6, 0xa7, 0xa0, 0xbc, 0xf0, 0xa2, 0xa7, 0xb0, 0xbe, 
    0xbb, 0xb1, 0xf0, 0xaf, 0xaf, 0xb5, 0xb7, 0xa6, 0xf2, 0xbc, 0xb3, 0xbf, 
    0xb7, 0xfa, 0xfb, 0xa9, 0xa0, 0xb7, 0xa6, 0xa7, 0xa0, 0xbc, 0xf2, 0xb7, 
    0xfc, 0xb7, 0xaa, 0xa2, 0xbd, 0xa0, 0xa6, 0xa1, 0xfc, 0xbf, 0xb7, 0xa6, 
    0xba, 0xbd, 0xb6, 0x95, 0xb7, 0xa6, 0x9c, 0xb3, 0xbf, 0xb7, 0xfa, 0xa6, 
    0xba, 0xbb, 0xa1, 0xfb, 0xfc, 0xa0, 0xb7, 0xb3, 0xb6, 0x87, 0xa6, 0xb4, 
    0xea, 0x81, 0xa6, 0xa0, 0xbb, 0xbc, 0xb5, 0xfa, 0xfb, 0xaf, 0xb5, 0xb7, 
    0xa6, 0xf2, 0xbc, 0xb3, 0xa6, 0xbb, 0xa4, 0xb7, 0x94, 0xa7, 0xbc, 0xb1, 
    0xa6, 0xbb, 0xbd, 0xbc, 0xfa, 0xfb, 0xa9, 0xa0, 0xb7, 0xa6, 0xa7, 0xa0, 
    0xbc, 0xf2, 0xbc, 0xb7, 0xa5, 0xf2, 0x9c, 0xb3, 0xa6, 0xbb, 0xa4, 0xb7, 
    0x94, 0xa7, 0xbc, 0xb1, 0xa6, 0xbb, 0xbd, 0xbc, 0xfa, 0xa6, 0xba, 0xbb, 
    0xa1, 0xfc, 0xa4, 0xbb, 0xa0, 0xa6, 0xa7, 0xb3, 0xbe, 0x93, 0xb6, 0xb6, 
    0xa0, 0xb7, 0xa1, 0xa1, 0xfe, 0xa6, 0xba, 0xbb, 0xa1, 0xfc, 0xa0, 0xb7, 
    0xa6, 0xa7, 0xa0, 0xbc, 0x86, 0xab, 0xa2, 0xb7, 0xfc, 0xb4, 0xa0, 0xbb, 
    0xb6, 0xb3, 0x93, 0xbe, 0xbb, 0xb3, 0xa1, 0xfe, 0xa6, 0xba, 0xbb, 0xa1, 
    0xfc, 0xb4, 0xa0, 0xbb, 0xb6, 0xb3, 0x81, 0xbb, 0xb5, 0xbc, 0xb3, 0xa6, 
    0xa7, 0xa0, 0xb7, 0xfb, 0xaf, 0xb5, 0xb7, 0xa6, 0xf2, 0xbd, 0xb0, 0xb8, 
    0xb7, 0xb1, 0xa6, 0xfa, 0xfb, 0xa9, 0xa0, 0xb7, 0xa6, 0xa7, 0xa0, 0xbc, 
    0xf2, 0xbc, 0xb7, 0xa5, 0xf2, 0xb7, 0xfc, 0x9d, 0xb0, 0xb8, 0xb7, 0xb1, 
    0xa6, 0xfa, 0xb7, 0xfc, 0xb7, 0xaa, 0xa2, 0xbd, 0xa0, 0xa6, 0xa1, 0xfc, 
    0xbf, 0xb7, 0xa6, 0xba, 0xbd, 0xb6, 0x95, 0xb7, 0xa6, 0x9d, 0xb0, 0xb8, 
    0xb7, 0xb1, 0xa6, 0xfa, 0xa6, 0xba, 0xbb, 0xa1, 0xfe, 0x9c, 0x87, 0x9e, 
    0x9e, 0xfb, 0xfb, 0xaf, 0xb5, 0xb7, 0xa6, 0xf2, 0xa2, 0xb3, 0xa0, 0xb3, 
    0xbf, 0xb7, 0xa6, 0xb7, 0xa0, 0x91, 0xbd, 0xa7, 0xbc, 0xa6, 0xfa, 0xfb, 
    0xa9, 0xa0, 0xb7, 0xa6, 0xa7, 0xa0, 0xbc, 0xf2, 0xb7, 0xfc, 0xb7, 0xaa, 
    0xa2, 0xbd, 0xa0, 0xa6, 0xa1, 0xfc, 0xbf, 0xb7, 0xa6, 0xba, 0xbd, 0xb6, 
    0x95, 0xb7, 0xa6, 0x82, 0xb3, 0xa0, 0xb3, 0xbf, 0xb7, 0xa6, 0xb7, 0xa0, 
    0x91, 0xbd, 0xa7, 0xbc, 0xa6, 0xfa, 0xa6, 0xba, 0xbb, 0xa1, 0xfb, 0xaf, 
    0xb5, 0xb7, 0xa6, 0xf2, 0xa2, 0xb3, 0xa0, 0xb3, 0xbf, 0xb7, 0xa6, 0xb7, 
    0xa0, 0xa1, 0xfa, 0xfb, 0xa9, 0xa0, 0xb7, 0xa6, 0xa7, 0xa0, 0xbc, 0xf2, 
    0xb5, 0xbe, 0xbd, 0xb0, 0xb3, 0xbe, 0x86, 0xba, 0xbb, 0xa1, 0xfc, 0x93, 
    0xa0, 0xa0, 0xb3, 0xab, 0xfc, 0xb4, 0xa0, 0xbd, 0xbf, 0xfa, 0xb5, 0xbe, 
    0xbd, 0xb0, 0xb3, 0xbe, 0x86, 0xba, 0xbb, 0xa1, 0xfc, 0x93, 0xa0, 0xa0, 
    0xb3, 0xab, 0xfa, 0xa6, 0xba, 0xbb, 0xa1, 0xfc, 0xa2, 0xb3, 0xa0, 0xb3, 
    0xbf, 0xb7, 0xa6, 0xb7, 0xa0, 0x91, 0xbd, 0xa7, 0xbc, 0xa6, 0xfb, 0xfe, 
    0xfa, 0xa0, 0xfe, 0xa1, 0xfb, 0xef, 0xec, 0xa9, 0xbe, 0xb7, 0xa6, 0xf2, 
    0xb3, 0xef, 0xb7, 0xfc, 0xb7, 0xaa, 0xa2, 0xbd, 0xa0, 0xa6, 0xa1, 0xfc, 
    0xbf, 0xb7, 0xa6, 0xba, 0xbd, 0xb6, 0x95, 0xb7, 0xa6, 0x82, 0xb3, 0xa0, 
    0xb3, 0xbf, 0xb7, 0xa6, 0xb7, 0xa0, 0x9c, 0xb3, 0xbf, 0xb7, 0xfa, 0xa6, 
    0xba, 0xbb, 0xa1, 0xfe, 0xa1, 0xfb, 0xfc, 0xa0, 0xb7, 0xb3, 0xb6, 0x87, 
    0xa6, 0xb4, 0xea, 0x81, 0xa6, 0xa0, 0xbb, 0xbc, 0xb5, 0xfa, 0xfb, 0xfe, 
    0xbb, 0xef, 0xb7, 0xfc, 0xb7, 0xaa, 0xa2, 0xbd, 0xa0, 0xa6, 0xa1, 0xfc, 
    0xbf, 0xb7, 0xa6, 0xba, 0xbd, 0xb6, 0x95, 0xb7, 0xa6, 0x82, 0xb3, 0xa0, 
    0xb3, 0xbf, 0xb7, 0xa6, 0xb7, 0xa0, 0x86, 0xab, 0xa2, 0xb7, 0xfa, 0xa6, 
    0xba, 0xbb, 0xa1, 0xfe, 0xa1, 0xfb, 0xe9, 0xa0, 0xb7, 0xa6, 0xa7, 0xa0, 
    0xbc, 0xf2, 0xbc, 0xb7, 0xa5, 0xf2, 0xb7, 0xfc, 0x82, 0xb3, 0xa0, 0xb3, 
    0xbf, 0xb7, 0xa6, 0xb7, 0xa0, 0xfa, 0xb3, 0xfe, 0xa1, 0xfe, 0xbc, 0xb7, 
    0xa5, 0xf2, 0xb7, 0xfc, 0x86, 0xab, 0xa2, 0xb7, 0xfa, 0xbb, 0xfb, 0xfb, 
    0xaf, 0xfb, 0xaf, 0xb5, 0xb7, 0xa6, 0xf2, 0xa0, 0xb7, 0xbe, 0xb3, 0xa6, 
    0xbb, 0xa4, 0xb7, 0x84, 0xbb, 0xa0, 0xa6, 0xa7, 0xb3, 0xbe, 0x93, 0xb6, 
    0xb6, 0xa0, 0xb7, 0xa1, 0xa1, 0xfa, 0xfb, 0xa9, 0xa0, 0xb7, 0xa6, 0xa7, 
    0xa0, 0xbc, 0xf2, 0xa6, 0xba, 0xbb, 0xa1, 0xfc, 0xa4, 0xbb, 0xa0, 0xa6, 
    0xa7, 0xb3, 0xbe, 0x93, 0xb6, 0xb6, 0xa0, 0xb7, 0xa1, 0xa1, 0xfc, 0xa1, 
    0xa7, 0xb0, 0xfa, 0xb7, 0xfc, 0xbf, 0xbd, 0xb6, 0xa7, 0xbe, 0xb7, 0xfc, 
    0xb0, 0xb3, 0xa1, 0xb7, 0xfb, 0xaf, 0xb5, 0xb7, 0xa6, 0xf2, 0xa0, 0xb7, 
    0xa6, 0xa7, 0xa0, 0xbc, 0x86, 0xab, 0xa2, 0xb7, 0xfa, 0xfb, 0xa9, 0xa0, 
    0xb7, 0xa6, 0xa7, 0xa0, 0xbc, 0xf2, 0xbc, 0xb7, 0xa5, 0xf2, 0xb7, 0xfc, 
    0x86, 0xab, 0xa2, 0xb7, 0xfa, 0xb7, 0xfc, 0xb7, 0xaa, 0xa2, 0xbd, 0xa0, 
    0xa6, 0xa1, 0xfc, 0xbf, 0xb7, 0xa6, 0xba, 0xbd, 0xb6, 0x95, 0xb7, 0xa6, 
    0x80, 0xb7, 0xa6, 0xa7, 0xa0, 0xbc, 0x86, 0xab, 0xa2, 0xb7, 0xfa, 0xa6, 
    0xba, 0xbb, 0xa1, 0xfb, 0xfb, 0xaf, 0xb5, 0xb7, 0xa6, 0xf2, 0xa4, 0xbb, 
    0xa0, 0xa6, 0xa7, 0xb3, 0xbe, 0x93, 0xb6, 0xb6, 0xa0, 0xb7, 0xa1, 0xa1, 
    0xfa, 0xfb, 0xa9, 0xbe, 0xb7, 0xa6, 0xf2, 0xa0, 0xef, 0xb7, 0xfc, 0xb1, 
    0xbd, 0xa0, 0xbe, 0xbb, 0xb0, 0xfc, 0xb1, 0xbe, 0xb3, 0xa1, 0xa1, 0xfa, 
    0xf0, 0x81, 0xab, 0xa1, 0xa6, 0xb7, 0xbf, 0xfc, 0x80, 0xb7, 0xb4, 0xbe, 
    0xb7, 0xb1, 0xa6, 0xbb, 0xbd, 0xbc, 0xfc, 0x9f, 0xbd, 0xb6, 0xa7, 0xbe, 
    0xb7, 0xf0, 0xfb, 0xfc, 0xbb, 0xbc, 0xbb, 0xa6, 0xbb, 0xb3, 0xbe, 0xbb, 
    0xa8, 0xb7, 0xfa, 0xfb, 0xfc, 0xb4, 0xbb, 0xb7, 0xbe, 0xb6, 0xfa, 0xf0, 
    0x94, 0xbb, 0xbe, 0xa6, 0xb7, 0xa0, 0x86, 0xab, 0xa2, 0xb7, 0x9c, 0xb3, 
    0xbf, 0xb7, 0xf0, 0xfb, 0xfc, 0xa4, 0xb3, 0xbe, 0xa7, 0xb7, 0xfe, 0xa1, 
    0xef, 0xa0, 0xfc, 0xb4, 0xbb, 0xb7, 0xbe, 0xb6, 0xfa, 0xf0, 0xbf, 0xb7, 
    0xa6, 0xba, 0xbd, 0xb6, 0x8d, 0xa2, 0xa6, 0xa0, 0xf0, 0xfb, 0xfc, 0xa4, 
    0xb3, 0xbe, 0xa7, 0xb7, 0xfe, 0xbb, 0xef, 0xa0, 0xfc, 0xb4, 0xbb, 0xb7, 
    0xbe, 0xb6, 0xfa, 0xf0, 0xbf, 0xb7, 0xa6, 0xba, 0xbd, 0xb6, 0xf0, 0xfb, 
    0xfc, 0xa4, 0xb3, 0xbe, 0xa7, 0xb7, 0xfc, 0xbd, 0xb4, 0xb4, 0xa1, 0xb7, 
    0xa6, 0x9d, 0xb4, 0xfa, 0xb1, 0xef, 0xec, 0xb1, 0xfc, 0xa0, 0xb7, 0xb3, 
    0xb6, 0x82, 0xbd, 0xbb, 0xbc, 0xa6, 0xb7, 0xa0, 0xfa, 0xfb, 0xfc, 0xb7, 
    0xa3, 0xa7, 0xb3, 0xbe, 0xa1, 0xfa, 0xa1, 0xfb, 0xfb, 0xed, 0xed, 0x8d, 
    0xfa, 0xf0, 0xb1, 0xbd, 0xa7, 0xbe, 0xb6, 0xbc, 0xf5, 0xa6, 0xf2, 0xb4, 
    0xbb, 0xbc, 0xb6, 0xf2, 0xa6, 0xba, 0xb7, 0xf2, 0xa4, 0xbb, 0xa0, 0xa6, 
    0xa7, 0xb3, 0xbe, 0xf2, 0xb3, 0xb6, 0xb6, 0xa0, 0xb7, 0xa1, 0xa1, 0xf2, 
    0xbd, 0xb4, 0xb4, 0xa1, 0xb7, 0xa6, 0xf2, 0xbb, 0xbc, 0xf2, 0xa6, 0xba, 
    0xb7, 0xf2, 0xbc, 0xb3, 0xa6, 0xbb, 0xa4, 0xb7, 0xf2, 0xbf, 0xb7, 0xa6, 
    0xba, 0xbd, 0xb6, 0xf2, 0xa1, 0xa6, 0xa0, 0xa7, 0xb1, 0xa6, 0xf0, 0xfb, 
    0xe9, 0xa0, 0xb7, 0xa6, 0xa7, 0xa0, 0xbc, 0xf2, 0xb8, 0xfa, 0xb7, 0xfc, 
    0x9f, 0xb7, 0xa6, 0xba, 0xbd, 0xb6, 0xfc, 0xa2, 0xa0, 0xbd, 0xa6, 0xbd, 
    0xa6, 0xab, 0xa2, 0xb7, 0xfe, 0xf0, 0xa4, 0xbb, 0xa0, 0xa6, 0xa7, 0xb3, 
    0xbe, 0x93, 0xb6, 0xb6, 0xa0, 0xb7, 0xa1, 0xa1, 0xf0, 0xfe, 0xb4, 0xa7, 
    0xbc, 0xb1, 0xa6, 0xbb, 0xbd, 0xbc, 0xfa, 0xfb, 0xa9, 0xa0, 0xb7, 0xa6, 
    0xa7, 0xa0, 0xbc, 0xf2, 0xa6, 0xba, 0xbb, 0xa1, 0xfc, 0xba, 0xb3, 0xbc, 
    0xb6, 0xbe, 0xb7, 0xfc, 0xb3, 0xb6, 0xb6, 0xfa, 0xbb, 0xfb, 0xfc, 0xa0, 
    0xb7, 0xb3, 0xb6, 0x82, 0xbd, 0xbb, 0xbc, 0xa6, 0xb7, 0xa0, 0xfa, 0xfb, 
    0xaf, 0xfe, 0xa7, 0xfb, 0xfe, 0xb7, 0xfc, 0xb1, 0xbd, 0xa0, 0xbe, 0xbb, 
    0xb0, 0xfc, 0xb1, 0xbe, 0xb3, 0xa1, 0xa1, 0xfa, 0xf0, 0x81, 0xab, 0xa1, 
    0xa6, 0xb7, 0xbf, 0xfc, 0x80, 0xb7, 0xb4, 0xbe, 0xb7, 0xb1, 0xa6, 0xbb, 
    0xbd, 0xbc, 0xfc, 0x9f, 0xbd, 0xb6, 0xa7, 0xbe, 0xb7, 0xf0, 0xfb, 0xfc, 
    0xbf, 0xb7, 0xa6, 0xba, 0xbd, 0xb6, 0xfa, 0xf0, 0xfc, 0xb1, 0xb1, 0xa6, 
    0xbd, 0xa0, 0xf0, 0xfb, 0xfc, 0xbb, 0xbc, 0xa4, 0xbd, 0xb9, 0xb7, 0xfa, 
    0xfb, 0xfe, 0xa6, 0xba, 0xbb, 0xa1, 0xfc, 0xa4, 0xbb, 0xa0, 0xa6, 0xa7, 
    0xb3, 0xbe, 0x93, 0xb6, 0xb6, 0xa0, 0xb7, 0xa1, 0xa1, 0xaf, 0xa1, 0xb7, 
    0xa6, 0xf2, 0xbb, 0xbf, 0xa2, 0xbe, 0xb7, 0xbf, 0xb7, 0xbc, 0xa6, 0xb3, 
    0xa6, 0xbb, 0xbd, 0xbc, 0xfa, 0xa0, 0xfb, 0xa9, 0xa6, 0xa0, 0xab, 0xa9, 
    0x9b, 0xbc, 0xa6, 0xb7, 0xa0, 0xb1, 0xb7, 0xa2, 0xa6, 0xbd, 0xa0, 0xfc, 
    0xa0, 0xb7, 0xa2, 0xbe, 0xb3, 0xb1, 0xb7, 0xfa, 0xa6, 0xba, 0xbb, 0xa1, 
    0xfc, 0xa4, 0xbb, 0xa0, 0xa6, 0xa7, 0xb3, 0xbe, 0x93, 0xb6, 0xb6, 0xa0, 
    0xb7, 0xa1, 0xa1, 0xfe, 0xa6, 0xba, 0xbb, 0xa1, 0xfc, 0xa5, 0xa0, 0xb3, 
    0xa2, 0xfa, 0xa0, 0xfb, 0xfb, 0xaf, 0xb1, 0xb3, 0xa6, 0xb1, 0xba, 0xfa, 
    0xa1, 0xfb, 0xa9, 0xa1, 0xa5, 0xbb, 0xa6, 0xb1, 0xba, 0xfa, 0xa1, 0xfc, 
    0xbf, 0xb7, 0xa1, 0xa1, 0xb3, 0xb5, 0xb7, 0xfb, 0xa9, 0xb1, 0xb3, 0xa1, 
    0xb7, 0xf0, 0xb3, 0xb1, 0xb1, 0xb7, 0xa1, 0xa1, 0xf2, 0xa4, 0xbb, 0xbd, 
    0xbe, 0xb3, 0xa6, 0xbb, 0xbd, 0xbc, 0xf2, 0xb3, 0xb1, 0xb1, 0xb7, 0xa1, 
    0xa1, 0xbb, 0xbc, 0xb5, 0xf2, 0xe2, 0xaa, 0xe2, 0xf0, 0xe8, 0x8d, 0xfa, 
    0xb2, 0xb1, 0xbd, 0xa7, 0xbe, 0xb6, 0xbc, 0xf5, 0xa6, 0xf2, 0xa1, 0xb7, 
    0xa6, 0xf2, 0xbb, 0xbf, 0xa2, 0xbe, 0xb7, 0xbf, 0xb7, 0xbc, 0xa6, 0xb3, 
    0xa6, 0xbb, 0xbd, 0xbc, 0xf2, 0xb4, 0xbd, 0xa0, 0xf2, 0xbf, 0xb7, 0xa6, 
    0xba, 0xbd, 0xb6, 0xf2, 0xf6, 0xa9, 0xa6, 0xba, 0xbb, 0xa1, 0xfc, 0xbc, 
    0xb3, 0xbf, 0xb7, 0xaf, 0xf2, 0xb3, 0xa1, 0xf2, 0xbb, 0xa6, 0xf2, 0xba, 
    0xb3, 0xa1, 0xf2, 0xb3, 0xf2, 0x9c, 0x87, 0x9e, 0x9e, 0xf2, 0xa4, 0xbb, 
    0xa0, 0xa6, 0xa7, 0xb3, 0xbe, 0xf2, 0xb3, 0xb6, 0xb6, 0xa0, 0xb7, 0xa1, 
    0xa1, 0xb2, 0xfb, 0xe9, 0xb1, 0xb3, 0xa1, 0xb7, 0xfd, 0xa7, 0xbc, 0xb3, 
    0xb0, 0xbe, 0xb7, 0xf2, 0xa6, 0xbd, 0xf2, 0xbb, 0xbc, 0xa6, 0xb7, 0xa0, 
    0xb1, 0xb7, 0xa2, 0xa6, 0xf2, 0xb4, 0xa7, 0xbc, 0xb1, 0xa6, 0xbb, 0xbd, 
    0xbc, 0xf2, 0xb3, 0xa6, 0xf2, 0x8e, 0xa5, 0xf9, 0xe9, 0xf2, 0xa2, 0xbe, 
    0xb7, 0xb3, 0xa1, 0xb7, 0xf2, 0xb4, 0xbb, 0xbe, 0xb7, 0xf2, 0xb3, 0xf2, 
    0xb0, 0xa7, 0xb5, 0xfd, 0xfc, 0xb7, 0xaa, 0xb7, 0xb1, 0xfa, 0xa1, 0xfc, 
    0xbf, 0xb7, 0xa1, 0xa1, 0xb3, 0xb5, 0xb7, 0xfb, 0xed, 0xfc, 0xbb, 0xbc, 
    0xa2, 0xa7, 0xa6, 0xe8, 0xbe, 0xb7, 0xfa, 0xb2, 0xb1, 0xbd, 0xa7, 0xbe, 
    0xb6, 0xbc, 0xf5, 0xa6, 0xf2, 0xa1, 0xb7, 0xa6, 0xf2, 0xbb, 0xbf, 0xa2, 
    0xbe, 0xb7, 0xbf, 0xb7, 0xbc, 0xa6, 0xb3, 0xa6, 0xbb, 0xbd, 0xbc, 0xf2, 
    0xb4, 0xbd, 0xa0, 0xf2, 0xbf, 0xb7, 0xa6, 0xba, 0xbd, 0xb6, 0xf2, 0xf6, 
    0xa9, 0xa6, 0xba, 0xbb, 0xa1, 0xfc, 0xbc, 0xb3, 0xbf, 0xb7, 0xaf, 0xf2, 
    0xb3, 0xa1, 0xf2, 0xbb, 0xa6, 0xf2, 0xbf, 0xb3, 0xab, 0xf2, 0xb0, 0xb7, 
    0xf2, 0xb3, 0xf2, 0xa6, 0xba, 0xa7, 0xbc, 0xb9, 0xb2, 0xfb, 0xe9, 0xb0, 
    0xa0, 0xb7, 0xb3, 0xb9, 0xe9, 0xb1, 0xb3, 0xa1, 0xb7, 0xf0, 0xb3, 0xbe, 
    0xa0, 0xb7, 0xb3, 0xb6, 0xab, 0xf2, 0xa0, 0xb7, 0xa2, 0xbe, 0xb3, 0xb1, 
    0xb7, 0xb6, 0xf2, 0xa6, 0xba, 0xbb, 0xa1, 0xf2, 0xb4, 0xa7, 0xbc, 0xb1, 
    0xa6, 0xbb, 0xbd, 0xbc, 0xf0, 0xe8, 0xbe, 0xb7, 0xfa, 0xb2, 0xb1, 0xbd, 
    0xa7, 0xbe, 0xb6, 0xbc, 0xf5, 0xa6, 0xf2, 0xa1, 0xb7, 0xa6, 0xf2, 0xbb, 
    0xbf, 0xa2, 0xbe, 0xb7, 0xbf, 0xb7, 0xbc, 0xa6, 0xb3, 0xa6, 0xbb, 0xbd, 
    0xbc, 0xf2, 0xb4, 0xbd, 0xa0, 0xf2, 0xbf, 0xb7, 0xa6, 0xba, 0xbd, 0xb6, 
    0xf2, 0xf6, 0xa9, 0xa6, 0xba, 0xbb, 0xa1, 0xfc, 0xbc, 0xb3, 0xbf, 0xb7, 
    0xaf, 0xf2, 0xb3, 0xa1, 0xf2, 0xbb, 0xa6, 0xf2, 0xba, 0xb3, 0xa1, 0xf2, 
    0xb3, 0xbe, 0xa0, 0xb7, 0xb3, 0xb6, 0xab, 0xf2, 0xb0, 0xb7, 0xb7, 0xbc, 
    0xf2, 0xa0, 0xb7, 0xa2, 0xbe, 0xb3, 0xb1, 0xb7, 0xb6, 0xf2, 0xb0, 0xab, 
    0xf2, 0xb3, 0xf2, 0xa6, 0xba, 0xa7, 0xbc, 0xb9, 0xb2, 0xfb, 0xe9, 0xb0, 
    0xa0, 0xb7, 0xb3, 0xb9, 0xe9, 0xb6, 0xb7, 0xb4, 0xb3, 0xa7, 0xbe, 0xa6, 
    0xe8, 0xa6, 0xba, 0xa0, 0xbd, 0xa5, 0xf2, 0xa1, 0xaf, 0xaf, 0xaf, 0xbb, 
    0xbc, 0xb4, 0xbe, 0xb3, 0xa6, 0xb7, 0xfa, 0xfc, 0xfc, 0xfc, 0xa0, 0xfb, 
    0xa9, 0xbb, 0xb4, 0xfa, 0xf3, 0xa6, 0xba, 0xbb, 0xa1, 0xfc, 0xbb, 0xa1, 
    0x95, 0xb7, 0xbc, 0xb7, 0xa0, 0xbb, 0xb1, 0xae, 0xae, 0xa6, 0xba, 0xbb, 
    0xa1, 0xfc, 0xb5, 0xb7, 0xbc, 0xb7, 0xa0, 0xbb, 0xb1, 0xa1, 0xfc, 0xbe, 
    0xb7, 0xbc, 0xb5, 0xa6, 0xba, 0xf3, 0xef, 0xa0, 0xfc, 0xbe, 0xb7, 0xbc, 
    0xb5, 0xa6, 0xba, 0xfb, 0xa9, 0xb4, 0xbd, 0xa0, 0xfa, 0xbe, 0xb7, 0xa6, 
    0xf2, 0xb1, 0xf2, 0xbd, 0xb4, 0xf2, 0xa6, 0xba, 0xbb, 0xa1, 0xfc, 0xbd, 
    0xa4, 0xb7, 0xa0, 0xbe, 0xbd, 0xb3, 0xb6, 0xa1, 0xfa, 0xfb, 0xfb, 0xbb, 
    0xb4, 0xfa, 0xb1, 0xfc, 0xbb, 0xa1, 0x95, 0xb7, 0xbc, 0xb7, 0xa0, 0xbb, 
    0xb1, 0xf4, 0xf4, 0xb1, 0xfc, 0xb5, 0xb7, 0xbc, 0xb7, 0xa0, 0xbb, 0xb1, 
    0xa1, 0xfc, 0xbe, 0xb7, 0xbc, 0xb5, 0xa6, 0xba, 0xef, 0xef, 0xa0, 0xfc, 
    0xbe, 0xb7, 0xbc, 0xb5, 0xa6, 0xba, 0xfb, 0xa0, 0xb7, 0xa6, 0xa7, 0xa0, 
    0xbc, 0xf2, 0xb1, 0xfc, 0xbb, 0xbc, 0xb4, 0xbe, 0xb3, 0xa6, 0xb7, 0xfa, 
    0xfc, 0xfc, 0xfc, 0xa0, 0xfb, 0xe9, 0x8d, 0xfa, 0xb2, 0xb1, 0xbd, 0xa7, 
    0xbe, 0xb6, 0xf2, 0xbc, 0xbd, 0xa6, 0xf2, 0xb4, 0xbb, 0xbc, 0xb6, 0xf2, 
    0xbb, 0xbc, 0xb4, 0xbe, 0xb3, 0xa6, 0xb3, 0xb0, 0xbe, 0xb7, 0xf2, 0xa1, 
    0xbb, 0xb5, 0xbc, 0xb3, 0xa6, 0xa7, 0xa0, 0xb7, 0xf2, 0xbd, 0xb4, 0xf2, 
    0xbf, 0xb7, 0xa6, 0xba, 0xbd, 0xb6, 0xf2, 0xf6, 0xa9, 0xa6, 0xba, 0xbb, 
    0xa1, 0xfc, 0xbc, 0xb3, 0xbf, 0xb7, 0xaf, 0xf2, 0xa5, 0xbb, 0xa6, 0xba, 
    0xf2, 0xf6, 0xa9, 0xa0, 0xfc, 0xbe, 0xb7, 0xbc, 0xb5, 0xa6, 0xba, 0xaf, 
    0xf2, 0xb5, 0xb7, 0xbc, 0xb7, 0xa0, 0xbb, 0xb1, 0xf2, 0xa2, 0xb3, 0xa0, 
    0xb3, 0xbf, 0xb7, 0xa6, 0xb7, 0xa0, 0xfa, 0xa1, 0xfb, 0xb2, 0xfb, 0xaf, 
    0xbe, 0xb7, 0xa6, 0xf2, 0xa1, 0xef, 0xa0, 0xfc, 0xbf, 0xb3, 0xa2, 0xfa, 
    0xb1, 0xef, 0xec, 0xb1, 0xfc, 0xa6, 0xab, 0xa2, 0xb7, 0xfc, 0xbd, 0xb0, 
    0xb8, 0xb7, 0xb1, 0xa6, 0xfb, 0xfe, 0xb3, 0xef, 0xb7, 0xfc, 0xb3, 0xa0, 
    0xa0, 0xb3, 0xab, 0xfa, 0xb7, 0xfc, 0xb1, 0xbd, 0xa0, 0xbe, 0xbb, 0xb0, 
    0xfc, 0xb1, 0xbe, 0xb3, 0xa1, 0xa1, 0xfa, 0xf0, 0x81, 0xab, 0xa1, 0xa6, 
    0xb7, 0xbf, 0xfc, 0x86, 0xab, 0xa2, 0xb7, 0xf0, 0xfb, 0xfe, 0xa1, 0xfb, 
    0xfe, 0xbb, 0xef, 0xa6, 0xba, 0xbb, 0xa1, 0xfc, 0xbd, 0xb0, 0xb8, 0xb7, 
    0xb1, 0xa6, 0xfc, 0xbf, 0xb7, 0xa6, 0xba, 0xbd, 0xb6, 0xfa, 0xf0, 0x9f, 
    0xb3, 0xb9, 0xb7, 0x95, 0xb7, 0xbc, 0xb7, 0xa0, 0xbb, 0xb1, 0x9f, 0xb7, 
    0xa6, 0xba, 0xbd, 0xb6, 0xf0, 0xfe, 0xe3, 0xfb, 0xfc, 0xbb, 0xbc, 0xa4, 
    0xbd, 0xb9, 0xb7, 0xfa, 0xb3, 0xfb, 0xe9, 0xa0, 0xb7, 0xa6, 0xa7, 0xa0, 
    0xbc, 0xf2, 0xbc, 0xb7, 0xa5, 0xf2, 0xb7, 0xfc, 0x9f, 0xb7, 0xa6, 0xba, 
    0xbd, 0xb6, 0xfa, 0xbb, 0xfc, 0xb4, 0xbb, 0xb7, 0xbe, 0xb6, 0xfa, 0xf0, 
    0xbf, 0xba, 0xb3, 0xbc, 0xb6, 0xbe, 0xb7, 0xf0, 0xfb, 0xfc, 0xa4, 0xb3, 
    0xbe, 0xa7, 0xb7, 0xfb, 0xaf, 0xbb, 0xbc, 0xa4, 0xbd, 0xb9, 0xb7, 0xfa, 
    0xfc, 0xfc, 0xfc, 0xa0, 0xfb, 0xa9, 0xa0, 0xb7, 0xa6, 0xa7, 0xa0, 0xbc, 
    0xf2, 0xa6, 0xba, 0xbb, 0xa1, 0xfc, 0xbb, 0xa1, 0x81, 0xa6, 0xb3, 0xa6, 
    0xbb, 0xb1, 0xae, 0xae, 0x8d, 0xfa, 0xb2, 0xb1, 0xb3, 0xbc, 0xbc, 0xbd, 
    0xa6, 0xf2, 0xbb, 0xbc, 0xa4, 0xbd, 0xb9, 0xb7, 0xf2, 0xbc, 0xbd, 0xbc, 
    0xff, 0xa1, 0xa6, 0xb3, 0xa6, 0xbb, 0xb1, 0xf2, 0xbf, 0xb7, 0xa6, 0xba, 
    0xbd, 0xb6, 0xf2, 0xf6, 0xa9, 0xa6, 0xba, 0xbb, 0xa1, 0xfc, 0xbc, 0xb3, 
    0xbf, 0xb7, 0xaf, 0xf2, 0xb3, 0xa1, 0xf2, 0xbb, 0xa6, 0xf2, 0xbf, 0xa7, 
    0xa1, 0xa6, 0xf2, 0xb0, 0xb7, 0xf2, 0xbb, 0xbc, 0xa4, 0xbd, 0xb9, 0xb7, 
    0xb6, 0xf2, 0xa6, 0xba, 0xa0, 0xbd, 0xa7, 0xb5, 0xba, 0xa6, 0xf2, 0xb3, 
    0xf2, 0x9b, 0xbe, 0xe0, 0x91, 0xa2, 0xa2, 0xfc, 0x9d, 0xb0, 0xb8, 0xb7, 
    0xb1, 0xa6, 0xfe, 0xf2, 0xbc, 0xbd, 0xa6, 0xf2, 0xb3, 0xf2, 0x9b, 0xbe, 
    0xe0, 0x91, 0xa2, 0xa2, 0xfc, 0x91, 0xbe, 0xb3, 0xa1, 0xa1, 0xb2, 0xfb, 
    0xfe, 0xa6, 0xba, 0xbb, 0xa1, 0xfc, 0xbb, 0xbc, 0xa4, 0xbd, 0xb9, 0xb7, 
    0x80, 0xb3, 0xa5, 0xfa, 0x9c, 0x87, 0x9e, 0x9e, 0xfe, 0xfc, 0xfc, 0xfc, 
    0xa0, 0xfb, 0xaf, 0xbb, 0xbc, 0xa4, 0xbd, 0xb9, 0xb7, 0x80, 0xb3, 0xa5, 
    0xfa, 0xa0, 0xfe, 0xfc, 0xfc, 0xfc, 0xa1, 0xfb, 0xa9, 0xbe, 0xb7, 0xa6, 
    0xf2, 0xb3, 0xef, 0xa1, 0xfc, 0xbf, 0xb3, 0xa2, 0xfa, 0xb7, 0xfc, 0xa6, 
    0xbd, 0x94, 0xa0, 0xbb, 0xb6, 0xb3, 0x84, 0xb3, 0xbe, 0xa7, 0xb7, 0xfb, 
    0xe9, 0xfa, 0xf3, 0xa6, 0xba, 0xbb, 0xa1, 0xfc, 0xbb, 0xa1, 0x81, 0xa6, 
    0xb3, 0xa6, 0xbb, 0xb1, 0xae, 0xae, 0xb7, 0xfc, 0xa7, 0xbc, 0xbb, 0xa6, 
    0xab, 0x84, 0xb7, 0xa0, 0xa1, 0xbb, 0xbd, 0xbc, 0x9b, 0xa1, 0x90, 0xb7, 
    0xbe, 0xbd, 0xa5, 0xe0, 0xe2, 0xe3, 0xea, 0xe1, 0xe2, 0xfb, 0xf4, 0xf4, 
    0xb3, 0xfc, 0xa7, 0xbc, 0xa1, 0xba, 0xbb, 0xb4, 0xa6, 0xfa, 0xa0, 0xfb, 
    0xfe, 0xa6, 0xba, 0xbb, 0xa1, 0xfc, 0xbb, 0xa1, 0x9b, 0xbc, 0xb4, 0xbe, 
    0xb3, 0xa6, 0xb7, 0xb6, 0xf4, 0xf4, 0xb3, 0xfc, 0xa2, 0xa7, 0xa1, 0xba, 
    0xfa, 0xa6, 0xba, 0xbb, 0xa1, 0xfc, 0xba, 0xb3, 0xbc, 0xb6, 0xbe, 0xb7, 
    0xfb, 0xe9, 0xa6, 0xa0, 0xab, 0xa9, 0xbe, 0xb7, 0xa6, 0xf2, 0xbb, 0xef, 
    0xa6, 0xba, 0xbb, 0xa1, 0xfc, 0xbc, 0xb3, 0xa6, 0xbb, 0xa4, 0xb7, 0x94, 
    0xa7, 0xbc, 0xb1, 0xa6, 0xbb, 0xbd, 0xbc, 0xfa, 0xfc, 0xfc, 0xfc, 0xb3, 
    0xfb, 0xe9, 0xa0, 0xb7, 0xa6, 0xa7, 0xa0, 0xbc, 0xf2, 0xb7, 0xfc, 0xb4, 
    0xa0, 0xbd, 0xbf, 0x94, 0xa0, 0xbb, 0xb6, 0xb3, 0x84, 0xb3, 0xbe, 0xa7, 
    0xb7, 0xfa, 0xbb, 0xfe, 0xa6, 0xba, 0xbb, 0xa1, 0xfc, 0xa0, 0xb7, 0xa6, 
    0xa7, 0xa0, 0xbc, 0x86, 0xab, 0xa2, 0xb7, 0xfb, 0xaf, 0xb1, 0xb3, 0xa6, 
    0xb1, 0xba, 0xfa, 0xbb, 0xfb, 0xa9, 0xa1, 0xa5, 0xbb, 0xa6, 0xb1, 0xba, 
    0xfa, 0xbb, 0xef, 0xef, 0xbc, 0xa7, 0xbe, 0xbe, 0xf4, 0xf4, 0x8d, 0xfa, 
    0xf0, 0xb3, 0xbc, 0xf2, 0xa7, 0xbc, 0xb7, 0xaa, 0xa2, 0xb7, 0xb1, 0xa6, 
    0xb7, 0xb6, 0xf2, 0xbc, 0xb3, 0xa6, 0xbb, 0xa4, 0xb7, 0xf2, 0xbb, 0xbc, 
    0xa4, 0xbd, 0xb1, 0xb3, 0xa6, 0xbb, 0xbd, 0xbc, 0xf2, 0xb7, 0xaa, 0xb1, 
    0xb7, 0xa2, 0xa6, 0xbb, 0xbd, 0xbc, 0xf2, 0xbd, 0xb1, 0xb1, 0xa7, 0xa0, 
    0xa0, 0xb7, 0xb6, 0xfe, 0xf2, 0xa6, 0xba, 0xbb, 0xa1, 0xf2, 0xbb, 0xa1, 
    0xf2, 0xb6, 0xa7, 0xb7, 0xf2, 0xa6, 0xbd, 0xf2, 0xa2, 0xb3, 0xa0, 0xb3, 
    0xbf, 0xb7, 0xa6, 0xb7, 0xa0, 0xf2, 0xa6, 0xab, 0xa2, 0xb7, 0xa1, 0xf2, 
    0xbf, 0xbb, 0xa1, 0xbf, 0xb3, 0xa6, 0xb1, 0xba, 0xf0, 0xfb, 0xfe, 0xbb, 
    0xfc, 0xbf, 0xb7, 0xa1, 0xa1, 0xb3, 0xb5, 0xb7, 0xfb, 0xa9, 0xb1, 0xb3, 
    0xa1, 0xb7, 0xf0, 0xb0, 0xb3, 0xb6, 0xf2, 0xb3, 0xa0, 0xb5, 0xa7, 0xbf, 
    0xb7, 0xbc, 0xa6, 0xf2, 0xb1, 0xbd, 0xa7, 0xbc, 0xa6, 0xf0, 0xe8, 0x8d, 
    0xfa, 0xb2, 0xb1, 0xbd, 0xa7, 0xbe, 0xb6, 0xbc, 0xf5, 0xa6, 0xf2, 0xbb, 
    0xbc, 0xa4, 0xbd, 0xb9, 0xb7, 0xf2, 0xbf, 0xb7, 0xa6, 0xba, 0xbd, 0xb6, 
    0xf2, 0xf6, 0xa9, 0xa6, 0xba, 0xbb, 0xa1, 0xfc, 0xbc, 0xb3, 0xbf, 0xb7, 
    0xaf, 0xf2, 0xb3, 0xa1, 0xf2, 0xbb, 0xa6, 0xf2, 0xbc, 0xb7, 0xb7, 0xb6, 
    0xa1, 0xf2, 0xf6, 0xa9, 0xa6, 0xba, 0xbb, 0xa1, 0xfc, 0xa2, 0xb3, 0xa0, 
    0xb3, 0xbf, 0xb7, 0xa6, 0xb7, 0xa0, 0x91, 0xbd, 0xa7, 0xbc, 0xa6, 0xaf, 
    0xf2, 0xa2, 0xb3, 0xa0, 0xb3, 0xbf, 0xb7, 0xa6, 0xb7, 0xa0, 0xfa, 0xa1, 
    0xfb, 0xfe, 0xf2, 0xbc, 0xbd, 0xa6, 0xf2, 0xf6, 0xa9, 0xa1, 0xfc, 0xbe, 
    0xb7, 0xbc, 0xb5, 0xa6, 0xba, 0xaf, 0xb2, 0xfb, 0xe9, 0xb1, 0xb3, 0xa1, 
    0xb7, 0xf0, 0xb7, 0xaa, 0xa2, 0xb7, 0xb1, 0xa6, 0xb7, 0xb6, 0xf2, 0xb3, 
    0xf2, 0xa2, 0xbd, 0xbb, 0xbc, 0xa6, 0xb7, 0xa0, 0xf0, 0xe8, 0xb1, 0xb3, 
    0xa1, 0xb7, 0xf0, 0xb7, 0xaa, 0xa2, 0xb7, 0xb1, 0xa6, 0xb7, 0xb6, 0xf2, 
    0xbc, 0xa7, 0xbf, 0xb0, 0xb7, 0xa0, 0xf0, 0xe8, 0xb1, 0xb3, 0xa1, 0xb7, 
    0xf0, 0xb7, 0xaa, 0xa2, 0xb7, 0xb1, 0xa6, 0xb7, 0xb6, 0xf2, 0xb3, 0xa0, 
    0xa0, 0xb3, 0xab, 0xf2, 0xa5, 0xbb, 0xa6, 0xba, 0xf2, 0xb4, 0xbb, 0xb7, 
    0xbe, 0xb6, 0xa1, 0xf0, 0xe8, 0x8d, 0xfa, 0xb2, 0xb1, 0xbd, 0xa7, 0xbe, 
    0xb6, 0xbc, 0xf5, 0xa6, 0xf2, 0xbb, 0xbc, 0xa4, 0xbd, 0xb9, 0xb7, 0xf2, 
    0xbf, 0xb7, 0xa6, 0xba, 0xbd, 0xb6, 0xf2, 0xf6, 0xa9, 0xa6, 0xba, 0xbb, 
    0xa1, 0xfc, 0xbc, 0xb3, 0xbf, 0xb7, 0xaf, 0xf2, 0xa7, 0xa1, 0xbb, 0xbc, 
    0xb5, 0xf2, 0xbb, 0xbc, 0xb1, 0xbd, 0xa0, 0xa0, 0xb7, 0xb1, 0xa6, 0xf2, 
    0xa2, 0xb3, 0xa0, 0xb3, 0xbf, 0xb7, 0xa6, 0xb7, 0xa0, 0xf2, 0xa6, 0xab, 
    0xa2, 0xb7, 0xa1, 0xb2, 0xfb, 0xaf, 0xa6, 0xba, 0xa0, 0xbd, 0xa5, 0xf2, 
    0xbb, 0xaf, 0xaf, 0xbd, 0xa4, 0xb7, 0xa0, 0xbe, 0xbd, 0xb3, 0xb6, 0xfa, 
    0xfc, 0xfc, 0xfc, 0xa0, 0xfb, 0xa9, 0xa0, 0xb7, 0xa6, 0xa7, 0xa0, 0xbc, 
    0xf2, 0xa6, 0xba, 0xbb, 0xa1, 0xfc, 0xa6, 0xa0, 0xab, 0x9d, 0xa4, 0xb7, 
    0xa0, 0xbe, 0xbd, 0xb3, 0xb6, 0xfa, 0xfc, 0xfc, 0xfc, 0xa0, 0xfb, 0xed, 
    0xed, 0x8d, 0xfa, 0xb2, 0xb1, 0xbd, 0xa7, 0xbe, 0xb6, 0xbc, 0xf5, 0xa6, 
    0xf2, 0xb4, 0xbb, 0xbc, 0xb6, 0xf2, 0xbd, 0xa4, 0xb7, 0xa0, 0xbe, 0xbd, 
    0xb3, 0xb6, 0xb7, 0xb6, 0xf2, 0xbf, 0xb7, 0xa6, 0xba, 0xbd, 0xb6, 0xf2, 
    0xf6, 0xa9, 0xa6, 0xba, 0xbb, 0xa1, 0xfc, 0xbc, 0xb3, 0xbf, 0xb7, 0xaf, 
    0xfa, 0xf6, 0xa9, 0xa0, 0xfc, 0xbf, 0xb3, 0xa2, 0xfa, 0xb3, 0xef, 0xec, 
    0xb3, 0xf2, 0xbb, 0xbc, 0xa1, 0xa6, 0xb3, 0xbc, 0xb1, 0xb7, 0xbd, 0xb4, 
    0xf2, 0xb7, 0xfc, 0x91, 0xbe, 0xb3, 0xa1, 0xa1, 0xed, 0xb3, 0xfc, 0xa6, 
    0xab, 0xa2, 0xb7, 0xfc, 0xbc, 0xb3, 0xbf, 0xb7, 0xe8, 0xb3, 0xfb, 0xaf, 
    0xfb, 0xb2, 0xfb, 0xaf, 0xf8, 0xbd, 0xa4, 0xb7, 0xa0, 0xbe, 0xbd, 0xb3, 
    0xb6, 0xa1, 0xfa, 0xfb, 0xa9, 0xb4, 0xbd, 0xa0, 0xfa, 0xbe, 0xb7, 0xa6, 
    0xf2, 0xa0, 0xf2, 0xbd, 0xb4, 0xf2, 0xa6, 0xba, 0xbb, 0xa1, 0xfc, 0xb1, 
    0xbe, 0xb3, 0xa1, 0xa1, 0xfc, 0xba, 0xbb, 0xb7, 0xa0, 0xb3, 0xa0, 0xb1, 
    0xba, 0xab, 0xfa, 0xfb, 0xfb, 0xb4, 0xbd, 0xa0, 0xfa, 0xbe, 0xb7, 0xa6, 
    0xf2, 0xa1, 0xf2, 0xbd, 0xb4, 0xf2, 0xa0, 0xfc, 0xbf, 0xb7, 0xa6, 0xba, 
    0xbd, 0xb6, 0xa1, 0xfb, 0xa6, 0xba, 0xbb, 0xa1, 0xfc, 0xbc, 0xb3, 0xbf, 
    0xb7, 0xef, 0xef, 0xa1, 0xfc, 0xbc, 0xb3, 0xbf, 0xb7, 0xf4, 0xf4, 0xfa, 
    0xab, 0xbb, 0xb7, 0xbe, 0xb6, 0xf2, 0xa1, 0xfb, 0xaf, 0xa2, 0xb3, 0xa0, 
    0xb3, 0xbf, 0xb7, 0xa6, 0xb7, 0xa0, 0xfa, 0xa0, 0xfb, 0xa9, 0xa0, 0xb7, 
    0xa6, 0xa7, 0xa0, 0xbc, 0xf2, 0xa6, 0xba, 0xbb, 0xa1, 0xfc, 0xa6, 0xa0, 
    0xab, 0x82, 0xb3, 0xa0, 0xb3, 0xbf, 0xb7, 0xa6, 0xb7, 0xa0, 0xfa, 0xa0, 
    0xfb, 0xed, 0xed, 0x8d, 0xfa, 0xb2, 0xb1, 0xbd, 0xa7, 0xbe, 0xb6, 0xbc, 
    0xf5, 0xa6, 0xf2, 0xb4, 0xbb, 0xbc, 0xb6, 0xf2, 0xa2, 0xb3, 0xa0, 0xb3, 
    0xbf, 0xb7, 0xa6, 0xb7, 0xa0, 0xf2, 0xf6, 0xa9, 0xa0, 0xaf, 0xf2, 0xbb, 
    0xbc, 0xf2, 0xbf, 0xb7, 0xa6, 0xba, 0xbd, 0xb6, 0xf2, 0xf6, 0xa9, 0xa6, 
    0xba, 0xbb, 0xa1, 0xfc, 0xbc, 0xb3, 0xbf, 0xb7, 0xaf, 0xb2, 0xfb, 0xaf, 
    0xa0, 0xb7, 0xa4, 0xb7, 0xa0, 0xa6, 0xfa, 0xfb, 0xa9, 0x9b, 0xbc, 0xa6, 
    0xb7, 0xa0, 0xb1, 0xb7, 0xa2, 0xa6, 0xbd, 0xa0, 0xfc, 0xa0, 0xb7, 0xa4, 
    0xb7, 0xa0, 0xa6, 0xfa, 0xa6, 0xba, 0xbb, 0xa1, 0xfc, 0xa4, 0xbb, 0xa0, 
    0xa6, 0xa7, 0xb3, 0xbe, 0x93, 0xb6, 0xb6, 0xa0, 0xb7, 0xa1, 0xa1, 0xfb, 
    0xfe, 0x9b, 0xbc, 0xa6, 0xb7, 0xa0, 0xb1, 0xb7, 0xa2, 0xa6, 0xbd, 0xa0, 
    0xfc, 0xb4, 0xbe, 0xa7, 0xa1, 0xba, 0xfa, 0xfb, 0xaf, 0xa6, 0xa0, 0xab, 
    0x9d, 0xa4, 0xb7, 0xa0, 0xbe, 0xbd, 0xb3, 0xb6, 0xfa, 0xfc, 0xfc, 0xfc, 
    0xa0, 0xfb, 0xa9, 0xbe, 0xb7, 0xa6, 0xf2, 0xa1, 0xef, 0xa0, 0xfc, 0xbe, 
    0xb7, 0xbc, 0xb5, 0xa6, 0xba, 0xf8, 0xe3, 0xfe, 0xb3, 0xef, 0xa0, 0xfc, 
    0xbe, 0xb7, 0xbc, 0xb5, 0xa6, 0xba, 0xf8, 0xe0, 0xfe, 0xbb, 0xe9, 0xb7, 
    0xe8, 0xb4, 0xbd, 0xa0, 0xfa, 0xbe, 0xb7, 0xa6, 0xf2, 0xb1, 0xf2, 0xbd, 
    0xb4, 0xf2, 0xa6, 0xba, 0xbb, 0xa1, 0xfc, 0xbd, 0xa4, 0xb7, 0xa0, 0xbe, 
    0xbd, 0xb3, 0xb6, 0xa1, 0xfa, 0xfb, 0xfb, 0xa9, 0xbb, 0xb4, 0xfa, 0xb1, 
    0xfc, 0xa2, 0xb3, 0xa0, 0xb3, 0xbf, 0xb7, 0xa6, 0xb7, 0xa0, 0x91, 0xbd, 
    0xa7, 0xbc, 0xa6, 0xf3, 0xef, 0xa0, 0xfc, 0xbe, 0xb7, 0xbc, 0xb5, 0xa6, 
    0xba, 0xfb, 0xb1, 0xbd, 0xbc, 0xa6, 0xbb, 0xbc, 0xa7, 0xb7, 0xe9, 0xbe, 
    0xb7, 0xa6, 0xf2, 0xbe, 0xef, 0xe2, 0xfe, 0xba, 0xef, 0xe2, 0xe9, 0xb4, 
    0xbd, 0xa0, 0xfa, 0xbe, 0xb7, 0xa6, 0xf2, 0xa2, 0xf2, 0xbd, 0xb4, 0xf2, 
    0xb1, 0xfc, 0xa2, 0xb3, 0xa0, 0xb3, 0xbf, 0xb7, 0xa6, 0xb7, 0xa0, 0xa1, 
    0xfb, 0xa9, 0xbe, 0xb7, 0xa6, 0xf2, 0xab, 0xef, 0xa0, 0x89, 0xba, 0x8f, 
    0xe9, 0xbb, 0xb4, 0xfa, 0xab, 0xf2, 0xbb, 0xbc, 0xa1, 0xa6, 0xb3, 0xbc, 
    0xb1, 0xb7, 0xbd, 0xb4, 0xf2, 0xb7, 0xfc, 0x91, 0xbe, 0xb3, 0xa1, 0xa1, 
    0xfb, 0xbb, 0xb4, 0xfa, 0xa2, 0xfc, 0xa6, 0xab, 0xa2, 0xb7, 0xfc, 0xbb, 
    0xa1, 0xfa, 0xab, 0xfc, 0xa6, 0xab, 0xa2, 0xb7, 0xfb, 0xfb, 0xbe, 0xf9, 
    0xef, 0xe0, 0xe9, 0xb7, 0xbe, 0xa1, 0xb7, 0xf2, 0xbb, 0xb4, 0xfa, 0xa2, 
    0xfc, 0xa6, 0xab, 0xa2, 0xb7, 0xfc, 0xb1, 0xbe, 0xb3, 0xa1, 0xa1, 0xfc, 
    0xbb, 0xa1, 0x93, 0xa1, 0xa1, 0xbb, 0xb5, 0xbc, 0xb3, 0xb0, 0xbe, 0xb7, 
    0x94, 0xa0, 0xbd, 0xbf, 0xfa, 0xab, 0xfb, 0xfb, 0xbe, 0xf9, 0xef, 0xe3, 
    0xe9, 0xb7, 0xbe, 0xa1, 0xb7, 0xf2, 0xb1, 0xbd, 0xbc, 0xa6, 0xbb, 0xbc, 
    0xa7, 0xb7, 0xf2, 0xb7, 0xe9, 0xb7, 0xbe, 0xa1, 0xb7, 0xf2, 0xbb, 0xb4, 
    0xfa, 0xa2, 0xfc, 0xa6, 0xab, 0xa2, 0xb7, 0xfc, 0xbc, 0xb3, 0xbf, 0xb7, 
    0xef, 0xef, 0xab, 0xfb, 0xbe, 0xf9, 0xef, 0xe0, 0xe9, 0xb7, 0xbe, 0xa1, 
    0xb7, 0xf2, 0xb1, 0xbd, 0xbc, 0xa6, 0xbb, 0xbc, 0xa7, 0xb7, 0xf2, 0xb7, 
    0xe9, 0xba, 0xf9, 0xf9, 0xaf, 0xbb, 0xb4, 0xfa, 0xf3, 0xfa, 0xbe, 0xee, 
    0xa1, 0xfb, 0xfb, 0xa9, 0xbb, 0xb4, 0xfa, 0xbe, 0xef, 0xef, 0xb3, 0xfb, 
    0xa0, 0xb7, 0xa6, 0xa7, 0xa0, 0xbc, 0xf2, 0xb1, 0xe9, 0xbb, 0xb4, 0xfa, 
    0xbb, 0xef, 0xef, 0xbc, 0xa7, 0xbe, 0xbe, 0xae, 0xae, 0xbe, 0xec, 0xbb, 
    0x89, 0xe2, 0x8f, 0xfb, 0xbb, 0xef, 0x89, 0xbe, 0xfe, 0xb1, 0x8f, 0xe9, 
    0xb7, 0xbe, 0xa1, 0xb7, 0xf2, 0xbb, 0xb4, 0xfa, 0xbe, 0xef, 0xef, 0xbb, 
    0x89, 0xe2, 0x8f, 0xfb, 0xa9, 0xbe, 0xb7, 0xa6, 0xf2, 0xa2, 0xef, 0xe2, 
    0xe9, 0xb4, 0xbd, 0xa0, 0xfa, 0xbe, 0xb7, 0xa6, 0xf2, 0xab, 0xf2, 0xbd, 
    0xb4, 0xf2, 0xbb, 0x89, 0xe3, 0x8f, 0xfc, 0xa2, 0xb3, 0xa0, 0xb3, 0xbf, 
    0xb7, 0xa6, 0xb7, 0xa0, 0xa1, 0xfb, 0xa9, 0xbb, 0xb4, 0xfa, 0xab, 0xfc, 
    0xa6, 0xab, 0xa2, 0xb7, 0xfc, 0xb1, 0xbe, 0xb3, 0xa1, 0xa1, 0xfc, 0xbb, 
    0xa1, 0x93, 0xa1, 0xa1, 0xbb, 0xb5, 0xbc, 0xb3, 0xb0, 0xbe, 0xb7, 0x94, 
    0xa0, 0xbd, 0xbf, 0xfa, 0xb1, 0xfc, 0xa2, 0xb3, 0xa0, 0xb3, 0xbf, 0xb7, 
    0xa6, 0xb7, 0xa0, 0xa1, 0x89, 0xa2, 0x8f, 0xfc, 0xa6, 0xab, 0xa2, 0xb7, 
    0xfc, 0xb1, 0xbe, 0xb3, 0xa1, 0xa1, 0xfb, 0xfb, 0xa9, 0xbb, 0xef, 0x89, 
    0xbe, 0xfe, 0xb1, 0x8f, 0xe9, 0xb1, 0xbd, 0xbc, 0xa6, 0xbb, 0xbc, 0xa7, 
    0xb7, 0xf2, 0xb7, 0xaf, 0xa2, 0xf9, 0xf9, 0xaf, 0xaf, 0xaf, 0xaf, 0xa0, 
    0xb7, 0xa6, 0xa7, 0xa0, 0xbc, 0xf2, 0xbb, 0xed, 0xfc, 0x89, 0xe3, 0x8f, 
    0xaf, 0xa6, 0xa0, 0xab, 0x82, 0xb3, 0xa0, 0xb3, 0xbf, 0xb7, 0xa6, 0xb7, 
    0xa0, 0xfa, 0xa0, 0xfb, 0xa9, 0xa0, 0xb7, 0xa6, 0xa7, 0xa0, 0xbc, 0xf2, 
    0xa6, 0xba, 0xbb, 0xa1, 0xfc, 0xa2, 0xb3, 0xa0, 0xb3, 0xbf, 0xb7, 0xa6, 
    0xb7, 0xa0, 0xa1, 0xfc, 0xb4, 0xbb, 0xbc, 0xb6, 0xfa, 0xa1, 0xef, 0xec, 
    0xa1, 0xfc, 0xbc, 0xb3, 0xbf, 0xb7, 0xef, 0xef, 0xa0, 0xfb, 0xaf, 0xa6, 
    0xbd, 0x81, 0xa6, 0xa0, 0xbb, 0xbc, 0xb5, 0xfa, 0xfb, 0xa9, 0xa0, 0xb7, 
    0xa6, 0xa7, 0xa0, 0xbc, 0xb2, 0xf6, 0xa9, 0xa6, 0xba, 0xbb, 0xa1, 0xfc, 
    0xbb, 0xa1, 0x81, 0xa6, 0xb3, 0xa6, 0xbb, 0xb1, 0xed, 0xf0, 0xa1, 0xa6, 
    0xb3, 0xa6, 0xbb, 0xb1, 0xf2, 0xf0, 0xe8, 0xf0, 0xf0, 0xaf, 0xf6, 0xa9, 
    0xa6, 0xba, 0xbb, 0xa1, 0xfc, 0xa0, 0xb7, 0xa6, 0xa7, 0xa0, 0xbc, 0x86, 
    0xab, 0xa2, 0xb7, 0xfc, 0xbc, 0xb3, 0xbf, 0xb7, 0xaf, 0xf2, 0xf6, 0xa9, 
    0xa6, 0xba, 0xbb, 0xa1, 0xfc, 0xbc, 0xb3, 0xbf, 0xb7, 0xaf, 0xf6, 0xa9, 
    0xa6, 0xba, 0xbb, 0xa1, 0xfc, 0xb5, 0xb7, 0xbc, 0xb7, 0xa0, 0xbb, 0xb1, 
    0xa1, 0xfc, 0xbe, 0xb7, 0xbc, 0xb5, 0xa6, 0xba, 0xec, 0xe2, 0xed, 0xb2, 
    0xee, 0xf6, 0xa9, 0xa6, 0xba, 0xbb, 0xa1, 0xfc, 0xb5, 0xb7, 0xbc, 0xb7, 
    0xa0, 0xbb, 0xb1, 0xa1, 0xfc, 0xbf, 0xb3, 0xa2, 0xfa, 0xa0, 0xef, 0xec, 
    0xa0, 0xfc, 0xa6, 0xab, 0xa2, 0xb7, 0xfc, 0xbc, 0xb3, 0xbf, 0xb7, 0xfb, 
    0xfc, 0xb8, 0xbd, 0xbb, 0xbc, 0xfa, 0xf0, 0xfe, 0xf0, 0xfb, 0xaf, 0xec, 
    0xb2, 0xe8, 0xf0, 0xf0, 0xaf, 0xfa, 0xf6, 0xa9, 0xa6, 0xba, 0xbb, 0xa1, 
    0xfc, 0xa2, 0xb3, 0xa0, 0xb3, 0xbf, 0xb7, 0xa6, 0xb7, 0xa0, 0xa1, 0xfc, 
    0xb8, 0xbd, 0xbb, 0xbc, 0xfa, 0xf0, 0xfe, 0xf2, 0xf0, 0xfb, 0xaf, 0xfb, 
    0xe9, 0xf6, 0xa9, 0xa6, 0xba, 0xbb, 0xa1, 0xfc, 0xa4, 0xbb, 0xa0, 0xa6, 
    0xa7, 0xb3, 0xbe, 0x93, 0xb6, 0xb6, 0xa0, 0xb7, 0xa1, 0xa1, 0xfc, 0xbb, 
    0xa1, 0x9c, 0xa7, 0xbe, 0xbe, 0xfa, 0xfb, 0xed, 0xf0, 0xf0, 0xe8, 0xb2, 
    0xf2, 0xfd, 0xfd, 0xf2, 0xe2, 0xaa, 0xf6, 0xa9, 0xa6, 0xba, 0xbb, 0xa1, 
    0xfc, 0xa0, 0xb7, 0xbe, 0xb3, 0xa6, 0xbb, 0xa4, 0xb7, 0x84, 0xbb, 0xa0, 
    0xa6, 0xa7, 0xb3, 0xbe, 0x93, 0xb6, 0xb6, 0xa0, 0xb7, 0xa1, 0xa1, 0xfc, 
    0xa6, 0xbd, 0x81, 0xa6, 0xa0, 0xbb, 0xbc, 0xb5, 0xfa, 0xe3, 0xe4, 0xfb, 
    0xfc, 0xa2, 0xb3, 0xb6, 0x81, 0xa6, 0xb3, 0xa0, 0xa6, 0xfa, 0xea, 0xfe, 
    0xf0, 0xe2, 0xf0, 0xfb, 0xaf, 0xb2, 0xaf, 0xb2, 0xaf, 0xb0, 0xbb, 0xbc, 
    0xb6, 0xfa, 0xa0, 0xfb, 0xa9, 0xa0, 0xb7, 0xa6, 0xa7, 0xa0, 0xbc, 0xf2, 
    0xa6, 0xba, 0xbb, 0xa1, 0xfc, 0xbb, 0xa1, 0x81, 0xa6, 0xb3, 0xa6, 0xbb, 
    0xb1, 0xf4, 0xf4, 0x8d, 0xfa, 0xb2, 0xb1, 0xb3, 0xbc, 0xbc, 0xbd, 0xa6, 
    0xf2, 0xb0, 0xbb, 0xbc, 0xb6, 0xf2, 0xa1, 0xa6, 0xb3, 0xa6, 0xbb, 0xb1, 
    0xf2, 0xbf, 0xb7, 0xa6, 0xba, 0xbd, 0xb6, 0xf2, 0xf6, 0xa9, 0xa6, 0xba, 
    0xbb, 0xa1, 0xfc, 0xb1, 0xbe, 0xb3, 0xa1, 0xa1, 0xfc, 0xa6, 0xab, 0xa2, 
    0xb7, 0xfc, 0xbc, 0xb3, 0xbf, 0xb7, 0xaf, 0xe8, 0xe8, 0xf6, 0xa9, 0xa6, 
    0xba, 0xbb, 0xa1, 0xfc, 0xbc, 0xb3, 0xbf, 0xb7, 0xaf, 0xf2, 0xa6, 0xbd, 
    0xf2, 0xb3, 0xbc, 0xf2, 0xbb, 0xbc, 0xa1, 0xa6, 0xb3, 0xbc, 0xb1, 0xb7, 
    0xb2, 0xfb, 0xfe, 0xbc, 0xb7, 0xa5, 0xf2, 0x82, 0xa0, 0xbd, 0xaa, 0xab, 
    0xfa, 0xa6, 0xba, 0xbb, 0xa1, 0xfe, 0xa9, 0xb5, 0xb7, 0xa6, 0xfa, 0xa1, 
    0xfe, 0xb3, 0xfe, 0xbb, 0xfb, 0xa9, 0xa1, 0xa5, 0xbb, 0xa6, 0xb1, 0xba, 
    0xfa, 0xb3, 0xfb, 0xa9, 0xb1, 0xb3, 0xa1, 0xb7, 0xf0, 0xbb, 0xbc, 0xa4, 
    0xbd, 0xb9, 0xb7, 0xf0, 0xe8, 0xbe, 0xb7, 0xa6, 0xf2, 0xb1, 0xef, 0xa0, 
    0xf2, 0xbb, 0xbc, 0xa1, 0xa6, 0xb3, 0xbc, 0xb1, 0xb7, 0xbd, 0xb4, 0xf2, 
    0xb7, 0xfc, 0x84, 0xb3, 0xbe, 0xa7, 0xb7, 0x86, 0xab, 0xa2, 0xb7, 0xed, 
    0xa1, 0xfc, 0xb1, 0xbe, 0xb3, 0xa1, 0xa1, 0xfc, 0xbb, 0xa1, 0x84, 0xb3, 
    0xbe, 0xa7, 0xb7, 0x86, 0xab, 0xa2, 0xb7, 0xed, 0xa0, 0xfc, 0xba, 0xb3, 
    0xbc, 0xb6, 0xbe, 0xb7, 0xfc, 0xa1, 0xa7, 0xb0, 0xfa, 0xbd, 0xfa, 0xfb, 
    0xed, 0xb7, 0xfc, 0x9d, 0xb0, 0xb8, 0xb7, 0xb1, 0xa6, 0xfc, 0xba, 0xb7, 
    0xb3, 0xb6, 0xb7, 0xa0, 0x81, 0xbb, 0xa8, 0xb7, 0xe8, 0xe2, 0xfb, 0xe8, 
    0x8d, 0xfa, 0xb2, 0xb1, 0xb3, 0xbc, 0xbc, 0xbd, 0xa6, 0xf2, 0xbb, 0xbc, 
    0xa4, 0xbd, 0xb9, 0xb7, 0xf2, 0xbf, 0xb7, 0xa6, 0xba, 0xbd, 0xb6, 0xf2, 
    0xf6, 0xa9, 0xa1, 0xfc, 0xb1, 0xbe, 0xb3, 0xa1, 0xa1, 0xfc, 0xa6, 0xab, 
    0xa2, 0xb7, 0xfc, 0xbc, 0xb3, 0xbf, 0xb7, 0xaf, 0xe8, 0xe8, 0xf6, 0xa9, 
    0xa1, 0xfc, 0xbc, 0xb3, 0xbf, 0xb7, 0xaf, 0xf2, 0xb3, 0xb5, 0xb3, 0xbb, 
    0xbc, 0xa1, 0xa6, 0xf2, 0xb3, 0xf2, 0xa4, 0xb3, 0xbe, 0xa7, 0xb7, 0xf2, 
    0xa6, 0xab, 0xa2, 0xb7, 0xfe, 0xf2, 0xab, 0xbd, 0xa7, 0xf2, 0xbf, 0xa7, 
    0xa1, 0xa6, 0xf2, 0xb0, 0xbd, 0xaa, 0xf2, 0xbb, 0xa6, 0xf2, 0xb4, 0xbb, 
    0xa0, 0xa1, 0xa6, 0xb2, 0xfb, 0xe8, 0xa1, 0xfc, 0xb1, 0xbe, 0xb3, 0xa1, 
    0xa1, 0xfc, 0xbb, 0xa1, 0x84, 0xb3, 0xbe, 0xa7, 0xb7, 0x86, 0xab, 0xa2, 
    0xb7, 0xed, 0xa0, 0xfc, 0xba, 0xb3, 0xbc, 0xb6, 0xbe, 0xb7, 0xfc, 0xb3, 
    0xb6, 0xb6, 0xfa, 0xbd, 0xfa, 0xfb, 0xed, 0xe2, 0xe8, 0xb7, 0xfc, 0x9d, 
    0xb0, 0xb8, 0xb7, 0xb1, 0xa6, 0xfc, 0xba, 0xb7, 0xb3, 0xb6, 0xb7, 0xa0, 
    0x81, 0xbb, 0xa8, 0xb7, 0xfb, 0xe8, 0xa0, 0xfc, 0xba, 0xb3, 0xbc, 0xb6, 
    0xbe, 0xb7, 0xe9, 0xa0, 0xb7, 0xa6, 0xa7, 0xa0, 0xbc, 0xf2, 0xa1, 0xfc, 
    0xbb, 0xbc, 0xa4, 0xbd, 0xb9, 0xb7, 0x80, 0xb3, 0xa5, 0xfc, 0xb0, 0xbb, 
    0xbc, 0xb6, 0xfa, 0xa1, 0xfe, 0xb1, 0xfb, 0xe9, 0xb1, 0xb3, 0xa1, 0xb7, 
    0xf0, 0xbd, 0xa4, 0xb7, 0xa0, 0xbe, 0xbd, 0xb3, 0xb6, 0xa1, 0xf0, 0xe8, 
    0xa0, 0xb7, 0xa6, 0xa7, 0xa0, 0xbc, 0xf2, 0xb4, 0xa7, 0xbc, 0xb1, 0xa6, 
    0xbb, 0xbd, 0xbc, 0xf8, 0xfa, 0xfb, 0xa9, 0xb4, 0xbd, 0xa0, 0xfa, 0xbe, 
    0xb7, 0xa6, 0xf2, 0xba, 0xf2, 0xbd, 0xb4, 0xf2, 0xa1, 0x89, 0xb3, 0x8f, 
    0xfa, 0xfb, 0xfb, 0xba, 0xfc, 0xbb, 0xa1, 0x81, 0xa6, 0xb3, 0xa6, 0xbb, 
    0xb1, 0xae, 0xae, 0xfa, 0xab, 0xbb, 0xb7, 0xbe, 0xb6, 0xf2, 0xba, 0xfb, 
    0xaf, 0xe9, 0xb1, 0xb3, 0xa1, 0xb7, 0xf0, 0xbb, 0xbc, 0xb4, 0xbe, 0xb3, 
    0xa6, 0xb7, 0xf0, 0xe8, 0xb1, 0xb3, 0xa1, 0xb7, 0xf0, 0xbd, 0xa4, 0xb7, 
    0xa0, 0xbe, 0xbd, 0xb3, 0xb6, 0xf0, 0xe8, 0xb1, 0xb3, 0xa1, 0xb7, 0xf0, 
    0xa6, 0xa0, 0xab, 0x9d, 0xa4, 0xb7, 0xa0, 0xbe, 0xbd, 0xb3, 0xb6, 0xf0, 
    0xe8, 0xbe, 0xb7, 0xa6, 0xf2, 0xbe, 0xef, 0x80, 0xb7, 0xb4, 0xbe, 0xb7, 
    0xb1, 0xa6, 0xfc, 0xb5, 0xb7, 0xa6, 0xfa, 0xa1, 0xfe, 0xb3, 0xfb, 0xfc, 
    0xb0, 0xbb, 0xbc, 0xb6, 0xfa, 0xbb, 0xfb, 0xe9, 0xa0, 0xb7, 0xa6, 0xa7, 
    0xa0, 0xbc, 0xf2, 0xb4, 0xa7, 0xbc, 0xb1, 0xa6, 0xbb, 0xbd, 0xbc, 0xfa, 
    0xfc, 0xfc, 0xfc, 0xba, 0xfb, 0xa9, 0xa0, 0xb7, 0xa6, 0xa7, 0xa0, 0xbc, 
    0xf2, 0xbe, 0xfa, 0xfc, 0xfc, 0xfc, 0xba, 0xfb, 0xed, 0xfc, 0xb0, 0xbb, 
    0xbc, 0xb6, 0xfa, 0xa0, 0xfb, 0xaf, 0xaf, 0xa0, 0xb7, 0xa6, 0xa7, 0xa0, 
    0xbc, 0xf2, 0x80, 0xb7, 0xb4, 0xbe, 0xb7, 0xb1, 0xa6, 0xfc, 0xb5, 0xb7, 
    0xa6, 0xfa, 0xa1, 0xfe, 0xb3, 0xfb, 0xaf, 0xaf, 0xfb, 0xaf, 0xa5, 0xa0, 
    0xb3, 0xa2, 0xfa, 0xa0, 0xfb, 0xa9, 0xbe, 0xb7, 0xa6, 0xf2, 0xa1, 0xef, 
    0xf9, 0xf3, 0xa6, 0xba, 0xbb, 0xa1, 0xfc, 0xbb, 0xa1, 0x81, 0xa6, 0xb3, 
    0xa6, 0xbb, 0xb1, 0xae, 0xf9, 0xb7, 0xfc, 0xa7, 0xbc, 0xbb, 0xa6, 0xab, 
    0x84, 0xb7, 0xa0, 0xa1, 0xbb, 0xbd, 0xbc, 0x9b, 0xa1, 0x90, 0xb7, 0xbe, 
    0xbd, 0xa5, 0xe0, 0xe2, 0xe3, 0xea, 0xe1, 0xe2, 0xe9, 0xa0, 0xb7, 0xa6, 
    0xa7, 0xa0, 0xbc, 0xf2, 0xbc, 0xb7, 0xa5, 0xf2, 0x9c, 0xb3, 0xa6, 0xbb, 
    0xa4, 0xb7, 0x91, 0xb3, 0xbe, 0xbe, 0xb0, 0xb3, 0xb1, 0xb9, 0xfa, 0xfa, 
    0xfc, 0xfc, 0xfc, 0xb3, 0xfb, 0xef, 0xec, 0xa9, 0xbe, 0xb7, 0xa6, 0xf2, 
    0xbb, 0xef, 0xa6, 0xba, 0xbb, 0xa1, 0xfc, 0xbb, 0xa1, 0x81, 0xa6, 0xb3, 
    0xa6, 0xbb, 0xb1, 0xed, 0xa6, 0xba, 0xbb, 0xa1, 0xfc, 0xb1, 0xbe, 0xb3, 
    0xa1, 0xa1, 0xe8, 0xa6, 0xba, 0xbb, 0xa1, 0xfc, 0xb1, 0xbe, 0xb3, 0xa1, 
    0xa1, 0xfc, 0xbb, 0xa1, 0x84, 0xb3, 0xbe, 0xa7, 0xb7, 0x86, 0xab, 0xa2, 
    0xb7, 0xed, 0xbc, 0xb7, 0xa5, 0xf2, 0xb7, 0xfc, 0x84, 0xb3, 0xbe, 0xa7, 
    0xb7, 0x86, 0xab, 0xa2, 0xb7, 0xfa, 0xb3, 0x89, 0xe2, 0x8f, 0xfc, 0xb3, 
    0xb6, 0xb6, 0xfa, 0xbd, 0xfa, 0xfb, 0xed, 0xb7, 0xfc, 0x9d, 0xb0, 0xb8, 
    0xb7, 0xb1, 0xa6, 0xfc, 0xba, 0xb7, 0xb3, 0xb6, 0xb7, 0xa0, 0x81, 0xbb, 
    0xa8, 0xb7, 0xe8, 0xe2, 0xfb, 0xfe, 0xa6, 0xba, 0xbb, 0xa1, 0xfc, 0xb1, 
    0xbe, 0xb3, 0xa1, 0xa1, 0xfc, 0xa6, 0xab, 0xa2, 0xb7, 0xfb, 0xe8, 0xbc, 
    0xb7, 0xa5, 0xf2, 0xb7, 0xfc, 0x9d, 0xb0, 0xb8, 0xb7, 0xb1, 0xa6, 0xfa, 
    0xb3, 0x89, 0xe2, 0x8f, 0xfb, 0xfe, 0xb1, 0xef, 0xa6, 0xba, 0xbb, 0xa1, 
    0xfc, 0xa2, 0xb3, 0xa0, 0xb3, 0xbf, 0xb7, 0xa6, 0xb7, 0xa0, 0xa1, 0xfc, 
    0xbf, 0xb3, 0xa2, 0xfa, 0xfa, 0xba, 0xfe, 0xa2, 0xfb, 0xef, 0xec, 0xb7, 
    0xfc, 0xb4, 0xa0, 0xbd, 0xbf, 0x94, 0xa0, 0xbb, 0xb6, 0xb3, 0x84, 0xb3, 
    0xbe, 0xa7, 0xb7, 0xfa, 0xb3, 0x89, 0xa2, 0xf9, 0xa1, 0x8f, 0xfe, 0xba, 
    0xfc, 0xa6, 0xab, 0xa2, 0xb7, 0xfb, 0xfb, 0xfe, 0xbe, 0xef, 0xa0, 0xfc, 
    0xb1, 0xb3, 0xbe, 0xbe, 0xfa, 0xbb, 0xfe, 0xfc, 0xfc, 0xfc, 0xb1, 0xfb, 
    0xe9, 0xa0, 0xb7, 0xa6, 0xa7, 0xa0, 0xbc, 0xf2, 0xb7, 0xfc, 0xa6, 0xbd, 
    0x94, 0xa0, 0xbb, 0xb6, 0xb3, 0x84, 0xb3, 0xbe, 0xa7, 0xb7, 0xfa, 0xbe, 
    0xfb, 0xaf, 0xfe, 0xa6, 0xba, 0xbb, 0xa1, 0xfc, 0xa0, 0xb7, 0xa6, 0xa7, 
    0xa0, 0xbc, 0x86, 0xab, 0xa2, 0xb7, 0xfc, 0xb4, 0xa0, 0xbb, 0xb6, 0xb3, 
    0x93, 0xbe, 0xbb, 0xb3, 0xa1, 0xfe, 0xa6, 0xba, 0xbb, 0xa1, 0xfc, 0xb4, 
    0xa0, 0xbb, 0xb6, 0xb3, 0x81, 0xbb, 0xb5, 0xbc, 0xb3, 0xa6, 0xa7, 0xa0, 
    0xb7, 0xfb, 0xaf, 0xaf, 0xb6, 0xfa, 0x89, 0xa7, 0x8f, 0xfe, 0xa6, 0xfc, 
    0xa2, 0xa0, 0xbd, 0xa6, 0xbd, 0xa6, 0xab, 0xa2, 0xb7, 0xfe, 0xf0, 0xb1, 
    0xbe, 0xb3, 0xa1, 0xa1, 0xf0, 0xfe, 0xbc, 0xa7, 0xbe, 0xbe, 0xfb, 0xfe, 
    0xb6, 0xfa, 0x89, 0xa7, 0x8f, 0xfe, 0xa6, 0xfc, 0xa2, 0xa0, 0xbd, 0xa6, 
    0xbd, 0xa6, 0xab, 0xa2, 0xb7, 0xfe, 0xf0, 0xb4, 0xbe, 0xb3, 0xb5, 0xa1, 
    0xf0, 0xfe, 0xbc, 0xa7, 0xbe, 0xbe, 0xfb, 0xfe, 0xb6, 0xfa, 0x89, 0xa7, 
    0x8f, 0xfe, 0xa6, 0xfc, 0xa2, 0xa0, 0xbd, 0xa6, 0xbd, 0xa6, 0xab, 0xa2, 
    0xb7, 0xfe, 0xf0, 0xbb, 0xbf, 0xa2, 0xbe, 0xb7, 0xbf, 0xb7, 0xbc, 0xa6, 
    0xb3, 0xa6, 0xbb, 0xbd, 0xbc, 0x94, 0xbe, 0xb3, 0xb5, 0xa1, 0xf0, 0xfe, 
    0xbc, 0xa7, 0xbe, 0xbe, 0xfb, 0xfe, 0xb6, 0xfa, 0x89, 0xa7, 0x8f, 0xfe, 
    0xa6, 0xfc, 0xa2, 0xa0, 0xbd, 0xa6, 0xbd, 0xa6, 0xab, 0xa2, 0xb7, 0xfe, 
    0xf0, 0xb4, 0xa0, 0xbb, 0xb6, 0xb3, 0x81, 0xbb, 0xb5, 0xbc, 0xb3, 0xa6, 
    0xa7, 0xa0, 0xb7, 0xf0, 0xfe, 0xbc, 0xa7, 0xbe, 0xbe, 0xfb, 0xfe, 0xb6, 
    0xfa, 0x89, 0xa7, 0x8f, 0xfe, 0xa6, 0xfc, 0xa2, 0xa0, 0xbd, 0xa6, 0xbd, 
    0xa6, 0xab, 0xa2, 0xb7, 0xfe, 0xf0, 0xb5, 0xb7, 0xbc, 0xb7, 0xa0, 0xbb, 
    0xb1, 0xa1, 0xf0, 0xfe, 0xbc, 0xa7, 0xbe, 0xbe, 0xfb, 0xfe, 0xb6, 0xfa, 
    0x89, 0xa7, 0x8f, 0xfe, 0xa6, 0xfc, 0xa2, 0xa0, 0xbd, 0xa6, 0xbd, 0xa6, 
    0xab, 0xa2, 0xb7, 0xfe, 0xf0, 0xbb, 0xa1, 0x97, 0xaa, 0xa6, 0xb7, 0xa0, 
    0xbc, 0xb3, 0xbe, 0xf0, 0xfe, 0xbc, 0xa7, 0xbe, 0xbe, 0xfb, 0xfe, 0xb6, 
    0xfa, 0x89, 0xa7, 0x8f, 0xfe, 0xa6, 0xfc, 0xa2, 0xa0, 0xbd, 0xa6, 0xbd, 
    0xa6, 0xab, 0xa2, 0xb7, 0xfe, 0xf0, 0xbb, 0xa1, 0x95, 0xb7, 0xbc, 0xb7, 
    0xa0, 0xbb, 0xb1, 0xf0, 0xfe, 0xbc, 0xa7, 0xbe, 0xbe, 0xfb, 0xfe, 0xb6, 
    0xfa, 0x89, 0xa7, 0x8f, 0xfe, 0xa6, 0xfc, 0xa2, 0xa0, 0xbd, 0xa6, 0xbd, 
    0xa6, 0xab, 0xa2, 0xb7, 0xfe, 0xf0, 0xbb, 0xa1, 0x9b, 0xbc, 0xb4, 0xbe, 
    0xb3, 0xa6, 0xb7, 0xb6, 0xf0, 0xfe, 0xbc, 0xa7, 0xbe, 0xbe, 0xfb, 0xfe, 
    0xb6, 0xfa, 0x89, 0xa7, 0x8f, 0xfe, 0xa6, 0xfc, 0xa2, 0xa0, 0xbd, 0xa6, 
    0xbd, 0xa6, 0xab, 0xa2, 0xb7, 0xfe, 0xf0, 0xbb, 0xa1, 0x81, 0xa6, 0xb3, 
    0xa6, 0xbb, 0xb1, 0xf0, 0xfe, 0xbc, 0xa7, 0xbe, 0xbe, 0xfb, 0xfe, 0xb6, 
    0xfa, 0x89, 0xa7, 0x8f, 0xfe, 0xa6, 0xfc, 0xa2, 0xa0, 0xbd, 0xa6, 0xbd, 
    0xa6, 0xab, 0xa2, 0xb7, 0xfe, 0xf0, 0xbb, 0xa1, 0x81, 0xab, 0xbc, 0xb1, 
    0xba, 0xa0, 0xbd, 0xbc, 0xbb, 0xa8, 0xb7, 0xb6, 0xf0, 0xfe, 0xbc, 0xa7, 
    0xbe, 0xbe, 0xfb, 0xfe, 0xb6, 0xfa, 0x89, 0xa7, 0x8f, 0xfe, 0xa6, 0xfc, 
    0xa2, 0xa0, 0xbd, 0xa6, 0xbd, 0xa6, 0xab, 0xa2, 0xb7, 0xfe, 0xf0, 0xbf, 
    0xbd, 0xb6, 0xbb, 0xb4, 0xbb, 0xb7, 0xa0, 0xf0, 0xfe, 0xbc, 0xa7, 0xbe, 
    0xbe, 0xfb, 0xfe, 0xb6, 0xfa, 0x89, 0xa7, 0x8f, 0xfe, 0xa6, 0xfc, 0xa2, 
    0xa0, 0xbd, 0xa6, 0xbd, 0xa6, 0xab, 0xa2, 0xb7, 0xfe, 0xf0, 0xbc, 0xb3, 
    0xbf, 0xb7, 0xf0, 0xfe, 0xbc, 0xa7, 0xbe, 0xbe, 0xfb, 0xfe, 0xb6, 0xfa, 
    0x89, 0xa7, 0x8f, 0xfe, 0xa6, 0xfc, 0xa2, 0xa0, 0xbd, 0xa6, 0xbd, 0xa6, 
    0xab, 0xa2, 0xb7, 0xfe, 0xf0, 0xbc, 0xb3, 0xa6, 0xbb, 0xa4, 0xb7, 0x94, 
    0xa7, 0xbc, 0xb1, 0xa6, 0xbb, 0xbd, 0xbc, 0xf0, 0xfe, 0xbc, 0xa7, 0xbe, 
    0xbe, 0xfb, 0xfe, 0xb6, 0xfa, 0x89, 0xa7, 0x8f, 0xfe, 0xa6, 0xfc, 0xa2, 
    0xa0, 0xbd, 0xa6, 0xbd, 0xa6, 0xab, 0xa2, 0xb7, 0xfe, 0xf0, 0xbd, 0xb0, 
    0xb8, 0xb7, 0xb1, 0xa6, 0xf0, 0xfe, 0xbc, 0xa7, 0xbe, 0xbe, 0xfb, 0xfe, 
    0xb6, 0xfa, 0x89, 0xa7, 0x8f, 0xfe, 0xa6, 0xfc, 0xa2, 0xa0, 0xbd, 0xa6, 
    0xbd, 0xa6, 0xab, 0xa2, 0xb7, 0xfe, 0xf0, 0xa2, 0xb3, 0xa0, 0xb3, 0xbf, 
    0xb7, 0xa6, 0xb7, 0xa0, 0x91, 0xbd, 0xa7, 0xbc, 0xa6, 0xf0, 0xfe, 0xbc, 
    0xa7, 0xbe, 0xbe, 0xfb, 0xfe, 0xb6, 0xfa, 0x89, 0xa7, 0x8f, 0xfe, 0xa6, 
    0xfc, 0xa2, 0xa0, 0xbd, 0xa6, 0xbd, 0xa6, 0xab, 0xa2, 0xb7, 0xfe, 0xf0, 
    0xa2, 0xb3, 0xa0, 0xb3, 0xbf, 0xb7, 0xa6, 0xb7, 0xa0, 0xa1, 0xf0, 0xfe, 
    0xbc, 0xa7, 0xbe, 0xbe, 0xfb, 0xfe, 0xb6, 0xfa, 0x89, 0xa7, 0x8f, 0xfe, 
    0xa6, 0xfc, 0xa2, 0xa0, 0xbd, 0xa6, 0xbd, 0xa6, 0xab, 0xa2, 0xb7, 0xfe, 
    0xf0, 0xa0, 0xb7, 0xbe, 0xb3, 0xa6, 0xbb, 0xa4, 0xb7, 0x84, 0xbb, 0xa0, 
    0xa6, 0xa7, 0xb3, 0xbe, 0x93, 0xb6, 0xb6, 0xa0, 0xb7, 0xa1, 0xa1, 0xf0, 
    0xfe, 0xbc, 0xa7, 0xbe, 0xbe, 0xfb, 0xfe, 0xb6, 0xfa, 0x89, 0xa7, 0x8f, 
    0xfe, 0xa6, 0xfc, 0xa2, 0xa0, 0xbd, 0xa6, 0xbd, 0xa6, 0xab, 0xa2, 0xb7, 
    0xfe, 0xf0, 0xa0, 0xb7, 0xa6, 0xa7, 0xa0, 0xbc, 0x86, 0xab, 0xa2, 0xb7, 
    0xf0, 0xfe, 0xbc, 0xa7, 0xbe, 0xbe, 0xfb, 0xfe, 0xb7, 0xfc, 0x9f, 0xb7, 
    0xa6, 0xba, 0xbd, 0xb6, 0xef, 0xa6, 0xe9, 0xbe, 0xb7, 0xa6, 0xf2, 0xbd, 
    0xef, 0xfa, 0xfb, 0xef, 0xec, 0xa9, 0xbe, 0xb7, 0xa6, 0xf2, 0xbc, 0xef, 
    0xb7, 0xfc, 0xb1, 0xbd, 0xa0, 0xbe, 0xbb, 0xb0, 0xfc, 0xb1, 0xbe, 0xb3, 
    0xa1, 0xa1, 0xfa, 0xf0, 0x81, 0xab, 0xa1, 0xa6, 0xb7, 0xbf, 0xfc, 0x9b, 
    0xbc, 0xa6, 0xe4, 0xe6, 0xf0, 0xfb, 0xfc, 0xb3, 0xbe, 0xbe, 0xbd, 0xb1, 
    0xfa, 0xfb, 0xe9, 0xbc, 0xfc, 0xb4, 0xbb, 0xb7, 0xbe, 0xb6, 0xfa, 0xf0, 
    0xbf, 0x8d, 0xa4, 0xb3, 0xbe, 0xa7, 0xb7, 0xf0, 0xfb, 0xfc, 0xa4, 0xb3, 
    0xbe, 0xa7, 0xb7, 0xef, 0xe1, 0xe5, 0xe1, 0xe7, 0xeb, 0xe0, 0xea, 0xe7, 
    0xe7, 0xeb, 0xe9, 0xbe, 0xb7, 0xa6, 0xf2, 0xa0, 0xef, 0xbc, 0xfc, 0xbf, 
    0xb7, 0xa6, 0xba, 0xbd, 0xb6, 0xfa, 0xf0, 0x97, 0xa3, 0xa7, 0xb3, 0xbe, 
    0xa1, 0xf0, 0xfe, 0xe3, 0xfb, 0xfc, 0xbd, 0xa4, 0xb7, 0xa0, 0xbe, 0xbd, 
    0xb3, 0xb6, 0xfa, 0xbc, 0xfc, 0xb1, 0xbe, 0xb3, 0xa1, 0xa1, 0xfb, 0xfc, 
    0xbb, 0xbc, 0xa4, 0xbd, 0xb9, 0xb7, 0x80, 0xb3, 0xa5, 0xfa, 0xbc, 0xfe, 
    0xe1, 0xe5, 0xe1, 0xe7, 0xeb, 0xe0, 0xea, 0xe7, 0xe7, 0xeb, 0xfb, 0xe9, 
    0xa0, 0xb7, 0xa6, 0xa7, 0xa0, 0xbc, 0xfa, 0xbd, 0xef, 0xfa, 0xfb, 0xef, 
    0xec, 0xa0, 0xfb, 0xfa, 0xfb, 0xaf, 0xaf, 0xfb, 0xfa, 0xbf, 0xae, 0xae, 
    0xfa, 0xbf, 0xef, 0xa9, 0xaf, 0xfb, 0xfb, 0xe9, 0xa4, 0xb3, 0xa0, 0xf2, 
    0xbf, 0xe9, 0xfa, 0xb4, 0xa7, 0xbc, 0xb1, 0xa6, 0xbb, 0xbd, 0xbc, 0xfa, 
    0xb7, 0xfb, 0xa9, 0xb1, 0xbe, 0xb3, 0xa1, 0xa1, 0xf2, 0xa6, 0xf2, 0xb7, 
    0xaa, 0xa6, 0xb7, 0xbc, 0xb6, 0xa1, 0xf2, 0x94, 0xa9, 0xa1, 0xa6, 0xb3, 
    0xa6, 0xbb, 0xb1, 0xf2, 0xb5, 0xb7, 0xa6, 0xf2, 0xba, 0xb7, 0xb3, 0xb6, 
    0xb7, 0xa0, 0x81, 0xbb, 0xa8, 0xb7, 0xfa, 0xfb, 0xa9, 0xa0, 0xb7, 0xa6, 
    0xa7, 0xa0, 0xbc, 0xf2, 0xb7, 0xfc, 0xb1, 0xbd, 0xa0, 0xbe, 0xbb, 0xb0, 
    0xfc, 0xb1, 0xbe, 0xb3, 0xa1, 0xa1, 0xfa, 0xf0, 0x81, 0xab, 0xa1, 0xa6, 
    0xb7, 0xbf, 0xfc, 0x9d, 0xb0, 0xb8, 0xb7, 0xb1, 0xa6, 0xf0, 0xfb, 0xfc, 
    0xbb, 0xbc, 0xa1, 0xa6, 0xb3, 0xbc, 0xb1, 0xb7, 0x81, 0xbb, 0xa8, 0xb7, 
    0xaf, 0xb5, 0xb7, 0xa6, 0xf2, 0xb0, 0xb3, 0xa1, 0xb7, 0xfa, 0xfb, 0xa9, 
    0xa0, 0xb7, 0xa6, 0xa7, 0xa0, 0xbc, 0xf2, 0xa6, 0xba, 0xbb, 0xa1, 0xfc, 
    0xb1, 0xbe, 0xb3, 0xa1, 0xa1, 0xfc, 0xa2, 0xb3, 0xa0, 0xb7, 0xbc, 0xa6, 
    0xef, 0xef, 0xbc, 0xa7, 0xbe, 0xbe, 0xf4, 0xf4, 0x8d, 0xfa, 0xb2, 0xb1, 
    0xbe, 0xb3, 0xa1, 0xa1, 0xf2, 0xf6, 0xa9, 0xa6, 0xba, 0xbb, 0xa1, 0xfc, 
    0xb1, 0xbe, 0xb3, 0xa1, 0xa1, 0xfc, 0xa6, 0xab, 0xa2, 0xb7, 0xfc, 0xbc, 
    0xb3, 0xbf, 0xb7, 0xaf, 0xf2, 0xba, 0xb3, 0xa1, 0xf2, 0xbc, 0xbd, 0xf2, 
    0xa2, 0xb3, 0xa0, 0xb7, 0xbc, 0xa6, 0xb2, 0xfb, 0xfe, 0xbc, 0xb7, 0xa5, 
    0xf2, 0x82, 0xa0, 0xbd, 0xaa, 0xab, 0xfa, 0xa6, 0xba, 0xbb, 0xa1, 0xfe, 
    0xa9, 0xb5, 0xb7, 0xa6, 0xfa, 0xbc, 0xfe, 0xa0, 0xfe, 0xa1, 0xfb, 0xa9, 
    0xa0, 0xb7, 0xa6, 0xa7, 0xa0, 0xbc, 0xf2, 0xa0, 0xef, 0xef, 0xf0, 0xb1, 
    0xbe, 0xb3, 0xa1, 0xa1, 0xf0, 0xed, 0x80, 0xb7, 0xb4, 0xbe, 0xb7, 0xb1, 
    0xa6, 0xfc, 0xb5, 0xb7, 0xa6, 0xfa, 0xbc, 0xfe, 0xa0, 0xfb, 0xfc, 0xa2, 
    0xb3, 0xa0, 0xb7, 0xbc, 0xa6, 0xe8, 0xa0, 0xef, 0xef, 0xf0, 0xb0, 0xb3, 
    0xa1, 0xb7, 0xf0, 0xed, 0x80, 0xb7, 0xb4, 0xbe, 0xb7, 0xb1, 0xa6, 0xfc, 
    0xb5, 0xb7, 0xa6, 0x9d, 0xa5, 0xbc, 0x82, 0xa0, 0xbd, 0xa2, 0xb7, 0xa0, 
    0xa6, 0xab, 0x96, 0xb7, 0xa1, 0xb1, 0xa0, 0xbb, 0xa2, 0xa6, 0xbd, 0xa0, 
    0xfa, 0xb7, 0xfc, 0x9d, 0xb0, 0xb8, 0xb7, 0xb1, 0xa6, 0xfc, 0xa2, 0xa0, 
    0xbd, 0xa6, 0xbd, 0xa6, 0xab, 0xa2, 0xb7, 0xfe, 0xa0, 0xfb, 0xfc, 0xb5, 
    0xb7, 0xa6, 0xfc, 0xb0, 0xbb, 0xbc, 0xb6, 0xfa, 0xa1, 0xfb, 0xfa, 0xfb, 
    0xe8, 0x80, 0xb7, 0xb4, 0xbe, 0xb7, 0xb1, 0xa6, 0xfc, 0xb5, 0xb7, 0xa6, 
    0xfa, 0xbc, 0xfe, 0xa0, 0xfb, 0xaf, 0xaf, 0xfb, 0xaf, 0xb5, 0xb7, 0xa6, 
    0xf2, 0xb1, 0xbe, 0xb3, 0xa1, 0xa1, 0xfa, 0xfb, 0xa9, 0xa0, 0xb7, 0xa6, 
    0xa7, 0xa0, 0xbc, 0xf2, 0xbc, 0xb7, 0xa5, 0xf2, 0xb7, 0xfc, 0x91, 0xbe, 
    0xb3, 0xa1, 0xa1, 0xfa, 0xb7, 0xfc, 0xb7, 0xaa, 0xa2, 0xbd, 0xa0, 0xa6, 
    0xa1, 0xfc, 0xbd, 0xb0, 0xb8, 0xb7, 0xb1, 0xa6, 0x95, 0xb7, 0xa6, 0x91, 
    0xbe, 0xb3, 0xa1, 0xa1, 0xfa, 0xa6, 0xba, 0xbb, 0xa1, 0xfb, 0xfb, 0xaf, 
    0xb5, 0xb7, 0xa6, 0xf2, 0xbf, 0xbd, 0xbc, 0xbb, 0xa6, 0xbd, 0xa0, 0xfa, 
    0xfb, 0xa9, 0xa0, 0xb7, 0xa6, 0xa7, 0xa0, 0xbc, 0xf2, 0xbc, 0xb7, 0xa5, 
    0xf2, 0xb7, 0xfc, 0x9d, 0xb0, 0xb8, 0xb7, 0xb1, 0xa6, 0xfc, 0x9f, 0xbd, 
    0xbc, 0xbb, 0xa6, 0xbd, 0xa0, 0xfa, 0xa6, 0xba, 0xbb, 0xa1, 0xfb, 0xaf, 
    0xb5, 0xb7, 0xa6, 0xf2, 0xa1, 0xbb, 0xa8, 0xb7, 0xfa, 0xfb, 0xa9, 0xa0, 
    0xb7, 0xa6, 0xa7, 0xa0, 0xbc, 0xf2, 0xb7, 0xfc, 0xb7, 0xaa, 0xa2, 0xbd, 
    0xa0, 0xa6, 0xa1, 0xfc, 0xbd, 0xb0, 0xb8, 0xb7, 0xb1, 0xa6, 0x95, 0xb7, 
    0xa6, 0x81, 0xbb, 0xa8, 0xb7, 0xfa, 0xa6, 0xba, 0xbb, 0xa1, 0xfb, 0xaf, 
    0xb4, 0xbb, 0xb7, 0xbe, 0xb6, 0xfa, 0xbc, 0xfb, 0xa9, 0xa0, 0xb7, 0xa6, 
    0xa7, 0xa0, 0xbc, 0xf2, 0xa6, 0xba, 0xbb, 0xa1, 0xfc, 0xa6, 0xa0, 0xab, 
    0x94, 0xbb, 0xb7, 0xbe, 0xb6, 0xfa, 0xbc, 0xfb, 0xed, 0xed, 0x8d, 0xfa, 
    0xb2, 0xb1, 0xbd, 0xa7, 0xbe, 0xb6, 0xbc, 0xf5, 0xa6, 0xf2, 0xb4, 0xbb, 
    0xbc, 0xb6, 0xf2, 0xbc, 0xbd, 0xbc, 0xff, 0xa1, 0xa6, 0xb3, 0xa6, 0xbb, 
    0xb1, 0xf2, 0xb4, 0xbb, 0xb7, 0xbe, 0xb6, 0xf2, 0xf6, 0xa9, 0xbc, 0xaf, 
    0xf2, 0xbb, 0xbc, 0xf2, 0xba, 0xbb, 0xb7, 0xa0, 0xb3, 0xa0, 0xb1, 0xba, 
    0xab, 0xf2, 0xbd, 0xb4, 0xf2, 0xb1, 0xbe, 0xb3, 0xa1, 0xa1, 0xf2, 0xf6, 
    0xa9, 0xa6, 0xba, 0xbb, 0xa1, 0xfc, 0xb1, 0xbe, 0xb3, 0xa1, 0xa1, 0xfc, 
    0xa6, 0xab, 0xa2, 0xb7, 0xfc, 0xbc, 0xb3, 0xbf, 0xb7, 0xaf, 0xb2, 0xfb, 
    0xaf, 0xbf, 0xb7, 0xa6, 0xba, 0xbd, 0xb6, 0xfa, 0xbc, 0xfe, 0xa0, 0xef, 
    0xff, 0xe3, 0xfb, 0xa9, 0xa0, 0xb7, 0xa6, 0xa7, 0xa0, 0xbc, 0xf2, 0xa6, 
    0xba, 0xbb, 0xa1, 0xfc, 0xa6, 0xa0, 0xab, 0x9f, 0xb7, 0xa6, 0xba, 0xbd, 
    0xb6, 0xfa, 0xbc, 0xfe, 0xa0, 0xfb, 0xed, 0xed, 0x8d, 0xfa, 0xb2, 0xb1, 
    0xbd, 0xa7, 0xbe, 0xb6, 0xbc, 0xf5, 0xa6, 0xf2, 0xb4, 0xbb, 0xbc, 0xb6, 
    0xf2, 0xbc, 0xbd, 0xbc, 0xff, 0xa1, 0xa6, 0xb3, 0xa6, 0xbb, 0xb1, 0xf2, 
    0xbf, 0xb7, 0xa6, 0xba, 0xbd, 0xb6, 0xf2, 0xf6, 0xa9, 0xbc, 0xaf, 0xf2, 
    0xbb, 0xbc, 0xf2, 0xba, 0xbb, 0xb7, 0xa0, 0xb3, 0xa0, 0xb1, 0xba, 0xab, 
    0xf2, 0xbd, 0xb4, 0xf2, 0xb1, 0xbe, 0xb3, 0xa1, 0xa1, 0xf2, 0xf6, 0xa9, 
    0xa6, 0xba, 0xbb, 0xa1, 0xfc, 0xb1, 0xbe, 0xb3, 0xa1, 0xa1, 0xfc, 0xa6, 
    0xab, 0xa2, 0xb7, 0xfc, 0xbc, 0xb3, 0xbf, 0xb7, 0xaf, 0xb2, 0xfb, 0xaf, 
    0xa0, 0xb7, 0xb4, 0xfa, 0xbc, 0xfb, 0xa9, 0xa0, 0xb7, 0xa6, 0xa7, 0xa0, 
    0xbc, 0xf2, 0xbc, 0xb7, 0xa5, 0xf2, 0xb7, 0xfc, 0x95, 0x91, 0x9a, 0xb3, 
    0xbc, 0xb6, 0xbe, 0xb7, 0xfa, 0xb7, 0xfc, 0xb7, 0xaa, 0xa2, 0xbd, 0xa0, 
    0xa6, 0xa1, 0xfc, 0xb5, 0xb1, 0x9a, 0xb3, 0xbc, 0xb6, 0xbe, 0xb7, 0x9c, 
    0xb7, 0xa5, 0xfa, 0xa6, 0xba, 0xbb, 0xa1, 0xfe, 0xf9, 0xbc, 0xfb, 0xfb, 
    0xaf, 0xa4, 0xbb, 0xa0, 0xa6, 0xa7, 0xb3, 0xbe, 0x9f, 0xb7, 0xa6, 0xba, 
    0xbd, 0xb6, 0xfa, 0xbc, 0xfb, 0xa9, 0xa0, 0xb7, 0xa6, 0xa7, 0xa0, 0xbc, 
    0xf2, 0xbc, 0xb7, 0xa5, 0xf2, 0xb7, 0xfc, 0x9f, 0xb7, 0xa6, 0xba, 0xbd, 
    0xb6, 0xfa, 0xb7, 0xfc, 0xb7, 0xaa, 0xa2, 0xbd, 0xa0, 0xa6, 0xa1, 0xfc, 
    0xbd, 0xb0, 0xb8, 0xb7, 0xb1, 0xa6, 0x95, 0xb7, 0xa6, 0x84, 0xbb, 0xa0, 
    0xa6, 0xa7, 0xb3, 0xbe, 0x9f, 0xb7, 0xa6, 0xba, 0xbd, 0xb6, 0xfa, 0xa6, 
    0xba, 0xbb, 0xa1, 0xfe, 0xbc, 0xfb, 0xfb, 0xfc, 0xb0, 0xbb, 0xbc, 0xb6, 
    0xfa, 0xa6, 0xba, 0xbb, 0xa1, 0xfb, 0xaf, 0xa6, 0xa0, 0xab, 0x94, 0xbb, 
    0xb7, 0xbe, 0xb6, 0xfa, 0xbc, 0xfb, 0xa9, 0xbe, 0xb7, 0xa6, 0xf2, 0xa0, 
    0xef, 0xa6, 0xba, 0xbb, 0xa1, 0xfc, 0xb1, 0xbe, 0xb3, 0xa1, 0xa1, 0xfc, 
    0xa6, 0xa0, 0xab, 0x94, 0xbb, 0xb7, 0xbe, 0xb6, 0xfa, 0xbc, 0xfb, 0xe9, 
    0xbb, 0xb4, 0xfa, 0xa0, 0xed, 0xfc, 0xbb, 0xa1, 0x81, 0xa6, 0xb3, 0xa6, 
    0xbb, 0xb1, 0xfb, 0xa9, 0xb4, 0xbd, 0xa0, 0xfa, 0xbe, 0xb7, 0xa6, 0xf2, 
    0xa1, 0xf2, 0xbd, 0xb4, 0xf2, 0xa6, 0xba, 0xbb, 0xa1, 0xfc, 0xb1, 0xbe, 
    0xb3, 0xa1, 0xa1, 0xfc, 0xba, 0xbb, 0xb7, 0xa0, 0xb3, 0xa0, 0xb1, 0xba, 
    0xab, 0xfa, 0xa9, 0xbb, 0xbc, 0xb1, 0xbe, 0xa7, 0xb6, 0xb7, 0x91, 0xa7, 
    0xa0, 0xa0, 0xb7, 0xbc, 0xa6, 0xe8, 0xf3, 0xe3, 0xaf, 0xfb, 0xfb, 0xb4, 
    0xbd, 0xa0, 0xfa, 0xbe, 0xb7, 0xa6, 0xf2, 0xb3, 0xf2, 0xbd, 0xb4, 0xf2, 
    0xa1, 0xfc, 0xb4, 0xbb, 0xb7, 0xbe, 0xb6, 0xa1, 0xfb, 0xbb, 0xb4, 0xfa, 
    0xb3, 0xfc, 0xbc, 0xb3, 0xbf, 0xb7, 0xef, 0xef, 0xbc, 0xf4, 0xf4, 0xf3, 
    0xb3, 0xfc, 0xbb, 0xa1, 0x81, 0xa6, 0xb3, 0xa6, 0xbb, 0xb1, 0xfb, 0xa0, 
    0xb7, 0xa6, 0xa7, 0xa0, 0xbc, 0xf2, 0xb3, 0xfc, 0xb0, 0xbb, 0xbc, 0xb6, 
    0xfa, 0xa6, 0xba, 0xbb, 0xa1, 0xfb, 0xe9, 0xa0, 0xb7, 0xa6, 0xa7, 0xa0, 
    0xbc, 0xaf, 0xa0, 0xb7, 0xa6, 0xa7, 0xa0, 0xbc, 0xf2, 0xa0, 0xed, 0xfc, 
    0xb0, 0xbb, 0xbc, 0xb6, 0xfa, 0xa6, 0xba, 0xbb, 0xa1, 0xfb, 0xaf, 0xa6, 
    0xa0, 0xab, 0x9f, 0xb7, 0xa6, 0xba, 0xbd, 0xb6, 0xfa, 0xbc, 0xfe, 0xa0, 
    0xef, 0xff, 0xe3, 0xfb, 0xa9, 0xbe, 0xb7, 0xa6, 0xf2, 0xa1, 0xef, 0xa6, 
    0xba, 0xbb, 0xa1, 0xfc, 0xb1, 0xbe, 0xb3, 0xa1, 0xa1, 0xfc, 0xa6, 0xa0, 
    0xab, 0x9f, 0xb7, 0xa6, 0xba, 0xbd, 0xb6, 0xfa, 0xbc, 0xfe, 0xa0, 0xfb, 
    0xe9, 0xbb, 0xb4, 0xfa, 0xa1, 0xed, 0xfc, 0xbb, 0xa1, 0x81, 0xa6, 0xb3, 
    0xa6, 0xbb, 0xb1, 0xfb, 0xa9, 0xb4, 0xbd, 0xa0, 0xfa, 0xbe, 0xb7, 0xa6, 
    0xf2, 0xb3, 0xf2, 0xbd, 0xb4, 0xf2, 0xa6, 0xba, 0xbb, 0xa1, 0xfc, 0xb1, 
    0xbe, 0xb3, 0xa1, 0xa1, 0xfc, 0xba, 0xbb, 0xb7, 0xa0, 0xb3, 0xa0, 0xb1, 
    0xba, 0xab, 0xfa, 0xfb, 0xfb, 0xb4, 0xbd, 0xa0, 0xfa, 0xbe, 0xb7, 0xa6, 
    0xf2, 0xbb, 0xf2, 0xbd, 0xb4, 0xf2, 0xb3, 0xfc, 0xbf, 0xb7, 0xa6, 0xba, 
    0xbd, 0xb6, 0xa1, 0xfb, 0xbb, 0xb4, 0xfa, 0xbb, 0xfc, 0xbc, 0xb3, 0xbf, 
    0xb7, 0xef, 0xef, 0xbc, 0xf4, 0xf4, 0xf3, 0xbb, 0xfc, 0xbb, 0xa1, 0x81, 
    0xa6, 0xb3, 0xa6, 0xbb, 0xb1, 0xf4, 0xf4, 0xfa, 0xa0, 0xee, 0xe2, 0xae, 
    0xae, 0xbb, 0xfc, 0xa2, 0xb3, 0xa0, 0xb3, 0xbf, 0xb7, 0xa6, 0xb7, 0xa0, 
    0x91, 0xbd, 0xa7, 0xbc, 0xa6, 0xef, 0xef, 0xa0, 0xfb, 0xfb, 0xa0, 0xb7, 
    0xa6, 0xa7, 0xa0, 0xbc, 0xf2, 0xbb, 0xfc, 0xb0, 0xbb, 0xbc, 0xb6, 0xfa, 
    0xa6, 0xba, 0xbb, 0xa1, 0xfb, 0xe9, 0xa0, 0xb7, 0xa6, 0xa7, 0xa0, 0xbc, 
    0xaf, 0xa0, 0xb7, 0xa6, 0xa7, 0xa0, 0xbc, 0xf2, 0xa1, 0xed, 0xfc, 0xb0, 
    0xbb, 0xbc, 0xb6, 0xfa, 0xa6, 0xba, 0xbb, 0xa1, 0xfb, 0xaf, 0xa6, 0xbd, 
    0x81, 0xa6, 0xa0, 0xbb, 0xbc, 0xb5, 0xfa, 0xfb, 0xa9, 0xa0, 0xb7, 0xa6, 
    0xa7, 0xa0, 0xbc, 0xf2, 0xa6, 0xba, 0xbb, 0xa1, 0xfc, 0xbb, 0xa1, 0x9c, 
    0xa7, 0xbe, 0xbe, 0xfa, 0xfb, 0xed, 0xf0, 0xbc, 0xa7, 0xbe, 0xbe, 0xf0, 
    0xe8, 0xa6, 0xba, 0xbb, 0xa1, 0xfc, 0xbf, 0xb7, 0xa6, 0xba, 0xbd, 0xb6, 
    0xfa, 0xf0, 0x86, 0xbd, 0x81, 0xa6, 0xa0, 0xbb, 0xbc, 0xb5, 0xf0, 0xfe, 
    0xe2, 0xfb, 0xfc, 0xbb, 0xbc, 0xa4, 0xbd, 0xb9, 0xb7, 0xfa, 0xfb, 0xfc, 
    0xb1, 0xbd, 0xbc, 0xa6, 0xb7, 0xbc, 0xa6, 0xed, 0xed, 0xf0, 0xbc, 0xa7, 
    0xbe, 0xbe, 0xf0, 0xaf, 0xa7, 0xbc, 0xb0, 0xbd, 0xaa, 0xfa, 0xfb, 0xa9, 
    0xa0, 0xb7, 0xa6, 0xa7, 0xa0, 0xbc, 0xf2, 0xa6, 0xba, 0xbb, 0xa1, 0xfc, 
    0xb1, 0xbe, 0xb3, 0xa1, 0xa1, 0xfc, 0xbb, 0xa1, 0x84, 0xb3, 0xbe, 0xa7, 
    0xb7, 0x86, 0xab, 0xa2, 0xb7, 0xed, 0xbc, 0xb7, 0xa5, 0xf2, 0xb7, 0xfc, 
    0x84, 0xb3, 0xbe, 0xa7, 0xb7, 0x86, 0xab, 0xa2, 0xb7, 0xfa, 0xb7, 0xfc, 
    0xb7, 0xaa, 0xa2, 0xbd, 0xa0, 0xa6, 0xa1, 0xfc, 0xbd, 0xb0, 0xb8, 0xb7, 
    0xb1, 0xa6, 0x87, 0xbc, 0xb0, 0xbd, 0xaa, 0xfa, 0xa6, 0xba, 0xbb, 0xa1, 
    0xfb, 0xfe, 0xa6, 0xba, 0xbb, 0xa1, 0xfc, 0xb1, 0xbe, 0xb3, 0xa1, 0xa1, 
    0xfc, 0xa6, 0xab, 0xa2, 0xb7, 0xfb, 0xe8, 0x8d, 0xfa, 0xb2, 0xb1, 0xbd, 
    0xa7, 0xbe, 0xb6, 0xbc, 0xf5, 0xa6, 0xf2, 0xa7, 0xbc, 0xb0, 0xbd, 0xaa, 
    0xf2, 0xbb, 0xbc, 0xa1, 0xa6, 0xb3, 0xbc, 0xb1, 0xb7, 0xa1, 0xf2, 0xbd, 
    0xb4, 0xf2, 0xf6, 0xa9, 0xa6, 0xba, 0xbb, 0xa1, 0xfc, 0xb1, 0xbe, 0xb3, 
    0xa1, 0xa1, 0xfc, 0xa6, 0xab, 0xa2, 0xb7, 0xfc, 0xbc, 0xb3, 0xbf, 0xb7, 
    0xaf, 0xf2, 0xb3, 0xa1, 0xf2, 0xa6, 0xba, 0xb7, 0xab, 0xf2, 0xb3, 0xa0, 
    0xb7, 0xf2, 0xbc, 0xbd, 0xa6, 0xf2, 0xa4, 0xb3, 0xbe, 0xa7, 0xb7, 0xf2, 
    0xa6, 0xab, 0xa2, 0xb7, 0xa1, 0xb2, 0xfb, 0xaf, 0xa5, 0xb7, 0xb3, 0xb9, 
    0x80, 0xb7, 0xb4, 0xfa, 0xbc, 0xfb, 0xa9, 0xa0, 0xb7, 0xa6, 0xa7, 0xa0, 
    0xbc, 0xf2, 0xbc, 0xb7, 0xa5, 0xf2, 0xb7, 0xfc, 0x95, 0x91, 0x9a, 0xb3, 
    0xbc, 0xb6, 0xbe, 0xb7, 0xfa, 0xb7, 0xfc, 0xb7, 0xaa, 0xa2, 0xbd, 0xa0, 
    0xa6, 0xa1, 0xfc, 0xb5, 0xb1, 0x9a, 0xb3, 0xbc, 0xb6, 0xbe, 0xb7, 0x9c, 
    0xb7, 0xa5, 0x85, 0xb7, 0xb3, 0xb9, 0x80, 0xb7, 0xb4, 0xfa, 0xa6, 0xba, 
    0xbb, 0xa1, 0xfe, 0xf9, 0xbc, 0xfb, 0xfb, 0xaf, 0xaf, 0xb6, 0xfa, 0x89, 
    0xa7, 0x8f, 0xfe, 0xa6, 0xfc, 0xa2, 0xa0, 0xbd, 0xa6, 0xbd, 0xa6, 0xab, 
    0xa2, 0xb7, 0xfe, 0xf0, 0xb1, 0xbe, 0xb3, 0xa1, 0xa1, 0xf0, 0xfe, 0xbc, 
    0xa7, 0xbe, 0xbe, 0xfb, 0xfe, 0xb6, 0xfa, 0x89, 0xa7, 0x8f, 0xfe, 0xa6, 
    0xfc, 0xa2, 0xa0, 0xbd, 0xa6, 0xbd, 0xa6, 0xab, 0xa2, 0xb7, 0xfe, 0xf0, 
    0xa1, 0xbb, 0xa8, 0xb7, 0xf0, 0xfe, 0xbc, 0xa7, 0xbe, 0xbe, 0xfb, 0xfe, 
    0xb6, 0xfa, 0x89, 0xa7, 0x8f, 0xfe, 0xa6, 0xfe, 0xf0, 0xba, 0xb7, 0xb3, 
    0xb6, 0xb7, 0xa0, 0x81, 0xbb, 0xa8, 0xb7, 0xf0, 0xfe, 0xbc, 0xa7, 0xbe, 
    0xbe, 0xfb, 0xfe, 0xb7, 0xfc, 0x9d, 0xb0, 0xb8, 0xb7, 0xb1, 0xa6, 0xef, 
    0xa6, 0xfe, 0xb4, 0xa7, 0xbc, 0xb1, 0xa6, 0xbb, 0xbd, 0xbc, 0xfa, 0xbd, 
    0xfb, 0xa9, 0xb1, 0xbe, 0xb3, 0xa1, 0xa1, 0xf2, 0xbc, 0xa9, 0xba, 0xb3, 
    0xbc, 0xb6, 0xbe, 0xb7, 0xe9, 0xb1, 0xbd, 0xbc, 0xa1, 0xa6, 0xa0, 0xa7, 
    0xb1, 0xa6, 0xbd, 0xa0, 0xfa, 0xa1, 0xfb, 0xa9, 0xa6, 0xba, 0xbb, 0xa1, 
    0xfc, 0xba, 0xb3, 0xbc, 0xb6, 0xbe, 0xb7, 0xef, 0xa1, 0xaf, 0xb7, 0xbc, 
    0xa6, 0xb7, 0xa0, 0xfa, 0xfb, 0xa9, 0xa0, 0xb7, 0xa6, 0xa7, 0xa0, 0xbc, 
    0xf2, 0xb7, 0xfc, 0xb7, 0xaa, 0xa2, 0xbd, 0xa0, 0xa6, 0xa1, 0xfc, 0xbf, 
    0xbd, 0xbc, 0xbb, 0xa6, 0xbd, 0xa0, 0x97, 0xbc, 0xa6, 0xb7, 0xa0, 0xfa, 
    0xa6, 0xba, 0xbb, 0xa1, 0xfc, 0xba, 0xb3, 0xbc, 0xb6, 0xbe, 0xb7, 0xfb, 
    0xaf, 0xb7, 0xaa, 0xbb, 0xa6, 0xfa, 0xfb, 0xa9, 0xa0, 0xb7, 0xa6, 0xa7, 
    0xa0, 0xbc, 0xf2, 0xb7, 0xfc, 0xb7, 0xaa, 0xa2, 0xbd, 0xa0, 0xa6, 0xa1, 
    0xfc, 0xbf, 0xbd, 0xbc, 0xbb, 0xa6, 0xbd, 0xa0, 0x97, 0xaa, 0xbb, 0xa6, 
    0xfa, 0xa6, 0xba, 0xbb, 0xa1, 0xfc, 0xba, 0xb3, 0xbc, 0xb6, 0xbe, 0xb7, 
    0xfb, 0xaf, 0xa2, 0xa7, 0xbe, 0xa1, 0xb7, 0xfa, 0xfb, 0xa9, 0xa0, 0xb7, 
    0xa6, 0xa7, 0xa0, 0xbc, 0xf2, 0xb7, 0xfc, 0xb7, 0xaa, 0xa2, 0xbd, 0xa0, 
    0xa6, 0xa1, 0xfc, 0xbf, 0xbd, 0xbc, 0xbb, 0xa6, 0xbd, 0xa0, 0x82, 0xa7, 
    0xbe, 0xa1, 0xb7, 0xfa, 0xa6, 0xba, 0xbb, 0xa1, 0xfc, 0xba, 0xb3, 0xbc, 
    0xb6, 0xbe, 0xb7, 0xfb, 0xaf, 0xa2, 0xa7, 0xbe, 0xa1, 0xb7, 0x93, 0xbe, 
    0xbe, 0xfa, 0xfb, 0xa9, 0xa0, 0xb7, 0xa6, 0xa7, 0xa0, 0xbc, 0xf2, 0xb7, 
    0xfc, 0xb7, 0xaa, 0xa2, 0xbd, 0xa0, 0xa6, 0xa1, 0xfc, 0xbf, 0xbd, 0xbc, 
    0xbb, 0xa6, 0xbd, 0xa0, 0x82, 0xa7, 0xbe, 0xa1, 0xb7, 0x93, 0xbe, 0xbe, 
    0xfa, 0xa6, 0xba, 0xbb, 0xa1, 0xfc, 0xba, 0xb3, 0xbc, 0xb6, 0xbe, 0xb7, 
    0xfb, 0xaf, 0xa6, 0xa0, 0xab, 0x97, 0xbc, 0xa6, 0xb7, 0xa0, 0xfa, 0xa1, 
    0xfb, 0xa9, 0xa0, 0xb7, 0xa6, 0xa7, 0xa0, 0xbc, 0xf3, 0xf3, 0xb7, 0xfc, 
    0xb7, 0xaa, 0xa2, 0xbd, 0xa0, 0xa6, 0xa1, 0xfc, 0xbf, 0xbd, 0xbc, 0xbb, 
    0xa6, 0xbd, 0xa0, 0x86, 0xa0, 0xab, 0x97, 0xbc, 0xa6, 0xb7, 0xa0, 0xfa, 
    0xa6, 0xba, 0xbb, 0xa1, 0xfc, 0xba, 0xb3, 0xbc, 0xb6, 0xbe, 0xb7, 0xfe, 
    0xa1, 0xfb, 0xaf, 0xa6, 0xa0, 0xab, 0x85, 0xb3, 0xbb, 0xa6, 0xfa, 0xa1, 
    0xfb, 0xa9, 0xa0, 0xb7, 0xa6, 0xa7, 0xa0, 0xbc, 0xf3, 0xf3, 0xb7, 0xfc, 
    0xb7, 0xaa, 0xa2, 0xbd, 0xa0, 0xa6, 0xa1, 0xfc, 0xbf, 0xbd, 0xbc, 0xbb, 
    0xa6, 0xbd, 0xa0, 0x86, 0xa0, 0xab, 0x85, 0xb3, 0xbb, 0xa6, 0xfa, 0xa6, 
    0xba, 0xbb, 0xa1, 0xfc, 0xba, 0xb3, 0xbc, 0xb6, 0xbe, 0xb7, 0xfe, 0xa1, 
    0xfb, 0xaf, 0xa5, 0xb3, 0xbb, 0xa6, 0xfa, 0xfb, 0xa9, 0xa0, 0xb7, 0xa6, 
    0xa7, 0xa0, 0xbc, 0xf2, 0xb7, 0xfc, 0xb7, 0xaa, 0xa2, 0xbd, 0xa0, 0xa6, 
    0xa1, 0xfc, 0xbf, 0xbd, 0xbc, 0xbb, 0xa6, 0xbd, 0xa0, 0x85, 0xb3, 0xbb, 
    0xa6, 0xfa, 0xa6, 0xba, 0xbb, 0xa1, 0xfc, 0xba, 0xb3, 0xbc, 0xb6, 0xbe, 
    0xb7, 0xfb, 0xaf, 0xaf, 0xbd, 0xfc, 0x9f, 0xbd, 0xbc, 0xbb, 0xa6, 0xbd, 
    0xa0, 0xef, 0xbc, 0xaf, 0xfa, 0xa6, 0xef, 0xb7, 0xfc, 0x9d, 0xb0, 0xb8, 
    0xb7, 0xb1, 0xa6, 0xae, 0xae, 0xfa, 0xb7, 0xfc, 0x9d, 0xb0, 0xb8, 0xb7, 
    0xb1, 0xa6, 0xef, 0xa9, 0xaf, 0xfb, 0xfb, 0xaf, 0xfb, 0xfa, 0xbf, 0xae, 
    0xae, 0xfa, 0xbf, 0xef, 0xa9, 0xaf, 0xfb, 0xfb, 0xe9, 0xa4, 0xb3, 0xa0, 
    0xf2, 0xbf, 0xe9, 0xfa, 0xb4, 0xa7, 0xbc, 0xb1, 0xa6, 0xbb, 0xbd, 0xbc, 
    0xfa, 0xb7, 0xfb, 0xa9, 0xb1, 0xbe, 0xb3, 0xa1, 0xa1, 0xf2, 0xa6, 0xa9, 
    0xbc, 0xb3, 0xbf, 0xb7, 0xe9, 0xa2, 0xbd, 0xa1, 0xbb, 0xa6, 0xbb, 0xbd, 
    0xbc, 0xe9, 0xa6, 0xab, 0xa2, 0xb7, 0xe9, 0xb1, 0xbd, 0xbc, 0xa1, 0xa6, 
    0xa0, 0xa7, 0xb1, 0xa6, 0xbd, 0xa0, 0xfa, 0xbc, 0xfe, 0xa0, 0xfe, 0xa1, 
    0xfb, 0xa9, 0xa6, 0xba, 0xbb, 0xa1, 0xfc, 0xbc, 0xb3, 0xbf, 0xb7, 0xef, 
    0xbc, 0xfe, 0xa6, 0xba, 0xbb, 0xa1, 0xfc, 0xa2, 0xbd, 0xa1, 0xbb, 0xa6, 
    0xbb, 0xbd, 0xbc, 0xef, 0xa0, 0xfe, 0xa6, 0xba, 0xbb, 0xa1, 0xfc, 0xa6, 
    0xab, 0xa2, 0xb7, 0xef, 0xa1, 0xaf, 0xa6, 0xbd, 0x81, 0xa6, 0xa0, 0xbb, 
    0xbc, 0xb5, 0xfa, 0xfb, 0xa9, 0xa0, 0xb7, 0xa6, 0xa7, 0xa0, 0xbc, 0xb2, 
    0xf6, 0xa9, 0xa6, 0xba, 0xbb, 0xa1, 0xfc, 0xa6, 0xab, 0xa2, 0xb7, 0xfc, 
    0xbc, 0xb3, 0xbf, 0xb7, 0xaf, 0xf2, 0xf6, 0xa9, 0xa6, 0xba, 0xbb, 0xa1, 
    0xfc, 0xbc, 0xb3, 0xbf, 0xb7, 0xaf, 0xb2, 0xaf, 0xaf, 0xb7, 0xfc, 0x82, 
    0xb3, 0xa0, 0xb3, 0xbf, 0xb7, 0xa6, 0xb7, 0xa0, 0xef, 0xa6, 0xaf, 0xfb, 
    0xfa, 0xbf, 0xae, 0xae, 0xfa, 0xbf, 0xef, 0xa9, 0xaf, 0xfb, 0xfb, 0xe9, 
    0xa4, 0xb3, 0xa0, 0xf2, 0xbf, 0xe9, 0xfa, 0xb4, 0xa7, 0xbc, 0xb1, 0xa6, 
    0xbb, 0xbd, 0xbc, 0xfa, 0xb7, 0xfb, 0xa9, 0xb1, 0xbe, 0xb3, 0xa1, 0xa1, 
    0xf2, 0xa6, 0xf2, 0xb7, 0xaa, 0xa6, 0xb7, 0xbc, 0xb6, 0xa1, 0xf2, 0x94, 
    0xa9, 0xa6, 0xab, 0xa2, 0xb7, 0xe9, 0xb1, 0xbd, 0xbc, 0xa1, 0xa6, 0xa0, 
    0xa7, 0xb1, 0xa6, 0xbd, 0xa0, 0xfa, 0xbc, 0xfe, 0xa0, 0xfb, 0xa9, 0xa1, 
    0xa7, 0xa2, 0xb7, 0xa0, 0xfa, 0xbc, 0xfb, 0xfe, 0xa6, 0xba, 0xbb, 0xa1, 
    0xfc, 0xa6, 0xab, 0xa2, 0xb7, 0xef, 0xa0, 0xaf, 0xb5, 0xb7, 0xa6, 0xfa, 
    0xbc, 0xfb, 0xa9, 0xa0, 0xb7, 0xa6, 0xa7, 0xa0, 0xbc, 0xf2, 0xb7, 0xfc, 
    0xa0, 0xb7, 0xb3, 0xb6, 0xfa, 0xa6, 0xba, 0xbb, 0xa1, 0xfc, 0xba, 0xb3, 
    0xbc, 0xb6, 0xbe, 0xb7, 0xfc, 0xb3, 0xb6, 0xb6, 0xfa, 0xbc, 0xf8, 0xa6, 
    0xba, 0xbb, 0xa1, 0xfc, 0xa6, 0xab, 0xa2, 0xb7, 0xfc, 0xb1, 0xbe, 0xb3, 
    0xa1, 0xa1, 0xfc, 0xb3, 0xa0, 0xa0, 0xb3, 0xab, 0x97, 0xbe, 0xb7, 0xbf, 
    0xb7, 0xbc, 0xa6, 0x81, 0xbb, 0xa8, 0xb7, 0xfb, 0xfe, 0xa6, 0xba, 0xbb, 
    0xa1, 0xfc, 0xa6, 0xab, 0xa2, 0xb7, 0xfb, 0xaf, 0xa0, 0xb7, 0xb3, 0xb6, 
    0xfa, 0xbc, 0xfe, 0xa0, 0xef, 0xe2, 0xfb, 0xa9, 0xbe, 0xb7, 0xa6, 0xf2, 
    0xa1, 0xef, 0xbc, 0xb7, 0xa5, 0xf2, 0xb5, 0xbe, 0xbd, 0xb0, 0xb3, 0xbe, 
    0x86, 0xba, 0xbb, 0xa1, 0xfc, 0x93, 0xa0, 0xa0, 0xb3, 0xab, 0xfa, 0xbc, 
    0xfb, 0xe9, 0xb4, 0xbd, 0xa0, 0xfa, 0xbe, 0xb7, 0xa6, 0xf2, 0xb3, 0xef, 
    0xe2, 0xe9, 0xb3, 0xee, 0xbc, 0xe9, 0xb3, 0xf9, 0xf9, 0xfb, 0xa1, 0x89, 
    0xb3, 0x8f, 0xef, 0xa6, 0xba, 0xbb, 0xa1, 0xfc, 0xb5, 0xb7, 0xa6, 0xfa, 
    0xb3, 0xf9, 0xa0, 0xfb, 0xe9, 0xa0, 0xb7, 0xa6, 0xa7, 0xa0, 0xbc, 0xf2, 
    0xa1, 0xaf, 0xa1, 0xb7, 0xa6, 0xfa, 0xbc, 0xfe, 0xa0, 0xfb, 0xa9, 0xb7, 
    0xfc, 0xa5, 0xa0, 0xbb, 0xa6, 0xb7, 0xfa, 0xa6, 0xba, 0xbb, 0xa1, 0xfc, 
    0xba, 0xb3, 0xbc, 0xb6, 0xbe, 0xb7, 0xfc, 0xb3, 0xb6, 0xb6, 0xfa, 0xbc, 
    0xf8, 0xa6, 0xba, 0xbb, 0xa1, 0xfc, 0xa6, 0xab, 0xa2, 0xb7, 0xfc, 0xb1, 
    0xbe, 0xb3, 0xa1, 0xa1, 0xfc, 0xb3, 0xa0, 0xa0, 0xb3, 0xab, 0x97, 0xbe, 
    0xb7, 0xbf, 0xb7, 0xbc, 0xa6, 0x81, 0xbb, 0xa8, 0xb7, 0xfb, 0xfe, 0xa0, 
    0xfe, 0xa6, 0xba, 0xbb, 0xa1, 0xfc, 0xa6, 0xab, 0xa2, 0xb7, 0xfb, 0xaf, 
    0xa6, 0xbd, 0x81, 0xa6, 0xa0, 0xbb, 0xbc, 0xb5, 0xfa, 0xfb, 0xa9, 0xa0, 
    0xb7, 0xa6, 0xa7, 0xa0, 0xbc, 0xf2, 0xa6, 0xba, 0xbb, 0xa1, 0xfc, 0xba, 
    0xb3, 0xbc, 0xb6, 0xbe, 0xb7, 0xfc, 0xa6, 0xbd, 0x81, 0xa6, 0xa0, 0xbb, 
    0xbc, 0xb5, 0xfa, 0xfb, 0xaf, 0xa5, 0xa0, 0xbb, 0xa6, 0xb7, 0xfa, 0xbc, 
    0xfe, 0xa0, 0xef, 0xe2, 0xfb, 0xa9, 0xb4, 0xbd, 0xa0, 0xfa, 0xbe, 0xb7, 
    0xa6, 0xf2, 0xa1, 0xef, 0xe2, 0xe9, 0xa1, 0xee, 0xbc, 0xfc, 0xbe, 0xb7, 
    0xbc, 0xb5, 0xa6, 0xba, 0xe9, 0xa1, 0xf9, 0xf9, 0xfb, 0xa6, 0xba, 0xbb, 
    0xa1, 0xfc, 0xa1, 0xb7, 0xa6, 0xfa, 0xa1, 0xf9, 0xa0, 0xfe, 0xbc, 0x89, 
    0xa1, 0x8f, 0xfb, 0xaf, 0xaf, 0xb7, 0xfc, 0x82, 0xbd, 0xbb, 0xbc, 0xa6, 
    0xb7, 0xa0, 0xef, 0xa6, 0xaf, 0xfb, 0xfa, 0xbf, 0xae, 0xae, 0xfa, 0xbf, 
    0xef, 0xa9, 0xaf, 0xfb, 0xfb, 0xe9, 0xa4, 0xb3, 0xa0, 0xf2, 0xbf, 0xe9, 
    0xfa, 0xb4, 0xa7, 0xbc, 0xb1, 0xa6, 0xbb, 0xbd, 0xbc, 0xfa, 0xb7, 0xfb, 
    0xa9, 0xb1, 0xbe, 0xb3, 0xa1, 0xa1, 0xf2, 0xa6, 0xf2, 0xb7, 0xaa, 0xa6, 
    0xb7, 0xbc, 0xb6, 0xa1, 0xf2, 0x94, 0xa9, 0xa6, 0xab, 0xa2, 0xb7, 0xe9, 
    0xb1, 0xbd, 0xbc, 0xa1, 0xa6, 0xa0, 0xa7, 0xb1, 0xa6, 0xbd, 0xa0, 0xfa, 
    0xa0, 0xfe, 0xa1, 0xfb, 0xa9, 0xa1, 0xa7, 0xa2, 0xb7, 0xa0, 0xfa, 0xa0, 
    0xfb, 0xfe, 0xa6, 0xba, 0xbb, 0xa1, 0xfc, 0xa6, 0xab, 0xa2, 0xb7, 0xef, 
    0xa1, 0xaf, 0xb5, 0xb7, 0xa6, 0xf2, 0xa4, 0xb3, 0xbe, 0xa7, 0xb7, 0xfa, 
    0xfb, 0xa9, 0xa0, 0xb7, 0xa6, 0xa7, 0xa0, 0xbc, 0xf2, 0xb7, 0xfc, 0xa0, 
    0xb7, 0xb3, 0xb6, 0xfa, 0xa6, 0xba, 0xbb, 0xa1, 0xfc, 0xba, 0xb3, 0xbc, 
    0xb6, 0xbe, 0xb7, 0xfe, 0xa6, 0xba, 0xbb, 0xa1, 0xfc, 0xa6, 0xab, 0xa2, 
    0xb7, 0xfb, 0xaf, 0xa1, 0xb7, 0xa6, 0xf2, 0xa4, 0xb3, 0xbe, 0xa7, 0xb7, 
    0xfa, 0xa0, 0xfb, 0xa9, 0xb7, 0xfc, 0xa5, 0xa0, 0xbb, 0xa6, 0xb7, 0xfa, 
    0xa6, 0xba, 0xbb, 0xa1, 0xfc, 0xba, 0xb3, 0xbc, 0xb6, 0xbe, 0xb7, 0xfe, 
    0xa0, 0xfe, 0xa6, 0xba, 0xbb, 0xa1, 0xfc, 0xa6, 0xab, 0xa2, 0xb7, 0xfb, 
    0xaf, 0xa6, 0xbd, 0x81, 0xa6, 0xa0, 0xbb, 0xbc, 0xb5, 0xfa, 0xfb, 0xa9, 
    0xa0, 0xb7, 0xa6, 0xa7, 0xa0, 0xbc, 0xf2, 0xa6, 0xba, 0xbb, 0xa1, 0xfc, 
    0xbb, 0xa1, 0x9c, 0xa7, 0xbe, 0xbe, 0xfa, 0xfb, 0xed, 0xf0, 0xbc, 0xa7, 
    0xbe, 0xbe, 0xf0, 0xe8, 0xb2, 0xff, 0xec, 0xf6, 0xa9, 0xa6, 0xba, 0xbb, 
    0xa1, 0xfc, 0xa4, 0xb3, 0xbe, 0xa7, 0xb7, 0xaf, 0xb2, 0xaf, 0xaf, 0xb7, 
    0xfc, 0x80, 0xb7, 0xb4, 0xb7, 0xa0, 0xb7, 0xbc, 0xb1, 0xb7, 0xef, 0xa6, 
    0xe9, 0xb4, 0xa7, 0xbc, 0xb1, 0xa6, 0xbb, 0xbd, 0xbc, 0xf2, 0xbd, 0xfa, 
    0xbc, 0xfe, 0xa0, 0xfb, 0xa9, 0xbe, 0xb7, 0xa6, 0xf2, 0xa1, 0xef, 0x9f, 
    0xb7, 0xbf, 0xbd, 0xa0, 0xab, 0xfc, 0xb3, 0xbe, 0xbe, 0xbd, 0xb1, 0xfa, 
    0x82, 0xa0, 0xbd, 0xb1, 0xb7, 0xa1, 0xa1, 0xfc, 0xa2, 0xbd, 0xbb, 0xbc, 
    0xa6, 0xb7, 0xa0, 0x81, 0xbb, 0xa8, 0xb7, 0xfb, 0xe9, 0xa1, 0xa5, 0xbb, 
    0xa6, 0xb1, 0xba, 0xfa, 0xa6, 0xab, 0xa2, 0xb7, 0xbd, 0xb4, 0xf2, 0xbc, 
    0xfb, 0xa9, 0xb1, 0xb3, 0xa1, 0xb7, 0xf0, 0xb0, 0xbd, 0xbd, 0xbe, 0xb7, 
    0xb3, 0xbc, 0xf0, 0xe8, 0xa0, 0xb7, 0xa6, 0xa7, 0xa0, 0xbc, 0xf2, 0xbc, 
    0xb7, 0xa5, 0xf2, 0xb7, 0xfc, 0x80, 0xb7, 0xb4, 0xb7, 0xa0, 0xb7, 0xbc, 
    0xb1, 0xb7, 0xfa, 0xa1, 0xfc, 0xa5, 0xa0, 0xbb, 0xa6, 0xb7, 0x81, 0xea, 
    0xfa, 0xf9, 0xbc, 0xfb, 0xfe, 0xb7, 0xfc, 0xb1, 0xbd, 0xa0, 0xbe, 0xbb, 
    0xb0, 0xfc, 0xb1, 0xbe, 0xb3, 0xa1, 0xa1, 0xfa, 0xf0, 0x81, 0xab, 0xa1, 
    0xa6, 0xb7, 0xbf, 0xfc, 0x90, 0xbd, 0xbd, 0xbe, 0xb7, 0xb3, 0xbc, 0xf0, 
    0xfb, 0xfc, 0xa6, 0xab, 0xa2, 0xb7, 0xfb, 0xe9, 0xb1, 0xb3, 0xa1, 0xb7, 
    0xf0, 0xbc, 0xa7, 0xbf, 0xb0, 0xb7, 0xa0, 0xf0, 0xe8, 0xa1, 0xa5, 0xbb, 
    0xa6, 0xb1, 0xba, 0xfa, 0xa0, 0xed, 0xfc, 0xb7, 0xbc, 0xa7, 0xbf, 0x84, 
    0xb3, 0xbe, 0xa7, 0xb7, 0xfb, 0xa9, 0xb1, 0xb3, 0xa1, 0xb7, 0xf2, 0xb7, 
    0xfc, 0x86, 0xab, 0xa2, 0xb7, 0xfc, 0x97, 0xbc, 0xa7, 0xbf, 0xfc, 0x87, 
    0x90, 0x8b, 0x86, 0x97, 0xe8, 0xa0, 0xb7, 0xa6, 0xa7, 0xa0, 0xbc, 0xf2, 
    0xbc, 0xb7, 0xa5, 0xf2, 0xb7, 0xfc, 0x80, 0xb7, 0xb4, 0xb7, 0xa0, 0xb7, 
    0xbc, 0xb1, 0xb7, 0xfa, 0xa1, 0xfc, 0xa5, 0xa0, 0xbb, 0xa6, 0xb7, 0x87, 
    0xea, 0xfa, 0xbc, 0xfb, 0xfe, 0xa0, 0xfb, 0xe9, 0xb1, 0xb3, 0xa1, 0xb7, 
    0xf2, 0xb7, 0xfc, 0x86, 0xab, 0xa2, 0xb7, 0xfc, 0x97, 0xbc, 0xa7, 0xbf, 
    0xfc, 0x90, 0x8b, 0x86, 0x97, 0xe8, 0xa0, 0xb7, 0xa6, 0xa7, 0xa0, 0xbc, 
    0xf2, 0xbc, 0xb7, 0xa5, 0xf2, 0xb7, 0xfc, 0x80, 0xb7, 0xb4, 0xb7, 0xa0, 
    0xb7, 0xbc, 0xb1, 0xb7, 0xfa, 0xa1, 0xfc, 0xa5, 0xa0, 0xbb, 0xa6, 0xb7, 
    0x81, 0xea, 0xfa, 0xbc, 0xfb, 0xfe, 0xa0, 0xfb, 0xe9, 0xb1, 0xb3, 0xa1, 
    0xb7, 0xf2, 0xb7, 0xfc, 0x86, 0xab, 0xa2, 0xb7, 0xfc, 0x97, 0xbc, 0xa7, 
    0xbf, 0xfc, 0x91, 0x9a, 0x93, 0x80, 0xe8, 0xb1, 0xb3, 0xa1, 0xb7, 0xf2, 
    0xb7, 0xfc, 0x86, 0xab, 0xa2, 0xb7, 0xfc, 0x97, 0xbc, 0xa7, 0xbf, 0xfc, 
    0x87, 0x81, 0x9a, 0x9d, 0x80, 0x86, 0xe8, 0xa0, 0xb7, 0xa6, 0xa7, 0xa0, 
    0xbc, 0xf2, 0xbc, 0xb7, 0xa5, 0xf2, 0xb7, 0xfc, 0x80, 0xb7, 0xb4, 0xb7, 
    0xa0, 0xb7, 0xbc, 0xb1, 0xb7, 0xfa, 0xa1, 0xfc, 0xa5, 0xa0, 0xbb, 0xa6, 
    0xb7, 0x87, 0xe3, 0xe4, 0xfa, 0xbc, 0xfb, 0xfe, 0xa0, 0xfb, 0xe9, 0xb1, 
    0xb3, 0xa1, 0xb7, 0xf2, 0xb7, 0xfc, 0x86, 0xab, 0xa2, 0xb7, 0xfc, 0x97, 
    0xbc, 0xa7, 0xbf, 0xfc, 0x81, 0x9a, 0x9d, 0x80, 0x86, 0xe8, 0xa0, 0xb7, 
    0xa6, 0xa7, 0xa0, 0xbc, 0xf2, 0xbc, 0xb7, 0xa5, 0xf2, 0xb7, 0xfc, 0x80, 
    0xb7, 0xb4, 0xb7, 0xa0, 0xb7, 0xbc, 0xb1, 0xb7, 0xfa, 0xa1, 0xfc, 0xa5, 
    0xa0, 0xbb, 0xa6, 0xb7, 0x81, 0xe3, 0xe4, 0xfa, 0xbc, 0xfb, 0xfe, 0xa0, 
    0xfb, 0xe9, 0xb1, 0xb3, 0xa1, 0xb7, 0xf2, 0xb7, 0xfc, 0x86, 0xab, 0xa2, 
    0xb7, 0xfc, 0x97, 0xbc, 0xa7, 0xbf, 0xfc, 0x87, 0x9b, 0x9c, 0x86, 0xe8, 
    0xa0, 0xb7, 0xa6, 0xa7, 0xa0, 0xbc, 0xf2, 0xbc, 0xb7, 0xa5, 0xf2, 0xb7, 
    0xfc, 0x80, 0xb7, 0xb4, 0xb7, 0xa0, 0xb7, 0xbc, 0xb1, 0xb7, 0xfa, 0xa1, 
    0xfc, 0xa5, 0xa0, 0xbb, 0xa6, 0xb7, 0x87, 0xe1, 0xe0, 0xfa, 0xbc, 0xfb, 
    0xfe, 0xa0, 0xfb, 0xe9, 0xb1, 0xb3, 0xa1, 0xb7, 0xf2, 0xb7, 0xfc, 0x86, 
    0xab, 0xa2, 0xb7, 0xfc, 0x97, 0xbc, 0xa7, 0xbf, 0xfc, 0x9b, 0x9c, 0x86, 
    0xe8, 0xa0, 0xb7, 0xa6, 0xa7, 0xa0, 0xbc, 0xf2, 0xbc, 0xb7, 0xa5, 0xf2, 
    0xb7, 0xfc, 0x80, 0xb7, 0xb4, 0xb7, 0xa0, 0xb7, 0xbc, 0xb1, 0xb7, 0xfa, 
    0xa1, 0xfc, 0xa5, 0xa0, 0xbb, 0xa6, 0xb7, 0x81, 0xe1, 0xe0, 0xfa, 0xbc, 
    0xfb, 0xfe, 0xa0, 0xfb, 0xe9, 0xb1, 0xb3, 0xa1, 0xb7, 0xf2, 0xb7, 0xfc, 
    0x86, 0xab, 0xa2, 0xb7, 0xfc, 0x97, 0xbc, 0xa7, 0xbf, 0xfc, 0x87, 0x9e, 
    0x9d, 0x9c, 0x95, 0xe8, 0xa0, 0xb7, 0xa6, 0xa7, 0xa0, 0xbc, 0xf2, 0xbc, 
    0xb7, 0xa5, 0xf2, 0xb7, 0xfc, 0x80, 0xb7, 0xb4, 0xb7, 0xa0, 0xb7, 0xbc, 
    0xb1, 0xb7, 0xfa, 0xa1, 0xfc, 0xa5, 0xa0, 0xbb, 0xa6, 0xb7, 0x87, 0xe4, 
    0xe6, 0xfa, 0xbc, 0xfb, 0xfe, 0xa0, 0xfb, 0xe9, 0xb1, 0xb3, 0xa1, 0xb7, 
    0xf2, 0xb7, 0xfc, 0x86, 0xab, 0xa2, 0xb7, 0xfc, 0x97, 0xbc, 0xa7, 0xbf, 
    0xfc, 0x9e, 0x9d, 0x9c, 0x95, 0xe8, 0xa0, 0xb7, 0xa6, 0xa7, 0xa0, 0xbc, 
    0xf2, 0xbc, 0xb7, 0xa5, 0xf2, 0xb7, 0xfc, 0x80, 0xb7, 0xb4, 0xb7, 0xa0, 
    0xb7, 0xbc, 0xb1, 0xb7, 0xfa, 0xa1, 0xfc, 0xa5, 0xa0, 0xbb, 0xa6, 0xb7, 
    0x81, 0xe4, 0xe6, 0xfa, 0xbc, 0xfb, 0xfe, 0xa0, 0xfb, 0xe9, 0xb1, 0xb3, 
    0xa1, 0xb7, 0xf2, 0xb7, 0xfc, 0x86, 0xab, 0xa2, 0xb7, 0xfc, 0x97, 0xbc, 
    0xa7, 0xbf, 0xfc, 0x94, 0x9e, 0x9d, 0x93, 0x86, 0xe8, 0xa0, 0xb7, 0xa6, 
    0xa7, 0xa0, 0xbc, 0xf2, 0xbc, 0xb7, 0xa5, 0xf2, 0xb7, 0xfc, 0x80, 0xb7, 
    0xb4, 0xb7, 0xa0, 0xb7, 0xbc, 0xb1, 0xb7, 0xfa, 0xa1, 0xfc, 0xa5, 0xa0, 
    0xbb, 0xa6, 0xb7, 0x94, 0xbe, 0xbd, 0xb3, 0xa6, 0xfa, 0xbc, 0xfb, 0xfe, 
    0xa0, 0xfb, 0xe9, 0xb1, 0xb3, 0xa1, 0xb7, 0xf2, 0xb7, 0xfc, 0x86, 0xab, 
    0xa2, 0xb7, 0xfc, 0x97, 0xbc, 0xa7, 0xbf, 0xfc, 0x96, 0x9d, 0x87, 0x90, 
    0x9e, 0x97, 0xe8, 0xa0, 0xb7, 0xa6, 0xa7, 0xa0, 0xbc, 0xf2, 0xbc, 0xb7, 
    0xa5, 0xf2, 0xb7, 0xfc, 0x80, 0xb7, 0xb4, 0xb7, 0xa0, 0xb7, 0xbc, 0xb1, 
    0xb7, 0xfa, 0xa1, 0xfc, 0xa5, 0xa0, 0xbb, 0xa6, 0xb7, 0x96, 0xbd, 0xa7, 
    0xb0, 0xbe, 0xb7, 0xfa, 0xbc, 0xfb, 0xfe, 0xa0, 0xfb, 0xaf, 0xb1, 0xb3, 
    0xa1, 0xb7, 0xf0, 0xbd, 0xb0, 0xb8, 0xb7, 0xb1, 0xa6, 0xf0, 0xe8, 0xbb, 
    0xb4, 0xfa, 0xbc, 0xf2, 0xbb, 0xbc, 0xa1, 0xa6, 0xb3, 0xbc, 0xb1, 0xb7, 
    0xbd, 0xb4, 0xf2, 0xb7, 0xfc, 0x84, 0xb3, 0xbe, 0xa7, 0xb7, 0x86, 0xab, 
    0xa2, 0xb7, 0xae, 0xae, 0xbc, 0xf2, 0xbb, 0xbc, 0xa1, 0xa6, 0xb3, 0xbc, 
    0xb1, 0xb7, 0xbd, 0xb4, 0xf2, 0xb7, 0xfc, 0x82, 0xbd, 0xbb, 0xbc, 0xa6, 
    0xb7, 0xa0, 0xfb, 0xa0, 0xb7, 0xa6, 0xa7, 0xa0, 0xbc, 0xf2, 0xbc, 0xb7, 
    0xa5, 0xf2, 0xb7, 0xfc, 0x80, 0xb7, 0xb4, 0xb7, 0xa0, 0xb7, 0xbc, 0xb1, 
    0xb7, 0xfa, 0xbc, 0xfc, 0xba, 0xb3, 0xbc, 0xb6, 0xbe, 0xb7, 0xfe, 0xbc, 
    0xfc, 0xa6, 0xab, 0xa2, 0xb7, 0xfb, 0xe9, 0xbb, 0xb4, 0xfa, 0xbc, 0xf2, 
    0xbb, 0xbc, 0xa1, 0xa6, 0xb3, 0xbc, 0xb1, 0xb7, 0xbd, 0xb4, 0xf2, 0xb7, 
    0xfc, 0x9d, 0xb0, 0xb8, 0xb7, 0xb1, 0xa6, 0xfb, 0xa0, 0xb7, 0xa6, 0xa7, 
    0xa0, 0xbc, 0xf2, 0xbc, 0xb7, 0xa5, 0xf2, 0xb7, 0xfc, 0x80, 0xb7, 0xb4, 
    0xb7, 0xa0, 0xb7, 0xbc, 0xb1, 0xb7, 0xfa, 0xa1, 0xfc, 0xa5, 0xa0, 0xbb, 
    0xa6, 0xb7, 0x82, 0xbd, 0xbb, 0xbc, 0xa6, 0xb7, 0xa0, 0xfa, 0xbc, 0xfb, 
    0xfe, 0xbc, 0xfc, 0xb1, 0xbe, 0xb3, 0xa1, 0xa1, 0xfc, 0xa6, 0xab, 0xa2, 
    0xb7, 0xfb, 0xe9, 0xbb, 0xb4, 0xfa, 0xbc, 0xf2, 0xbb, 0xbc, 0xa1, 0xa6, 
    0xb3, 0xbc, 0xb1, 0xb7, 0xbd, 0xb4, 0xf2, 0xb7, 0xfc, 0x81, 0xa6, 0xa0, 
    0xbb, 0xbc, 0xb5, 0xae, 0xae, 0xbc, 0xf2, 0xbb, 0xbc, 0xa1, 0xa6, 0xb3, 
    0xbc, 0xb1, 0xb7, 0xbd, 0xb4, 0xf2, 0xb7, 0xfc, 0x93, 0xa0, 0xa0, 0xb3, 
    0xab, 0xfb, 0xa0, 0xb7, 0xa6, 0xa7, 0xa0, 0xbc, 0xf2, 0xbc, 0xb7, 0xa5, 
    0xf2, 0xb7, 0xfc, 0x80, 0xb7, 0xb4, 0xb7, 0xa0, 0xb7, 0xbc, 0xb1, 0xb7, 
    0xfa, 0xa1, 0xfc, 0xa5, 0xa0, 0xbb, 0xa6, 0xb7, 0x82, 0xbd, 0xbb, 0xbc, 
    0xa6, 0xb7, 0xa0, 0xfa, 0xbc, 0xfb, 0xfe, 0xbc, 0xfc, 0xbd, 0xb0, 0xb8, 
    0xb7, 0xb1, 0xa6, 0xfc, 0xb1, 0xbe, 0xb3, 0xa1, 0xa1, 0xfc, 0xa6, 0xab, 
    0xa2, 0xb7, 0xfb, 0xe9, 0xbb, 0xb4, 0xfa, 0xbc, 0xf2, 0xbb, 0xbc, 0xa1, 
    0xa6, 0xb3, 0xbc, 0xb1, 0xb7, 0xbd, 0xb4, 0xf2, 0x9c, 0xb3, 0xa6, 0xbb, 
    0xa4, 0xb7, 0x82, 0xbd, 0xbb, 0xbc, 0xa6, 0xb7, 0xa0, 0xfb, 0xa1, 0xa5, 
    0xbb, 0xa6, 0xb1, 0xba, 0xfa, 0xa0, 0xed, 0xfc, 0xb7, 0xbc, 0xa7, 0xbf, 
    0x84, 0xb3, 0xbe, 0xa7, 0xb7, 0xfb, 0xa9, 0xb1, 0xb3, 0xa1, 0xb7, 0xf2, 
    0xb7, 0xfc, 0x86, 0xab, 0xa2, 0xb7, 0xfc, 0x97, 0xbc, 0xa7, 0xbf, 0xfc, 
    0x9c, 0x87, 0x9b, 0x9c, 0x86, 0xe8, 0xb1, 0xb3, 0xa1, 0xb7, 0xf2, 0xb7, 
    0xfc, 0x86, 0xab, 0xa2, 0xb7, 0xfc, 0x97, 0xbc, 0xa7, 0xbf, 0xfc, 0x9c, 
    0x9b, 0x9c, 0x86, 0xe8, 0xa0, 0xb7, 0xa6, 0xa7, 0xa0, 0xbc, 0xf2, 0xbc, 
    0xb7, 0xa5, 0xf2, 0xb7, 0xfc, 0x80, 0xb7, 0xb4, 0xb7, 0xa0, 0xb7, 0xbc, 
    0xb1, 0xb7, 0xfa, 0xa1, 0xfc, 0xa5, 0xa0, 0xbb, 0xa6, 0xb7, 0x82, 0xbd, 
    0xbb, 0xbc, 0xa6, 0xb7, 0xa0, 0xfa, 0xbc, 0xfb, 0xfe, 0xa0, 0xfb, 0xaf, 
    0xb7, 0xbe, 0xa1, 0xb7, 0xa9, 0xbb, 0xb4, 0xfa, 0xbc, 0xf2, 0xbb, 0xbc, 
    0xa1, 0xa6, 0xb3, 0xbc, 0xb1, 0xb7, 0xbd, 0xb4, 0xf2, 0x9b, 0xbc, 0xa6, 
    0xe4, 0xe6, 0xfb, 0xa0, 0xb7, 0xa6, 0xa7, 0xa0, 0xbc, 0xf2, 0xbc, 0xb7, 
    0xa5, 0xf2, 0xb7, 0xfc, 0x80, 0xb7, 0xb4, 0xb7, 0xa0, 0xb7, 0xbc, 0xb1, 
    0xb7, 0xfa, 0xa1, 0xfc, 0xa5, 0xa0, 0xbb, 0xa6, 0xb7, 0x81, 0xe4, 0xe6, 
    0xfa, 0xbc, 0xfb, 0xfe, 0xb7, 0xfc, 0xb1, 0xbd, 0xa0, 0xbe, 0xbb, 0xb0, 
    0xfc, 0xb1, 0xbe, 0xb3, 0xa1, 0xa1, 0xfa, 0xf0, 0x81, 0xab, 0xa1, 0xa6, 
    0xb7, 0xbf, 0xfc, 0x9b, 0xbc, 0xa6, 0xe4, 0xe6, 0xf0, 0xfb, 0xfc, 0xa6, 
    0xab, 0xa2, 0xb7, 0xfb, 0xe9, 0xbb, 0xb4, 0xfa, 0xbc, 0xf2, 0xbb, 0xbc, 
    0xa1, 0xa6, 0xb3, 0xbc, 0xb1, 0xb7, 0xbd, 0xb4, 0xf2, 0x87, 0x9b, 0xbc, 
    0xa6, 0xe4, 0xe6, 0xfb, 0xa0, 0xb7, 0xa6, 0xa7, 0xa0, 0xbc, 0xf2, 0xbc, 
    0xb7, 0xa5, 0xf2, 0xb7, 0xfc, 0x80, 0xb7, 0xb4, 0xb7, 0xa0, 0xb7, 0xbc, 
    0xb1, 0xb7, 0xfa, 0xa1, 0xfc, 0xa5, 0xa0, 0xbb, 0xa6, 0xb7, 0x87, 0xe4, 
    0xe6, 0xfa, 0xbc, 0xfb, 0xfe, 0xb7, 0xfc, 0xb1, 0xbd, 0xa0, 0xbe, 0xbb, 
    0xb0, 0xfc, 0xb1, 0xbe, 0xb3, 0xa1, 0xa1, 0xfa, 0xf0, 0x81, 0xab, 0xa1, 
    0xa6, 0xb7, 0xbf, 0xfc, 0x87, 0x9b, 0xbc, 0xa6, 0xe4, 0xe6, 0xf0, 0xfb, 
    0xfc, 0xa6, 0xab, 0xa2, 0xb7, 0xfb, 0xaf, 0xb6, 0xb7, 0xb4, 0xb3, 0xa7, 
    0xbe, 0xa6, 0xe8, 0x8d, 0xfa, 0xb2, 0xb1, 0xbd, 0xa7, 0xbe, 0xb6, 0xbc, 
    0xf5, 0xa6, 0xf2, 0xb1, 0xa0, 0xb7, 0xb3, 0xa6, 0xb7, 0xf2, 0xb3, 0xf2, 
    0xa0, 0xb7, 0xb4, 0xb7, 0xa0, 0xb7, 0xbc, 0xb1, 0xb7, 0xf2, 0xa6, 0xbd, 
    0xf2, 0xf6, 0xa9, 0xbc, 0xaf, 0xf2, 0xa7, 0xa1, 0xbb, 0xbc, 0xb5, 0xf2, 
    0xb3, 0xbc, 0xf2, 0xa7, 0xbc, 0xba, 0xb3, 0xbc, 0xb6, 0xbe, 0xb7, 0xb6, 
    0xf2, 0xa6, 0xab, 0xa2, 0xb7, 0xf2, 0xf6, 0xa9, 0xa0, 0xed, 0xfc, 0xbc, 
    0xb3, 0xbf, 0xb7, 0xaf, 0xb2, 0xfb, 0xaf, 0xaf, 0xb7, 0xfc, 0xa0, 0xb7, 
    0xb4, 0xb7, 0xa0, 0xb7, 0xbc, 0xb1, 0xb7, 0xef, 0xbd, 0xaf, 0xfb, 0xfa, 
    0xbf, 0xae, 0xae, 0xfa, 0xbf, 0xef, 0xa9, 0xaf, 0xfb, 0xfb, 0xe9, 0xa4, 
    0xb3, 0xa0, 0xf2, 0xbf, 0xe9, 0xfa, 0xb4, 0xa7, 0xbc, 0xb1, 0xa6, 0xbb, 
    0xbd, 0xbc, 0xfa, 0xb7, 0xfb, 0xa9, 0xb1, 0xbe, 0xb3, 0xa1, 0xa1, 0xf2, 
    0xa6, 0xf2, 0xb7, 0xaa, 0xa6, 0xb7, 0xbc, 0xb6, 0xa1, 0xf2, 0x94, 0xa9, 
    0xb5, 0xb7, 0xa6, 0xf2, 0xb1, 0xbd, 0xbc, 0xa6, 0xb7, 0xbc, 0xa6, 0xfa, 
    0xfb, 0xa9, 0xa0, 0xb7, 0xa6, 0xa7, 0xa0, 0xbc, 0xf2, 0xb7, 0xfc, 0xb7, 
    0xaa, 0xa2, 0xbd, 0xa0, 0xa6, 0xa1, 0xfc, 0xa1, 0xa6, 0xa0, 0xbb, 0xbc, 
    0xb5, 0x95, 0xb7, 0xa6, 0x91, 0xba, 0xb3, 0xa0, 0xa1, 0xfa, 0xa6, 0xba, 
    0xbb, 0xa1, 0xfb, 0xfc, 0xa0, 0xb7, 0xb3, 0xb6, 0x87, 0xa6, 0xb4, 0xe3, 
    0xe4, 0x81, 0xa6, 0xa0, 0xbb, 0xbc, 0xb5, 0xfa, 0xa6, 0xba, 0xbb, 0xa1, 
    0xfc, 0xbe, 0xb7, 0xbc, 0xb5, 0xa6, 0xba, 0xfb, 0xaf, 0xa1, 0xb7, 0xa6, 
    0xf2, 0xb1, 0xbd, 0xbc, 0xa6, 0xb7, 0xbc, 0xa6, 0xfa, 0xa0, 0xfb, 0xa9, 
    0xbe, 0xb7, 0xa6, 0xf2, 0xa1, 0xef, 0xb7, 0xfc, 0xa1, 0xa6, 0xa0, 0xbb, 
    0xbc, 0xb5, 0xfa, 0xf0, 0xa4, 0xb4, 0xa1, 0xb4, 0xbb, 0xa6, 0xa4, 0xbc, 
    0xbf, 0xf0, 0xfb, 0xfc, 0xba, 0xb3, 0xbc, 0xb6, 0xbe, 0xb7, 0xfc, 0xbd, 
    0xb4, 0xb4, 0xa1, 0xb7, 0xa6, 0x9d, 0xb4, 0xfa, 0xb3, 0xef, 0xec, 0xb3, 
    0xfc, 0xa0, 0xb7, 0xb3, 0xb6, 0x9b, 0xbc, 0xa6, 0xfa, 0xfb, 0xef, 0xef, 
    0xeb, 0xfb, 0xed, 0xed, 0x8d, 0xfa, 0xf0, 0xb1, 0xbd, 0xa7, 0xbe, 0xb6, 
    0xbc, 0xf5, 0xa6, 0xf2, 0xb4, 0xbb, 0xbc, 0xb6, 0xf2, 0xa6, 0xba, 0xb7, 
    0xf2, 0xbe, 0xb7, 0xbc, 0xb5, 0xa6, 0xba, 0xf2, 0xbd, 0xb4, 0xb4, 0xa1, 
    0xb7, 0xa6, 0xf2, 0xbb, 0xbc, 0xf2, 0xa6, 0xba, 0xb7, 0xf2, 0xbc, 0xb3, 
    0xa6, 0xbb, 0xa4, 0xb7, 0xf2, 0xa1, 0xa6, 0xa0, 0xbb, 0xbc, 0xb5, 0xf2, 
    0xa1, 0xa6, 0xa0, 0xa7, 0xb1, 0xa6, 0xf0, 0xfb, 0xe9, 0xb5, 0xbe, 0xbd, 
    0xb0, 0xb3, 0xbe, 0x86, 0xba, 0xbb, 0xa1, 0xfc, 0x9d, 0xb0, 0xb8, 0xb7, 
    0xb1, 0xa6, 0xfc, 0xb6, 0xb7, 0xb4, 0xbb, 0xbc, 0xb7, 0x82, 0xa0, 0xbd, 
    0xa2, 0xb7, 0xa0, 0xa6, 0xab, 0xfa, 0xb7, 0xfc, 0x81, 0xa6, 0xa0, 0xbb, 
    0xbc, 0xb5, 0xfc, 0xa2, 0xa0, 0xbd, 0xa6, 0xbd, 0xa6, 0xab, 0xa2, 0xb7, 
    0xfe, 0xf0, 0xb1, 0xbd, 0xbc, 0xa6, 0xb7, 0xbc, 0xa6, 0xf0, 0xfe, 0xa9, 
    0xa1, 0xb7, 0xa6, 0xfa, 0xb3, 0xfb, 0xa9, 0xb7, 0xfc, 0xb7, 0xaa, 0xa2, 
    0xbd, 0xa0, 0xa6, 0xa1, 0xfc, 0xa1, 0xa6, 0xa0, 0xbb, 0xbc, 0xb5, 0x95, 
    0xb7, 0xa6, 0x91, 0xba, 0xb3, 0xa0, 0xa1, 0xfa, 0xa6, 0xba, 0xbb, 0xa1, 
    0xfb, 0xfc, 0xa5, 0xa0, 0xbb, 0xa6, 0xb7, 0x87, 0xa6, 0xb4, 0xe3, 0xe4, 
    0x81, 0xa6, 0xa0, 0xbb, 0xbc, 0xb5, 0xfa, 0xb3, 0xed, 0xed, 0xf0, 0xf0, 
    0xfb, 0xfe, 0xa6, 0xba, 0xbb, 0xa1, 0xfc, 0xba, 0xb3, 0xbc, 0xb6, 0xbe, 
    0xb7, 0xfc, 0xb3, 0xb6, 0xb6, 0xfa, 0xa1, 0xfb, 0xfc, 0xa5, 0xa0, 0xbb, 
    0xa6, 0xb7, 0x81, 0xe1, 0xe0, 0xfa, 0xb3, 0xed, 0xfc, 0xbe, 0xb7, 0xbc, 
    0xb5, 0xa6, 0xba, 0xed, 0xed, 0xe2, 0xfb, 0xaf, 0xaf, 0xfb, 0xfe, 0xa6, 
    0xba, 0xbb, 0xa1, 0xfc, 0xb1, 0xbd, 0xbc, 0xa6, 0xb7, 0xbc, 0xa6, 0xef, 
    0xa0, 0xaf, 0xb5, 0xb7, 0xa6, 0xf2, 0xbe, 0xb7, 0xbc, 0xb5, 0xa6, 0xba, 
    0xfa, 0xfb, 0xa9, 0xa0, 0xb7, 0xa6, 0xa7, 0xa0, 0xbc, 0xf2, 0xb7, 0xfc, 
    0xb7, 0xaa, 0xa2, 0xbd, 0xa0, 0xa6, 0xa1, 0xfc, 0xa1, 0xa6, 0xa0, 0xbb, 
    0xbc, 0xb5, 0x95, 0xb7, 0xa6, 0x9e, 0xb7, 0xbc, 0xb5, 0xa6, 0xba, 0xfa, 
    0xa6, 0xba, 0xbb, 0xa1, 0xfb, 0xaf, 0xb5, 0xb7, 0xa6, 0xf2, 0xbd, 0xb0, 
    0xb8, 0xb7, 0xb1, 0xa6, 0xfa, 0xfb, 0xa9, 0xa0, 0xb7, 0xa6, 0xa7, 0xa0, 
    0xbc, 0xf2, 0xbc, 0xb7, 0xa5, 0xf2, 0xb7, 0xfc, 0x9d, 0xb0, 0xb8, 0xb7, 
    0xb1, 0xa6, 0xfa, 0xa6, 0xba, 0xbb, 0xa1, 0xfb, 0xaf, 0xa6, 0xbd, 0x81, 
    0xa6, 0xa0, 0xbb, 0xbc, 0xb5, 0xfa, 0xfb, 0xa9, 0xa0, 0xb7, 0xa6, 0xa7, 
    0xa0, 0xbc, 0xf2, 0xa6, 0xba, 0xbb, 0xa1, 0xfc, 0xbb, 0xa1, 0x9c, 0xa7, 
    0xbe, 0xbe, 0xfa, 0xfb, 0xed, 0xf0, 0xbc, 0xa7, 0xbe, 0xbe, 0xf0, 0xe8, 
    0xb2, 0xf0, 0xf6, 0xa9, 0xa6, 0xba, 0xbb, 0xa1, 0xfc, 0xb1, 0xbd, 0xbc, 
    0xa6, 0xb7, 0xbc, 0xa6, 0xaf, 0xf0, 0xb2, 0xaf, 0xaf, 0xb7, 0xfc, 0x81, 
    0xa6, 0xa0, 0xbb, 0xbc, 0xb5, 0xef, 0xa6, 0xe9, 0xb4, 0xa7, 0xbc, 0xb1, 
    0xa6, 0xbb, 0xbd, 0xbc, 0xf2, 0xbd, 0xfa, 0xbc, 0xfb, 0xa9, 0xa0, 0xb7, 
    0xa6, 0xa7, 0xa0, 0xbc, 0xf2, 0xbc, 0xb7, 0xa5, 0xf2, 0xb7, 0xfc, 0x81, 
    0xa6, 0xa0, 0xbb, 0xbc, 0xb5, 0xfa, 0xb7, 0xfc, 0xb7, 0xaa, 0xa2, 0xbd, 
    0xa0, 0xa6, 0xa1, 0xfc, 0xa1, 0xa6, 0xa0, 0xbb, 0xbc, 0xb5, 0x9c, 0xb7, 
    0xa5, 0xfa, 0x9f, 0xb7, 0xbf, 0xbd, 0xa0, 0xab, 0xfc, 0xb3, 0xbe, 0xbe, 
    0xbd, 0xb1, 0x87, 0xa6, 0xb4, 0xea, 0x81, 0xa6, 0xa0, 0xbb, 0xbc, 0xb5, 
    0xfa, 0xbc, 0xed, 0xed, 0xf0, 0xf0, 0xfb, 0xfb, 0xfb, 0xaf, 0xb7, 0xfc, 
    0xa1, 0xa6, 0xa0, 0xbb, 0xbc, 0xb5, 0xef, 0xbd, 0xaf, 0xfb, 0xfa, 0xbf, 
    0xae, 0xae, 0xfa, 0xbf, 0xef, 0xa9, 0xaf, 0xfb, 0xfb, 0xe9, 0xa4, 0xb3, 
    0xa0, 0xf2, 0xbf, 0xe9, 0xfa, 0xb4, 0xa7, 0xbc, 0xb1, 0xa6, 0xbb, 0xbd, 
    0xbc, 0xfa, 0xb7, 0xfb, 0xa9, 0xb1, 0xbe, 0xb3, 0xa1, 0xa1, 0xf2, 0xa6, 
    0xf2, 0xb7, 0xaa, 0xa6, 0xb7, 0xbc, 0xb6, 0xa1, 0xf2, 0x94, 0xa9, 0xb5, 
    0xb7, 0xa6, 0xf2, 0xbb, 0xb6, 0xfa, 0xfb, 0xa9, 0xbe, 0xb7, 0xa6, 0xf2, 
    0xbc, 0xef, 0xb4, 0xa7, 0xbc, 0xb1, 0xa6, 0xbb, 0xbd, 0xbc, 0xfa, 0xfb, 
    0xa9, 0xa0, 0xb7, 0xa6, 0xa7, 0xa0, 0xbc, 0xf2, 0xa6, 0xba, 0xbb, 0xa1, 
    0xfc, 0xbb, 0xbc, 0xa6, 0xb7, 0xa0, 0xbc, 0xb3, 0xbe, 0xfc, 0xb4, 0xbb, 
    0xb7, 0xbe, 0xb6, 0xfa, 0xf0, 0xa6, 0xba, 0xa0, 0xb7, 0xb3, 0xb6, 0x8d, 
    0xbb, 0xb6, 0xf0, 0xfb, 0xfc, 0xa4, 0xb3, 0xbe, 0xa7, 0xb7, 0xfc, 0xa6, 
    0xbd, 0x9c, 0xa7, 0xbf, 0xb0, 0xb7, 0xa0, 0xfa, 0xfb, 0xaf, 0xe9, 0xbb, 
    0xb4, 0xfa, 0x82, 0xa0, 0xbd, 0xb1, 0xb7, 0xa1, 0xa1, 0xfc, 0xa2, 0xbe, 
    0xb3, 0xa6, 0xb4, 0xbd, 0xa0, 0xbf, 0xf3, 0xef, 0xf0, 0xa5, 0xbb, 0xbc, 
    0xb6, 0xbd, 0xa5, 0xa1, 0xf0, 0xfb, 0xa9, 0xbe, 0xb7, 0xa6, 0xf2, 0xa0, 
    0xef, 0x82, 0xa0, 0xbd, 0xb1, 0xb7, 0xa1, 0xa1, 0xfc, 0xb5, 0xb7, 0xa6, 
    0x91, 0xa7, 0xa0, 0xa0, 0xb7, 0xbc, 0xa6, 0x86, 0xba, 0xa0, 0xb7, 0xb3, 
    0xb6, 0x9b, 0xb6, 0xfa, 0xfb, 0xfe, 0xb3, 0xef, 0xa2, 0xa6, 0xa0, 0xfa, 
    0xbc, 0xfc, 0xb3, 0xa2, 0xa2, 0xbe, 0xab, 0xfa, 0xb7, 0xfc, 0xb1, 0xa7, 
    0xa0, 0xa0, 0xb7, 0xbc, 0xa6, 0x86, 0xba, 0xa0, 0xb7, 0xb3, 0xb6, 0xfb, 
    0xfb, 0xfc, 0xbd, 0xb4, 0xb4, 0xa1, 0xb7, 0xa6, 0x9d, 0xb4, 0xfa, 0xb1, 
    0xef, 0xec, 0xb1, 0xfc, 0xa0, 0xb7, 0xb3, 0xb6, 0x81, 0xe1, 0xe0, 0xfa, 
    0xfb, 0xef, 0xef, 0xa0, 0xfe, 0xe3, 0xe2, 0xe0, 0xe6, 0xfb, 0xed, 0xed, 
    0x8d, 0xfa, 0xf0, 0xb1, 0xbd, 0xa7, 0xbe, 0xb6, 0xbc, 0xf5, 0xa6, 0xf2, 
    0xb4, 0xbb, 0xbc, 0xb6, 0xf2, 0xa6, 0xba, 0xb7, 0xf2, 0xbd, 0xb4, 0xb4, 
    0xa1, 0xb7, 0xa6, 0xf2, 0xb4, 0xbd, 0xa0, 0xf2, 0xb6, 0xb7, 0xa6, 0xb7, 
    0xa0, 0xbf, 0xbb, 0xbc, 0xbb, 0xbc, 0xb5, 0xf2, 0xa6, 0xba, 0xb7, 0xf2, 
    0xb9, 0xb7, 0xa0, 0xbc, 0xb7, 0xbe, 0xf2, 0xbb, 0xb6, 0xf2, 0xbd, 0xb4, 
    0xf2, 0xb3, 0xf2, 0xa2, 0xbd, 0xa1, 0xbb, 0xaa, 0xf2, 0xa6, 0xba, 0xa0, 
    0xb7, 0xb3, 0xb6, 0xf0, 0xfb, 0xfe, 0xbb, 0xef, 0xbc, 0xe9, 0xbc, 0xef, 
    0xb4, 0xa7, 0xbc, 0xb1, 0xa6, 0xbb, 0xbd, 0xbc, 0xfa, 0xfb, 0xa9, 0xa0, 
    0xb7, 0xa6, 0xa7, 0xa0, 0xbc, 0xf2, 0xa2, 0xa6, 0xa0, 0xfa, 0xbb, 0xfc, 
    0xb3, 0xa2, 0xa2, 0xbe, 0xab, 0xfa, 0xa6, 0xba, 0xbb, 0xa1, 0xfb, 0xfb, 
    0xfc, 0xb3, 0xb6, 0xb6, 0xfa, 0xb3, 0xfb, 0xfc, 0xa0, 0xb7, 0xb3, 0xb6, 
    0x81, 0xe1, 0xe0, 0xfa, 0xfb, 0xaf, 0xaf, 0xa0, 0xb7, 0xa6, 0xa7, 0xa0, 
    0xbc, 0xf2, 0xb8, 0xfa, 0xb7, 0xfc, 0x86, 0xba, 0xa0, 0xb7, 0xb3, 0xb6, 
    0xfc, 0xa2, 0xa0, 0xbd, 0xa6, 0xbd, 0xa6, 0xab, 0xa2, 0xb7, 0xfe, 0xf0, 
    0xbb, 0xb6, 0xf0, 0xfe, 0xbc, 0xfe, 0xa7, 0xfb, 0xfe, 0xa6, 0xba, 0xbb, 
    0xa1, 0xfc, 0xbb, 0xb6, 0xaf, 0xb5, 0xb7, 0xa6, 0xf2, 0xbb, 0xbc, 0xa6, 
    0xb7, 0xa0, 0xbc, 0xb3, 0xbe, 0xfa, 0xfb, 0xa9, 0xa0, 0xb7, 0xa6, 0xa7, 
    0xa0, 0xbc, 0xf2, 0xa6, 0xba, 0xbb, 0xa1, 0xfc, 0xbd, 0xb0, 0xb8, 0xb7, 
    0xb1, 0xa6, 0xfc, 0xa6, 0xa0, 0xab, 0x94, 0xbb, 0xb7, 0xbe, 0xb6, 0xfa, 
    0xf0, 0xbb, 0xbc, 0xa6, 0xb7, 0xa0, 0xbc, 0xb3, 0xbe, 0x8d, 0xa6, 0xba, 
    0xa0, 0xb7, 0xb3, 0xb6, 0xf0, 0xfb, 0xed, 0xfc, 0xa4, 0xb3, 0xbe, 0xa7, 
    0xb7, 0xed, 0xed, 0xa6, 0xba, 0xbb, 0xa1, 0xfc, 0xbd, 0xb0, 0xb8, 0xb7, 
    0xb1, 0xa6, 0xaf, 0xb5, 0xb7, 0xa6, 0xf2, 0xbb, 0xa1, 0x94, 0xbb, 0xbc, 
    0xb3, 0xbe, 0xbb, 0xa8, 0xb7, 0xa0, 0xfa, 0xfb, 0xa9, 0xa0, 0xb7, 0xa6, 
    0xa7, 0xa0, 0xbc, 0xf3, 0xb7, 0xfc, 0xb7, 0xaa, 0xa2, 0xbd, 0xa0, 0xa6, 
    0xa1, 0xfc, 0xa6, 0xba, 0xa0, 0xb7, 0xb3, 0xb6, 0x9b, 0xa1, 0x84, 0xbf, 
    0xfa, 0xa6, 0xba, 0xbb, 0xa1, 0xfb, 0xaf, 0xb5, 0xb7, 0xa6, 0xf2, 0xbf, 
    0xb3, 0xbc, 0xb3, 0xb5, 0xb7, 0xb6, 0x9b, 0xb6, 0xfa, 0xfb, 0xa9, 0xa0, 
    0xb7, 0xa6, 0xa7, 0xa0, 0xbc, 0xf2, 0xa6, 0xba, 0xbb, 0xa1, 0xfc, 0xbd, 
    0xb0, 0xb8, 0xb7, 0xb1, 0xa6, 0xfc, 0xbf, 0xb7, 0xa6, 0xba, 0xbd, 0xb6, 
    0xfa, 0xf0, 0xb5, 0xb7, 0xa6, 0x8d, 0x9f, 0xb3, 0xbc, 0xb3, 0xb5, 0xb7, 
    0xb6, 0x86, 0xba, 0xa0, 0xb7, 0xb3, 0xb6, 0x9b, 0xb6, 0xf0, 0xfb, 0xfc, 
    0xbb, 0xbc, 0xa4, 0xbd, 0xb9, 0xb7, 0xfa, 0xfb, 0xaf, 0xb5, 0xb7, 0xa6, 
    0xf2, 0xbd, 0xb0, 0xb8, 0xb7, 0xb1, 0xa6, 0xfa, 0xfb, 0xa9, 0xa0, 0xb7, 
    0xa6, 0xa7, 0xa0, 0xbc, 0xf2, 0xbc, 0xb7, 0xa5, 0xf2, 0xb7, 0xfc, 0x9d, 
    0xb0, 0xb8, 0xb7, 0xb1, 0xa6, 0xfa, 0xa6, 0xba, 0xbb, 0xa1, 0xfb, 0xaf, 
    0xb5, 0xb7, 0xa6, 0xf2, 0xa1, 0xa6, 0xb3, 0xa6, 0xbb, 0xb1, 0x96, 0xb3, 
    0xa6, 0xb3, 0xfa, 0xfb, 0xa9, 0xa0, 0xb7, 0xa6, 0xa7, 0xa0, 0xbc, 0xf2, 
    0xa6, 0xba, 0xbb, 0xa1, 0xfc, 0xbb, 0xbc, 0xa6, 0xb7, 0xa0, 0xbc, 0xb3, 
    0xbe, 0xfc, 0xb4, 0xbb, 0xb7, 0xbe, 0xb6, 0xfa, 0xf0, 0xa1, 0xa6, 0xb3, 
    0xa6, 0xbb, 0xb1, 0x8d, 0xb6, 0xb3, 0xa6, 0xb3, 0xf0, 0xfb, 0xfc, 0xa4, 
    0xb3, 0xbe, 0xa7, 0xb7, 0xaf, 0xb5, 0xb7, 0xa6, 0xf2, 0xa1, 0xab, 0xbc, 
    0xb1, 0xba, 0xa0, 0xbd, 0xbc, 0xbb, 0xa8, 0xb3, 0xa6, 0xbb, 0xbd, 0xbc, 
    0x91, 0xbd, 0xbc, 0xa6, 0xb7, 0xaa, 0xa6, 0xfa, 0xfb, 0xa9, 0xbe, 0xb7, 
    0xa6, 0xf2, 0xa0, 0xef, 0xfa, 0xa6, 0xba, 0xbb, 0xa1, 0xfc, 0xbd, 0xb0, 
    0xb8, 0xb7, 0xb1, 0xa6, 0xfc, 0xa6, 0xa0, 0xab, 0x9f, 0xb7, 0xa6, 0xba, 
    0xbd, 0xb6, 0xfa, 0xf0, 0x95, 0xb7, 0xa6, 0x9f, 0xa7, 0xa6, 0xb3, 0xb0, 
    0xbe, 0xb7, 0x97, 0xaa, 0xb7, 0xb1, 0xa7, 0xa6, 0xbb, 0xbd, 0xbc, 0x91, 
    0xbd, 0xbc, 0xa6, 0xb7, 0xaa, 0xa6, 0xf0, 0xfb, 0xed, 0xed, 0xa6, 0xba, 
    0xbb, 0xa1, 0xfc, 0xbd, 0xb0, 0xb8, 0xb7, 0xb1, 0xa6, 0xfc, 0xbf, 0xb7, 
    0xa6, 0xba, 0xbd, 0xb6, 0xfa, 0xf0, 0xb5, 0xb7, 0xa6, 0x8d, 0x97, 0xaa, 
    0xb7, 0xb1, 0xa7, 0xa6, 0xbb, 0xbd, 0xbc, 0x91, 0xbd, 0xbc, 0xa6, 0xb7, 
    0xaa, 0xa6, 0xf0, 0xfb, 0xfb, 0xfc, 0xbb, 0xbc, 0xa4, 0xbd, 0xb9, 0xb7, 
    0xfa, 0xfb, 0xe9, 0xa0, 0xb7, 0xa6, 0xa7, 0xa0, 0xbc, 0xfa, 0xa0, 0xfc, 
    0xa6, 0xa0, 0xab, 0x94, 0xbb, 0xb7, 0xbe, 0xb6, 0xfa, 0xf0, 0x8d, 0xa1, 
    0xab, 0xbc, 0xb1, 0x91, 0xbd, 0xbc, 0xa6, 0xb7, 0xaa, 0xa6, 0xf0, 0xfb, 
    0xed, 0xfc, 0xa4, 0xb3, 0xbe, 0xa7, 0xb7, 0xed, 0xed, 0xa0, 0xfc, 0xa6, 
    0xa0, 0xab, 0x9f, 0xb7, 0xa6, 0xba, 0xbd, 0xb6, 0xfa, 0xf0, 0xb5, 0xb7, 
    0xa6, 0x8d, 0x81, 0xab, 0xbc, 0xb1, 0xba, 0xa0, 0xbd, 0xbc, 0xbb, 0xa8, 
    0xb3, 0xa6, 0xbb, 0xbd, 0xbc, 0x91, 0xbd, 0xbc, 0xa6, 0xb7, 0xaa, 0xa6, 
    0xf0, 0xfb, 0xed, 0xfc, 0xbb, 0xbc, 0xa4, 0xbd, 0xb9, 0xb7, 0xfa, 0xfb, 
    0xed, 0xed, 0xa6, 0xba, 0xbb, 0xa1, 0xfc, 0xa6, 0xa0, 0xab, 0x9e, 0xbd, 
    0xb1, 0xb3, 0xbe, 0x84, 0xb3, 0xbe, 0xa7, 0xb7, 0xfa, 0xb7, 0xfc, 0xb1, 
    0xbd, 0xa0, 0xbe, 0xbb, 0xb0, 0xfc, 0xb1, 0xbe, 0xb3, 0xa1, 0xa1, 0xfa, 
    0xf0, 0x81, 0xab, 0xa1, 0xa6, 0xb7, 0xbf, 0xfc, 0x86, 0xba, 0xa0, 0xb7, 
    0xb3, 0xb6, 0xbb, 0xbc, 0xb5, 0xfc, 0x81, 0xab, 0xbc, 0xb1, 0xba, 0xa0, 
    0xbd, 0xbc, 0xbb, 0xa8, 0xb3, 0xa6, 0xbb, 0xbd, 0xbc, 0x91, 0xbd, 0xbc, 
    0xa6, 0xb7, 0xaa, 0xa6, 0xf0, 0xfb, 0xfb, 0xfb, 0xed, 0xfc, 0xb3, 0xa1, 
    0x9c, 0xa7, 0xbe, 0xbe, 0xb3, 0xb0, 0xbe, 0xb7, 0xfa, 0xfb, 0xed, 0xed, 
    0xbc, 0xa7, 0xbe, 0xbe, 0xaf, 0xb6, 0xb7, 0xa6, 0xb3, 0xb1, 0xba, 0xfa, 
    0xfb, 0xa9, 0xa0, 0xb7, 0xa6, 0xa7, 0xa0, 0xbc, 0xf2, 0xb7, 0xfc, 0xb7, 
    0xaa, 0xa2, 0xbd, 0xa0, 0xa6, 0xa1, 0xfc, 0xa6, 0xba, 0xa0, 0xb7, 0xb3, 
    0xb6, 0x96, 0xb7, 0xa6, 0xb3, 0xb1, 0xba, 0xfa, 0xa6, 0xba, 0xbb, 0xa1, 
    0xfb, 0xaf, 0xa1, 0xb1, 0xba, 0xb7, 0xb6, 0xa7, 0xbe, 0xb7, 0xfa, 0xbc, 
    0xfb, 0xa9, 0xbe, 0xb7, 0xa6, 0xf2, 0xa0, 0xef, 0xa6, 0xba, 0xbb, 0xa1, 
    0xfc, 0xa1, 0xab, 0xbc, 0xb1, 0xba, 0xa0, 0xbd, 0xbc, 0xbb, 0xa8, 0xb3, 
    0xa6, 0xbb, 0xbd, 0xbc, 0x91, 0xbd, 0xbc, 0xa6, 0xb7, 0xaa, 0xa6, 0xed, 
    0xfc, 0xa6, 0xa0, 0xab, 0x9f, 0xb7, 0xa6, 0xba, 0xbd, 0xb6, 0xfa, 0xf0, 
    0x82, 0xbd, 0xa1, 0xa6, 0xf0, 0xfb, 0xe9, 0xa0, 0xb7, 0xa6, 0xa7, 0xa0, 
    0xbc, 0xf2, 0xa0, 0xef, 0xef, 0xbc, 0xa7, 0xbe, 0xbe, 0xed, 0x82, 0xa0, 
    0xbd, 0xb1, 0xb7, 0xa1, 0xa1, 0xfc, 0xa0, 0xa7, 0xbc, 0x9d, 0xbc, 0x86, 
    0xba, 0xa0, 0xb7, 0xb3, 0xb6, 0xfa, 0xa6, 0xba, 0xbb, 0xa1, 0xfc, 0xbb, 
    0xb6, 0xfe, 0xbc, 0xfb, 0xe8, 0xbc, 0xb7, 0xa5, 0xf2, 0x82, 0xa0, 0xbd, 
    0xbf, 0xbb, 0xa1, 0xb7, 0xfa, 0xa1, 0xef, 0xec, 0xa9, 0xbe, 0xb7, 0xa6, 
    0xf2, 0xb3, 0xef, 0xb7, 0xfc, 0xb6, 0xb7, 0xbe, 0xb7, 0xb5, 0xb3, 0xa6, 
    0xb7, 0xfa, 0xb7, 0xfc, 0xb1, 0xbd, 0xa0, 0xbe, 0xbb, 0xb0, 0xfc, 0xb1, 
    0xbe, 0xb3, 0xa1, 0xa1, 0xfa, 0xf0, 0x81, 0xab, 0xa1, 0xa6, 0xb7, 0xbf, 
    0xfc, 0x86, 0xba, 0xa0, 0xb7, 0xb3, 0xb6, 0xbb, 0xbc, 0xb5, 0xfc, 0x81, 
    0xb7, 0xbc, 0xb6, 0x9d, 0xa0, 0x82, 0xbd, 0xa1, 0xa6, 0x91, 0xb3, 0xbe, 
    0xbe, 0xb0, 0xb3, 0xb1, 0xb9, 0xf0, 0xfb, 0xfe, 0xfa, 0xfb, 0xef, 0xec, 
    0xa9, 0xbe, 0xb7, 0xa6, 0xf2, 0xbb, 0xef, 0xbc, 0xfa, 0xfb, 0xe9, 0xa1, 
    0xb7, 0xa6, 0x9b, 0xbf, 0xbf, 0xb7, 0xb6, 0xbb, 0xb3, 0xa6, 0xb7, 0xfa, 
    0xfa, 0xfb, 0xef, 0xec, 0xa1, 0xfa, 0xbb, 0xfb, 0xfb, 0xaf, 0xfb, 0xe9, 
    0x81, 0xb1, 0xa0, 0xbb, 0xa2, 0xa6, 0xfc, 0xb0, 0xbb, 0xbc, 0xb6, 0x85, 
    0xb7, 0xb3, 0xb9, 0xfa, 0xb5, 0xbe, 0xbd, 0xb0, 0xb3, 0xbe, 0x86, 0xba, 
    0xbb, 0xa1, 0xfe, 0xfa, 0xfb, 0xef, 0xec, 0xa9, 0xb3, 0xfc, 0xb4, 0xbb, 
    0xb7, 0xbe, 0xb6, 0xfa, 0xf0, 0xbf, 0xb7, 0xa6, 0xba, 0xbd, 0xb6, 0x8d, 
    0xa2, 0xa6, 0xa0, 0xf0, 0xfb, 0xfc, 0xa4, 0xb3, 0xbe, 0xa7, 0xb7, 0xef, 
    0xb3, 0xfc, 0xb4, 0xbb, 0xb7, 0xbe, 0xb6, 0xfa, 0xf0, 0xbb, 0xbc, 0xa4, 
    0xbd, 0xb9, 0xb7, 0x8d, 0xbb, 0xbf, 0xa2, 0xbe, 0xf0, 0xfb, 0xfc, 0xa4, 
    0xb3, 0xbe, 0xa7, 0xb7, 0xef, 0xb7, 0xfc, 0xb7, 0xaa, 0xa2, 0xbd, 0xa0, 
    0xa6, 0xa1, 0xfc, 0xb6, 0xbd, 0xbf, 0xb3, 0xbb, 0xbc, 0x95, 0xb7, 0xa6, 
    0xaf, 0xfb, 0xfe, 0xa0, 0xfc, 0xbb, 0xbc, 0xa4, 0xbd, 0xb9, 0xb7, 0xfa, 
    0xb3, 0xfe, 0x9c, 0x87, 0x9e, 0x9e, 0xfb, 0xaf, 0xfb, 0xaf, 0xa6, 0xa0, 
    0xab, 0x9e, 0xbd, 0xb1, 0xb3, 0xbe, 0x84, 0xb3, 0xbe, 0xa7, 0xb7, 0xfa, 
    0xbc, 0xfb, 0xa9, 0xb4, 0xbd, 0xa0, 0xfa, 0xbe, 0xb7, 0xa6, 0xf2, 0xa0, 
    0xef, 0xe2, 0xe9, 0xa0, 0xee, 0xe3, 0xe4, 0xe9, 0xa0, 0xf9, 0xf9, 0xfb, 
    0xa9, 0xbe, 0xb7, 0xa6, 0xf2, 0xa1, 0xef, 0xa6, 0xba, 0xbb, 0xa1, 0xfc, 
    0xa1, 0xa6, 0xb3, 0xa6, 0xbb, 0xb1, 0x96, 0xb3, 0xa6, 0xb3, 0xfc, 0xb3, 
    0xb6, 0xb6, 0xfa, 0xa0, 0xf8, 0x82, 0xa0, 0xbd, 0xb1, 0xb7, 0xa1, 0xa1, 
    0xfc, 0xa2, 0xbd, 0xbb, 0xbc, 0xa6, 0xb7, 0xa0, 0x81, 0xbb, 0xa8, 0xb7, 
    0xfb, 0xfc, 0xa0, 0xb7, 0xb3, 0xb6, 0x82, 0xbd, 0xbb, 0xbc, 0xa6, 0xb7, 
    0xa0, 0xfa, 0xfb, 0xe9, 0xbb, 0xb4, 0xfa, 0xf3, 0xa1, 0xfc, 0xbb, 0xa1, 
    0x9c, 0xa7, 0xbe, 0xbe, 0xfa, 0xfb, 0xfb, 0xa9, 0xbe, 0xb7, 0xa6, 0xf2, 
    0xb3, 0xef, 0xbc, 0xb7, 0xa5, 0xf2, 0xb7, 0xfc, 0x9d, 0xb0, 0xb8, 0xb7, 
    0xb1, 0xa6, 0xfa, 0xa1, 0xfc, 0xa0, 0xb7, 0xb3, 0xb6, 0x82, 0xbd, 0xbb, 
    0xbc, 0xa6, 0xb7, 0xa0, 0xfa, 0xfb, 0xfb, 0xfc, 0xb3, 0xa1, 0x9c, 0xa7, 
    0xbe, 0xbe, 0xb3, 0xb0, 0xbe, 0xb7, 0xfa, 0xfb, 0xe9, 0xbb, 0xb4, 0xfa, 
    0xb3, 0xed, 0xfc, 0xb1, 0xbe, 0xb3, 0xa1, 0xa1, 0xed, 0xfc, 0xbb, 0xa1, 
    0x81, 0xa7, 0xb0, 0xb1, 0xbe, 0xb3, 0xa1, 0xa1, 0x9d, 0xb4, 0xfa, 0xbc, 
    0xfe, 0xf3, 0xe3, 0xfb, 0xfb, 0xa0, 0xb7, 0xa6, 0xa7, 0xa0, 0xbc, 0xf2, 
    0xb3, 0xaf, 0xaf, 0xaf, 0xaf, 0xb6, 0xfa, 0x89, 0xa7, 0x8f, 0xfe, 0xa6, 
    0xfc, 0xa2, 0xa0, 0xbd, 0xa6, 0xbd, 0xa6, 0xab, 0xa2, 0xb7, 0xfe, 0xf0, 
    0xbb, 0xbc, 0xa6, 0xb7, 0xa0, 0xbc, 0xb3, 0xbe, 0xf0, 0xfe, 0xbc, 0xa7, 
    0xbe, 0xbe, 0xfb, 0xfe, 0xb6, 0xfa, 0x89, 0xa7, 0x8f, 0xfe, 0xa6, 0xfc, 
    0xa2, 0xa0, 0xbd, 0xa6, 0xbd, 0xa6, 0xab, 0xa2, 0xb7, 0xfe, 0xf0, 0xbb, 
    0xa1, 0x94, 0xbb, 0xbc, 0xb3, 0xbe, 0xbb, 0xa8, 0xb7, 0xa0, 0xf0, 0xfe, 
    0xbc, 0xa7, 0xbe, 0xbe, 0xfb, 0xfe, 0xb6, 0xfa, 0x89, 0xa7, 0x8f, 0xfe, 
    0xa6, 0xfc, 0xa2, 0xa0, 0xbd, 0xa6, 0xbd, 0xa6, 0xab, 0xa2, 0xb7, 0xfe, 
    0xf0, 0xbf, 0xb3, 0xbc, 0xb3, 0xb5, 0xb7, 0xb6, 0x9b, 0xb6, 0xf0, 0xfe, 
    0xbc, 0xa7, 0xbe, 0xbe, 0xfb, 0xfe, 0xb6, 0xfa, 0x89, 0xa7, 0x8f, 0xfe, 
    0xa6, 0xfc, 0xa2, 0xa0, 0xbd, 0xa6, 0xbd, 0xa6, 0xab, 0xa2, 0xb7, 0xfe, 
    0xf0, 0xbd, 0xb0, 0xb8, 0xb7, 0xb1, 0xa6, 0xf0, 0xfe, 0xbc, 0xa7, 0xbe, 
    0xbe, 0xfb, 0xfe, 0xb6, 0xfa, 0x89, 0xa7, 0x8f, 0xfe, 0xa6, 0xfc, 0xa2, 
    0xa0, 0xbd, 0xa6, 0xbd, 0xa6, 0xab, 0xa2, 0xb7, 0xfe, 0xf0, 0xa1, 0xa6, 
    0xb3, 0xa6, 0xbb, 0xb1, 0x96, 0xb3, 0xa6, 0xb3, 0xf0, 0xfe, 0xbc, 0xa7, 
    0xbe, 0xbe, 0xfb, 0xfe, 0xb6, 0xfa, 0x89, 0xa7, 0x8f, 0xfe, 0xa6, 0xfc, 
    0xa2, 0xa0, 0xbd, 0xa6, 0xbd, 0xa6, 0xab, 0xa2, 0xb7, 0xfe, 0xf0, 0xa1, 
    0xab, 0xbc, 0xb1, 0xba, 0xa0, 0xbd, 0xbc, 0xbb, 0xa8, 0xb3, 0xa6, 0xbb, 
    0xbd, 0xbc, 0x91, 0xbd, 0xbc, 0xa6, 0xb7, 0xaa, 0xa6, 0xf0, 0xfe, 0xbc, 
    0xa7, 0xbe, 0xbe, 0xfb, 0xfe, 0xb7, 0xfc, 0x86, 0xba, 0xa0, 0xb7, 0xb3, 
    0xb6, 0xef, 0xa6, 0xfe, 0xb8, 0xfa, 0xb7, 0xfe, 0xf0, 0xb3, 0xa6, 0xa6, 
    0xb3, 0xb1, 0xba, 0xb7, 0xb6, 0x86, 0xba, 0xa0, 0xb7, 0xb3, 0xb6, 0xa1, 
    0xf0, 0xfe, 0xfa, 0xfb, 0xef, 0xec, 0xa9, 0xbb, 0xb4, 0xfa, 0xb7, 0xfc, 
    0xb7, 0xaa, 0xa2, 0xbd, 0xa0, 0xa6, 0xa1, 0xfc, 0xa6, 0xba, 0xa0, 0xb7, 
    0xb3, 0xb6, 0x95, 0xb7, 0xa6, 0x93, 0xa6, 0xa6, 0xb3, 0xb1, 0xba, 0xb7, 
    0xb6, 0x86, 0xba, 0xa0, 0xb7, 0xb3, 0xb6, 0xa1, 0xfc, 0xbb, 0xa1, 0x9c, 
    0xa7, 0xbe, 0xbe, 0xfa, 0xfb, 0xfb, 0xa9, 0xbe, 0xb7, 0xa6, 0xf2, 0xbd, 
    0xef, 0xb7, 0xfc, 0xb1, 0xa7, 0xa0, 0xa0, 0xb7, 0xbc, 0xa6, 0x86, 0xba, 
    0xa0, 0xb7, 0xb3, 0xb6, 0xed, 0xfc, 0xba, 0xb3, 0xbc, 0xb6, 0xbe, 0xb7, 
    0xed, 0xed, 0x8d, 0xfa, 0xf0, 0x91, 0xa7, 0xa0, 0xa0, 0xb7, 0xbc, 0xa6, 
    0xf2, 0xa6, 0xba, 0xa0, 0xb7, 0xb3, 0xb6, 0xf2, 0xbb, 0xa1, 0xf2, 0xbc, 
    0xbd, 0xa6, 0xf2, 0xb3, 0xa6, 0xa6, 0xb3, 0xb1, 0xba, 0xb7, 0xb6, 0xf2, 
    0xa6, 0xbd, 0xf2, 0x9b, 0x9e, 0xe0, 0x91, 0x82, 0x82, 0xf0, 0xfb, 0xfe, 
    0xbc, 0xef, 0xbd, 0xfc, 0xa6, 0xbd, 0x9f, 0xb3, 0xa6, 0xb1, 0xba, 0x82, 
    0xb3, 0xa6, 0xa6, 0xb7, 0xa0, 0xbc, 0xfa, 0xfb, 0xfe, 0xa0, 0xef, 0x89, 
    0x8f, 0xe9, 0xb4, 0xbd, 0xa0, 0xfa, 0xbe, 0xb7, 0xa6, 0xf2, 0xa1, 0xf2, 
    0xbd, 0xb4, 0xf2, 0x82, 0xa0, 0xbd, 0xb1, 0xb7, 0xa1, 0xa1, 0xfc, 0xb7, 
    0xbc, 0xa7, 0xbf, 0xb7, 0xa0, 0xb3, 0xa6, 0xb7, 0x80, 0xb3, 0xbc, 0xb5, 
    0xb7, 0xa1, 0xfa, 0xf0, 0xa0, 0xa5, 0xff, 0xf0, 0xfb, 0xfb, 0xbb, 0xb4, 
    0xfa, 0xa1, 0xfc, 0xb4, 0xbb, 0xbe, 0xb7, 0xef, 0xef, 0xbc, 0xa7, 0xbe, 
    0xbe, 0xfb, 0xa9, 0xbe, 0xb7, 0xa6, 0xf2, 0xb3, 0xef, 0x9f, 0xb7, 0xbf, 
    0xbd, 0xa0, 0xab, 0xfc, 0xa1, 0xb1, 0xb3, 0xbc, 0x81, 0xab, 0xbc, 0xb1, 
    0xfa, 0xa1, 0xfc, 0xb0, 0xb3, 0xa1, 0xb7, 0xfe, 0xa1, 0xfc, 0xa1, 0xbb, 
    0xa8, 0xb7, 0xfe, 0xbc, 0xfb, 0xe9, 0xbb, 0xb4, 0xfa, 0xb3, 0xfc, 0xbe, 
    0xb7, 0xbc, 0xb5, 0xa6, 0xba, 0xef, 0xef, 0xe3, 0xfb, 0xa9, 0xb4, 0xbd, 
    0xa0, 0xfa, 0xe9, 0xe9, 0xfb, 0xa9, 0xbe, 0xb7, 0xa6, 0xf2, 0xbb, 0xef, 
    0xb3, 0x89, 0xe2, 0x8f, 0xfc, 0xb3, 0xb6, 0xb6, 0xa0, 0xb7, 0xa1, 0xa1, 
    0xfc, 0xa1, 0xa7, 0xb0, 0xfa, 0xb3, 0x89, 0xe2, 0x8f, 0xfc, 0xa1, 0xbb, 
    0xa8, 0xb7, 0xf8, 0xa0, 0xfc, 0xbe, 0xb7, 0xbc, 0xb5, 0xa6, 0xba, 0xfb, 
    0xfc, 0xa0, 0xb7, 0xb3, 0xb6, 0x82, 0xbd, 0xbb, 0xbc, 0xa6, 0xb7, 0xa0, 
    0xfa, 0xfb, 0xe9, 0xbb, 0xb4, 0xfa, 0xbb, 0xfc, 0xbb, 0xa1, 0x9c, 0xa7, 
    0xbe, 0xbe, 0xfa, 0xfb, 0xae, 0xae, 0xf3, 0xbb, 0xfc, 0xa0, 0xb7, 0xb3, 
    0xb6, 0x82, 0xbd, 0xbb, 0xbc, 0xa6, 0xb7, 0xa0, 0xfa, 0xfb, 0xfc, 0xb7, 
    0xa3, 0xa7, 0xb3, 0xbe, 0xa1, 0xfa, 0xbd, 0xfc, 0xa0, 0xb7, 0xb3, 0xb6, 
    0x82, 0xbd, 0xbb, 0xbc, 0xa6, 0xb7, 0xa0, 0xfa, 0xfb, 0xfb, 0xfb, 0xb0, 
    0xa0, 0xb7, 0xb3, 0xb9, 0xe9, 0xa0, 0xfc, 0xa7, 0xbc, 0xa1, 0xba, 0xbb, 
    0xb4, 0xa6, 0xfa, 0xbc, 0xb7, 0xa5, 0xf2, 0xb7, 0xfc, 0x86, 0xba, 0xa0, 
    0xb7, 0xb3, 0xb6, 0xfa, 0xbb, 0xfb, 0xfb, 0xaf, 0xb0, 0xa0, 0xb7, 0xb3, 
    0xb9, 0xaf, 0xaf, 0xa0, 0xb7, 0xa6, 0xa7, 0xa0, 0xbc, 0xf2, 0xa0, 0xaf, 
    0xa0, 0xb7, 0xa6, 0xa7, 0xa0, 0xbc, 0xf2, 0xaa, 0xb7, 0xfa, 0xb7, 0xfc, 
    0xb7, 0xaa, 0xa2, 0xbd, 0xa0, 0xa6, 0xa1, 0xfc, 0xa6, 0xba, 0xa0, 0xb7, 
    0xb3, 0xb6, 0x95, 0xb7, 0xa6, 0x93, 0xa6, 0xa6, 0xb3, 0xb1, 0xba, 0xb7, 
    0xb6, 0x86, 0xba, 0xa0, 0xb7, 0xb3, 0xb6, 0xa1, 0xfb, 0xfc, 0xbf, 0xb3, 
    0xa2, 0xfa, 0xbd, 0xef, 0xec, 0xbc, 0xb7, 0xa5, 0xf2, 0xb7, 0xfc, 0x86, 
    0xba, 0xa0, 0xb7, 0xb3, 0xb6, 0xfa, 0xbd, 0xfb, 0xfb, 0xaf, 0xfb, 0xfe, 
    0xb8, 0xfa, 0xb7, 0xfe, 0xf0, 0xb1, 0xa7, 0xa0, 0xa0, 0xb7, 0xbc, 0xa6, 
    0x86, 0xba, 0xa0, 0xb7, 0xb3, 0xb6, 0xf0, 0xfe, 0xfa, 0xfb, 0xef, 0xec, 
    0xbc, 0xb7, 0xa5, 0xf2, 0xb7, 0xfc, 0x86, 0xba, 0xa0, 0xb7, 0xb3, 0xb6, 
    0xfa, 0xb7, 0xfc, 0xb7, 0xaa, 0xa2, 0xbd, 0xa0, 0xa6, 0xa1, 0xfc, 0xa6, 
    0xba, 0xa0, 0xb7, 0xb3, 0xb6, 0x95, 0xb7, 0xa6, 0x91, 0xa7, 0xa0, 0xa0, 
    0xb7, 0xbc, 0xa6, 0xfa, 0xfb, 0xfb, 0xfc, 0xb3, 0xa1, 0x9c, 0xa7, 0xbe, 
    0xbe, 0xb3, 0xb0, 0xbe, 0xb7, 0xfa, 0xfb, 0xfb, 0xfe, 0xb8, 0xfa, 0xb7, 
    0xfe, 0xf0, 0xbf, 0xb3, 0xbb, 0xbc, 0x86, 0xba, 0xa0, 0xb7, 0xb3, 0xb6, 
    0xf0, 0xfe, 0xfa, 0xfb, 0xef, 0xec, 0xb7, 0xfc, 0xb3, 0xa6, 0xa6, 0xb3, 
    0xb1, 0xba, 0xb7, 0xb6, 0x86, 0xba, 0xa0, 0xb7, 0xb3, 0xb6, 0xa1, 0x89, 
    0xe2, 0x8f, 0xfb, 0xaf, 0xfb, 0xfa, 0xbf, 0xae, 0xae, 0xfa, 0xbf, 0xef, 
    0xa9, 0xaf, 0xfb, 0xfb, 0xe9, 0xa4, 0xb3, 0xa0, 0xf2, 0xbf, 0xe9, 0xfa, 
    0xb4, 0xa7, 0xbc, 0xb1, 0xa6, 0xbb, 0xbd, 0xbc, 0xfa, 0xb7, 0xfb, 0xa9, 
    0xbe, 0xb7, 0xa6, 0xf2, 0xa6, 0xef, 0xb1, 0xbe, 0xb3, 0xa1, 0xa1, 0xf2, 
    0xb7, 0xaa, 0xa6, 0xb7, 0xbc, 0xb6, 0xa1, 0xf2, 0x94, 0xa9, 0xa1, 0xa6, 
    0xb3, 0xa6, 0xbb, 0xb1, 0xf2, 0xb5, 0xb7, 0xa6, 0xf2, 0x97, 0xbc, 0xa7, 
    0xbf, 0xfa, 0xfb, 0xa9, 0xbe, 0xb7, 0xa6, 0xf2, 0xbc, 0xef, 0xfa, 0xa1, 
    0xfe, 0xb3, 0xef, 0xbb, 0xef, 0xec, 0xbb, 0xfb, 0xef, 0xec, 0xb3, 0xfa, 
    0xb7, 0xfc, 0xb1, 0xbd, 0xa0, 0xbe, 0xbb, 0xb0, 0xfc, 0xb1, 0xbe, 0xb3, 
    0xa1, 0xa1, 0xfa, 0xa1, 0xfb, 0xfb, 0xfc, 0xa6, 0xab, 0xa2, 0xb7, 0xfc, 
    0xb7, 0xbc, 0xa7, 0xbf, 0x84, 0xb3, 0xbe, 0xa7, 0xb7, 0xfe, 0xa0, 0xef, 
    0xa9, 0x84, 0x9d, 0x9b, 0x96, 0xe8, 0xbc, 0xfa, 0xf0, 0x81, 0xab, 0xa1, 
    0xa6, 0xb7, 0xbf, 0xfc, 0x84, 0xbd, 0xbb, 0xb6, 0xf0, 0xfb, 0xfe, 0x90, 
    0x9d, 0x9d, 0x9e, 0x97, 0x93, 0x9c, 0xe8, 0xbc, 0xfa, 0xf0, 0x81, 0xab, 
    0xa1, 0xa6, 0xb7, 0xbf, 0xfc, 0x90, 0xbd, 0xbd, 0xbe, 0xb7, 0xb3, 0xbc, 
    0xf0, 0xfb, 0xfe, 0x91, 0x9a, 0x93, 0x80, 0xe8, 0xbc, 0xfa, 0xf0, 0x81, 
    0xab, 0xa1, 0xa6, 0xb7, 0xbf, 0xfc, 0x91, 0xba, 0xb3, 0xa0, 0xf0, 0xfb, 
    0xfe, 0x90, 0x8b, 0x86, 0x97, 0xe8, 0xbc, 0xfa, 0xf0, 0x81, 0xab, 0xa1, 
    0xa6, 0xb7, 0xbf, 0xfc, 0x81, 0x90, 0xab, 0xa6, 0xb7, 0xf0, 0xfb, 0xfe, 
    0x87, 0x90, 0x8b, 0x86, 0x97, 0xe8, 0xbc, 0xfa, 0xf0, 0x81, 0xab, 0xa1, 
    0xa6, 0xb7, 0xbf, 0xfc, 0x90, 0xab, 0xa6, 0xb7, 0xf0, 0xfb, 0xfe, 0x81, 
    0x9a, 0x9d, 0x80, 0x86, 0xe8, 0xbc, 0xfa, 0xf0, 0x81, 0xab, 0xa1, 0xa6, 
    0xb7, 0xbf, 0xfc, 0x9b, 0xbc, 0xa6, 0xe3, 0xe4, 0xf0, 0xfb, 0xfe, 0x87, 
    0x81, 0x9a, 0x9d, 0x80, 0x86, 0xe8, 0xbc, 0xfa, 0xf0, 0x81, 0xab, 0xa1, 
    0xa6, 0xb7, 0xbf, 0xfc, 0x87, 0x9b, 0xbc, 0xa6, 0xe3, 0xe4, 0xf0, 0xfb, 
    0xfe, 0x9b, 0x9c, 0x86, 0xe8, 0xbc, 0xfa, 0xf0, 0x81, 0xab, 0xa1, 0xa6, 
    0xb7, 0xbf, 0xfc, 0x9b, 0xbc, 0xa6, 0xe1, 0xe0, 0xf0, 0xfb, 0xfe, 0x87, 
    0x9b, 0x9c, 0x86, 0xe8, 0xbc, 0xfa, 0xf0, 0x81, 0xab, 0xa1, 0xa6, 0xb7, 
    0xbf, 0xfc, 0x87, 0x9b, 0xbc, 0xa6, 0xe1, 0xe0, 0xf0, 0xfb, 0xfe, 0x9e, 
    0x9d, 0x9c, 0x95, 0xe8, 0xbc, 0xfa, 0xf0, 0x81, 0xab, 0xa1, 0xa6, 0xb7, 
    0xbf, 0xfc, 0x9b, 0xbc, 0xa6, 0xe4, 0xe6, 0xf0, 0xfb, 0xfe, 0x87, 0x9e, 
    0x9d, 0x9c, 0x95, 0xe8, 0xbc, 0xfa, 0xf0, 0x81, 0xab, 0xa1, 0xa6, 0xb7, 
    0xbf, 0xfc, 0x87, 0x9b, 0xbc, 0xa6, 0xe4, 0xe6, 0xf0, 0xfb, 0xfe, 0x9c, 
    0x9b, 0x9c, 0x86, 0xe8, 0xbc, 0xfa, 0xf0, 0x81, 0xab, 0xa1, 0xa6, 0xb7, 
    0xbf, 0xfc, 0x9b, 0xbc, 0xa6, 0x82, 0xa6, 0xa0, 0xf0, 0xfb, 0xfe, 0x9c, 
    0x87, 0x9b, 0x9c, 0x86, 0xe8, 0xbc, 0xfa, 0xf0, 0x81, 0xab, 0xa1, 0xa6, 
    0xb7, 0xbf, 0xfc, 0x87, 0x9b, 0xbc, 0xa6, 0x82, 0xa6, 0xa0, 0xf0, 0xfb, 
    0xfe, 0x94, 0x9e, 0x9d, 0x93, 0x86, 0xe8, 0xbc, 0xfa, 0xf0, 0x81, 0xab, 
    0xa1, 0xa6, 0xb7, 0xbf, 0xfc, 0x81, 0xbb, 0xbc, 0xb5, 0xbe, 0xb7, 0xf0, 
    0xfb, 0xfe, 0x96, 0x9d, 0x87, 0x90, 0x9e, 0x97, 0xe8, 0xbc, 0xfa, 0xf0, 
    0x81, 0xab, 0xa1, 0xa6, 0xb7, 0xbf, 0xfc, 0x96, 0xbd, 0xa7, 0xb0, 0xbe, 
    0xb7, 0xf0, 0xfb, 0xfe, 0x82, 0x9d, 0x9b, 0x9c, 0x86, 0x97, 0x80, 0xe8, 
    0xbc, 0xfa, 0xf0, 0x81, 0xab, 0xa1, 0xa6, 0xb7, 0xbf, 0xfc, 0x9b, 0xbc, 
    0xa6, 0x82, 0xa6, 0xa0, 0xf0, 0xfe, 0xa1, 0xef, 0xec, 0xa1, 0xfc, 0xb4, 
    0xbb, 0xb7, 0xbe, 0xb6, 0xfa, 0xf0, 0xbf, 0x8d, 0xa4, 0xb3, 0xbe, 0xa7, 
    0xb7, 0xf0, 0xfb, 0xfb, 0xfe, 0x84, 0x93, 0x9e, 0x87, 0x97, 0x8d, 0x86, 
    0x8b, 0x82, 0x97, 0xe8, 0xbc, 0xfa, 0xf0, 0x81, 0xab, 0xa1, 0xa6, 0xb7, 
    0xbf, 0xfc, 0x96, 0xb7, 0xb1, 0xbb, 0xbf, 0xb3, 0xbe, 0xf0, 0xfb, 0xfe, 
    0x9d, 0x90, 0x98, 0x97, 0x91, 0x86, 0xe8, 0xbc, 0xfa, 0xf0, 0x81, 0xab, 
    0xa1, 0xa6, 0xb7, 0xbf, 0xfc, 0x9d, 0xb0, 0xb8, 0xb7, 0xb1, 0xa6, 0xf0, 
    0xfb, 0xfe, 0x81, 0x86, 0x80, 0x9b, 0x9c, 0x95, 0xe8, 0xbc, 0xfa, 0xf0, 
    0x81, 0xab, 0xa1, 0xa6, 0xb7, 0xbf, 0xfc, 0x81, 0xa6, 0xa0, 0xbb, 0xbc, 
    0xb5, 0xf0, 0xfb, 0xfe, 0x91, 0x9e, 0x93, 0x81, 0x81, 0xe8, 0xbc, 0xfa, 
    0xf0, 0x81, 0xab, 0xa1, 0xa6, 0xb7, 0xbf, 0xfc, 0x93, 0xa0, 0xa0, 0xb3, 
    0xab, 0xf0, 0xfb, 0xfe, 0x93, 0x80, 0x80, 0x93, 0x8b, 0xe8, 0xbc, 0xfa, 
    0xf0, 0x81, 0xab, 0xa1, 0xa6, 0xb7, 0xbf, 0xfc, 0x84, 0xbd, 0xbb, 0xb6, 
    0xf0, 0xfe, 0xa1, 0xef, 0xec, 0xa1, 0xfc, 0xb3, 0xa0, 0xa0, 0xb3, 0xab, 
    0x91, 0xbe, 0xb3, 0xa1, 0xa1, 0xfb, 0xfe, 0x9c, 0x93, 0x80, 0x80, 0x93, 
    0x8b, 0xe8, 0xbc, 0xfa, 0xf0, 0x81, 0xab, 0xa1, 0xa6, 0xb7, 0xbf, 0xfc, 
    0x84, 0xbd, 0xbb, 0xb6, 0xf0, 0xfe, 0xa1, 0xef, 0xec, 0xbc, 0xb7, 0xa5, 
    0xf2, 0xb7, 0xfc, 0x91, 0xbe, 0xb3, 0xa1, 0xa1, 0xfa, 0xb7, 0xfc, 0xb7, 
    0xaa, 0xa2, 0xbd, 0xa0, 0xa6, 0xa1, 0xfc, 0xb1, 0xbe, 0xb3, 0xa1, 0xa1, 
    0x95, 0xb7, 0xa6, 0x93, 0xa0, 0xa0, 0xb3, 0xab, 0x91, 0xbe, 0xb3, 0xa1, 
    0xa1, 0xfa, 0xa1, 0xfe, 0xe0, 0xfb, 0xfb, 0xfb, 0xfe, 0x95, 0x97, 0x9c, 
    0x97, 0x80, 0x9b, 0x91, 0x8d, 0x9b, 0x9c, 0x81, 0x86, 0x93, 0x9c, 0x91, 
    0x97, 0xe8, 0xbc, 0xfa, 0xf0, 0x81, 0xab, 0xa1, 0xa6, 0xb7, 0xbf, 0xfc, 
    0x9b, 0xbc, 0xa6, 0xe1, 0xe0, 0xf0, 0xfe, 0xa1, 0xef, 0xec, 0xa1, 0xfc, 
    0xbb, 0xbc, 0xa6, 0xb7, 0xa0, 0xb4, 0xb3, 0xb1, 0xb7, 0xa1, 0xfc, 0xb4, 
    0xbb, 0xbc, 0xb6, 0xfa, 0xb3, 0xef, 0xec, 0xb3, 0xfc, 0xbc, 0xb3, 0xbf, 
    0xb7, 0xfc, 0xb7, 0xbc, 0xb6, 0xa1, 0x85, 0xbb, 0xa6, 0xba, 0xfa, 0xf0, 
    0xb2, 0xe3, 0xf0, 0xfb, 0xfb, 0xfb, 0xaf, 0xe9, 0xa0, 0xb7, 0xa6, 0xa7, 
    0xa0, 0xbc, 0xf2, 0x80, 0xb7, 0xb4, 0xbe, 0xb7, 0xb1, 0xa6, 0xfc, 0xb6, 
    0xb7, 0xb4, 0xbb, 0xbc, 0xb7, 0x82, 0xa0, 0xbd, 0xa2, 0xb7, 0xa0, 0xa6, 
    0xab, 0xfa, 0xa6, 0xba, 0xbb, 0xa1, 0xfe, 0xf0, 0x97, 0xbc, 0xa7, 0xbf, 
    0xf0, 0xfe, 0xa9, 0xa4, 0xb3, 0xbe, 0xa7, 0xb7, 0xe8, 0xa0, 0xaf, 0xfb, 
    0xfe, 0x93, 0xa6, 0xfa, 0xa9, 0xfc, 0xfc, 0xfc, 0xa0, 0xfe, 0x84, 0x93, 
    0x80, 0xe8, 0xbc, 0xfa, 0xf0, 0x81, 0xab, 0xa1, 0xa6, 0xb7, 0xbf, 0xfc, 
    0x93, 0xb1, 0xa6, 0xbb, 0xbd, 0xbc, 0xb2, 0xe3, 0xf0, 0xfe, 0xa1, 0xef, 
    0xec, 0xa1, 0xfc, 0xb5, 0xb7, 0xbc, 0xb7, 0xa0, 0xbb, 0xb1, 0xa1, 0x89, 
    0xe2, 0x8f, 0xfb, 0xfe, 0x9f, 0x84, 0x93, 0x80, 0xe8, 0xbc, 0xfa, 0xf0, 
    0x81, 0xab, 0xa1, 0xa6, 0xb7, 0xbf, 0xfc, 0x93, 0xa0, 0xa0, 0xb3, 0xab, 
    0xf0, 0xfe, 0xa1, 0xef, 0xec, 0xa1, 0xfc, 0xbf, 0xb7, 0xa6, 0xba, 0xbd, 
    0xb6, 0xfa, 0xf0, 0x93, 0xa1, 0x80, 0xb7, 0xb3, 0xb6, 0x9d, 0xbc, 0xbe, 
    0xab, 0xf0, 0xfe, 0xe3, 0xfb, 0xfc, 0xb5, 0xb7, 0xbc, 0xb7, 0xa0, 0xbb, 
    0xb1, 0xa1, 0x89, 0xe2, 0x8f, 0xfb, 0xaf, 0xfb, 0xaf, 0xb5, 0xb7, 0xa6, 
    0xf2, 0xb1, 0xbe, 0xb3, 0xa1, 0xa1, 0xfa, 0xfb, 0xa9, 0xa0, 0xb7, 0xa6, 
    0xa7, 0xa0, 0xbc, 0xf2, 0xbc, 0xb7, 0xa5, 0xf2, 0xb7, 0xfc, 0x91, 0xbe, 
    0xb3, 0xa1, 0xa1, 0xfa, 0xb7, 0xfc, 0xb7, 0xaa, 0xa2, 0xbd, 0xa0, 0xa6, 
    0xa1, 0xfc, 0xa6, 0xab, 0xa2, 0xb7, 0x95, 0xb7, 0xa6, 0x91, 0xbe, 0xb3, 
    0xa1, 0xa1, 0xfa, 0xa6, 0xba, 0xbb, 0xa1, 0xfb, 0xfb, 0xaf, 0xb5, 0xb7, 
    0xa6, 0xf2, 0xb4, 0xa0, 0xbb, 0xb6, 0xb3, 0x93, 0xbe, 0xbb, 0xb3, 0xa1, 
    0xfa, 0xfb, 0xa9, 0xb4, 0xa7, 0xbc, 0xb1, 0xa6, 0xbb, 0xbd, 0xbc, 0xf2, 
    0xbc, 0xfa, 0xa0, 0xfb, 0xa9, 0xbe, 0xb7, 0xa6, 0xf2, 0xa1, 0xef, 0xa0, 
    0xfc, 0xb1, 0xbe, 0xb3, 0xa1, 0xa1, 0xfc, 0xb4, 0xbb, 0xb7, 0xbe, 0xb6, 
    0xa1, 0xfc, 0xb4, 0xbb, 0xbe, 0xa6, 0xb7, 0xa0, 0xfa, 0xb3, 0xef, 0xec, 
    0xf3, 0xb3, 0xfc, 0xbb, 0xa1, 0x81, 0xa6, 0xb3, 0xa6, 0xbb, 0xb1, 0xfb, 
    0xe9, 0xa0, 0xb7, 0xa6, 0xa7, 0xa0, 0xbc, 0xf2, 0xa1, 0xfc, 0xbe, 0xb7, 
    0xbc, 0xb5, 0xa6, 0xba, 0xef, 0xef, 0xe2, 0xed, 0x89, 0xf0, 0xb1, 0xba, 
    0xb3, 0xa0, 0xf0, 0x8f, 0xe8, 0xa1, 0xfc, 0xbf, 0xb3, 0xa2, 0xfa, 0xb3, 
    0xef, 0xec, 0xb3, 0xfc, 0xa6, 0xab, 0xa2, 0xb7, 0xfc, 0xb4, 0xa0, 0xbb, 
    0xb6, 0xb3, 0x93, 0xbe, 0xbb, 0xb3, 0xa1, 0xfb, 0xaf, 0xbb, 0xb4, 0xfa, 
    0xa6, 0xba, 0xbb, 0xa1, 0xfc, 0xbb, 0xa1, 0x90, 0xab, 0x80, 0xb7, 0xb4, 
    0xb7, 0xa0, 0xb7, 0xbc, 0xb1, 0xb7, 0xfb, 0xa0, 0xb7, 0xa6, 0xa7, 0xa0, 
    0xbc, 0xf0, 0xa2, 0xbd, 0xbb, 0xbc, 0xa6, 0xb7, 0xa0, 0xf0, 0xe9, 0xa1, 
    0xa5, 0xbb, 0xa6, 0xb1, 0xba, 0xfa, 0xa6, 0xba, 0xbb, 0xa1, 0xfc, 0xb7, 
    0xbc, 0xa7, 0xbf, 0x84, 0xb3, 0xbe, 0xa7, 0xb7, 0xfb, 0xa9, 0xb1, 0xb3, 
    0xa1, 0xb7, 0xf2, 0xb7, 0xfc, 0x86, 0xab, 0xa2, 0xb7, 0xfc, 0x97, 0xbc, 
    0xa7, 0xbf, 0xfc, 0x84, 0x9d, 0x9b, 0x96, 0xe8, 0xa0, 0xb7, 0xa6, 0xa7, 
    0xa0, 0xbc, 0xf0, 0xa4, 0xbd, 0xbb, 0xb6, 0xf0, 0xe9, 0xb1, 0xb3, 0xa1, 
    0xb7, 0xf2, 0xb7, 0xfc, 0x86, 0xab, 0xa2, 0xb7, 0xfc, 0x97, 0xbc, 0xa7, 
    0xbf, 0xfc, 0x90, 0x9d, 0x9d, 0x9e, 0x97, 0x93, 0x9c, 0xe8, 0xa0, 0xb7, 
    0xa6, 0xa7, 0xa0, 0xbc, 0xf0, 0xb0, 0xbd, 0xbd, 0xbe, 0xf0, 0xe9, 0xb1, 
    0xb3, 0xa1, 0xb7, 0xf2, 0xb7, 0xfc, 0x86, 0xab, 0xa2, 0xb7, 0xfc, 0x97, 
    0xbc, 0xa7, 0xbf, 0xfc, 0x91, 0x9a, 0x93, 0x80, 0xe8, 0xa0, 0xb7, 0xa6, 
    0xa7, 0xa0, 0xbc, 0xf0, 0xa7, 0xb1, 0xba, 0xb3, 0xa0, 0xf0, 0xe9, 0xb1, 
    0xb3, 0xa1, 0xb7, 0xf2, 0xb7, 0xfc, 0x86, 0xab, 0xa2, 0xb7, 0xfc, 0x97, 
    0xbc, 0xa7, 0xbf, 0xfc, 0x90, 0x8b, 0x86, 0x97, 0xe8, 0xa0, 0xb7, 0xa6, 
    0xa7, 0xa0, 0xbc, 0xf0, 0xbb, 0xbc, 0xa6, 0xea, 0xf0, 0xe9, 0xb1, 0xb3, 
    0xa1, 0xb7, 0xf2, 0xb7, 0xfc, 0x86, 0xab, 0xa2, 0xb7, 0xfc, 0x97, 0xbc, 
    0xa7, 0xbf, 0xfc, 0x87, 0x90, 0x8b, 0x86, 0x97, 0xe8, 0xa0, 0xb7, 0xa6, 
    0xa7, 0xa0, 0xbc, 0xf0, 0xa7, 0xbb, 0xbc, 0xa6, 0xea, 0xf0, 0xe9, 0xb1, 
    0xb3, 0xa1, 0xb7, 0xf2, 0xb7, 0xfc, 0x86, 0xab, 0xa2, 0xb7, 0xfc, 0x97, 
    0xbc, 0xa7, 0xbf, 0xfc, 0x81, 0x9a, 0x9d, 0x80, 0x86, 0xe8, 0xa0, 0xb7, 
    0xa6, 0xa7, 0xa0, 0xbc, 0xf0, 0xbb, 0xbc, 0xa6, 0xe3, 0xe4, 0xf0, 0xe9, 
    0xb1, 0xb3, 0xa1, 0xb7, 0xf2, 0xb7, 0xfc, 0x86, 0xab, 0xa2, 0xb7, 0xfc, 
    0x97, 0xbc, 0xa7, 0xbf, 0xfc, 0x87, 0x81, 0x9a, 0x9d, 0x80, 0x86, 0xe8, 
    0xa0, 0xb7, 0xa6, 0xa7, 0xa0, 0xbc, 0xf0, 0xa7, 0xbb, 0xbc, 0xa6, 0xe3, 
    0xe4, 0xf0, 0xe9, 0xb1, 0xb3, 0xa1, 0xb7, 0xf2, 0xb7, 0xfc, 0x86, 0xab, 
    0xa2, 0xb7, 0xfc, 0x97, 0xbc, 0xa7, 0xbf, 0xfc, 0x9b, 0x9c, 0x86, 0xe8, 
    0xa0, 0xb7, 0xa6, 0xa7, 0xa0, 0xbc, 0xf0, 0xbb, 0xbc, 0xa6, 0xe1, 0xe0, 
    0xf0, 0xe9, 0xb1, 0xb3, 0xa1, 0xb7, 0xf2, 0xb7, 0xfc, 0x86, 0xab, 0xa2, 
    0xb7, 0xfc, 0x97, 0xbc, 0xa7, 0xbf, 0xfc, 0x87, 0x9b, 0x9c, 0x86, 0xe8, 
    0xa0, 0xb7, 0xa6, 0xa7, 0xa0, 0xbc, 0xf0, 0xa7, 0xbb, 0xbc, 0xa6, 0xe1, 
    0xe0, 0xf0, 0xe9, 0xb1, 0xb3, 0xa1, 0xb7, 0xf2, 0xb7, 0xfc, 0x86, 0xab, 
    0xa2, 0xb7, 0xfc, 0x97, 0xbc, 0xa7, 0xbf, 0xfc, 0x9e, 0x9d, 0x9c, 0x95, 
    0xe8, 0xa0, 0xb7, 0xa6, 0xa7, 0xa0, 0xbc, 0xf0, 0xbb, 0xbc, 0xa6, 0xe4, 
    0xe6, 0xf0, 0xe9, 0xb1, 0xb3, 0xa1, 0xb7, 0xf2, 0xb7, 0xfc, 0x86, 0xab, 
    0xa2, 0xb7, 0xfc, 0x97, 0xbc, 0xa7, 0xbf, 0xfc, 0x87, 0x9e, 0x9d, 0x9c, 
    0x95, 0xe8, 0xa0, 0xb7, 0xa6, 0xa7, 0xa0, 0xbc, 0xf0, 0xa7, 0xbb, 0xbc, 
    0xa6, 0xe4, 0xe6, 0xf0, 0xe9, 0xb1, 0xb3, 0xa1, 0xb7, 0xf2, 0xb7, 0xfc, 
    0x86, 0xab, 0xa2, 0xb7, 0xfc, 0x97, 0xbc, 0xa7, 0xbf, 0xfc, 0x94, 0x9e, 
    0x9d, 0x93, 0x86, 0xe8, 0xa0, 0xb7, 0xa6, 0xa7, 0xa0, 0xbc, 0xf0, 0xb4, 
    0xbe, 0xbd, 0xb3, 0xa6, 0xf0, 0xe9, 0xb1, 0xb3, 0xa1, 0xb7, 0xf2, 0xb7, 
    0xfc, 0x86, 0xab, 0xa2, 0xb7, 0xfc, 0x97, 0xbc, 0xa7, 0xbf, 0xfc, 0x96, 
    0x9d, 0x87, 0x90, 0x9e, 0x97, 0xe8, 0xa0, 0xb7, 0xa6, 0xa7, 0xa0, 0xbc, 
    0xf0, 0xb6, 0xbd, 0xa7, 0xb0, 0xbe, 0xb7, 0xf0, 0xe9, 0xb1, 0xb3, 0xa1, 
    0xb7, 0xf2, 0xb7, 0xfc, 0x86, 0xab, 0xa2, 0xb7, 0xfc, 0x97, 0xbc, 0xa7, 
    0xbf, 0xfc, 0x9c, 0x9b, 0x9c, 0x86, 0xe8, 0xb1, 0xb3, 0xa1, 0xb7, 0xf2, 
    0xb7, 0xfc, 0x86, 0xab, 0xa2, 0xb7, 0xfc, 0x97, 0xbc, 0xa7, 0xbf, 0xfc, 
    0x9c, 0x87, 0x9b, 0x9c, 0x86, 0xe8, 0xb1, 0xb3, 0xa1, 0xb7, 0xf2, 0xb7, 
    0xfc, 0x86, 0xab, 0xa2, 0xb7, 0xfc, 0x97, 0xbc, 0xa7, 0xbf, 0xfc, 0x82, 
    0x9d, 0x9b, 0x9c, 0x86, 0x97, 0x80, 0xe8, 0xb1, 0xb3, 0xa1, 0xb7, 0xf2, 
    0xb7, 0xfc, 0x86, 0xab, 0xa2, 0xb7, 0xfc, 0x97, 0xbc, 0xa7, 0xbf, 0xfc, 
    0x81, 0x86, 0x80, 0x9b, 0x9c, 0x95, 0xe8, 0xb1, 0xb3, 0xa1, 0xb7, 0xf2, 
    0xb7, 0xfc, 0x86, 0xab, 0xa2, 0xb7, 0xfc, 0x97, 0xbc, 0xa7, 0xbf, 0xfc, 
    0x93, 0x80, 0x80, 0x93, 0x8b, 0xe8, 0xb1, 0xb3, 0xa1, 0xb7, 0xf2, 0xb7, 
    0xfc, 0x86, 0xab, 0xa2, 0xb7, 0xfc, 0x97, 0xbc, 0xa7, 0xbf, 0xfc, 0x9c, 
    0x93, 0x80, 0x80, 0x93, 0x8b, 0xe8, 0xa0, 0xb7, 0xa6, 0xa7, 0xa0, 0xbc, 
    0xf0, 0xa2, 0xbd, 0xbb, 0xbc, 0xa6, 0xb7, 0xa0, 0xf0, 0xe9, 0xb1, 0xb3, 
    0xa1, 0xb7, 0xf2, 0xb7, 0xfc, 0x86, 0xab, 0xa2, 0xb7, 0xfc, 0x97, 0xbc, 
    0xa7, 0xbf, 0xfc, 0x84, 0x93, 0x9e, 0x87, 0x97, 0x8d, 0x86, 0x8b, 0x82, 
    0x97, 0xe8, 0xa0, 0xb7, 0xa6, 0xa7, 0xa0, 0xbc, 0xf2, 0xa6, 0xba, 0xbb, 
    0xa1, 0xfc, 0xb1, 0xbe, 0xb3, 0xa1, 0xa1, 0xfc, 0xbb, 0xa1, 0x97, 0xbc, 
    0xa7, 0xbf, 0xed, 0xa6, 0xba, 0xbb, 0xa1, 0xfc, 0xb1, 0xbe, 0xb3, 0xa1, 
    0xa1, 0xfc, 0xb0, 0xb3, 0xa1, 0xb7, 0x86, 0xab, 0xa2, 0xb7, 0xfc, 0xb4, 
    0xa0, 0xbb, 0xb6, 0xb3, 0x93, 0xbe, 0xbb, 0xb3, 0xa1, 0xe8, 0xbc, 0xfa, 
    0xa6, 0xba, 0xbb, 0xa1, 0xfb, 0xe9, 0xb1, 0xb3, 0xa1, 0xb7, 0xf2, 0xb7, 
    0xfc, 0x86, 0xab, 0xa2, 0xb7, 0xfc, 0x97, 0xbc, 0xa7, 0xbf, 0xfc, 0x91, 
    0x9e, 0x93, 0x81, 0x81, 0xe8, 0xb1, 0xb3, 0xa1, 0xb7, 0xf2, 0xb7, 0xfc, 
    0x86, 0xab, 0xa2, 0xb7, 0xfc, 0x97, 0xbc, 0xa7, 0xbf, 0xfc, 0x9d, 0x90, 
    0x98, 0x97, 0x91, 0x86, 0xe8, 0xb1, 0xb3, 0xa1, 0xb7, 0xf2, 0xb7, 0xfc, 
    0x86, 0xab, 0xa2, 0xb7, 0xfc, 0x97, 0xbc, 0xa7, 0xbf, 0xfc, 0x95, 0x97, 
    0x9c, 0x97, 0x80, 0x9b, 0x91, 0x8d, 0x9b, 0x9c, 0x81, 0x86, 0x93, 0x9c, 
    0x91, 0x97, 0xe8, 0xa0, 0xb7, 0xa6, 0xa7, 0xa0, 0xbc, 0xf2, 0xa6, 0xba, 
    0xbb, 0xa1, 0xfc, 0xb1, 0xbe, 0xb3, 0xa1, 0xa1, 0xfc, 0xbb, 0xa1, 0x81, 
    0xa6, 0xa0, 0xa7, 0xb1, 0xa6, 0xed, 0xbc, 0xfa, 0xa6, 0xba, 0xbb, 0xa1, 
    0xfb, 0xe8, 0xa6, 0xba, 0xbb, 0xa1, 0xfc, 0xb1, 0xbe, 0xb3, 0xa1, 0xa1, 
    0xfc, 0xbb, 0xa1, 0x97, 0xbc, 0xa7, 0xbf, 0xed, 0xa6, 0xba, 0xbb, 0xa1, 
    0xfc, 0xb1, 0xbe, 0xb3, 0xa1, 0xa1, 0xfc, 0xb0, 0xb3, 0xa1, 0xb7, 0x86, 
    0xab, 0xa2, 0xb7, 0xfc, 0xb4, 0xa0, 0xbb, 0xb6, 0xb3, 0x93, 0xbe, 0xbb, 
    0xb3, 0xa1, 0xe8, 0xf0, 0xa2, 0xbd, 0xbb, 0xbc, 0xa6, 0xb7, 0xa0, 0xf0, 
    0xe9, 0xb6, 0xb7, 0xb4, 0xb3, 0xa7, 0xbe, 0xa6, 0xe8, 0xa0, 0xb7, 0xa6, 
    0xa7, 0xa0, 0xbc, 0xf0, 0xa2, 0xbd, 0xbb, 0xbc, 0xa6, 0xb7, 0xa0, 0xf0, 
    0xaf, 0xaf, 0xb5, 0xb7, 0xa6, 0xf2, 0xbb, 0xa1, 0x90, 0xab, 0x80, 0xb7, 
    0xb4, 0xb7, 0xa0, 0xb7, 0xbc, 0xb1, 0xb7, 0xfa, 0xfb, 0xa9, 0xa0, 0xb7, 
    0xa6, 0xa7, 0xa0, 0xbc, 0xf2, 0xa6, 0xba, 0xbb, 0xa1, 0xfc, 0xbc, 0xb3, 
    0xbf, 0xb7, 0xfc, 0xb7, 0xbc, 0xb6, 0xa1, 0x85, 0xbb, 0xa6, 0xba, 0xfa, 
    0xf0, 0xf4, 0xf0, 0xfb, 0xaf, 0xb5, 0xb7, 0xa6, 0xf2, 0xbb, 0xa1, 0x82, 
    0xa0, 0xbb, 0xbf, 0xbb, 0xa6, 0xbb, 0xa4, 0xb7, 0xfa, 0xfb, 0xa9, 0xa1, 
    0xa5, 0xbb, 0xa6, 0xb1, 0xba, 0xfa, 0xa6, 0xba, 0xbb, 0xa1, 0xfc, 0xb7, 
    0xbc, 0xa7, 0xbf, 0x84, 0xb3, 0xbe, 0xa7, 0xb7, 0xfb, 0xa9, 0xb1, 0xb3, 
    0xa1, 0xb7, 0xf2, 0xb7, 0xfc, 0x86, 0xab, 0xa2, 0xb7, 0xfc, 0x97, 0xbc, 
    0xa7, 0xbf, 0xfc, 0x90, 0x9d, 0x9d, 0x9e, 0x97, 0x93, 0x9c, 0xe8, 0xb1, 
    0xb3, 0xa1, 0xb7, 0xf2, 0xb7, 0xfc, 0x86, 0xab, 0xa2, 0xb7, 0xfc, 0x97, 
    0xbc, 0xa7, 0xbf, 0xfc, 0x91, 0x9a, 0x93, 0x80, 0xe8, 0xb1, 0xb3, 0xa1, 
    0xb7, 0xf2, 0xb7, 0xfc, 0x86, 0xab, 0xa2, 0xb7, 0xfc, 0x97, 0xbc, 0xa7, 
    0xbf, 0xfc, 0x90, 0x8b, 0x86, 0x97, 0xe8, 0xb1, 0xb3, 0xa1, 0xb7, 0xf2, 
    0xb7, 0xfc, 0x86, 0xab, 0xa2, 0xb7, 0xfc, 0x97, 0xbc, 0xa7, 0xbf, 0xfc, 
    0x87, 0x90, 0x8b, 0x86, 0x97, 0xe8, 0xb1, 0xb3, 0xa1, 0xb7, 0xf2, 0xb7, 
    0xfc, 0x86, 0xab, 0xa2, 0xb7, 0xfc, 0x97, 0xbc, 0xa7, 0xbf, 0xfc, 0x81, 
    0x9a, 0x9d, 0x80, 0x86, 0xe8, 0xb1, 0xb3, 0xa1, 0xb7, 0xf2, 0xb7, 0xfc, 
    0x86, 0xab, 0xa2, 0xb7, 0xfc, 0x97, 0xbc, 0xa7, 0xbf, 0xfc, 0x87, 0x81, 
    0x9a, 0x9d, 0x80, 0x86, 0xe8, 0xb1, 0xb3, 0xa1, 0xb7, 0xf2, 0xb7, 0xfc, 
    0x86, 0xab, 0xa2, 0xb7, 0xfc, 0x97, 0xbc, 0xa7, 0xbf, 0xfc, 0x9b, 0x9c, 
    0x86, 0xe8, 0xb1, 0xb3, 0xa1, 0xb7, 0xf2, 0xb7, 0xfc, 0x86, 0xab, 0xa2, 
    0xb7, 0xfc, 0x97, 0xbc, 0xa7, 0xbf, 0xfc, 0x87, 0x9b, 0x9c, 0x86, 0xe8, 
    0xb1, 0xb3, 0xa1, 0xb7, 0xf2, 0xb7, 0xfc, 0x86, 0xab, 0xa2, 0xb7, 0xfc, 
    0x97, 0xbc, 0xa7, 0xbf, 0xfc, 0x9e, 0x9d, 0x9c, 0x95, 0xe8, 0xb1, 0xb3, 
    0xa1, 0xb7, 0xf2, 0xb7, 0xfc, 0x86, 0xab, 0xa2, 0xb7, 0xfc, 0x97, 0xbc, 
    0xa7, 0xbf, 0xfc, 0x87, 0x9e, 0x9d, 0x9c, 0x95, 0xe8, 0xb1, 0xb3, 0xa1, 
    0xb7, 0xf2, 0xb7, 0xfc, 0x86, 0xab, 0xa2, 0xb7, 0xfc, 0x97, 0xbc, 0xa7, 
    0xbf, 0xfc, 0x94, 0x9e, 0x9d, 0x93, 0x86, 0xe8, 0xb1, 0xb3, 0xa1, 0xb7, 
    0xf2, 0xb7, 0xfc, 0x86, 0xab, 0xa2, 0xb7, 0xfc, 0x97, 0xbc, 0xa7, 0xbf, 
    0xfc, 0x96, 0x9d, 0x87, 0x90, 0x9e, 0x97, 0xe8, 0xb1, 0xb3, 0xa1, 0xb7, 
    0xf2, 0xb7, 0xfc, 0x86, 0xab, 0xa2, 0xb7, 0xfc, 0x97, 0xbc, 0xa7, 0xbf, 
    0xfc, 0x9c, 0x9b, 0x9c, 0x86, 0xe8, 0xb1, 0xb3, 0xa1, 0xb7, 0xf2, 0xb7, 
    0xfc, 0x86, 0xab, 0xa2, 0xb7, 0xfc, 0x97, 0xbc, 0xa7, 0xbf, 0xfc, 0x9c, 
    0x87, 0x9b, 0x9c, 0x86, 0xe8, 0xa0, 0xb7, 0xa6, 0xa7, 0xa0, 0xbc, 0xf3, 
    0xe2, 0xe9, 0xb6, 0xb7, 0xb4, 0xb3, 0xa7, 0xbe, 0xa6, 0xe8, 0xa0, 0xb7, 
    0xa6, 0xa7, 0xa0, 0xbc, 0xf3, 0xe3, 0xaf, 0xaf, 0xb5, 0xb7, 0xa6, 0xf2, 
    0xbc, 0xb3, 0xbf, 0xb7, 0xfa, 0xfb, 0xa9, 0xbe, 0xb7, 0xa6, 0xf2, 0xbc, 
    0xef, 0xb7, 0xfc, 0xb7, 0xaa, 0xa2, 0xbd, 0xa0, 0xa6, 0xa1, 0xfc, 0xa6, 
    0xab, 0xa2, 0xb7, 0x95, 0xb7, 0xa6, 0x9c, 0xb3, 0xbf, 0xb7, 0xfa, 0xa6, 
    0xba, 0xbb, 0xa1, 0xfb, 0xe9, 0xa6, 0xa0, 0xab, 0xa9, 0xa0, 0xb7, 0xa6, 
    0xa7, 0xa0, 0xbc, 0xf2, 0xbc, 0xfc, 0xa0, 0xb7, 0xb3, 0xb6, 0x87, 0xa6, 
    0xb4, 0xea, 0x81, 0xa6, 0xa0, 0xbb, 0xbc, 0xb5, 0xfa, 0xfb, 0xaf, 0xb4, 
    0xbb, 0xbc, 0xb3, 0xbe, 0xbe, 0xab, 0xa9, 0xb7, 0xfc, 0xb4, 0xa0, 0xb7, 
    0xb7, 0xfa, 0xbc, 0xfb, 0xaf, 0xaf, 0xb5, 0xb7, 0xa6, 0xf2, 0xbd, 0xb0, 
    0xb8, 0xb7, 0xb1, 0xa6, 0xfa, 0xfb, 0xa9, 0xa0, 0xb7, 0xa6, 0xa7, 0xa0, 
    0xbc, 0xf2, 0xbc, 0xb7, 0xa5, 0xf2, 0xb7, 0xfc, 0x9d, 0xb0, 0xb8, 0xb7, 
    0xb1, 0xa6, 0xfa, 0xb7, 0xfc, 0xb7, 0xaa, 0xa2, 0xbd, 0xa0, 0xa6, 0xa1, 
    0xfc, 0xa6, 0xab, 0xa2, 0xb7, 0x95, 0xb7, 0xa6, 0x9d, 0xb0, 0xb8, 0xb7, 
    0xb1, 0xa6, 0xfa, 0xa6, 0xba, 0xbb, 0xa1, 0xfb, 0xfb, 0xaf, 0xb5, 0xb7, 
    0xa6, 0xf2, 0xb7, 0xbc, 0xa7, 0xbf, 0x84, 0xb3, 0xbe, 0xa7, 0xb7, 0xfa, 
    0xfb, 0xa9, 0xa0, 0xb7, 0xa6, 0xa7, 0xa0, 0xbc, 0xf2, 0xb7, 0xfc, 0xb7, 
    0xaa, 0xa2, 0xbd, 0xa0, 0xa6, 0xa1, 0xfc, 0xa6, 0xab, 0xa2, 0xb7, 0x95, 
    0xb7, 0xa6, 0x86, 0xab, 0xa2, 0xb7, 0x97, 0xbc, 0xa7, 0xbf, 0xfa, 0xa6, 
    0xba, 0xbb, 0xa1, 0xfb, 0xaf, 0xbb, 0xa1, 0xfa, 0xbc, 0xfb, 0xa9, 0xa0, 
    0xb7, 0xa6, 0xa7, 0xa0, 0xbc, 0xf2, 0xb7, 0xfc, 0xb7, 0xaa, 0xa2, 0xbd, 
    0xa0, 0xa6, 0xa1, 0xfc, 0xa6, 0xab, 0xa2, 0xb7, 0x97, 0xa3, 0xa7, 0xb3, 
    0xbe, 0xa1, 0xfc, 0xbb, 0xa1, 0x9c, 0xa7, 0xbe, 0xbe, 0xfa, 0xfb, 0xed, 
    0xa6, 0xba, 0xbb, 0xa1, 0xfc, 0xbd, 0xb0, 0xb8, 0xb7, 0xb1, 0xa6, 0xfc, 
    0xbf, 0xb7, 0xa6, 0xba, 0xbd, 0xb6, 0xfa, 0xf0, 0x97, 0xa3, 0xa7, 0xb3, 
    0xbe, 0xa1, 0xf0, 0xfb, 0xfc, 0xbb, 0xbc, 0xa4, 0xbd, 0xb9, 0xb7, 0xfa, 
    0xbc, 0xfc, 0xbd, 0xb0, 0xb8, 0xb7, 0xb1, 0xa6, 0xfb, 0xe8, 0xf3, 0xf3, 
    0xb7, 0xfc, 0xb7, 0xaa, 0xa2, 0xbd, 0xa0, 0xa6, 0xa1, 0xfc, 0xa6, 0xab, 
    0xa2, 0xb7, 0x97, 0xa3, 0xa7, 0xb3, 0xbe, 0xa1, 0xfa, 0xa6, 0xba, 0xbb, 
    0xa1, 0xfe, 0xbc, 0xfb, 0xaf, 0xa6, 0xbd, 0x81, 0xa6, 0xa0, 0xbb, 0xbc, 
    0xb5, 0xfa, 0xfb, 0xa9, 0xa0, 0xb7, 0xa6, 0xa7, 0xa0, 0xbc, 0xf2, 0xa6, 
    0xba, 0xbb, 0xa1, 0xfc, 0xbc, 0xb3, 0xbf, 0xb7, 0xaf, 0xaf, 0xe9, 0xb6, 
    0xfa, 0x89, 0xa7, 0x8f, 0xfe, 0xa6, 0xfc, 0xa2, 0xa0, 0xbd, 0xa6, 0xbd, 
    0xa6, 0xab, 0xa2, 0xb7, 0xfe, 0xf0, 0xb1, 0xbe, 0xb3, 0xa1, 0xa1, 0xf0, 
    0xfe, 0xbc, 0xa7, 0xbe, 0xbe, 0xfb, 0xfe, 0xb6, 0xfa, 0x89, 0xa7, 0x8f, 
    0xfe, 0xa6, 0xfc, 0xa2, 0xa0, 0xbd, 0xa6, 0xbd, 0xa6, 0xab, 0xa2, 0xb7, 
    0xfe, 0xf0, 0xb4, 0xa0, 0xbb, 0xb6, 0xb3, 0x93, 0xbe, 0xbb, 0xb3, 0xa1, 
    0xf0, 0xfe, 0xbc, 0xa7, 0xbe, 0xbe, 0xfb, 0xfe, 0xb6, 0xfa, 0x89, 0xa7, 
    0x8f, 0xfe, 0xa6, 0xfc, 0xa2, 0xa0, 0xbd, 0xa6, 0xbd, 0xa6, 0xab, 0xa2, 
    0xb7, 0xfe, 0xf0, 0xbb, 0xa1, 0x90, 0xab, 0x80, 0xb7, 0xb4, 0xb7, 0xa0, 
    0xb7, 0xbc, 0xb1, 0xb7, 0xf0, 0xfe, 0xbc, 0xa7, 0xbe, 0xbe, 0xfb, 0xfe, 
    0xb6, 0xfa, 0x89, 0xa7, 0x8f, 0xfe, 0xa6, 0xfc, 0xa2, 0xa0, 0xbd, 0xa6, 
    0xbd, 0xa6, 0xab, 0xa2, 0xb7, 0xfe, 0xf0, 0xbb, 0xa1, 0x82, 0xa0, 0xbb, 
    0xbf, 0xbb, 0xa6, 0xbb, 0xa4, 0xb7, 0xf0, 0xfe, 0xbc, 0xa7, 0xbe, 0xbe, 
    0xfb, 0xfe, 0xb6, 0xfa, 0x89, 0xa7, 0x8f, 0xfe, 0xa6, 0xfc, 0xa2, 0xa0, 
    0xbd, 0xa6, 0xbd, 0xa6, 0xab, 0xa2, 0xb7, 0xfe, 0xf0, 0xbc, 0xb3, 0xbf, 
    0xb7, 0xf0, 0xfe, 0xbc, 0xa7, 0xbe, 0xbe, 0xfb, 0xfe, 0xb6, 0xfa, 0x89, 
    0xa7, 0x8f, 0xfe, 0xa6, 0xfc, 0xa2, 0xa0, 0xbd, 0xa6, 0xbd, 0xa6, 0xab, 
    0xa2, 0xb7, 0xfe, 0xf0, 0xbd, 0xb0, 0xb8, 0xb7, 0xb1, 0xa6, 0xf0, 0xfe, 
    0xbc, 0xa7, 0xbe, 0xbe, 0xfb, 0xfe, 0xb6, 0xfa, 0x89, 0xa7, 0x8f, 0xfe, 
    0xa6, 0xfc, 0xa2, 0xa0, 0xbd, 0xa6, 0xbd, 0xa6, 0xab, 0xa2, 0xb7, 0xfe, 
    0xf0, 0xb7, 0xbc, 0xa7, 0xbf, 0x84, 0xb3, 0xbe, 0xa7, 0xb7, 0xf0, 0xfe, 
    0xbc, 0xa7, 0xbe, 0xbe, 0xfb, 0xfe, 0xb6, 0xfa, 0x89, 0xa7, 0x8f, 0xfe, 
    0xa6, 0xfe, 0xf0, 0x97, 0xbc, 0xa7, 0xbf, 0xf0, 0xfe, 0xbc, 0xa7, 0xbe, 
    0xbe, 0xfb, 0xfe, 0xa6, 0xef, 0xb6, 0xfa, 0x89, 0xb6, 0xb7, 0x8f, 0xfe, 
    0xa6, 0xfb, 0xfe, 0xb7, 0xfc, 0x86, 0xab, 0xa2, 0xb7, 0xef, 0xa6, 0xaf, 
    0xfb, 0xfa, 0xbf, 0xae, 0xae, 0xfa, 0xbf, 0xef, 0xa9, 0xaf, 0xfb, 0xfb, 
    0xe9, 0xa4, 0xb3, 0xa0, 0xf2, 0xbf, 0xe9, 0xfa, 0xb4, 0xa7, 0xbc, 0xb1, 
    0xa6, 0xbb, 0xbd, 0xbc, 0xfa, 0xb7, 0xfb, 0xa9, 0xb1, 0xbe, 0xb3, 0xa1, 
    0xa1, 0xf2, 0xa6, 0xf2, 0xb7, 0xaa, 0xa6, 0xb7, 0xbc, 0xb6, 0xa1, 0xf2, 
    0x94, 0xa9, 0xa6, 0xab, 0xa2, 0xb7, 0xe9, 0xb1, 0xbd, 0xbc, 0xa1, 0xa6, 
    0xa0, 0xa7, 0xb1, 0xa6, 0xbd, 0xa0, 0xfa, 0xbc, 0xfe, 0xa0, 0xfb, 0xa9, 
    0xa1, 0xa7, 0xa2, 0xb7, 0xa0, 0xfa, 0xbc, 0xfb, 0xfe, 0xa6, 0xba, 0xbb, 
    0xa1, 0xfc, 0xa6, 0xab, 0xa2, 0xb7, 0xef, 0xa0, 0xaf, 0xb0, 0xbd, 0xaa, 
    0xfa, 0xfb, 0xa9, 0xa0, 0xb7, 0xa6, 0xa7, 0xa0, 0xbc, 0xf2, 0xbc, 0xb7, 
    0xa5, 0xf2, 0xb7, 0xfc, 0x9d, 0xb0, 0xb8, 0xb7, 0xb1, 0xa6, 0xfa, 0xb7, 
    0xfc, 0xb7, 0xaa, 0xa2, 0xbd, 0xa0, 0xa6, 0xa1, 0xfc, 0xa4, 0xb3, 0xbe, 
    0xa7, 0xb7, 0x86, 0xab, 0xa2, 0xb7, 0x90, 0xbd, 0xaa, 0xfa, 0xa6, 0xba, 
    0xbb, 0xa1, 0xfc, 0xa6, 0xab, 0xa2, 0xb7, 0xfc, 0xb1, 0xbe, 0xb3, 0xa1, 
    0xa1, 0xfe, 0xa6, 0xba, 0xbb, 0xa1, 0xfb, 0xfb, 0xaf, 0xb4, 0xbb, 0xb7, 
    0xbe, 0xb6, 0xfa, 0xbc, 0xfb, 0xa9, 0xa0, 0xb7, 0xa6, 0xa7, 0xa0, 0xbc, 
    0xf2, 0xa6, 0xba, 0xbb, 0xa1, 0xfc, 0xa6, 0xa0, 0xab, 0x94, 0xbb, 0xb7, 
    0xbe, 0xb6, 0xfa, 0xbc, 0xfb, 0xed, 0xed, 0x8d, 0xfa, 0xb2, 0xb1, 0xbd, 
    0xa7, 0xbe, 0xb6, 0xbc, 0xf5, 0xa6, 0xf2, 0xb4, 0xbb, 0xbc, 0xb6, 0xf2, 
    0xbc, 0xbd, 0xbc, 0xff, 0xa1, 0xa6, 0xb3, 0xa6, 0xbb, 0xb1, 0xf2, 0xb4, 
    0xbb, 0xb7, 0xbe, 0xb6, 0xf2, 0xf6, 0xa9, 0xbc, 0xaf, 0xf2, 0xbb, 0xbc, 
    0xf2, 0xba, 0xbb, 0xb7, 0xa0, 0xb3, 0xa0, 0xb1, 0xba, 0xab, 0xf2, 0xbd, 
    0xb4, 0xf2, 0xb1, 0xbe, 0xb3, 0xa1, 0xa1, 0xf2, 0xf6, 0xa9, 0xa6, 0xba, 
    0xbb, 0xa1, 0xfc, 0xa6, 0xab, 0xa2, 0xb7, 0xfc, 0xbc, 0xb3, 0xbf, 0xb7, 
    0xaf, 0xb2, 0xfb, 0xaf, 0xbf, 0xb7, 0xa6, 0xba, 0xbd, 0xb6, 0xfa, 0xbc, 
    0xfe, 0xa0, 0xef, 0xff, 0xe3, 0xfb, 0xa9, 0xa0, 0xb7, 0xa6, 0xa7, 0xa0, 
    0xbc, 0xf2, 0xa6, 0xba, 0xbb, 0xa1, 0xfc, 0xa6, 0xa0, 0xab, 0x9f, 0xb7, 
    0xa6, 0xba, 0xbd, 0xb6, 0xfa, 0xbc, 0xfe, 0xa0, 0xfb, 0xed, 0xed, 0x8d, 
    0xfa, 0xb2, 0xb1, 0xbd, 0xa7, 0xbe, 0xb6, 0xbc, 0xf5, 0xa6, 0xf2, 0xb4, 
    0xbb, 0xbc, 0xb6, 0xf2, 0xbc, 0xbd, 0xbc, 0xff, 0xa1, 0xa6, 0xb3, 0xa6, 
    0xbb, 0xb1, 0xf2, 0xbf, 0xb7, 0xa6, 0xba, 0xbd, 0xb6, 0xf2, 0xf6, 0xa9, 
    0xbc, 0xaf, 0xf2, 0xbb, 0xbc, 0xf2, 0xba, 0xbb, 0xb7, 0xa0, 0xb3, 0xa0, 
    0xb1, 0xba, 0xab, 0xf2, 0xbd, 0xb4, 0xf2, 0xb1, 0xbe, 0xb3, 0xa1, 0xa1, 
    0xf2, 0xf6, 0xa9, 0xa6, 0xba, 0xbb, 0xa1, 0xfc, 0xa6, 0xab, 0xa2, 0xb7, 
    0xfc, 0xbc, 0xb3, 0xbf, 0xb7, 0xaf, 0xb2, 0xfb, 0xaf, 0xa6, 0xa0, 0xab, 
    0x94, 0xbb, 0xb7, 0xbe, 0xb6, 0xfa, 0xbc, 0xfb, 0xa9, 0xbe, 0xb7, 0xa6, 
    0xf2, 0xa0, 0xef, 0xa6, 0xba, 0xbb, 0xa1, 0xfc, 0xa6, 0xab, 0xa2, 0xb7, 
    0xfc, 0xb1, 0xbe, 0xb3, 0xa1, 0xa1, 0xfc, 0xa6, 0xa0, 0xab, 0x94, 0xbb, 
    0xb7, 0xbe, 0xb6, 0xfa, 0xbc, 0xfb, 0xe9, 0xbb, 0xb4, 0xfa, 0xa0, 0xed, 
    0xfc, 0xbb, 0xa1, 0x81, 0xa6, 0xb3, 0xa6, 0xbb, 0xb1, 0xfb, 0xa9, 0xb4, 
    0xbd, 0xa0, 0xfa, 0xbe, 0xb7, 0xa6, 0xf2, 0xa1, 0xf2, 0xbd, 0xb4, 0xf2, 
    0xa6, 0xba, 0xbb, 0xa1, 0xfc, 0xa6, 0xab, 0xa2, 0xb7, 0xfc, 0xb1, 0xbe, 
    0xb3, 0xa1, 0xa1, 0xfc, 0xba, 0xbb, 0xb7, 0xa0, 0xb3, 0xa0, 0xb1, 0xba, 
    0xab, 0xfa, 0xfb, 0xfb, 0xb4, 0xbd, 0xa0, 0xfa, 0xbe, 0xb7, 0xa6, 0xf2, 
    0xb3, 0xf2, 0xbd, 0xb4, 0xf2, 0xa1, 0xfc, 0xb4, 0xbb, 0xb7, 0xbe, 0xb6, 
    0xa1, 0xfb, 0xbb, 0xb4, 0xfa, 0xb3, 0xfc, 0xbc, 0xb3, 0xbf, 0xb7, 0xef, 
    0xef, 0xbc, 0xf4, 0xf4, 0xf3, 0xb3, 0xfc, 0xbb, 0xa1, 0x81, 0xa6, 0xb3, 
    0xa6, 0xbb, 0xb1, 0xfb, 0xa0, 0xb7, 0xa6, 0xa7, 0xa0, 0xbc, 0xf2, 0xb3, 
    0xfc, 0xb0, 0xbb, 0xbc, 0xb6, 0xfa, 0xa6, 0xba, 0xbb, 0xa1, 0xfb, 0xe9, 
    0xa0, 0xb7, 0xa6, 0xa7, 0xa0, 0xbc, 0xaf, 0xa0, 0xb7, 0xa6, 0xa7, 0xa0, 
    0xbc, 0xf2, 0xa0, 0xed, 0xfc, 0xb0, 0xbb, 0xbc, 0xb6, 0xfa, 0xa6, 0xba, 
    0xbb, 0xa1, 0xfb, 0xaf, 0xa6, 0xa0, 0xab, 0x9f, 0xb7, 0xa6, 0xba, 0xbd, 
    0xb6, 0xfa, 0xbc, 0xfe, 0xa0, 0xef, 0xff, 0xe3, 0xfb, 0xa9, 0xbe, 0xb7, 
    0xa6, 0xf2, 0xa1, 0xef, 0xa6, 0xba, 0xbb, 0xa1, 0xfc, 0xa6, 0xab, 0xa2, 
    0xb7, 0xfc, 0xb1, 0xbe, 0xb3, 0xa1, 0xa1, 0xfc, 0xa6, 0xa0, 0xab, 0x9f, 
    0xb7, 0xa6, 0xba, 0xbd, 0xb6, 0xfa, 0xbc, 0xfe, 0xa0, 0xfb, 0xe9, 0xbb, 
    0xb4, 0xfa, 0xa1, 0xed, 0xfc, 0xbb, 0xa1, 0x81, 0xa6, 0xb3, 0xa6, 0xbb, 
    0xb1, 0xfb, 0xa9, 0xb4, 0xbd, 0xa0, 0xfa, 0xbe, 0xb7, 0xa6, 0xf2, 0xb3, 
    0xf2, 0xbd, 0xb4, 0xf2, 0xa6, 0xba, 0xbb, 0xa1, 0xfc, 0xa6, 0xab, 0xa2, 
    0xb7, 0xfc, 0xb1, 0xbe, 0xb3, 0xa1, 0xa1, 0xfc, 0xba, 0xbb, 0xb7, 0xa0, 
    0xb3, 0xa0, 0xb1, 0xba, 0xab, 0xfa, 0xfb, 0xfb, 0xb4, 0xbd, 0xa0, 0xfa, 
    0xbe, 0xb7, 0xa6, 0xf2, 0xbb, 0xf2, 0xbd, 0xb4, 0xf2, 0xb3, 0xfc, 0xbf, 
    0xb7, 0xa6, 0xba, 0xbd, 0xb6, 0xa1, 0xfb, 0xbb, 0xb4, 0xfa, 0xbb, 0xfc, 
    0xbc, 0xb3, 0xbf, 0xb7, 0xef, 0xef, 0xbc, 0xf4, 0xf4, 0xf3, 0xbb, 0xfc, 
    0xbb, 0xa1, 0x81, 0xa6, 0xb3, 0xa6, 0xbb, 0xb1, 0xf4, 0xf4, 0xfa, 0xa0, 
    0xee, 0xe2, 0xae, 0xae, 0xbb, 0xfc, 0xa2, 0xb3, 0xa0, 0xb3, 0xbf, 0xb7, 
    0xa6, 0xb7, 0xa0, 0x91, 0xbd, 0xa7, 0xbc, 0xa6, 0xef, 0xef, 0xa0, 0xfb, 
    0xfb, 0xa0, 0xb7, 0xa6, 0xa7, 0xa0, 0xbc, 0xf2, 0xbb, 0xfc, 0xb0, 0xbb, 
    0xbc, 0xb6, 0xfa, 0xa6, 0xba, 0xbb, 0xa1, 0xfb, 0xe9, 0xa0, 0xb7, 0xa6, 
    0xa7, 0xa0, 0xbc, 0xaf, 0xa0, 0xb7, 0xa6, 0xa7, 0xa0, 0xbc, 0xf2, 0xa1, 
    0xed, 0xfc, 0xb0, 0xbb, 0xbc, 0xb6, 0xfa, 0xa6, 0xba, 0xbb, 0xa1, 0xfb, 
    0xaf, 0xa6, 0xbd, 0x81, 0xa6, 0xa0, 0xbb, 0xbc, 0xb5, 0xfa, 0xfb, 0xa9, 
    0xbe, 0xb7, 0xa6, 0xf2, 0xbc, 0xef, 0xa6, 0xba, 0xbb, 0xa1, 0xfc, 0xbf, 
    0xb7, 0xa6, 0xba, 0xbd, 0xb6, 0xfa, 0xf0, 0x86, 0xbd, 0x81, 0xa6, 0xa0, 
    0xbb, 0xbc, 0xb5, 0xf0, 0xfe, 0xe2, 0xfb, 0xe9, 0xa0, 0xb7, 0xa6, 0xa7, 
    0xa0, 0xbc, 0xf2, 0xa6, 0xba, 0xbb, 0xa1, 0xfc, 0xbb, 0xa1, 0x9c, 0xa7, 
    0xbe, 0xbe, 0xfa, 0xfb, 0xed, 0xf0, 0xbc, 0xa7, 0xbe, 0xbe, 0xf0, 0xe8, 
    0xbc, 0xfc, 0xb1, 0xbe, 0xb3, 0xa1, 0xa1, 0xfc, 0xbb, 0xa1, 0x84, 0xb3, 
    0xbe, 0xa7, 0xb7, 0x86, 0xab, 0xa2, 0xb7, 0xed, 0xbc, 0xfc, 0xbb, 0xbc, 
    0xa4, 0xbd, 0xb9, 0xb7, 0xfa, 0xfb, 0xfc, 0xb1, 0xbd, 0xbc, 0xa6, 0xb7, 
    0xbc, 0xa6, 0xed, 0xed, 0xf0, 0xbc, 0xa7, 0xbe, 0xbe, 0xf0, 0xe8, 0xa6, 
    0xba, 0xbb, 0xa1, 0xfc, 0xb0, 0xbd, 0xaa, 0xfa, 0xfb, 0xfc, 0xa6, 0xbd, 
    0x81, 0xa6, 0xa0, 0xbb, 0xbc, 0xb5, 0xfa, 0xfb, 0xed, 0xed, 0xf0, 0xbc, 
    0xa7, 0xbe, 0xbe, 0xf0, 0xaf, 0xaf, 0xb7, 0xfc, 0x84, 0xb3, 0xbe, 0xa7, 
    0xb7, 0x86, 0xab, 0xa2, 0xb7, 0xef, 0xa6, 0xaf, 0xfb, 0xfa, 0xbf, 0xae, 
    0xae, 0xfa, 0xbf, 0xef, 0xa9, 0xaf, 0xfb, 0xfb, 0xe9, 0xb5, 0xbe, 0xbd, 
    0xb0, 0xb3, 0xbe, 0x86, 0xba, 0xbb, 0xa1, 0xfc, 0x9b, 0xbe, 0xe0, 0x91, 
    0xa2, 0xa2, 0xef, 0xbf, 0xe9, 0xa4, 0xb3, 0xa0, 0xf2, 0xbf, 0xb7, 0xef, 
    0xa9, 0x86, 0x93, 0x80, 0x95, 0x97, 0x86, 0x8d, 0x9e, 0x9b, 0x90, 0xe8, 
    0xf0, 0xbe, 0xbb, 0xb0, 0xbe, 0xbd, 0xb5, 0xbb, 0xb1, 0xfc, 0xa1, 0xbd, 
    0xf0, 0xfe, 0x93, 0x82, 0x9b, 0x8d, 0x80, 0x9d, 0x9d, 0x9f, 0x81, 0x8d, 
    0x87, 0x80, 0x9e, 0xe8, 0x9e, 0xfc, 0xb7, 0xbc, 0xa4, 0xfc, 0x93, 0x82, 
    0x9b, 0x8d, 0x80, 0x9d, 0x9d, 0x9f, 0x81, 0x8d, 0x87, 0x80, 0x9e, 0xae, 
    0xae, 0xf0, 0xf0, 0xfe, 0x93, 0x82, 0x9b, 0x8d, 0x99, 0x97, 0x8b, 0xe8, 
    0x9e, 0xfc, 0xb7, 0xbc, 0xa4, 0xfc, 0x93, 0x82, 0x9b, 0x8d, 0x99, 0x97, 
    0x8b, 0xae, 0xae, 0xf0, 0xf0, 0xfe, 0x80, 0x9d, 0x9e, 0x97, 0x81, 0xe8, 
    0xa9, 0xb3, 0xb6, 0xbf, 0xbb, 0xbc, 0xe8, 0xa9, 0xb3, 0xbe, 0xbe, 0xbd, 
    0xa5, 0x94, 0xa0, 0xb7, 0xb7, 0x81, 0xb9, 0xbb, 0xbc, 0xe8, 0xf3, 0xe2, 
    0xfe, 0xb3, 0xbe, 0xbe, 0xbd, 0xa5, 0x95, 0x9f, 0x9f, 0xbd, 0xb6, 0xb7, 
    0xe8, 0xf3, 0xe2, 0xfe, 0xb3, 0xbe, 0xbe, 0xbd, 0xa5, 0x87, 0xbc, 0xa0, 
    0xb7, 0xbe, 0xb7, 0xb3, 0xa1, 0xb7, 0xb6, 0xe8, 0xf3, 0xe2, 0xfe, 0xb3, 
    0xbe, 0xbe, 0xbd, 0xa5, 0x86, 0xb7, 0xbe, 0xb7, 0xbf, 0xb7, 0xa6, 0xa0, 
    0xab, 0xe8, 0xf3, 0xe2, 0xfe, 0xb6, 0xb7, 0xa1, 0xb1, 0xa0, 0xbb, 0xa2, 
    0xa6, 0xbb, 0xbd, 0xbc, 0xe8, 0xf0, 0x93, 0xb6, 0xbf, 0xbb, 0xbc, 0xbb, 
    0xa1, 0xa6, 0xa0, 0xb3, 0xa6, 0xbd, 0xa0, 0xf2, 0x93, 0xb1, 0xb1, 0xb7, 
    0xa1, 0xa1, 0xf2, 0xff, 0xf2, 0x93, 0xbe, 0xbe, 0xf2, 0x94, 0xb7, 0xb3, 
    0xa6, 0xa7, 0xa0, 0xb7, 0xa1, 0xf2, 0x97, 0xbc, 0xb3, 0xb0, 0xbe, 0xb7, 
    0xb6, 0xf0, 0xaf, 0xfe, 0xa4, 0xbb, 0xa2, 0xe8, 0xa9, 0xb3, 0xbe, 0xbe, 
    0xbd, 0xa5, 0x94, 0xa0, 0xb7, 0xb7, 0x81, 0xb9, 0xbb, 0xbc, 0xe8, 0xf3, 
    0xe2, 0xfe, 0xb3, 0xbe, 0xbe, 0xbd, 0xa5, 0x95, 0x9f, 0x9f, 0xbd, 0xb6, 
    0xb7, 0xe8, 0xf3, 0xe3, 0xfe, 0xb3, 0xbe, 0xbe, 0xbd, 0xa5, 0x87, 0xbc, 
    0xa0, 0xb7, 0xbe, 0xb7, 0xb3, 0xa1, 0xb7, 0xb6, 0xe8, 0xf3, 0xe2, 0xfe, 
    0xb3, 0xbe, 0xbe, 0xbd, 0xa5, 0x86, 0xb7, 0xbe, 0xb7, 0xbf, 0xb7, 0xa6, 
    0xa0, 0xab, 0xe8, 0xf3, 0xe3, 0xfe, 0xb6, 0xb7, 0xa1, 0xb1, 0xa0, 0xbb, 
    0xa2, 0xa6, 0xbb, 0xbd, 0xbc, 0xe8, 0xf0, 0x84, 0x9b, 0x82, 0xf2, 0x93, 
    0xb1, 0xb1, 0xb7, 0xa1, 0xa1, 0xf2, 0xff, 0xf2, 0x81, 0xb9, 0xbb, 0xbc, 
    0xa1, 0xf2, 0xf4, 0xf2, 0x86, 0xb7, 0xbe, 0xb7, 0xbf, 0xb7, 0xa6, 0xa0, 
    0xab, 0xf2, 0x97, 0xbc, 0xb3, 0xb0, 0xbe, 0xb7, 0xb6, 0xf2, 0xfa, 0x9c, 
    0xbd, 0xf2, 0x95, 0x9f, 0xf2, 0x9f, 0xbd, 0xb6, 0xb7, 0xfb, 0xf0, 0xaf, 
    0xfe, 0xa7, 0xa1, 0xb7, 0xa0, 0xe8, 0xa9, 0xb3, 0xbe, 0xbe, 0xbd, 0xa5, 
    0x94, 0xa0, 0xb7, 0xb7, 0x81, 0xb9, 0xbb, 0xbc, 0xe8, 0xf3, 0xe2, 0xfe, 
    0xb3, 0xbe, 0xbe, 0xbd, 0xa5, 0x95, 0x9f, 0x9f, 0xbd, 0xb6, 0xb7, 0xe8, 
    0xf3, 0xe2, 0xfe, 0xb3, 0xbe, 0xbe, 0xbd, 0xa5, 0x87, 0xbc, 0xa0, 0xb7, 
    0xbe, 0xb7, 0xb3, 0xa1, 0xb7, 0xb6, 0xe8, 0xf3, 0xe2, 0xfe, 0xb3, 0xbe, 
    0xbe, 0xbd, 0xa5, 0x86, 0xb7, 0xbe, 0xb7, 0xbf, 0xb7, 0xa6, 0xa0, 0xab, 
    0xe8, 0xf3, 0xe3, 0xfe, 0xb6, 0xb7, 0xa1, 0xb1, 0xa0, 0xbb, 0xa2, 0xa6, 
    0xbb, 0xbd, 0xbc, 0xe8, 0xf0, 0x80, 0xb7, 0xb5, 0xa7, 0xbe, 0xb3, 0xa0, 
    0xf2, 0x87, 0xa1, 0xb7, 0xa0, 0xf2, 0xff, 0xf2, 0x86, 0xb7, 0xbe, 0xb7, 
    0xbf, 0xb7, 0xa6, 0xa0, 0xab, 0xf2, 0x9d, 0xbc, 0xbe, 0xab, 0xf0, 0xaf, 
    0xfe, 0xbe, 0xb7, 0xb3, 0xb9, 0xb7, 0xa0, 0xe8, 0xa9, 0xb3, 0xbe, 0xbe, 
    0xbd, 0xa5, 0x94, 0xa0, 0xb7, 0xb7, 0x81, 0xb9, 0xbb, 0xbc, 0xe8, 0xf3, 
    0xe2, 0xfe, 0xb3, 0xbe, 0xbe, 0xbd, 0xa5, 0x95, 0x9f, 0x9f, 0xbd, 0xb6, 
    0xb7, 0xe8, 0xf3, 0xe2, 0xfe, 0xb3, 0xbe, 0xbe, 0xbd, 0xa5, 0x87, 0xbc, 
    0xa0, 0xb7, 0xbe, 0xb7, 0xb3, 0xa1, 0xb7, 0xb6, 0xe8, 0xf3, 0xe2, 0xfe, 
    0xb3, 0xbe, 0xbe, 0xbd, 0xa5, 0x86, 0xb7, 0xbe, 0xb7, 0xbf, 0xb7, 0xa6, 
    0xa0, 0xab, 0xe8, 0xf3, 0xe3, 0xfe, 0xb6, 0xb7, 0xa1, 0xb1, 0xa0, 0xbb, 
    0xa2, 0xa6, 0xbb, 0xbd, 0xbc, 0xe8, 0xf0, 0x9e, 0xb7, 0xb3, 0xb9, 0xb7, 
    0xa0, 0xf0, 0xaf, 0xaf, 0xaf, 0xfe, 0x82, 0xef, 0xa9, 0xa7, 0xbb, 0xb6, 
    0xe8, 0xf0, 0xf0, 0xfe, 0xa0, 0xbd, 0xbe, 0xb7, 0xe8, 0xf0, 0xa7, 0xa1, 
    0xb7, 0xa0, 0xf0, 0xfe, 0xbb, 0xa1, 0x93, 0xa7, 0xa6, 0xba, 0xbd, 0xa0, 
    0xbb, 0xa8, 0xb7, 0xb6, 0xe8, 0xf3, 0xe3, 0xfe, 0xa2, 0xb7, 0xa0, 0xbf, 
    0xbb, 0xa1, 0xa1, 0xbb, 0xbd, 0xbc, 0xa1, 0xe8, 0xa9, 0xb3, 0xbe, 0xbe, 
    0xbd, 0xa5, 0x94, 0xa0, 0xb7, 0xb7, 0x81, 0xb9, 0xbb, 0xbc, 0xe8, 0xf3, 
    0xe3, 0xfe, 0xb3, 0xbe, 0xbe, 0xbd, 0xa5, 0x95, 0x9f, 0x9f, 0xbd, 0xb6, 
    0xb7, 0xe8, 0xf3, 0xe3, 0xfe, 0xb3, 0xbe, 0xbe, 0xbd, 0xa5, 0x86, 0xb7, 
    0xbe, 0xb7, 0xbf, 0xb7, 0xa6, 0xa0, 0xab, 0xe8, 0xf3, 0xe3, 0xaf, 0xaf, 
    0xe9, 0xb4, 0xa7, 0xbc, 0xb1, 0xa6, 0xbb, 0xbd, 0xbc, 0xf2, 0x85, 0xfa, 
    0xb7, 0xfe, 0xa6, 0xfe, 0xbd, 0xfe, 0xbc, 0xfb, 0xa9, 0xbb, 0xb4, 0xfa, 
    0x82, 0xfc, 0xa7, 0xbb, 0xb6, 0xef, 0xb7, 0xfe, 0x82, 0xfc, 0xa0, 0xbd, 
    0xbe, 0xb7, 0xef, 0xa6, 0xae, 0xae, 0xf0, 0xa7, 0xa1, 0xb7, 0xa0, 0xf0, 
    0xfe, 0xbd, 0xef, 0xef, 0xef, 0xf3, 0xe2, 0xae, 0xae, 0xbc, 0xef, 0xef, 
    0xef, 0xf3, 0xe3, 0xfb, 0xa0, 0xb7, 0xa6, 0xa7, 0xa0, 0xbc, 0xf2, 0x82, 
    0xfc, 0xbb, 0xa1, 0x93, 0xa7, 0xa6, 0xba, 0xbd, 0xa0, 0xbb, 0xa8, 0xb7, 
    0xb6, 0xef, 0xf3, 0xe3, 0xfe, 0x82, 0xfc, 0xa2, 0xb7, 0xa0, 0xbf, 0xbb, 
    0xa1, 0xa1, 0xbb, 0xbd, 0xbc, 0xa1, 0xef, 0xa9, 0xb3, 0xbe, 0xbe, 0xbd, 
    0xa5, 0x94, 0xa0, 0xb7, 0xb7, 0x81, 0xb9, 0xbb, 0xbc, 0xe8, 0xf3, 0xe3, 
    0xfe, 0xb3, 0xbe, 0xbe, 0xbd, 0xa5, 0x95, 0x9f, 0x9f, 0xbd, 0xb6, 0xb7, 
    0xe8, 0xf3, 0xe3, 0xfe, 0xb3, 0xbe, 0xbe, 0xbd, 0xa5, 0x86, 0xb7, 0xbe, 
    0xb7, 0xbf, 0xb7, 0xa6, 0xa0, 0xab, 0xe8, 0xf3, 0xe3, 0xfe, 0xb3, 0xbe, 
    0xbe, 0xbd, 0xa5, 0x90, 0xb3, 0xa6, 0xa6, 0xbe, 0xb7, 0x94, 0xb7, 0xb3, 
    0xa6, 0xa7, 0xa0, 0xb7, 0xa1, 0xe8, 0xf3, 0xe3, 0xaf, 0xfe, 0xf3, 0xe3, 
    0xe9, 0x82, 0xfc, 0xbb, 0xa1, 0x93, 0xa7, 0xa6, 0xba, 0xbd, 0xa0, 0xbb, 
    0xa8, 0xb7, 0xb6, 0xef, 0xf3, 0xe2, 0xe9, 0xbe, 0xb7, 0xa6, 0xf2, 0xa0, 
    0xef, 0xbf, 0xb7, 0xfc, 0x80, 0x9d, 0x9e, 0x97, 0x81, 0x89, 0x82, 0xfc, 
    0xa0, 0xbd, 0xbe, 0xb7, 0x8f, 0xae, 0xae, 0xbf, 0xb7, 0xfc, 0x80, 0x9d, 
    0x9e, 0x97, 0x81, 0xfc, 0xa7, 0xa1, 0xb7, 0xa0, 0xe9, 0xa0, 0xb7, 0xa6, 
    0xa7, 0xa0, 0xbc, 0xf2, 0x82, 0xfc, 0xa2, 0xb7, 0xa0, 0xbf, 0xbb, 0xa1, 
    0xa1, 0xbb, 0xbd, 0xbc, 0xa1, 0xef, 0xa9, 0xfc, 0xfc, 0xfc, 0xa0, 0xaf, 
    0xfe, 0xf3, 0xe2, 0xaf, 0xb4, 0xa7, 0xbc, 0xb1, 0xa6, 0xbb, 0xbd, 0xbc, 
    0xf2, 0xb4, 0xfa, 0xb7, 0xfe, 0xa6, 0xfb, 0xa9, 0x82, 0xfc, 0xa0, 0xbd, 
    0xbe, 0xb7, 0xef, 0xef, 0xef, 0xf0, 0xb3, 0xb6, 0xbf, 0xbb, 0xbc, 0xf0, 
    0xf4, 0xf4, 0xb1, 0xbd, 0xbc, 0xa1, 0xbd, 0xbe, 0xb7, 0xfc, 0xbe, 0xbd, 
    0xb5, 0xfa, 0xb2, 0x89, 0xf6, 0xa9, 0xb7, 0xaf, 0x8f, 0xf2, 0xf6, 0xa9, 
    0xa6, 0xaf, 0xb2, 0xfb, 0xaf, 0xa4, 0xb3, 0xa0, 0xf2, 0x82, 0xb7, 0xef, 
    0xf0, 0xbf, 0xbe, 0xb0, 0xa1, 0x8d, 0xb1, 0xb3, 0xb1, 0xba, 0xb7, 0x8d, 
    0xbb, 0xbc, 0xa6, 0xb7, 0xb5, 0xa0, 0xbb, 0xa6, 0xab, 0x8d, 0xa1, 0xb3, 
    0xbe, 0xa6, 0x8d, 0xe7, 0xb0, 0xe6, 0xe5, 0xb3, 0xeb, 0xb7, 0xb4, 0xe1, 
    0xea, 0xf0, 0xe9, 0xb4, 0xa7, 0xbc, 0xb1, 0xa6, 0xbb, 0xbd, 0xbc, 0xf2, 
    0x83, 0xfa, 0xb7, 0xfe, 0xa6, 0xfb, 0xa9, 0xa0, 0xb7, 0xa6, 0xa7, 0xa0, 
    0xbc, 0xf2, 0xb7, 0xec, 0xec, 0xec, 0xa6, 0xae, 0xb7, 0xee, 0xee, 0xe1, 
    0xe0, 0xff, 0xa6, 0xaf, 0xb4, 0xa7, 0xbc, 0xb1, 0xa6, 0xbb, 0xbd, 0xbc, 
    0xf2, 0xb4, 0xb7, 0xfa, 0xb7, 0xfb, 0xa9, 0xbe, 0xb7, 0xa6, 0xf2, 0xa6, 
    0xef, 0x9f, 0xb3, 0xa6, 0xba, 0xfc, 0xa2, 0xbd, 0xa5, 0xfe, 0xbd, 0xef, 
    0xa6, 0xfa, 0xe0, 0xfe, 0xe1, 0xe0, 0xfb, 0xfe, 0xbc, 0xef, 0xf0, 0xbe, 
    0xb7, 0xbc, 0xb5, 0xa6, 0xba, 0xf0, 0xfe, 0xa0, 0xfe, 0xa1, 0xfe, 0xb3, 
    0xef, 0x89, 0x8f, 0xfe, 0xbb, 0xef, 0xb7, 0x89, 0xbc, 0x8f, 0xf8, 0xea, 
    0xfe, 0xb1, 0xef, 0xb4, 0xb7, 0xfc, 0xba, 0xef, 0xb4, 0xb7, 0xfc, 0xba, 
    0xae, 0xae, 0x89, 0x8f, 0xfe, 0xbe, 0xef, 0xb4, 0xb7, 0xfc, 0xb9, 0xef, 
    0xb4, 0xb7, 0xfc, 0xb9, 0xae, 0xae, 0x89, 0x8f, 0xfe, 0xba, 0xef, 0xbe, 
    0x89, 0xbc, 0x8f, 0xfe, 0xa2, 0xef, 0x91, 0xef, 0xec, 0xa9, 0xb4, 0xbd, 
    0xa0, 0xfa, 0xbe, 0xb7, 0xa6, 0xf2, 0xb7, 0xb7, 0xef, 0xe0, 0xe9, 0xb7, 
    0xb7, 0xf8, 0xb7, 0xb7, 0xee, 0xef, 0x91, 0xe9, 0xb7, 0xb7, 0xf9, 0xf9, 
    0xfb, 0xbb, 0xb4, 0xfa, 0x91, 0xf7, 0xb7, 0xb7, 0xef, 0xef, 0xef, 0xe2, 
    0xfb, 0xa0, 0xb7, 0xa6, 0xa7, 0xa0, 0xbc, 0xf3, 0xe3, 0xe9, 0xa0, 0xb7, 
    0xa6, 0xa7, 0xa0, 0xbc, 0xf3, 0xe2, 0xaf, 0xfe, 0xab, 0xef, 0x91, 0xef, 
    0xec, 0xfa, 0x91, 0xff, 0x9f, 0xb3, 0xa6, 0xba, 0xfc, 0xb4, 0xbe, 0xbd, 
    0xbd, 0xa0, 0xfa, 0x91, 0xfb, 0xfb, 0xf8, 0xbd, 0xae, 0xe2, 0xfe, 0x81, 
    0xef, 0xe0, 0xe9, 0xb4, 0xbd, 0xa0, 0xfa, 0xe9, 0xba, 0xee, 0xe4, 0xe6, 
    0xe9, 0xfb, 0xa2, 0xfa, 0x81, 0xfb, 0xf4, 0xf4, 0xfa, 0xba, 0xee, 0xea, 
    0xf4, 0xf4, 0xfa, 0xb1, 0x89, 0xba, 0x8f, 0xef, 0xab, 0xfa, 0xa6, 0xfa, 
    0x81, 0xfe, 0xe3, 0xfd, 0xe0, 0xfb, 0xfb, 0xfb, 0xfe, 0xbe, 0x89, 0xba, 
    0x8f, 0xef, 0xab, 0xfa, 0xa6, 0xfa, 0x81, 0xfe, 0xe3, 0xfd, 0xe1, 0xfb, 
    0xfb, 0xfe, 0xba, 0xf9, 0xf9, 0xfb, 0xfe, 0x81, 0xf9, 0xf9, 0xe9, 0xbe, 
    0xb7, 0xa6, 0xf2, 0x9f, 0xef, 0xfa, 0xbb, 0xf9, 0xe4, 0xe6, 0xec, 0xec, 
    0xeb, 0xee, 0xee, 0xe6, 0xfb, 0xf9, 0xe3, 0xe7, 0xe9, 0xb4, 0xbd, 0xa0, 
    0xfa, 0xa0, 0xef, 0xe2, 0xe9, 0xa0, 0xee, 0x9f, 0xe9, 0xa0, 0xf9, 0xf9, 
    0xfb, 0xb3, 0x89, 0xa0, 0x8f, 0xef, 0xe2, 0xe9, 0xb4, 0xbd, 0xa0, 0xfa, 
    0xa0, 0xef, 0xe2, 0xe9, 0xa0, 0xee, 0xb7, 0x89, 0xbc, 0x8f, 0xe9, 0xa0, 
    0xf9, 0xf9, 0xfb, 0xb3, 0x89, 0xa0, 0xec, 0xec, 0xe0, 0x8f, 0xae, 0xef, 
    0xfa, 0xb7, 0xfc, 0xb1, 0xba, 0xb3, 0xa0, 0x91, 0xbd, 0xb6, 0xb7, 0x93, 
    0xa6, 0xfa, 0xa0, 0xfb, 0xf4, 0xe0, 0xe7, 0xe7, 0xfb, 0xee, 0xee, 0xe0, 
    0xe6, 0xff, 0xa0, 0xf7, 0xe6, 0xf8, 0xea, 0xe9, 0xb3, 0x89, 0xbb, 0xec, 
    0xec, 0xe7, 0x8f, 0xae, 0xef, 0xe3, 0xe0, 0xea, 0xee, 0xee, 0xe0, 0xe6, 
    0xff, 0xbb, 0xf7, 0xe1, 0xe0, 0xfe, 0xb3, 0x89, 0x9f, 0x8f, 0xef, 0xbb, 
    0xe9, 0xbe, 0xb7, 0xa6, 0xf2, 0x80, 0xef, 0x89, 0x8f, 0xfe, 0x90, 0xfe, 
    0x96, 0xfe, 0xb9, 0xfe, 0xb0, 0xfe, 0xb5, 0xfe, 0xaa, 0xfe, 0xa5, 0xfe, 
    0x86, 0xfe, 0x9c, 0xfe, 0x97, 0xfe, 0x9d, 0xef, 0xb1, 0x89, 0xe2, 0x8f, 
    0xfe, 0xa8, 0xef, 0xb1, 0x89, 0xe3, 0x8f, 0xfe, 0x93, 0xef, 0xb1, 0x89, 
    0xe0, 0x8f, 0xfe, 0x87, 0xef, 0xb1, 0x89, 0xe1, 0x8f, 0xfe, 0x95, 0xef, 
    0xb1, 0x89, 0xe6, 0x8f, 0xfe, 0xf6, 0xef, 0xb1, 0x89, 0xe7, 0x8f, 0xfe, 
    0xa4, 0xef, 0xb1, 0x89, 0xe4, 0x8f, 0xfe, 0x98, 0xef, 0xb1, 0x89, 0xe5, 
    0x8f, 0xe9, 0xb4, 0xbd, 0xa0, 0xfa, 0xa0, 0xef, 0xe2, 0xe9, 0xa0, 0xee, 
    0x9f, 0xe9, 0xa0, 0xf9, 0xef, 0xe3, 0xe4, 0xfb, 0xa9, 0xb4, 0xbd, 0xa0, 
    0xfa, 0x90, 0xef, 0x9d, 0xfe, 0x96, 0xef, 0xa8, 0xfe, 0xb9, 0xef, 0x93, 
    0xfe, 0xb0, 0xef, 0x87, 0xfe, 0xb5, 0xef, 0x95, 0xfe, 0xaa, 0xef, 0xf6, 
    0xfe, 0xa5, 0xef, 0xa4, 0xfe, 0x86, 0xef, 0x98, 0xfe, 0xa1, 0xef, 0xe2, 
    0xe9, 0xa1, 0xee, 0xe4, 0xe6, 0xe9, 0xa1, 0xf9, 0xf9, 0xfb, 0xa9, 0xbb, 
    0xb4, 0xfa, 0xa1, 0xee, 0xe3, 0xe4, 0xfb, 0x80, 0x89, 0xa1, 0x8f, 0xef, 
    0xb3, 0x89, 0xa0, 0xf9, 0xa1, 0x8f, 0xe9, 0xb7, 0xbe, 0xa1, 0xb7, 0xa9, 
    0xbe, 0xb7, 0xa6, 0xf2, 0x8a, 0xb7, 0xef, 0x83, 0xfa, 0x80, 0x89, 0xa1, 
    0xff, 0xe3, 0xe7, 0x8f, 0xfe, 0xe5, 0xfb, 0x8c, 0x83, 0xfa, 0x80, 0x89, 
    0xa1, 0xff, 0xe3, 0xe7, 0x8f, 0xfe, 0xe3, 0xea, 0xfb, 0x8c, 0x80, 0x89, 
    0xa1, 0xff, 0xe3, 0xe7, 0x8f, 0xec, 0xec, 0xec, 0xe1, 0xfe, 0x91, 0xb7, 
    0xef, 0x83, 0xfa, 0x80, 0x89, 0xa1, 0xff, 0xe0, 0x8f, 0xfe, 0xe3, 0xe5, 
    0xfb, 0x8c, 0x83, 0xfa, 0x80, 0x89, 0xa1, 0xff, 0xe0, 0x8f, 0xfe, 0xe3, 
    0xeb, 0xfb, 0x8c, 0x80, 0x89, 0xa1, 0xff, 0xe0, 0x8f, 0xec, 0xec, 0xec, 
    0xe3, 0xe2, 0xe9, 0x80, 0x89, 0xa1, 0x8f, 0xef, 0x80, 0x89, 0xa1, 0xff, 
    0xe3, 0xe4, 0x8f, 0xf9, 0x8a, 0xb7, 0xf9, 0x80, 0x89, 0xa1, 0xff, 0xe5, 
    0x8f, 0xf9, 0x91, 0xb7, 0xae, 0xe2, 0xaf, 0xbe, 0xb7, 0xa6, 0xf2, 0x91, 
    0xef, 0x83, 0xfa, 0xb5, 0xfe, 0xe4, 0xfb, 0x8c, 0x83, 0xfa, 0xb5, 0xfe, 
    0xe3, 0xe3, 0xfb, 0x8c, 0x83, 0xfa, 0xb5, 0xfe, 0xe0, 0xe7, 0xfb, 0xfe, 
    0xb7, 0xb7, 0xef, 0xb5, 0xf4, 0xaa, 0x8c, 0xac, 0xb5, 0xf4, 0xa5, 0xe9, 
    0x9c, 0xef, 0x86, 0xf9, 0x91, 0xf9, 0xb7, 0xb7, 0xf9, 0xbe, 0x89, 0xa1, 
    0x8f, 0xf9, 0x80, 0x89, 0xa1, 0x8f, 0xae, 0xe2, 0xe9, 0xbe, 0xb7, 0xa6, 
    0xf2, 0xbb, 0xb7, 0xef, 0x83, 0xfa, 0x90, 0xfe, 0xe0, 0xfb, 0x8c, 0x83, 
    0xfa, 0x90, 0xfe, 0xe3, 0xe1, 0xfb, 0x8c, 0x83, 0xfa, 0x90, 0xfe, 0xe0, 
    0xe0, 0xfb, 0xfe, 0xb3, 0xb7, 0xef, 0x90, 0xf4, 0x96, 0x8c, 0x90, 0xf4, 
    0xb9, 0x8c, 0x96, 0xf4, 0xb9, 0xe9, 0x97, 0xef, 0xbb, 0xb7, 0xf9, 0xb3, 
    0xb7, 0xae, 0xe2, 0xfe, 0x86, 0xef, 0xa5, 0xfe, 0xa5, 0xef, 0xaa, 0xfe, 
    0xaa, 0xef, 0xb5, 0xfe, 0xb5, 0xef, 0xb0, 0xf9, 0x9c, 0xae, 0xe2, 0xfe, 
    0xb0, 0xef, 0xb9, 0xfe, 0xb9, 0xef, 0x96, 0xfe, 0x96, 0xef, 0x90, 0xfe, 
    0x90, 0xef, 0x9c, 0xf9, 0x97, 0xae, 0xe2, 0xaf, 0x9d, 0xef, 0x9d, 0xf9, 
    0x90, 0xae, 0xe2, 0xfe, 0xa8, 0xef, 0xa8, 0xf9, 0x96, 0xae, 0xe2, 0xfe, 
    0x93, 0xef, 0x93, 0xf9, 0xb9, 0xae, 0xe2, 0xfe, 0x87, 0xef, 0x87, 0xf9, 
    0xb0, 0xae, 0xe2, 0xfe, 0x95, 0xef, 0x95, 0xf9, 0xb5, 0xae, 0xe2, 0xfe, 
    0xf6, 0xef, 0xf6, 0xf9, 0xaa, 0xae, 0xe2, 0xfe, 0xa4, 0xef, 0xa4, 0xf9, 
    0xa5, 0xae, 0xe2, 0xfe, 0x98, 0xef, 0x98, 0xf9, 0x86, 0xae, 0xe2, 0xaf, 
    0xbe, 0xb7, 0xa6, 0xf2, 0xbc, 0xb7, 0xef, 0x91, 0xef, 0xec, 0xa9, 0xbe, 
    0xb7, 0xa6, 0xf2, 0xb7, 0xb7, 0xef, 0xf0, 0xf0, 0xfe, 0xbb, 0xb7, 0xef, 
    0xe2, 0xe9, 0xb4, 0xbd, 0xa0, 0xfa, 0xbe, 0xb7, 0xa6, 0xf2, 0xb3, 0xb7, 
    0xef, 0xe2, 0xe9, 0xb3, 0xb7, 0xee, 0xe6, 0xe9, 0xb3, 0xb7, 0xf9, 0xf9, 
    0xfb, 0xbb, 0xb7, 0xef, 0x91, 0xec, 0xec, 0xe0, 0xe6, 0xff, 0xb3, 0xb7, 
    0xf8, 0xea, 0xf4, 0xe0, 0xe7, 0xe7, 0xfe, 0xb7, 0xb7, 0xf9, 0xef, 0xfa, 
    0xbb, 0xb7, 0xee, 0xe3, 0xe4, 0xed, 0xf0, 0xe2, 0xf0, 0xe8, 0xf0, 0xf0, 
    0xfb, 0xf9, 0xbb, 0xb7, 0xfc, 0xa6, 0xbd, 0x81, 0xa6, 0xa0, 0xbb, 0xbc, 
    0xb5, 0xfa, 0xe3, 0xe4, 0xfb, 0xe9, 0xa0, 0xb7, 0xa6, 0xa7, 0xa0, 0xbc, 
    0xf2, 0xb7, 0xb7, 0xaf, 0xe9, 0xa0, 0xb7, 0xa6, 0xa7, 0xa0, 0xbc, 0xf2, 
    0xbc, 0xb7, 0xfa, 0x9d, 0xfb, 0xf9, 0xbc, 0xb7, 0xfa, 0xa8, 0xfb, 0xf9, 
    0xbc, 0xb7, 0xfa, 0x93, 0xfb, 0xf9, 0xbc, 0xb7, 0xfa, 0x87, 0xfb, 0xf9, 
    0xbc, 0xb7, 0xfa, 0x95, 0xfb, 0xf9, 0xbc, 0xb7, 0xfa, 0xf6, 0xfb, 0xf9, 
    0xbc, 0xb7, 0xfa, 0xa4, 0xfb, 0xf9, 0xbc, 0xb7, 0xfa, 0x98, 0xfb, 0xaf, 
    0xb4, 0xa7, 0xbc, 0xb1, 0xa6, 0xbb, 0xbd, 0xbc, 0xf2, 0xa4, 0xb7, 0xfa, 
    0xb7, 0xfe, 0xa6, 0xfe, 0xbd, 0xfe, 0xbc, 0xfe, 0xa0, 0xfb, 0xa9, 0xbe, 
    0xb7, 0xa6, 0xf2, 0xa1, 0xef, 0x81, 0xa6, 0xa0, 0xbb, 0xbc, 0xb5, 0xfa, 
    0xb7, 0xae, 0xae, 0xf0, 0xf0, 0xfb, 0xfc, 0xa6, 0xa0, 0xbb, 0xbf, 0xfa, 
    0xfb, 0xfe, 0xb3, 0xef, 0x81, 0xa6, 0xa0, 0xbb, 0xbc, 0xb5, 0xfa, 0xa6, 
    0xae, 0xae, 0xf0, 0xa7, 0xa1, 0xb7, 0xa0, 0xf0, 0xfb, 0xfc, 0xa6, 0xa0, 
    0xbb, 0xbf, 0xfa, 0xfb, 0xfe, 0xbb, 0xef, 0xbd, 0xef, 0xef, 0xef, 0xf3, 
    0xe2, 0xed, 0xf0, 0xe3, 0xf0, 0xe8, 0xf0, 0xe2, 0xf0, 0xfe, 0xb1, 0xef, 
    0xbc, 0xef, 0xef, 0xef, 0xf3, 0xe2, 0xed, 0xf0, 0xe3, 0xf0, 0xe8, 0xf0, 
    0xe2, 0xf0, 0xfe, 0xbe, 0xef, 0x81, 0xa6, 0xa0, 0xbb, 0xbc, 0xb5, 0xfa, 
    0xa0, 0xae, 0xae, 0xf0, 0xe2, 0xf0, 0xfb, 0xfc, 0xa6, 0xa0, 0xbb, 0xbf, 
    0xfa, 0xfb, 0xfe, 0xba, 0xef, 0xb2, 0xf6, 0xa9, 0x82, 0xb7, 0xaf, 0xae, 
    0xf6, 0xa9, 0xa1, 0xaf, 0xae, 0xf6, 0xa9, 0xb3, 0xaf, 0xae, 0xf6, 0xa9, 
    0xbb, 0xaf, 0xae, 0xf6, 0xa9, 0xb1, 0xaf, 0xae, 0xf6, 0xa9, 0xbe, 0xaf, 
    0xae, 0xf6, 0xa9, 0x82, 0xb7, 0xaf, 0xb2, 0xe9, 0xa0, 0xb7, 0xa6, 0xa7, 
    0xa0, 0xbc, 0xf2, 0xb4, 0xb7, 0xfa, 0xba, 0xfb, 0xaf, 0xb4, 0xa7, 0xbc, 
    0xb1, 0xa6, 0xbb, 0xbd, 0xbc, 0xf2, 0x80, 0xb7, 0xfa, 0xb7, 0xfb, 0xa9, 
    0xa0, 0xb7, 0xa6, 0xa7, 0xa0, 0xbc, 0xf3, 0xb7, 0xae, 0xae, 0xa6, 0xab, 
    0xa2, 0xb7, 0xbd, 0xb4, 0xf2, 0xb7, 0xf3, 0xef, 0xf0, 0xbd, 0xb0, 0xb8, 
    0xb7, 0xb1, 0xa6, 0xf0, 0xae, 0xae, 0xf3, 0xb7, 0xfc, 0xa7, 0xbb, 0xb6, 
    0xae, 0xae, 0xf3, 0xb7, 0xfc, 0xa1, 0xbb, 0xb5, 0xbc, 0xb3, 0xa6, 0xa7, 
    0xa0, 0xb7, 0xed, 0xf3, 0xe3, 0xe8, 0xa4, 0xb7, 0xfa, 0xb7, 0xfc, 0xa7, 
    0xbb, 0xb6, 0xfe, 0xb7, 0xfc, 0xa0, 0xbd, 0xbe, 0xb7, 0xfe, 0xb7, 0xfc, 
    0xb0, 0xb3, 0xbc, 0xfe, 0xb7, 0xfc, 0xbb, 0xa1, 0x8d, 0xb3, 0xbe, 0xbe, 
    0xbd, 0xa5, 0xb7, 0xb6, 0xfe, 0xb7, 0xfc, 0xa6, 0xbb, 0xbf, 0xb7, 0xa1, 
    0xa6, 0xb3, 0xbf, 0xa2, 0xfb, 0xef, 0xef, 0xef, 0xb7, 0xfc, 0xa1, 0xbb, 
    0xb5, 0xbc, 0xb3, 0xa6, 0xa7, 0xa0, 0xb7, 0xaf, 0xa4, 0xb3, 0xa0, 0xf2, 
    0xb0, 0xb7, 0xef, 0xf0, 0xbf, 0xbe, 0xb0, 0xa1, 0x8d, 0xb1, 0xb3, 0xb1, 
    0xba, 0xb7, 0x8d, 0xaa, 0xbd, 0xa0, 0x8d, 0xb9, 0xb7, 0xab, 0x8d, 0xb3, 
    0xea, 0xb6, 0xeb, 0xb4, 0xe6, 0xb7, 0xe0, 0xb1, 0xe3, 0xf0, 0xe9, 0xb4, 
    0xa7, 0xbc, 0xb1, 0xa6, 0xbb, 0xbd, 0xbc, 0xf2, 0xb9, 0xb7, 0xfa, 0xb7, 
    0xfb, 0xa9, 0xbe, 0xb7, 0xa6, 0xf2, 0xa6, 0xef, 0xf0, 0xf0, 0xe9, 0xb4, 
    0xbd, 0xa0, 0xfa, 0xbe, 0xb7, 0xa6, 0xf2, 0xbc, 0xef, 0xe2, 0xe9, 0xbc, 
    0xee, 0xb7, 0xfc, 0xbe, 0xb7, 0xbc, 0xb5, 0xa6, 0xba, 0xe9, 0xbc, 0xf9, 
    0xf9, 0xfb, 0xa9, 0xbe, 0xb7, 0xa6, 0xf2, 0xa0, 0xef, 0xb7, 0xfc, 0xb1, 
    0xba, 0xb3, 0xa0, 0x91, 0xbd, 0xb6, 0xb7, 0x93, 0xa6, 0xfa, 0xbc, 0xfb, 
    0x8c, 0xb0, 0xb7, 0xfc, 0xb1, 0xba, 0xb3, 0xa0, 0x91, 0xbd, 0xb6, 0xb7, 
    0x93, 0xa6, 0xfa, 0xbc, 0xf7, 0xb0, 0xb7, 0xfc, 0xbe, 0xb7, 0xbc, 0xb5, 
    0xa6, 0xba, 0xfb, 0xe9, 0xa6, 0xf9, 0xef, 0x81, 0xa6, 0xa0, 0xbb, 0xbc, 
    0xb5, 0xfc, 0xb4, 0xa0, 0xbd, 0xbf, 0x91, 0xba, 0xb3, 0xa0, 0x91, 0xbd, 
    0xb6, 0xb7, 0xfa, 0xa0, 0xfb, 0xaf, 0xbe, 0xb7, 0xa6, 0xf2, 0xbd, 0xef, 
    0xf0, 0xf0, 0xe9, 0xb4, 0xbd, 0xa0, 0xfa, 0xbe, 0xb7, 0xa6, 0xf2, 0xbc, 
    0xef, 0xe2, 0xe9, 0xbc, 0xee, 0xa6, 0xfc, 0xbe, 0xb7, 0xbc, 0xb5, 0xa6, 
    0xba, 0xe9, 0xbc, 0xf9, 0xf9, 0xfb, 0xa9, 0xbe, 0xb7, 0xa6, 0xf2, 0xa0, 
    0xef, 0xa6, 0xfc, 0xb1, 0xba, 0xb3, 0xa0, 0x91, 0xbd, 0xb6, 0xb7, 0x93, 
    0xa6, 0xfa, 0xbc, 0xfb, 0xfc, 0xa6, 0xbd, 0x81, 0xa6, 0xa0, 0xbb, 0xbc, 
    0xb5, 0xfa, 0xe3, 0xe4, 0xfb, 0xe9, 0xbd, 0xf9, 0xef, 0xfa, 0xa0, 0xfc, 
    0xbe, 0xb7, 0xbc, 0xb5, 0xa6, 0xba, 0xee, 0xe0, 0xed, 0xf0, 0xe2, 0xf0, 
    0xe8, 0xf0, 0xf0, 0xfb, 0xf9, 0xa0, 0xaf, 0xa0, 0xb7, 0xa6, 0xa7, 0xa0, 
    0xbc, 0xf2, 0xbd, 0xaf, 0xb4, 0xa7, 0xbc, 0xb1, 0xa6, 0xbb, 0xbd, 0xbc, 
    0xf2, 0x95, 0xb7, 0xfa, 0xb7, 0xfb, 0xa9, 0xa6, 0xa0, 0xab, 0xa9, 0xbe, 
    0xb7, 0xa6, 0xf2, 0xa6, 0xef, 0xf0, 0xf0, 0xe9, 0xb4, 0xbd, 0xa0, 0xfa, 
    0xbe, 0xb7, 0xa6, 0xf2, 0xbc, 0xef, 0xe2, 0xe9, 0xbc, 0xee, 0xb7, 0xfc, 
    0xbe, 0xb7, 0xbc, 0xb5, 0xa6, 0xba, 0xe9, 0xbc, 0xf9, 0xef, 0xe0, 0xfb, 
    0xa6, 0xf9, 0xef, 0x81, 0xa6, 0xa0, 0xbb, 0xbc, 0xb5, 0xfc, 0xb4, 0xa0, 
    0xbd, 0xbf, 0x91, 0xba, 0xb3, 0xa0, 0x91, 0xbd, 0xb6, 0xb7, 0xfa, 0xa2, 
    0xb3, 0xa0, 0xa1, 0xb7, 0x9b, 0xbc, 0xa6, 0xfa, 0xb7, 0xfc, 0xa1, 0xa7, 
    0xb0, 0xa1, 0xa6, 0xa0, 0xfa, 0xbc, 0xfe, 0xe0, 0xfb, 0xfe, 0xe3, 0xe4, 
    0xfb, 0xfb, 0xe9, 0xbe, 0xb7, 0xa6, 0xf2, 0xbd, 0xef, 0xf0, 0xf0, 0xe9, 
    0xb4, 0xbd, 0xa0, 0xfa, 0xbe, 0xb7, 0xa6, 0xf2, 0xbc, 0xef, 0xe2, 0xe9, 
    0xbc, 0xee, 0xa6, 0xfc, 0xbe, 0xb7, 0xbc, 0xb5, 0xa6, 0xba, 0xe9, 0xbc, 
    0xf9, 0xf9, 0xfb, 0xa9, 0xbe, 0xb7, 0xa6, 0xf2, 0xa0, 0xef, 0xa6, 0xfc, 
    0xb1, 0xba, 0xb3, 0xa0, 0x91, 0xbd, 0xb6, 0xb7, 0x93, 0xa6, 0xfa, 0xbc, 
    0xfb, 0x8c, 0xb0, 0xb7, 0xfc, 0xb1, 0xba, 0xb3, 0xa0, 0x91, 0xbd, 0xb6, 
    0xb7, 0x93, 0xa6, 0xfa, 0xbc, 0xf7, 0xb0, 0xb7, 0xfc, 0xbe, 0xb7, 0xbc, 
    0xb5, 0xa6, 0xba, 0xfb, 0xe9, 0xbd, 0xf9, 0xef, 0x81, 0xa6, 0xa0, 0xbb, 
    0xbc, 0xb5, 0xfc, 0xb4, 0xa0, 0xbd, 0xbf, 0x91, 0xba, 0xb3, 0xa0, 0x91, 
    0xbd, 0xb6, 0xb7, 0xfa, 0xa0, 0xfb, 0xaf, 0xa0, 0xb7, 0xa6, 0xa7, 0xa0, 
    0xbc, 0xf2, 0xbd, 0xaf, 0xb1, 0xb3, 0xa6, 0xb1, 0xba, 0xa9, 0xa0, 0xb7, 
    0xa6, 0xa7, 0xa0, 0xbc, 0xf2, 0xbc, 0xa7, 0xbe, 0xbe, 0xaf, 0xaf, 0xb4, 
    0xa7, 0xbc, 0xb1, 0xa6, 0xbb, 0xbd, 0xbc, 0xf2, 0x81, 0xb7, 0xfa, 0xfb, 
    0xa9, 0xbe, 0xb7, 0xa6, 0xf2, 0xb7, 0xef, 0xf0, 0xfd, 0xb6, 0xb3, 0xa6, 
    0xb3, 0xfd, 0xb6, 0xb3, 0xa6, 0xb3, 0xfd, 0xb1, 0xbd, 0xbf, 0xfc, 0xbf, 
    0xbd, 0xb0, 0xbb, 0xbe, 0xb7, 0xbe, 0xb7, 0xb5, 0xb7, 0xbc, 0xb6, 0xa1, 
    0xfc, 0xa6, 0xb3, 0xa2, 0xa6, 0xb7, 0xa1, 0xa6, 0xfd, 0xb4, 0xbb, 0xbe, 
    0xb7, 0xa1, 0xf0, 0xe9, 0xa6, 0xa0, 0xab, 0xa9, 0x98, 0xb3, 0xa4, 0xb3, 
    0xfc, 0xb3, 0xa4, 0xb3, 0xbb, 0xbe, 0xb3, 0xb0, 0xbe, 0xb7, 0xf4, 0xf4, 
    0x98, 0xb3, 0xa4, 0xb3, 0xfc, 0xa2, 0xb7, 0xa0, 0xb4, 0xbd, 0xa0, 0xbf, 
    0x9c, 0xbd, 0xa5, 0xfa, 0xfa, 0xfb, 0xef, 0xec, 0xa9, 0xbe, 0xb7, 0xa6, 
    0xf2, 0xbd, 0xef, 0x98, 0xb3, 0xa4, 0xb3, 0xfc, 0xa7, 0xa1, 0xb7, 0xfa, 
    0xf0, 0xb3, 0xbc, 0xb6, 0xa0, 0xbd, 0xbb, 0xb6, 0xfc, 0xb3, 0xa2, 0xa2, 
    0xfc, 0x93, 0xb1, 0xa6, 0xbb, 0xa4, 0xbb, 0xa6, 0xab, 0x86, 0xba, 0xa0, 
    0xb7, 0xb3, 0xb6, 0xf0, 0xfb, 0xfc, 0xb1, 0xa7, 0xa0, 0xa0, 0xb7, 0xbc, 
    0xa6, 0x93, 0xa2, 0xa2, 0xbe, 0xbb, 0xb1, 0xb3, 0xa6, 0xbb, 0xbd, 0xbc, 
    0xfa, 0xfb, 0xe9, 0xbb, 0xb4, 0xfa, 0xbd, 0xfb, 0xa9, 0xbe, 0xb7, 0xa6, 
    0xf2, 0xbc, 0xef, 0xbd, 0xfc, 0xb5, 0xb7, 0xa6, 0x94, 0xbb, 0xbe, 0xb7, 
    0xa1, 0x96, 0xbb, 0xa0, 0xfa, 0xfb, 0xe9, 0xbc, 0xf4, 0xf4, 0xfa, 0xb7, 
    0xef, 0xbc, 0xfc, 0xb5, 0xb7, 0xa6, 0x93, 0xb0, 0xa1, 0xbd, 0xbe, 0xa7, 
    0xa6, 0xb7, 0x82, 0xb3, 0xa6, 0xba, 0xfa, 0xfb, 0xfb, 0xaf, 0xaf, 0xfb, 
    0xaf, 0xb1, 0xb3, 0xa6, 0xb1, 0xba, 0xa9, 0xa6, 0xa0, 0xab, 0xa9, 0xbe, 
    0xb7, 0xa6, 0xf2, 0xbd, 0xef, 0x82, 0xa0, 0xbd, 0xb1, 0xb7, 0xa1, 0xa1, 
    0xfc, 0xb7, 0xbc, 0xa7, 0xbf, 0xb7, 0xa0, 0xb3, 0xa6, 0xb7, 0x9f, 0xbd, 
    0xb6, 0xa7, 0xbe, 0xb7, 0xa1, 0xfa, 0xfb, 0xe9, 0xb4, 0xbd, 0xa0, 0xfa, 
    0xbe, 0xb7, 0xa6, 0xf2, 0xbc, 0xef, 0xe2, 0xe9, 0xbc, 0xee, 0xbd, 0xfc, 
    0xbe, 0xb7, 0xbc, 0xb5, 0xa6, 0xba, 0xe9, 0xbc, 0xf9, 0xf9, 0xfb, 0xa9, 
    0xbe, 0xb7, 0xa6, 0xf2, 0xa0, 0xef, 0xbd, 0x89, 0xbc, 0x8f, 0xe9, 0xbb, 
    0xb4, 0xfa, 0xa0, 0xfc, 0xbc, 0xb3, 0xbf, 0xb7, 0xfc, 0xbb, 0xbc, 0xb6, 
    0xb7, 0xaa, 0x9d, 0xb4, 0xfa, 0xf0, 0xbf, 0xab, 0xa2, 0xb3, 0xa6, 0xb1, 
    0xba, 0xf0, 0xfb, 0xf3, 0xef, 0xef, 0xff, 0xe3, 0xae, 0xae, 0xa0, 0xfc, 
    0xbc, 0xb3, 0xbf, 0xb7, 0xfc, 0xbb, 0xbc, 0xb6, 0xb7, 0xaa, 0x9d, 0xb4, 
    0xfa, 0xf0, 0xbf, 0xab, 0xbe, 0xbd, 0xb3, 0xb6, 0xb7, 0xa0, 0xf0, 0xfb, 
    0xf3, 0xef, 0xef, 0xff, 0xe3, 0xfb, 0xa9, 0xbe, 0xb7, 0xa6, 0xf2, 0xa1, 
    0xef, 0xa0, 0xfc, 0xa2, 0xb3, 0xa6, 0xba, 0xe9, 0xbb, 0xb4, 0xfa, 0xa1, 
    0xfc, 0xbb, 0xbc, 0xb6, 0xb7, 0xaa, 0x9d, 0xb4, 0xfa, 0xf0, 0xfd, 0xb4, 
    0xbb, 0xbe, 0xb7, 0xa1, 0xfd, 0xf0, 0xfb, 0xf3, 0xef, 0xef, 0xff, 0xe3, 
    0xfb, 0xa9, 0xbe, 0xb7, 0xa6, 0xf2, 0xb3, 0xef, 0xa1, 0xfc, 0xbb, 0xbc, 
    0xb6, 0xb7, 0xaa, 0x9d, 0xb4, 0xfa, 0xf0, 0xfd, 0xb4, 0xbb, 0xbe, 0xb7, 
    0xa1, 0xfd, 0xf0, 0xfb, 0xe9, 0xb7, 0xef, 0xa1, 0xfc, 0xa1, 0xa7, 0xb0, 
    0xa1, 0xa6, 0xa0, 0xbb, 0xbc, 0xb5, 0xfa, 0xe2, 0xfe, 0xb3, 0xf9, 0xe4, 
    0xfb, 0xe9, 0xb0, 0xa0, 0xb7, 0xb3, 0xb9, 0xaf, 0xb7, 0xbe, 0xa1, 0xb7, 
    0xf2, 0xbb, 0xb4, 0xfa, 0xa1, 0xfc, 0xbb, 0xbc, 0xb6, 0xb7, 0xaa, 0x9d, 
    0xb4, 0xfa, 0xf0, 0xfd, 0xb6, 0xb3, 0xa6, 0xb3, 0xfd, 0xa7, 0xa1, 0xb7, 
    0xa0, 0xfd, 0xf0, 0xfb, 0xf3, 0xef, 0xef, 0xff, 0xe3, 0xae, 0xae, 0xa1, 
    0xfc, 0xbb, 0xbc, 0xb6, 0xb7, 0xaa, 0x9d, 0xb4, 0xfa, 0xf0, 0xfd, 0xb6, 
    0xb3, 0xa6, 0xb3, 0xfd, 0xb6, 0xb3, 0xa6, 0xb3, 0xfd, 0xf0, 0xfb, 0xf3, 
    0xef, 0xef, 0xff, 0xe3, 0xfb, 0xa9, 0xbe, 0xb7, 0xa6, 0xf2, 0xb3, 0xef, 
    0xa1, 0xfc, 0xbe, 0xb3, 0xa1, 0xa6, 0x9b, 0xbc, 0xb6, 0xb7, 0xaa, 0x9d, 
    0xb4, 0xfa, 0xf0, 0xfd, 0xf0, 0xfb, 0xe9, 0xbb, 0xb4, 0xfa, 0xb3, 0xf3, 
    0xef, 0xef, 0xff, 0xe3, 0xfb, 0xa9, 0xb7, 0xef, 0xa1, 0xfc, 0xa1, 0xa7, 
    0xb0, 0xa1, 0xa6, 0xa0, 0xbb, 0xbc, 0xb5, 0xfa, 0xe2, 0xfe, 0xb3, 0xfb, 
    0xe9, 0xb0, 0xa0, 0xb7, 0xb3, 0xb9, 0xaf, 0xaf, 0xaf, 0xaf, 0xaf, 0xb1, 
    0xb3, 0xa6, 0xb1, 0xba, 0xa9, 0xaf, 0xaf, 0xa0, 0xb7, 0xa6, 0xa7, 0xa0, 
    0xbc, 0xf2, 0xb7, 0xaf, 0xb4, 0xa7, 0xbc, 0xb1, 0xa6, 0xbb, 0xbd, 0xbc, 
    0xf2, 0xba, 0xb7, 0xfa, 0xfb, 0xa9, 0xbe, 0xb7, 0xa6, 0xf2, 0xa6, 0xef, 
    0xb2, 0xf6, 0xa9, 0x81, 0xb7, 0xfa, 0xfb, 0xaf, 0xfd, 0xb3, 0xa7, 0xa6, 
    0xba, 0x8d, 0xb1, 0xb3, 0xb1, 0xba, 0xb7, 0xfc, 0xb8, 0xa1, 0xbd, 0xbc, 
    0xb2, 0xe9, 0xa6, 0xa0, 0xab, 0xa9, 0xbe, 0xb7, 0xa6, 0xf2, 0xbd, 0xef, 
    0x94, 0xbb, 0xbe, 0xb7, 0xfc, 0xa0, 0xb7, 0xb3, 0xb6, 0x93, 0xbe, 0xbe, 
    0x86, 0xb7, 0xaa, 0xa6, 0xfa, 0xa6, 0xfb, 0xe9, 0xbb, 0xb4, 0xfa, 0xbd, 
    0xfb, 0xa9, 0xbd, 0xef, 0xbd, 0xfc, 0xa6, 0xa0, 0xbb, 0xbf, 0xfa, 0xfb, 
    0xe9, 0xbe, 0xb7, 0xa6, 0xf2, 0xbc, 0xef, 0xbc, 0xa7, 0xbe, 0xbe, 0xfe, 
    0xa0, 0xef, 0xf3, 0xe3, 0xe9, 0xbb, 0xb4, 0xfa, 0xbd, 0xfc, 0xa1, 0xa6, 
    0xb3, 0xa0, 0xa6, 0xa1, 0x85, 0xbb, 0xa6, 0xba, 0xfa, 0xf0, 0xa9, 0xf0, 
    0xfb, 0xfb, 0xa9, 0xbe, 0xb7, 0xa6, 0xf2, 0xa1, 0xef, 0xbd, 0xfc, 0xbb, 
    0xbc, 0xb6, 0xb7, 0xaa, 0x9d, 0xb4, 0xfa, 0xf0, 0xa9, 0xf0, 0xfb, 0xfe, 
    0xb3, 0xef, 0xbd, 0xfc, 0xbe, 0xb3, 0xa1, 0xa6, 0x9b, 0xbc, 0xb6, 0xb7, 
    0xaa, 0x9d, 0xb4, 0xfa, 0xf0, 0xaf, 0xf0, 0xfb, 0xe9, 0xa1, 0xf3, 0xef, 
    0xef, 0xff, 0xe3, 0xf4, 0xf4, 0xb3, 0xf3, 0xef, 0xef, 0xff, 0xe3, 0xf4, 
    0xf4, 0xb3, 0xec, 0xa1, 0xf4, 0xf4, 0xfa, 0xbd, 0xef, 0xbd, 0xfc, 0xa1, 
    0xa7, 0xb0, 0xa1, 0xa6, 0xa0, 0xbb, 0xbc, 0xb5, 0xfa, 0xa1, 0xfe, 0xb3, 
    0xf9, 0xe3, 0xfb, 0xfb, 0xfe, 0xbc, 0xef, 0x98, 0x81, 0x9d, 0x9c, 0xfc, 
    0xa2, 0xb3, 0xa0, 0xa1, 0xb7, 0xfa, 0xbd, 0xfb, 0xfe, 0xa0, 0xef, 0xf3, 
    0xe2, 0xaf, 0xb7, 0xbe, 0xa1, 0xb7, 0xa9, 0xbe, 0xb7, 0xa6, 0xf2, 0xa1, 
    0xef, 0x95, 0xb7, 0xfa, 0xbd, 0xfb, 0xe9, 0xbb, 0xb4, 0xfa, 0xa1, 0xfb, 
    0xa9, 0xa1, 0xef, 0xa1, 0xfc, 0xa6, 0xa0, 0xbb, 0xbf, 0xfa, 0xfb, 0xe9, 
    0xbe, 0xb7, 0xa6, 0xf2, 0xb3, 0xef, 0xa1, 0xfc, 0xbb, 0xbc, 0xb6, 0xb7, 
    0xaa, 0x9d, 0xb4, 0xfa, 0xf0, 0xa9, 0xf0, 0xfb, 0xfe, 0xbb, 0xef, 0xa1, 
    0xfc, 0xbe, 0xb3, 0xa1, 0xa6, 0x9b, 0xbc, 0xb6, 0xb7, 0xaa, 0x9d, 0xb4, 
    0xfa, 0xf0, 0xaf, 0xf0, 0xfb, 0xe9, 0xb3, 0xf3, 0xef, 0xef, 0xff, 0xe3, 
    0xf4, 0xf4, 0xbb, 0xf3, 0xef, 0xef, 0xff, 0xe3, 0xf4, 0xf4, 0xbb, 0xec, 
    0xb3, 0xf4, 0xf4, 0xfa, 0xa1, 0xef, 0xa1, 0xfc, 0xa1, 0xa7, 0xb0, 0xa1, 
    0xa6, 0xa0, 0xbb, 0xbc, 0xb5, 0xfa, 0xb3, 0xfe, 0xbb, 0xf9, 0xe3, 0xfb, 
    0xfb, 0xfe, 0xbc, 0xef, 0x98, 0x81, 0x9d, 0x9c, 0xfc, 0xa2, 0xb3, 0xa0, 
    0xa1, 0xb7, 0xfa, 0xa1, 0xfb, 0xaf, 0xaf, 0xbb, 0xb4, 0xfa, 0xbc, 0xf4, 
    0xf4, 0xbc, 0xfc, 0xa7, 0xbb, 0xb6, 0xfb, 0xa9, 0xbb, 0xb4, 0xfa, 0xf3, 
    0x80, 0xb7, 0xfa, 0xbc, 0xfb, 0xfb, 0xa9, 0xb4, 0xfa, 0xf0, 0x93, 0xa7, 
    0xa6, 0xba, 0xf2, 0x91, 0xb3, 0xb1, 0xba, 0xb7, 0xf2, 0x9b, 0xbc, 0xa6, 
    0xb7, 0xb5, 0xa0, 0xbb, 0xa6, 0xab, 0xf0, 0xfe, 0xf0, 0x85, 0x93, 0x80, 
    0x9c, 0x9b, 0x9c, 0x95, 0xe8, 0xf2, 0x93, 0xa7, 0xa6, 0xba, 0xf2, 0xb1, 
    0xb3, 0xb1, 0xba, 0xb7, 0xf2, 0xa1, 0xbb, 0xb5, 0xbc, 0xb3, 0xa6, 0xa7, 
    0xa0, 0xb7, 0xf2, 0xbf, 0xbb, 0xa1, 0xbf, 0xb3, 0xa6, 0xb1, 0xba, 0xf3, 
    0xf2, 0x82, 0xbd, 0xa1, 0xa1, 0xbb, 0xb0, 0xbe, 0xb7, 0xf2, 0xa6, 0xb3, 
    0xbf, 0xa2, 0xb7, 0xa0, 0xbb, 0xbc, 0xb5, 0xf2, 0xb6, 0xb7, 0xa6, 0xb7, 
    0xb1, 0xa6, 0xb7, 0xb6, 0xfc, 0xf0, 0xfb, 0xe9, 0xa6, 0xa0, 0xab, 0xa9, 
    0x94, 0xbb, 0xbe, 0xb7, 0xfc, 0xa5, 0xa0, 0xbb, 0xa6, 0xb7, 0x93, 0xbe, 
    0xbe, 0x86, 0xb7, 0xaa, 0xa6, 0xfa, 0xa6, 0xfe, 0xf0, 0xa9, 0xaf, 0xf0, 
    0xfb, 0xaf, 0xb1, 0xb3, 0xa6, 0xb1, 0xba, 0xa9, 0xaf, 0xa0, 0xb7, 0xa6, 
    0xa7, 0xa0, 0xbc, 0xf2, 0xbc, 0xa7, 0xbe, 0xbe, 0xaf, 0xbb, 0xb4, 0xfa, 
    0xa0, 0xf4, 0xf4, 0xbc, 0xfc, 0xa0, 0xbd, 0xbe, 0xb7, 0xf3, 0xef, 0xef, 
    0xf0, 0xb3, 0xb6, 0xbf, 0xbb, 0xbc, 0xf0, 0xfb, 0xa9, 0xb4, 0xfa, 0xf0, 
    0x93, 0xa7, 0xa6, 0xba, 0xf2, 0x91, 0xb3, 0xb1, 0xba, 0xb7, 0xf2, 0x9b, 
    0xbc, 0xa6, 0xb7, 0xb5, 0xa0, 0xbb, 0xa6, 0xab, 0xf0, 0xfe, 0xf0, 0x85, 
    0x93, 0x80, 0x9c, 0x9b, 0x9c, 0x95, 0xe8, 0xf2, 0x82, 0xbe, 0xb3, 0xbb, 
    0xbc, 0xa6, 0xb7, 0xaa, 0xa6, 0xf2, 0xb1, 0xb3, 0xb1, 0xba, 0xb7, 0xf2, 
    0xbb, 0xa1, 0xf2, 0xbc, 0xbd, 0xa6, 0xf2, 0xb3, 0xbe, 0xbe, 0xbd, 0xa5, 
    0xb7, 0xb6, 0xf2, 0xb4, 0xbd, 0xa0, 0xf2, 0xbc, 0xbd, 0xbc, 0xff, 0xb3, 
    0xb6, 0xbf, 0xbb, 0xbc, 0xf2, 0xa0, 0xbd, 0xbe, 0xb7, 0xa1, 0xf3, 0xf0, 
    0xfb, 0xe9, 0xa6, 0xa0, 0xab, 0xa9, 0x94, 0xbb, 0xbe, 0xb7, 0xfc, 0xa5, 
    0xa0, 0xbb, 0xa6, 0xb7, 0x93, 0xbe, 0xbe, 0x86, 0xb7, 0xaa, 0xa6, 0xfa, 
    0xa6, 0xfe, 0xf0, 0xa9, 0xaf, 0xf0, 0xfb, 0xaf, 0xb1, 0xb3, 0xa6, 0xb1, 
    0xba, 0xa9, 0xaf, 0xa0, 0xb7, 0xa6, 0xa7, 0xa0, 0xbc, 0xf2, 0xbc, 0xa7, 
    0xbe, 0xbe, 0xaf, 0xbe, 0xb7, 0xa6, 0xf2, 0xa1, 0xef, 0xe5, 0xf8, 0xe0, 
    0xe6, 0xf8, 0xe4, 0xe2, 0xf8, 0xe4, 0xe2, 0xf8, 0xe3, 0xb7, 0xe1, 0xe9, 
    0xa0, 0xb7, 0xa6, 0xa7, 0xa0, 0xbc, 0xf2, 0xbc, 0xfc, 0xa6, 0xbb, 0xbf, 
    0xb7, 0xa1, 0xa6, 0xb3, 0xbf, 0xa2, 0xf4, 0xf4, 0x96, 0xb3, 0xa6, 0xb7, 
    0xfc, 0xbc, 0xbd, 0xa5, 0xfa, 0xfb, 0xff, 0xbc, 0xfc, 0xa6, 0xbb, 0xbf, 
    0xb7, 0xa1, 0xa6, 0xb3, 0xbf, 0xa2, 0xec, 0xa1, 0xed, 0xfa, 0xb4, 0xfa, 
    0xf0, 0x93, 0xa7, 0xa6, 0xba, 0xf2, 0x91, 0xb3, 0xb1, 0xba, 0xb7, 0xf2, 
    0x9b, 0xbc, 0xa6, 0xb7, 0xb5, 0xa0, 0xbb, 0xa6, 0xab, 0xf0, 0xfe, 0xf0, 
    0x91, 0xb3, 0xb1, 0xba, 0xb7, 0xb6, 0xf2, 0xa1, 0xb7, 0xa1, 0xa1, 0xbb, 
    0xbd, 0xbc, 0xf2, 0xb7, 0xaa, 0xa2, 0xbb, 0xa0, 0xb7, 0xb6, 0xfc, 0xf2, 
    0x80, 0xb7, 0xff, 0xb3, 0xa7, 0xa6, 0xba, 0xb7, 0xbc, 0xa6, 0xbb, 0xb1, 
    0xb3, 0xa6, 0xbb, 0xbd, 0xbc, 0xf2, 0xa0, 0xb7, 0xa3, 0xa7, 0xbb, 0xa0, 
    0xb7, 0xb6, 0xfc, 0xf0, 0xfb, 0xfe, 0xbc, 0xa7, 0xbe, 0xbe, 0xfb, 0xe8, 
    0xfa, 0x85, 0xfa, 0xbc, 0xfc, 0xa7, 0xbb, 0xb6, 0xfe, 0xbc, 0xfc, 0xa0, 
    0xbd, 0xbe, 0xb7, 0xfe, 0xbc, 0xfc, 0xb0, 0xb3, 0xbc, 0xfe, 0xbc, 0xfc, 
    0xbb, 0xa1, 0x8d, 0xb3, 0xbe, 0xbe, 0xbd, 0xa5, 0xb7, 0xb6, 0xfb, 0xfe, 
    0xb4, 0xfa, 0xf0, 0x93, 0xa7, 0xa6, 0xba, 0xf2, 0x91, 0xb3, 0xb1, 0xba, 
    0xb7, 0xf0, 0xfe, 0xb2, 0x9e, 0xbd, 0xb3, 0xb6, 0xb7, 0xb6, 0xf2, 0xb1, 
    0xb3, 0xb1, 0xba, 0xb7, 0xb6, 0xf2, 0xa1, 0xb7, 0xa1, 0xa1, 0xbb, 0xbd, 
    0xbc, 0xf2, 0xb4, 0xbd, 0xa0, 0xf2, 0xf6, 0xa9, 0xbc, 0xfc, 0xa7, 0xbb, 
    0xb6, 0xaf, 0xf2, 0x89, 0xf6, 0xa9, 0xbc, 0xfc, 0xa0, 0xbd, 0xbe, 0xb7, 
    0xfc, 0xa6, 0xbd, 0x87, 0xa2, 0xa2, 0xb7, 0xa0, 0x91, 0xb3, 0xa1, 0xb7, 
    0xfa, 0xfb, 0xaf, 0x8f, 0xfc, 0xb2, 0xfb, 0xfe, 0xbc, 0xfb, 0xaf, 0xaf, 
    0xaf, 0xb1, 0xb3, 0xa6, 0xb1, 0xba, 0xfa, 0xbd, 0xfb, 0xa9, 0xb4, 0xfa, 
    0xf0, 0x93, 0xa7, 0xa6, 0xba, 0xf2, 0x91, 0xb3, 0xb1, 0xba, 0xb7, 0xf0, 
    0xfe, 0xb2, 0x91, 0xb3, 0xb1, 0xba, 0xb7, 0xf2, 0xbe, 0xbd, 0xb3, 0xb6, 
    0xf2, 0xa1, 0xb9, 0xbb, 0xa2, 0xa2, 0xb7, 0xb6, 0xfd, 0xb4, 0xb3, 0xbb, 
    0xbe, 0xb7, 0xb6, 0xe8, 0xf2, 0xf6, 0xa9, 0xbd, 0xfc, 0xbf, 0xb7, 0xa1, 
    0xa1, 0xb3, 0xb5, 0xb7, 0xaf, 0xb2, 0xfb, 0xaf, 0xa0, 0xb7, 0xa6, 0xa7, 
    0xa0, 0xbc, 0xf2, 0xbc, 0xa7, 0xbe, 0xbe, 0xaf, 0xb4, 0xa7, 0xbc, 0xb1, 
    0xa6, 0xbb, 0xbd, 0xbc, 0xf2, 0xa2, 0xb7, 0xfa, 0xb7, 0xfe, 0xa6, 0xfe, 
    0xbd, 0xfe, 0xbc, 0xfe, 0xa0, 0xef, 0xf0, 0xa2, 0xa0, 0xbd, 0xb6, 0xa7, 
    0xb1, 0xa6, 0xbb, 0xbd, 0xbc, 0xf0, 0xfb, 0xa9, 0xbe, 0xb7, 0xa6, 0xf2, 
    0xb3, 0xef, 0xb2, 0xf6, 0xa9, 0x81, 0xb7, 0xfa, 0xfb, 0xaf, 0xfd, 0xb3, 
    0xa7, 0xa6, 0xba, 0x8d, 0xb1, 0xb3, 0xb1, 0xba, 0xb7, 0xfc, 0xb8, 0xa1, 
    0xbd, 0xbc, 0xb2, 0xe9, 0xa6, 0xa0, 0xab, 0xa9, 0xbe, 0xb7, 0xa6, 0xf2, 
    0xbb, 0xef, 0x96, 0xb3, 0xa6, 0xb7, 0xfc, 0xbc, 0xbd, 0xa5, 0xfa, 0xfb, 
    0xfe, 0xb1, 0xef, 0xa4, 0xb7, 0xfa, 0xb7, 0xfe, 0xa6, 0xfe, 0xbd, 0xfe, 
    0xbc, 0xfe, 0xbb, 0xfb, 0xfe, 0xba, 0xef, 0x98, 0x81, 0x9d, 0x9c, 0xfc, 
    0xa1, 0xa6, 0xa0, 0xbb, 0xbc, 0xb5, 0xbb, 0xb4, 0xab, 0xfa, 0xa9, 0xa7, 
    0xbb, 0xb6, 0xe8, 0xb7, 0xfe, 0xa0, 0xbd, 0xbe, 0xb7, 0xe8, 0xa6, 0xfe, 
    0xb0, 0xb3, 0xbc, 0xe8, 0xbd, 0xfe, 0xbb, 0xa1, 0x8d, 0xb3, 0xbe, 0xbe, 
    0xbd, 0xa5, 0xb7, 0xb6, 0xe8, 0xbc, 0xfe, 0xb0, 0xa0, 0xb3, 0xbc, 0xb1, 
    0xba, 0xe8, 0xa0, 0xfe, 0xa6, 0xbb, 0xbf, 0xb7, 0xa1, 0xa6, 0xb3, 0xbf, 
    0xa2, 0xe8, 0xbb, 0xfe, 0xa1, 0xbb, 0xb5, 0xbc, 0xb3, 0xa6, 0xa7, 0xa0, 
    0xb7, 0xe8, 0xb1, 0xaf, 0xfb, 0xe9, 0xbb, 0xb4, 0xfa, 0xa6, 0xef, 0xef, 
    0xef, 0xf0, 0xb3, 0xb6, 0xbf, 0xbb, 0xbc, 0xf0, 0xfb, 0x94, 0xbb, 0xbe, 
    0xb7, 0xfc, 0xa5, 0xa0, 0xbb, 0xa6, 0xb7, 0x93, 0xbe, 0xbe, 0x86, 0xb7, 
    0xaa, 0xa6, 0xfa, 0xb3, 0xfe, 0xba, 0xfb, 0xfe, 0xb4, 0xfa, 0xf0, 0x93, 
    0xa7, 0xa6, 0xba, 0xf2, 0x91, 0xb3, 0xb1, 0xba, 0xb7, 0xf0, 0xfe, 0xb2, 
    0x81, 0xa7, 0xb1, 0xb1, 0xb7, 0xa1, 0xa1, 0xb4, 0xa7, 0xbe, 0xbe, 0xab, 
    0xf2, 0xb1, 0xb3, 0xb1, 0xba, 0xb7, 0xb6, 0xf2, 0xa1, 0xbb, 0xb5, 0xbc, 
    0xb7, 0xb6, 0xf2, 0xa2, 0xbe, 0xb3, 0xbb, 0xbc, 0xa6, 0xb7, 0xaa, 0xa6, 
    0xf2, 0xa1, 0xb7, 0xa1, 0xa1, 0xbb, 0xbd, 0xbc, 0xf2, 0xfa, 0xb3, 0xb6, 
    0xbf, 0xbb, 0xbc, 0xfb, 0xf2, 0xb4, 0xbd, 0xa0, 0xf2, 0xf6, 0xa9, 0xb7, 
    0xaf, 0xfc, 0xb2, 0xfb, 0xe9, 0xb7, 0xbe, 0xa1, 0xb7, 0xa9, 0xbe, 0xb7, 
    0xa6, 0xf2, 0xa2, 0xef, 0xb9, 0xb7, 0xfa, 0xba, 0xfb, 0xe9, 0x94, 0xbb, 
    0xbe, 0xb7, 0xfc, 0xa5, 0xa0, 0xbb, 0xa6, 0xb7, 0x93, 0xbe, 0xbe, 0x86, 
    0xb7, 0xaa, 0xa6, 0xfa, 0xb3, 0xfe, 0xa2, 0xfb, 0xfe, 0xb4, 0xfa, 0xf0, 
    0x93, 0xa7, 0xa6, 0xba, 0xf2, 0x91, 0xb3, 0xb1, 0xba, 0xb7, 0xf0, 0xfe, 
    0xb2, 0x81, 0xa7, 0xb1, 0xb1, 0xb7, 0xa1, 0xa1, 0xb4, 0xa7, 0xbe, 0xbe, 
    0xab, 0xf2, 0xb1, 0xb3, 0xb1, 0xba, 0xb7, 0xb6, 0xf2, 0xb7, 0xbc, 0xb1, 
    0xa0, 0xab, 0xa2, 0xa6, 0xb7, 0xb6, 0xf2, 0xa1, 0xb7, 0xa1, 0xa1, 0xbb, 
    0xbd, 0xbc, 0xf2, 0xfa, 0xbc, 0xbd, 0xbc, 0xff, 0xb3, 0xb6, 0xbf, 0xbb, 
    0xbc, 0xfb, 0xf2, 0xb4, 0xbd, 0xa0, 0xf2, 0xf6, 0xa9, 0xb7, 0xaf, 0xfc, 
    0xb2, 0xfb, 0xaf, 0xaf, 0xb1, 0xb3, 0xa6, 0xb1, 0xba, 0xfa, 0xbb, 0xfb, 
    0xa9, 0xb4, 0xfa, 0xf0, 0x93, 0xa7, 0xa6, 0xba, 0xf2, 0x91, 0xb3, 0xb1, 
    0xba, 0xb7, 0xf0, 0xfe, 0xb2, 0x94, 0xb3, 0xbb, 0xbe, 0xb7, 0xb6, 0xf2, 
    0xa6, 0xbd, 0xf2, 0xa1, 0xb3, 0xa4, 0xb7, 0xf2, 0xb3, 0xa7, 0xa6, 0xba, 
    0xf2, 0xb1, 0xb3, 0xb1, 0xba, 0xb7, 0xe8, 0xf2, 0xf6, 0xa9, 0xbb, 0xfc, 
    0xbf, 0xb7, 0xa1, 0xa1, 0xb3, 0xb5, 0xb7, 0xaf, 0xb2, 0xfb, 0xaf, 0xaf, 
    0xb4, 0xa7, 0xbc, 0xb1, 0xa6, 0xbb, 0xbd, 0xbc, 0xf2, 0xf6, 0xb7, 0xfa, 
    0xb7, 0xfb, 0xa9, 0xb4, 0xfa, 0xf0, 0x80, 0x97, 0x81, 0x86, 0xf2, 0x93, 
    0x82, 0x9b, 0xf2, 0x87, 0xa1, 0xb7, 0xa0, 0xf0, 0xfe, 0xb2, 0x84, 0xb7, 
    0xa0, 0xbb, 0xb4, 0xab, 0xbb, 0xbc, 0xb5, 0xf2, 0xbd, 0xa2, 0xb7, 0xa0, 
    0xb3, 0xa6, 0xbd, 0xa0, 0xf2, 0x9b, 0x96, 0xf2, 0xf6, 0xa9, 0xb7, 0xaf, 
    0xf2, 0xa7, 0xa1, 0xbb, 0xbc, 0xb5, 0xf2, 0xbc, 0xb3, 0xa6, 0xbb, 0xa4, 
    0xb7, 0xf2, 0xb1, 0xb3, 0xbe, 0xbe, 0xfc, 0xfc, 0xfc, 0xb2, 0xfb, 0xe9, 
    0xa6, 0xa0, 0xab, 0xa9, 0xbe, 0xb7, 0xa6, 0xf2, 0xa6, 0xef, 0xbc, 0xa7, 
    0xbe, 0xbe, 0xfe, 0xbd, 0xef, 0x82, 0xa0, 0xbd, 0xb1, 0xb7, 0xa1, 0xa1, 
    0xfc, 0xb7, 0xbc, 0xa7, 0xbf, 0xb7, 0xa0, 0xb3, 0xa6, 0xb7, 0x9f, 0xbd, 
    0xb6, 0xa7, 0xbe, 0xb7, 0xa1, 0xfa, 0xfb, 0xe9, 0xb4, 0xbd, 0xa0, 0xfa, 
    0xbe, 0xb7, 0xa6, 0xf2, 0xbc, 0xef, 0xe2, 0xe9, 0xbc, 0xee, 0xbd, 0xfc, 
    0xbe, 0xb7, 0xbc, 0xb5, 0xa6, 0xba, 0xe9, 0xbc, 0xf9, 0xf9, 0xfb, 0xa9, 
    0xbe, 0xb7, 0xa6, 0xf2, 0xa0, 0xef, 0xbd, 0x89, 0xbc, 0x8f, 0xe9, 0xbb, 
    0xb4, 0xfa, 0xa0, 0xfc, 0xbc, 0xb3, 0xbf, 0xb7, 0xfc, 0xbb, 0xbc, 0xb6, 
    0xb7, 0xaa, 0x9d, 0xb4, 0xfa, 0xf0, 0xbf, 0xab, 0xa2, 0xb3, 0xa6, 0xb1, 
    0xba, 0xf0, 0xfb, 0xf3, 0xef, 0xef, 0xff, 0xe3, 0xfb, 0xa6, 0xa0, 0xab, 
    0xa9, 0xbe, 0xb7, 0xa6, 0xf2, 0xa1, 0xef, 0xa0, 0xfc, 0xb4, 0xbb, 0xbc, 
    0xb6, 0x97, 0xaa, 0xa2, 0xbd, 0xa0, 0xa6, 0x90, 0xab, 0x9c, 0xb3, 0xbf, 
    0xb7, 0xfa, 0xf0, 0xa0, 0xb7, 0xb5, 0xbb, 0xa1, 0xa6, 0xb7, 0xa0, 0x8d, 
    0xa7, 0xa1, 0xb7, 0xa0, 0x8d, 0xbc, 0xb3, 0xa6, 0xbb, 0xa4, 0xb7, 0xf0, 
    0xfb, 0xe9, 0xbb, 0xb4, 0xfa, 0xa1, 0xf4, 0xf4, 0xf3, 0xa1, 0xfc, 0xbb, 
    0xa1, 0x9c, 0xa7, 0xbe, 0xbe, 0xfa, 0xfb, 0xfb, 0xa9, 0xa6, 0xef, 0xa1, 
    0xfe, 0xb4, 0xfa, 0xf0, 0x80, 0x97, 0x81, 0x86, 0xf2, 0x93, 0x82, 0x9b, 
    0xf2, 0x87, 0xa1, 0xb7, 0xa0, 0xf0, 0xfe, 0xb2, 0x94, 0xbd, 0xa7, 0xbc, 
    0xb6, 0xf2, 0xb7, 0xaa, 0xa2, 0xbd, 0xa0, 0xa6, 0xf2, 0xa0, 0xb7, 0xb5, 
    0xbb, 0xa1, 0xa6, 0xb7, 0xa0, 0x8d, 0xa7, 0xa1, 0xb7, 0xa0, 0x8d, 0xbc, 
    0xb3, 0xa6, 0xbb, 0xa4, 0xb7, 0xf2, 0xbb, 0xbc, 0xf2, 0xbf, 0xbd, 0xb6, 
    0xa7, 0xbe, 0xb7, 0xf2, 0xf6, 0xa9, 0xa0, 0xfc, 0xbc, 0xb3, 0xbf, 0xb7, 
    0xaf, 0xf2, 0xb3, 0xa6, 0xf2, 0xf6, 0xa9, 0xa1, 0xaf, 0xb2, 0xfb, 0xe9, 
    0xb0, 0xa0, 0xb7, 0xb3, 0xb9, 0xaf, 0xaf, 0xb1, 0xb3, 0xa6, 0xb1, 0xba, 
    0xa9, 0xaf, 0xaf, 0xbb, 0xb4, 0xfa, 0xf3, 0xa6, 0xfb, 0xa9, 0xbe, 0xb7, 
    0xa6, 0xf2, 0xbc, 0xef, 0x9f, 0xbd, 0xb6, 0xa7, 0xbe, 0xb7, 0xfc, 0xb4, 
    0xbb, 0xbc, 0xb6, 0x97, 0xaa, 0xa2, 0xbd, 0xa0, 0xa6, 0x90, 0xab, 0x9c, 
    0xb3, 0xbf, 0xb7, 0xfa, 0xbc, 0xa7, 0xbe, 0xbe, 0xfe, 0xf0, 0xa0, 0xb7, 
    0xb5, 0xbb, 0xa1, 0xa6, 0xb7, 0xa0, 0x8d, 0xa7, 0xa1, 0xb7, 0xa0, 0x8d, 
    0xbc, 0xb3, 0xa6, 0xbb, 0xa4, 0xb7, 0xf0, 0xfb, 0xe9, 0xbc, 0xf4, 0xf4, 
    0xf3, 0xbc, 0xfc, 0xbb, 0xa1, 0x9c, 0xa7, 0xbe, 0xbe, 0xfa, 0xfb, 0xf4, 
    0xf4, 0xfa, 0xa6, 0xef, 0xbc, 0xfb, 0xaf, 0xbb, 0xb4, 0xfa, 0xa6, 0xf4, 
    0xf4, 0xf3, 0xa6, 0xfc, 0xbb, 0xa1, 0x9c, 0xa7, 0xbe, 0xbe, 0xfa, 0xfb, 
    0xfb, 0xa9, 0xbe, 0xb7, 0xa6, 0xf2, 0xbc, 0xef, 0xbc, 0xb7, 0xa5, 0xf2, 
    0x9c, 0xb3, 0xa6, 0xbb, 0xa4, 0xb7, 0x94, 0xa7, 0xbc, 0xb1, 0xa6, 0xbb, 
    0xbd, 0xbc, 0xfa, 0xa6, 0xfe, 0xf0, 0xa2, 0xbd, 0xbb, 0xbc, 0xa6, 0xb7, 
    0xa0, 0xf0, 0xfe, 0x89, 0xf0, 0xa2, 0xbd, 0xbb, 0xbc, 0xa6, 0xb7, 0xa0, 
    0xf0, 0x8f, 0xfb, 0xfe, 0xa0, 0xef, 0x9f, 0xb7, 0xbf, 0xbd, 0xa0, 0xab, 
    0xfc, 0xb3, 0xbe, 0xbe, 0xbd, 0xb1, 0x87, 0xa6, 0xb4, 0xea, 0x81, 0xa6, 
    0xa0, 0xbb, 0xbc, 0xb5, 0xfa, 0xb7, 0xfb, 0xfe, 0xa1, 0xef, 0xbc, 0xfa, 
    0xa0, 0xfb, 0xe9, 0xbb, 0xb4, 0xfa, 0xa1, 0xf4, 0xf4, 0xf3, 0xa1, 0xfc, 
    0xbb, 0xa1, 0x9c, 0xa7, 0xbe, 0xbe, 0xfa, 0xfb, 0xfb, 0xa9, 0xbe, 0xb7, 
    0xa6, 0xf2, 0xb3, 0xef, 0xa1, 0xfc, 0xa0, 0xb7, 0xb3, 0xb6, 0x87, 0xa6, 
    0xb4, 0xea, 0x81, 0xa6, 0xa0, 0xbb, 0xbc, 0xb5, 0xfa, 0xfb, 0xe9, 0xbb, 
    0xb4, 0xfa, 0xb4, 0xfa, 0xf0, 0x80, 0x97, 0x81, 0x86, 0xf2, 0x93, 0x82, 
    0x9b, 0xf2, 0x87, 0xa1, 0xb7, 0xa0, 0xf0, 0xfe, 0xb2, 0x87, 0xa1, 0xb7, 
    0xa0, 0xf2, 0x96, 0xb3, 0xa6, 0xb3, 0xf2, 0xb4, 0xa0, 0xbd, 0xbf, 0xf2, 
    0x9c, 0xb3, 0xa6, 0xbb, 0xa4, 0xb7, 0xe8, 0xf2, 0xf6, 0xa9, 0xb3, 0xaf, 
    0xb2, 0xfb, 0xfe, 0xb3, 0xfb, 0xa6, 0xa0, 0xab, 0xa9, 0xbe, 0xb7, 0xa6, 
    0xf2, 0xbb, 0xef, 0x98, 0x81, 0x9d, 0x9c, 0xfc, 0xa2, 0xb3, 0xa0, 0xa1, 
    0xb7, 0xfa, 0xb3, 0xfb, 0xe9, 0xbb, 0xb4, 0xfa, 0xbb, 0xf4, 0xf4, 0xbb, 
    0xfc, 0xb6, 0xb3, 0xa6, 0xb3, 0xfb, 0xa9, 0xbe, 0xb7, 0xa6, 0xf2, 0xb1, 
    0xef, 0xbb, 0xfc, 0xb6, 0xb3, 0xa6, 0xb3, 0xfc, 0xa7, 0xbb, 0xb6, 0xae, 
    0xae, 0xb7, 0xfe, 0xbe, 0xef, 0xbb, 0xfc, 0xb6, 0xb3, 0xa6, 0xb3, 0xfc, 
    0xa0, 0xbd, 0xbe, 0xb7, 0xae, 0xae, 0xf0, 0xa7, 0xa1, 0xb7, 0xa0, 0xf0, 
    0xfe, 0xba, 0xef, 0xbb, 0xfc, 0xb6, 0xb3, 0xa6, 0xb3, 0xfc, 0xb0, 0xb3, 
    0xbc, 0xfe, 0xa2, 0xef, 0xbb, 0xfc, 0xb6, 0xb3, 0xa6, 0xb3, 0xfc, 0xbb, 
    0xa1, 0x8d, 0xb3, 0xbe, 0xbe, 0xbd, 0xa5, 0xb7, 0xb6, 0xfe, 0xab, 0xef, 
    0x82, 0xfc, 0xa0, 0xbd, 0xbe, 0xb7, 0xfe, 0x81, 0xef, 0x82, 0xfc, 0xbb, 
    0xa1, 0x93, 0xa7, 0xa6, 0xba, 0xbd, 0xa0, 0xbb, 0xa8, 0xb7, 0xb6, 0xe9, 
    0x85, 0xfa, 0xb1, 0xfe, 0xbe, 0xfe, 0xba, 0xfe, 0xa2, 0xfb, 0xed, 0xfa, 
    0xb4, 0xfa, 0xf0, 0x80, 0x97, 0x81, 0x86, 0xf2, 0x93, 0x82, 0x9b, 0xf2, 
    0x87, 0xa1, 0xb7, 0xa0, 0xf0, 0xfe, 0xb2, 0x93, 0x91, 0x91, 0x97, 0x81, 
    0x81, 0xf2, 0x95, 0x80, 0x93, 0x9c, 0x86, 0x97, 0x96, 0xe8, 0xf2, 0x87, 
    0xa1, 0xb7, 0xa0, 0xf2, 0xf6, 0xa9, 0xb1, 0xaf, 0xf2, 0xa4, 0xb7, 0xa0, 
    0xbb, 0xb4, 0xbb, 0xb7, 0xb6, 0xf2, 0xb3, 0xa1, 0xf2, 0x89, 0xf6, 0xa9, 
    0xbe, 0xfc, 0xa6, 0xbd, 0x87, 0xa2, 0xa2, 0xb7, 0xa0, 0x91, 0xb3, 0xa1, 
    0xb7, 0xfa, 0xfb, 0xaf, 0x8f, 0xfc, 0xb2, 0xfb, 0xfe, 0xa2, 0xb7, 0xfa, 
    0xb1, 0xfe, 0xbe, 0xfe, 0xba, 0xfe, 0xa2, 0xfb, 0xfb, 0xe8, 0xfa, 0xb4, 
    0xfa, 0xf0, 0x80, 0x97, 0x81, 0x86, 0xf2, 0x93, 0x82, 0x9b, 0xf2, 0x87, 
    0xa1, 0xb7, 0xa0, 0xf0, 0xfe, 0xb2, 0x93, 0x91, 0x91, 0x97, 0x81, 0x81, 
    0xf2, 0x96, 0x97, 0x9c, 0x9b, 0x97, 0x96, 0xe8, 0xf2, 0x87, 0xa1, 0xb7, 
    0xa0, 0xf2, 0xf6, 0xa9, 0xb1, 0xaf, 0xf2, 0xbb, 0xa1, 0xf2, 0x90, 0x93, 
    0x9c, 0x9c, 0x97, 0x96, 0xf2, 0xbd, 0xa0, 0xf2, 0x9c, 0x9d, 0x86, 0xf2, 
    0x93, 0x9e, 0x9e, 0x9d, 0x85, 0x97, 0x96, 0xfc, 0xb2, 0xfb, 0xfe, 0xa2, 
    0xb7, 0xfa, 0xb1, 0xfe, 0xbe, 0xfe, 0xba, 0xfe, 0xa2, 0xfb, 0xfb, 0xfe, 
    0xab, 0xf3, 0xef, 0xef, 0xbe, 0xf4, 0xf4, 0x90, 0xb7, 0xfa, 0xab, 0xfe, 
    0xbe, 0xfe, 0xab, 0xef, 0xef, 0xef, 0xf0, 0xa7, 0xa1, 0xb7, 0xa0, 0xf0, 
    0xf4, 0xf4, 0xf3, 0x81, 0xfb, 0xaf, 0xb7, 0xbe, 0xa1, 0xb7, 0xf2, 0x85, 
    0xfa, 0xb7, 0xfe, 0xf0, 0xa7, 0xa1, 0xb7, 0xa0, 0xf0, 0xfe, 0xf3, 0xe3, 
    0xfe, 0xf3, 0xe3, 0xfb, 0xfe, 0xb4, 0xfa, 0xf0, 0x80, 0x97, 0x81, 0x86, 
    0xf2, 0x93, 0x82, 0x9b, 0xf2, 0x87, 0xa1, 0xb7, 0xa0, 0xf0, 0xfe, 0xf0, 
    0x93, 0x91, 0x91, 0x97, 0x81, 0x81, 0xf2, 0x96, 0x97, 0x9c, 0x9b, 0x97, 
    0x96, 0xe8, 0xf2, 0x9b, 0xbc, 0xa4, 0xb3, 0xbe, 0xbb, 0xb6, 0xf2, 0xa7, 
    0xa1, 0xb7, 0xa0, 0xf2, 0xa1, 0xb1, 0xba, 0xb7, 0xbf, 0xb3, 0xfc, 0xf0, 
    0xfb, 0xaf, 0xb1, 0xb3, 0xa6, 0xb1, 0xba, 0xa9, 0x85, 0xfa, 0xb7, 0xfe, 
    0xf0, 0xa7, 0xa1, 0xb7, 0xa0, 0xf0, 0xfe, 0xf3, 0xe3, 0xfe, 0xf3, 0xe3, 
    0xfb, 0xfe, 0xb4, 0xfa, 0xf0, 0x80, 0x97, 0x81, 0x86, 0xf2, 0x93, 0x82, 
    0x9b, 0xf2, 0x87, 0xa1, 0xb7, 0xa0, 0xf0, 0xfe, 0xf0, 0x93, 0x91, 0x91, 
    0x97, 0x81, 0x81, 0xf2, 0x96, 0x97, 0x9c, 0x9b, 0x97, 0x96, 0xe8, 0xf2, 
    0x94, 0xb3, 0xbb, 0xbe, 0xb7, 0xb6, 0xf2, 0xa6, 0xbd, 0xf2, 0xa2, 0xb3, 
    0xa0, 0xa1, 0xb7, 0xf2, 0xa7, 0xa1, 0xb7, 0xa0, 0xf2, 0xa0, 0xb7, 0xa1, 
    0xa2, 0xbd, 0xbc, 0xa1, 0xb7, 0xfc, 0xf0, 0xfb, 0xaf, 0xb7, 0xbe, 0xa1, 
    0xb7, 0xf2, 0x85, 0xfa, 0xb7, 0xfe, 0xf0, 0xa7, 0xa1, 0xb7, 0xa0, 0xf0, 
    0xfe, 0xf3, 0xe3, 0xfe, 0xf3, 0xe3, 0xfb, 0xfe, 0xb4, 0xfa, 0xf0, 0x80, 
    0x97, 0x81, 0x86, 0xf2, 0x93, 0x82, 0x9b, 0xf2, 0x87, 0xa1, 0xb7, 0xa0, 
    0xf0, 0xfe, 0xf0, 0x97, 0xbf, 0xa2, 0xa6, 0xab, 0xf2, 0xa7, 0xa1, 0xb7, 
    0xa0, 0xf2, 0xbb, 0xbc, 0xb4, 0xbd, 0xf2, 0xa0, 0xb7, 0xa1, 0xa2, 0xbd, 
    0xbc, 0xa1, 0xb7, 0xf2, 0xb4, 0xa0, 0xbd, 0xbf, 0xf2, 0x9c, 0xb3, 0xa6, 
    0xbb, 0xa4, 0xb7, 0xfc, 0xf0, 0xfb, 0xaf, 0xb7, 0xbe, 0xa1, 0xb7, 0xf2, 
    0x85, 0xfa, 0xb7, 0xfe, 0xf0, 0xa7, 0xa1, 0xb7, 0xa0, 0xf0, 0xfe, 0xf3, 
    0xe3, 0xfe, 0xf3, 0xe3, 0xfb, 0xfe, 0xb4, 0xfa, 0xf0, 0x80, 0x97, 0x81, 
    0x86, 0xf2, 0x93, 0x82, 0x9b, 0xf2, 0x87, 0xa1, 0xb7, 0xa0, 0xf0, 0xfe, 
    0xf0, 0x9c, 0xa7, 0xbe, 0xbe, 0xf2, 0xa0, 0xb7, 0xa1, 0xa2, 0xbd, 0xbc, 
    0xa1, 0xb7, 0xf2, 0xb4, 0xa0, 0xbd, 0xbf, 0xf2, 0x9c, 0xb3, 0xa6, 0xbb, 
    0xa4, 0xb7, 0xf2, 0xa4, 0xb7, 0xa0, 0xbb, 0xb4, 0xbb, 0xb1, 0xb3, 0xa6, 
    0xbb, 0xbd, 0xbc, 0xfc, 0xf0, 0xfb, 0xaf, 0xb7, 0xbe, 0xa1, 0xb7, 0xf2, 
    0xb4, 0xfa, 0xf0, 0x80, 0x97, 0x81, 0x86, 0xf2, 0x93, 0x82, 0x9b, 0xf2, 
    0x87, 0xa1, 0xb7, 0xa0, 0xf0, 0xfe, 0xf0, 0x97, 0xa0, 0xa0, 0xbd, 0xa0, 
    0xe8, 0xf2, 0xa0, 0xb7, 0xb5, 0xbb, 0xa1, 0xa6, 0xb7, 0xa0, 0x8d, 0xa7, 
    0xa1, 0xb7, 0xa0, 0x8d, 0xbc, 0xb3, 0xa6, 0xbb, 0xa4, 0xb7, 0xf2, 0xb7, 
    0xaa, 0xa2, 0xbd, 0xa0, 0xa6, 0xf2, 0xbc, 0xbd, 0xa6, 0xf2, 0xb4, 0xbd, 
    0xa7, 0xbc, 0xb6, 0xf3, 0xf0, 0xfb, 0xaf, 0xb1, 0xb3, 0xa6, 0xb1, 0xba, 
    0xfa, 0xa6, 0xfb, 0xa9, 0xb4, 0xfa, 0xf0, 0x80, 0x97, 0x81, 0x86, 0xf2, 
    0x93, 0x82, 0x9b, 0xf2, 0x87, 0xa1, 0xb7, 0xa0, 0xf0, 0xfe, 0xb2, 0x97, 
    0xa0, 0xa0, 0xbd, 0xa0, 0xf2, 0xbb, 0xbc, 0xf2, 0xbc, 0xb3, 0xa6, 0xbb, 
    0xa4, 0xb7, 0xf2, 0xa4, 0xb7, 0xa0, 0xbb, 0xb4, 0xbb, 0xb1, 0xb3, 0xa6, 
    0xbb, 0xbd, 0xbc, 0xe8, 0xf2, 0xf6, 0xa9, 0xa6, 0xfc, 0xbf, 0xb7, 0xa1, 
    0xa1, 0xb3, 0xb5, 0xb7, 0xaf, 0xb2, 0xfb, 0xaf, 0xaf, 0xb4, 0xa7, 0xbc, 
    0xb1, 0xa6, 0xbb, 0xbd, 0xbc, 0xf2, 0xab, 0xb7, 0xfa, 0xb7, 0xfb, 0xa9, 
    0xb4, 0xfa, 0xf0, 0x80, 0x97, 0x81, 0x86, 0xf2, 0x93, 0x82, 0x9b, 0xf2, 
    0x87, 0xa1, 0xb7, 0xa0, 0xf0, 0xfe, 0xb2, 0x81, 0xb1, 0xba, 0xb7, 0xb6, 
    0xa7, 0xbe, 0xbb, 0xbc, 0xb5, 0xf2, 0xa4, 0xb7, 0xa0, 0xbb, 0xb4, 0xbb, 
    0xb1, 0xb3, 0xa6, 0xbb, 0xbd, 0xbc, 0xf2, 0xb4, 0xbd, 0xa0, 0xf2, 0xbd, 
    0xa2, 0xb7, 0xa0, 0xb3, 0xa6, 0xbd, 0xa0, 0xf2, 0x9b, 0x96, 0xf2, 0xf6, 
    0xa9, 0xb7, 0xaf, 0xf2, 0xa4, 0xbb, 0xb3, 0xf2, 0xbc, 0xb3, 0xa6, 0xbb, 
    0xa4, 0xb7, 0xf2, 0xb0, 0xb3, 0xb1, 0xb9, 0xb5, 0xa0, 0xbd, 0xa7, 0xbc, 
    0xb6, 0xf2, 0xa6, 0xba, 0xa0, 0xb7, 0xb3, 0xb6, 0xfc, 0xfc, 0xfc, 0xb2, 
    0xfb, 0xe9, 0xa6, 0xa0, 0xab, 0xa9, 0xbe, 0xb7, 0xa6, 0xf2, 0xa6, 0xef, 
    0xbc, 0xa7, 0xbe, 0xbe, 0xfe, 0xbd, 0xef, 0xbc, 0xa7, 0xbe, 0xbe, 0xfe, 
    0xbc, 0xef, 0xbc, 0xa7, 0xbe, 0xbe, 0xfe, 0xa0, 0xef, 0x82, 0xa0, 0xbd, 
    0xb1, 0xb7, 0xa1, 0xa1, 0xfc, 0xb7, 0xbc, 0xa7, 0xbf, 0xb7, 0xa0, 0xb3, 
    0xa6, 0xb7, 0x9f, 0xbd, 0xb6, 0xa7, 0xbe, 0xb7, 0xa1, 0xfa, 0xfb, 0xe9, 
    0xb4, 0xbd, 0xa0, 0xfa, 0xbe, 0xb7, 0xa6, 0xf2, 0xa1, 0xef, 0xe2, 0xe9, 
    0xa1, 0xee, 0xa0, 0xfc, 0xbe, 0xb7, 0xbc, 0xb5, 0xa6, 0xba, 0xe9, 0xa1, 
    0xf9, 0xf9, 0xfb, 0xa9, 0xbe, 0xb7, 0xa6, 0xf2, 0xb3, 0xef, 0xa0, 0x89, 
    0xa1, 0x8f, 0xe9, 0xbb, 0xb4, 0xfa, 0xb3, 0xfc, 0xbc, 0xb3, 0xbf, 0xb7, 
    0xfc, 0xbb, 0xbc, 0xb6, 0xb7, 0xaa, 0x9d, 0xb4, 0xfa, 0xf0, 0xbf, 0xab, 
    0xa2, 0xb3, 0xa6, 0xb1, 0xba, 0xf0, 0xfb, 0xf3, 0xef, 0xef, 0xff, 0xe3, 
    0xfb, 0xa6, 0xa0, 0xab, 0xa9, 0xbb, 0xb4, 0xfa, 0xa6, 0xef, 0xb3, 0xfc, 
    0xb4, 0xbb, 0xbc, 0xb6, 0x97, 0xaa, 0xa2, 0xbd, 0xa0, 0xa6, 0x90, 0xab, 
    0x9c, 0xb3, 0xbf, 0xb7, 0xfa, 0xf0, 0xa0, 0xb7, 0xb5, 0xbb, 0xa1, 0xa6, 
    0xb7, 0xa0, 0x8d, 0xa7, 0xa1, 0xb7, 0xa0, 0x8d, 0xbc, 0xb3, 0xa6, 0xbb, 
    0xa4, 0xb7, 0x8d, 0xb3, 0xa1, 0xab, 0xbc, 0xb1, 0xf0, 0xfb, 0xfe, 0xbd, 
    0xef, 0xb3, 0xfc, 0xb4, 0xbb, 0xbc, 0xb6, 0x97, 0xaa, 0xa2, 0xbd, 0xa0, 
    0xa6, 0x90, 0xab, 0x9c, 0xb3, 0xbf, 0xb7, 0xfa, 0xf0, 0xbb, 0xa1, 0x8d, 
    0xb3, 0xa1, 0xab, 0xbc, 0xb1, 0x8d, 0xa0, 0xb7, 0xb5, 0xbb, 0xa1, 0xa6, 
    0xa0, 0xb3, 0xa6, 0xbb, 0xbd, 0xbc, 0x8d, 0xa0, 0xb7, 0xb3, 0xb6, 0xab, 
    0xf0, 0xfb, 0xfe, 0xbc, 0xef, 0xb3, 0xfc, 0xb4, 0xbb, 0xbc, 0xb6, 0x97, 
    0xaa, 0xa2, 0xbd, 0xa0, 0xa6, 0x90, 0xab, 0x9c, 0xb3, 0xbf, 0xb7, 0xfa, 
    0xf0, 0xb5, 0xb7, 0xa6, 0x8d, 0xb3, 0xa1, 0xab, 0xbc, 0xb1, 0x8d, 0xa0, 
    0xb7, 0xb5, 0xbb, 0xa1, 0xa6, 0xa0, 0xb3, 0xa6, 0xbb, 0xbd, 0xbc, 0x8d, 
    0xa0, 0xb7, 0xa1, 0xa2, 0xbd, 0xbc, 0xa1, 0xb7, 0xf0, 0xfb, 0xfe, 0xa6, 
    0xf4, 0xf4, 0xbd, 0xf4, 0xf4, 0xbc, 0xfb, 0xa9, 0xb4, 0xfa, 0xf0, 0x80, 
    0x97, 0x81, 0x86, 0xf2, 0x93, 0x82, 0x9b, 0xf2, 0x87, 0xa1, 0xb7, 0xa0, 
    0xf0, 0xfe, 0xb2, 0x94, 0xbd, 0xa7, 0xbc, 0xb6, 0xf2, 0xb3, 0xa1, 0xab, 
    0xbc, 0xb1, 0xf2, 0xb7, 0xaa, 0xa2, 0xbd, 0xa0, 0xa6, 0xa1, 0xf2, 0xbb, 
    0xbc, 0xf2, 0xbf, 0xbd, 0xb6, 0xa7, 0xbe, 0xb7, 0xf2, 0xf6, 0xa9, 0xb3, 
    0xfc, 0xbc, 0xb3, 0xbf, 0xb7, 0xaf, 0xb2, 0xfb, 0xe9, 0xb0, 0xa0, 0xb7, 
    0xb3, 0xb9, 0xaf, 0xaf, 0xb1, 0xb3, 0xa6, 0xb1, 0xba, 0xa9, 0xaf, 0xaf, 
    0xbb, 0xb4, 0xfa, 0xa6, 0xae, 0xae, 0xfa, 0xa6, 0xef, 0x9f, 0xbd, 0xb6, 
    0xa7, 0xbe, 0xb7, 0xfc, 0xb4, 0xbb, 0xbc, 0xb6, 0x97, 0xaa, 0xa2, 0xbd, 
    0xa0, 0xa6, 0x90, 0xab, 0x9c, 0xb3, 0xbf, 0xb7, 0xfa, 0xbc, 0xa7, 0xbe, 
    0xbe, 0xfe, 0xf0, 0xa0, 0xb7, 0xb5, 0xbb, 0xa1, 0xa6, 0xb7, 0xa0, 0x8d, 
    0xa7, 0xa1, 0xb7, 0xa0, 0x8d, 0xbc, 0xb3, 0xa6, 0xbb, 0xa4, 0xb7, 0x8d, 
    0xb3, 0xa1, 0xab, 0xbc, 0xb1, 0xf0, 0xfb, 0xfe, 0xbd, 0xef, 0x9f, 0xbd, 
    0xb6, 0xa7, 0xbe, 0xb7, 0xfc, 0xb4, 0xbb, 0xbc, 0xb6, 0x97, 0xaa, 0xa2, 
    0xbd, 0xa0, 0xa6, 0x90, 0xab, 0x9c, 0xb3, 0xbf, 0xb7, 0xfa, 0xbc, 0xa7, 
    0xbe, 0xbe, 0xfe, 0xf0, 0xbb, 0xa1, 0x8d, 0xb3, 0xa1, 0xab, 0xbc, 0xb1, 
    0x8d, 0xa0, 0xb7, 0xb5, 0xbb, 0xa1, 0xa6, 0xa0, 0xb3, 0xa6, 0xbb, 0xbd, 
    0xbc, 0x8d, 0xa0, 0xb7, 0xb3, 0xb6, 0xab, 0xf0, 0xfb, 0xfe, 0xbc, 0xef, 
    0x9f, 0xbd, 0xb6, 0xa7, 0xbe, 0xb7, 0xfc, 0xb4, 0xbb, 0xbc, 0xb6, 0x97, 
    0xaa, 0xa2, 0xbd, 0xa0, 0xa6, 0x90, 0xab, 0x9c, 0xb3, 0xbf, 0xb7, 0xfa, 
    0xbc, 0xa7, 0xbe, 0xbe, 0xfe, 0xf0, 0xb5, 0xb7, 0xa6, 0x8d, 0xb3, 0xa1, 
    0xab, 0xbc, 0xb1, 0x8d, 0xa0, 0xb7, 0xb5, 0xbb, 0xa1, 0xa6, 0xa0, 0xb3, 
    0xa6, 0xbb, 0xbd, 0xbc, 0x8d, 0xa0, 0xb7, 0xa1, 0xa2, 0xbd, 0xbc, 0xa1, 
    0xb7, 0xf0, 0xfb, 0xfb, 0xfe, 0xa6, 0xf4, 0xf4, 0xbd, 0xf4, 0xf4, 0xbc, 
    0xf4, 0xf4, 0xf3, 0xa6, 0xfc, 0xbb, 0xa1, 0x9c, 0xa7, 0xbe, 0xbe, 0xfa, 
    0xfb, 0xfb, 0xa9, 0xbe, 0xb7, 0xa6, 0xf2, 0xba, 0xef, 0xb4, 0xa7, 0xbc, 
    0xb1, 0xa6, 0xbb, 0xbd, 0xbc, 0xfa, 0xfb, 0xa9, 0xa6, 0xa0, 0xab, 0xa9, 
    0xbb, 0xb4, 0xfa, 0xb3, 0xfa, 0xfb, 0xfb, 0xa9, 0xbe, 0xb7, 0xa6, 0xf2, 
    0xa2, 0xef, 0xbb, 0xfa, 0xfb, 0xe9, 0xbb, 0xb4, 0xfa, 0xa2, 0xf4, 0xf4, 
    0xf3, 0xa2, 0xfc, 0xbb, 0xa1, 0x9c, 0xa7, 0xbe, 0xbe, 0xfa, 0xfb, 0xfb, 
    0xa9, 0xbe, 0xb7, 0xa6, 0xf2, 0xab, 0xef, 0xa2, 0xfc, 0xa0, 0xb7, 0xb3, 
    0xb6, 0x87, 0xa6, 0xb4, 0xea, 0x81, 0xa6, 0xa0, 0xbb, 0xbc, 0xb5, 0xfa, 
    0xfb, 0xe9, 0xbb, 0xb4, 0xfa, 0xb4, 0xfa, 0xf0, 0x80, 0x97, 0x81, 0x86, 
    0xf2, 0x93, 0x82, 0x9b, 0xf2, 0x87, 0xa1, 0xb7, 0xa0, 0xf0, 0xfe, 0xb2, 
    0x93, 0xa1, 0xab, 0xbc, 0xb1, 0xf2, 0x87, 0xa1, 0xb7, 0xa0, 0xf2, 0x96, 
    0xb3, 0xa6, 0xb3, 0xf2, 0xb4, 0xa0, 0xbd, 0xbf, 0xf2, 0x9c, 0xb3, 0xa6, 
    0xbb, 0xa4, 0xb7, 0xe8, 0xf2, 0xf6, 0xa9, 0xab, 0xaf, 0xb2, 0xfb, 0xfe, 
    0xab, 0xfb, 0xa6, 0xa0, 0xab, 0xa9, 0xbe, 0xb7, 0xa6, 0xf2, 0x81, 0xef, 
    0x98, 0x81, 0x9d, 0x9c, 0xfc, 0xa2, 0xb3, 0xa0, 0xa1, 0xb7, 0xfa, 0xab, 
    0xfb, 0xe9, 0xbb, 0xb4, 0xfa, 0x81, 0xf4, 0xf4, 0x81, 0xfc, 0xb6, 0xb3, 
    0xa6, 0xb3, 0xfb, 0xa9, 0xbe, 0xb7, 0xa6, 0xf2, 0x9f, 0xef, 0x81, 0xfc, 
    0xb6, 0xb3, 0xa6, 0xb3, 0xfc, 0xa7, 0xbb, 0xb6, 0xae, 0xae, 0xb7, 0xfe, 
    0x80, 0xef, 0x81, 0xfc, 0xb6, 0xb3, 0xa6, 0xb3, 0xfc, 0xa0, 0xbd, 0xbe, 
    0xb7, 0xae, 0xae, 0xf0, 0xa7, 0xa1, 0xb7, 0xa0, 0xf0, 0xfe, 0x90, 0xef, 
    0x81, 0xfc, 0xb6, 0xb3, 0xa6, 0xb3, 0xfc, 0xb0, 0xb3, 0xbc, 0xfe, 0x96, 
    0xef, 0x81, 0xfc, 0xb6, 0xb3, 0xa6, 0xb3, 0xfc, 0xbb, 0xa1, 0x8d, 0xb3, 
    0xbe, 0xbe, 0xbd, 0xa5, 0xb7, 0xb6, 0xfe, 0xb9, 0xef, 0x81, 0xfc, 0xb6, 
    0xb3, 0xa6, 0xb3, 0xfc, 0xb0, 0xa0, 0xb3, 0xbc, 0xb1, 0xba, 0xae, 0xae, 
    0xf0, 0xa2, 0xa0, 0xbd, 0xb6, 0xa7, 0xb1, 0xa6, 0xbb, 0xbd, 0xbc, 0xf0, 
    0xfe, 0xb0, 0xef, 0x82, 0xfc, 0xa0, 0xbd, 0xbe, 0xb7, 0xfe, 0xb5, 0xef, 
    0x82, 0xfc, 0xbb, 0xa1, 0x93, 0xa7, 0xa6, 0xba, 0xbd, 0xa0, 0xbb, 0xa8, 
    0xb7, 0xb6, 0xe9, 0x85, 0xfa, 0x9f, 0xfe, 0x80, 0xfe, 0x90, 0xfe, 0x96, 
    0xfb, 0xed, 0xfa, 0xb4, 0xfa, 0xf0, 0x80, 0x97, 0x81, 0x86, 0xf2, 0x93, 
    0x82, 0x9b, 0xf2, 0x87, 0xa1, 0xb7, 0xa0, 0xf0, 0xfe, 0xb2, 0x93, 0x91, 
    0x91, 0x97, 0x81, 0x81, 0xf2, 0x95, 0x80, 0x93, 0x9c, 0x86, 0x97, 0x96, 
    0xf2, 0xfa, 0x93, 0xa1, 0xab, 0xbc, 0xb1, 0xfb, 0xe8, 0xf2, 0x87, 0xa1, 
    0xb7, 0xa0, 0xf2, 0xf6, 0xa9, 0x9f, 0xaf, 0xf2, 0xa4, 0xb7, 0xa0, 0xbb, 
    0xb4, 0xbb, 0xb7, 0xb6, 0xf2, 0xb3, 0xa1, 0xf2, 0x89, 0xf6, 0xa9, 0x80, 
    0xfc, 0xa6, 0xbd, 0x87, 0xa2, 0xa2, 0xb7, 0xa0, 0x91, 0xb3, 0xa1, 0xb7, 
    0xfa, 0xfb, 0xaf, 0x8f, 0xfc, 0xb2, 0xfb, 0xfe, 0xa2, 0xb7, 0xfa, 0x9f, 
    0xfe, 0x80, 0xfe, 0x90, 0xfe, 0x96, 0xfe, 0xb9, 0xfb, 0xfb, 0xe8, 0xfa, 
    0xb4, 0xfa, 0xf0, 0x80, 0x97, 0x81, 0x86, 0xf2, 0x93, 0x82, 0x9b, 0xf2, 
    0x87, 0xa1, 0xb7, 0xa0, 0xf0, 0xfe, 0xb2, 0x93, 0x91, 0x91, 0x97, 0x81, 
    0x81, 0xf2, 0x96, 0x97, 0x9c, 0x9b, 0x97, 0x96, 0xf2, 0xfa, 0x93, 0xa1, 
    0xab, 0xbc, 0xb1, 0xfb, 0xe8, 0xf2, 0x87, 0xa1, 0xb7, 0xa0, 0xf2, 0xf6, 
    0xa9, 0x9f, 0xaf, 0xf2, 0xbb, 0xa1, 0xf2, 0x90, 0x93, 0x9c, 0x9c, 0x97, 
    0x96, 0xf2, 0xbd, 0xa0, 0xf2, 0x9c, 0x9d, 0x86, 0xf2, 0x93, 0x9e, 0x9e, 
    0x9d, 0x85, 0x97, 0x96, 0xfc, 0xb2, 0xfb, 0xfe, 0xa2, 0xb7, 0xfa, 0x9f, 
    0xfe, 0x80, 0xfe, 0x90, 0xfe, 0x96, 0xfe, 0xb9, 0xfb, 0xfb, 0xfe, 0xb0, 
    0xf3, 0xef, 0xef, 0x80, 0xf4, 0xf4, 0x90, 0xb7, 0xfa, 0xb0, 0xfe, 0x80, 
    0xfe, 0xb0, 0xef, 0xef, 0xef, 0xf0, 0xa7, 0xa1, 0xb7, 0xa0, 0xf0, 0xf4, 
    0xf4, 0xf3, 0xb5, 0xfb, 0xaf, 0xb7, 0xbe, 0xa1, 0xb7, 0xf2, 0x85, 0xfa, 
    0xb7, 0xfe, 0xf0, 0xa7, 0xa1, 0xb7, 0xa0, 0xf0, 0xfe, 0xf3, 0xe3, 0xfe, 
    0xf3, 0xe3, 0xfb, 0xfe, 0xb4, 0xfa, 0xf0, 0x80, 0x97, 0x81, 0x86, 0xf2, 
    0x93, 0x82, 0x9b, 0xf2, 0x87, 0xa1, 0xb7, 0xa0, 0xf0, 0xfe, 0xf0, 0x93, 
    0x91, 0x91, 0x97, 0x81, 0x81, 0xf2, 0x96, 0x97, 0x9c, 0x9b, 0x97, 0x96, 
    0xf2, 0xfa, 0x93, 0xa1, 0xab, 0xbc, 0xb1, 0xfb, 0xe8, 0xf2, 0x9b, 0xbc, 
    0xa4, 0xb3, 0xbe, 0xbb, 0xb6, 0xf2, 0xa7, 0xa1, 0xb7, 0xa0, 0xf2, 0xa1, 
    0xb1, 0xba, 0xb7, 0xbf, 0xb3, 0xfc, 0xf0, 0xfb, 0xaf, 0xb1, 0xb3, 0xa6, 
    0xb1, 0xba, 0xfa, 0x81, 0xfb, 0xa9, 0x85, 0xfa, 0xb7, 0xfe, 0xf0, 0xa7, 
    0xa1, 0xb7, 0xa0, 0xf0, 0xfe, 0xf3, 0xe3, 0xfe, 0xf3, 0xe3, 0xfb, 0xfe, 
    0xb4, 0xfa, 0xf0, 0x80, 0x97, 0x81, 0x86, 0xf2, 0x93, 0x82, 0x9b, 0xf2, 
    0x87, 0xa1, 0xb7, 0xa0, 0xf0, 0xfe, 0xb2, 0x93, 0x91, 0x91, 0x97, 0x81, 
    0x81, 0xf2, 0x96, 0x97, 0x9c, 0x9b, 0x97, 0x96, 0xf2, 0xfa, 0x93, 0xa1, 
    0xab, 0xbc, 0xb1, 0xfb, 0xe8, 0xf2, 0x94, 0xb3, 0xbb, 0xbe, 0xb7, 0xb6, 
    0xf2, 0xa6, 0xbd, 0xf2, 0xa2, 0xb3, 0xa0, 0xa1, 0xb7, 0xf2, 0xa7, 0xa1, 
    0xb7, 0xa0, 0xf2, 0xa0, 0xb7, 0xa1, 0xa2, 0xbd, 0xbc, 0xa1, 0xb7, 0xe8, 
    0xf2, 0xf6, 0xa9, 0x81, 0xfc, 0xbf, 0xb7, 0xa1, 0xa1, 0xb3, 0xb5, 0xb7, 
    0xaf, 0xb2, 0xfb, 0xaf, 0xb7, 0xbe, 0xa1, 0xb7, 0xf2, 0x85, 0xfa, 0xb7, 
    0xfe, 0xf0, 0xa7, 0xa1, 0xb7, 0xa0, 0xf0, 0xfe, 0xf3, 0xe3, 0xfe, 0xf3, 
    0xe3, 0xfb, 0xfe, 0xb4, 0xfa, 0xf0, 0x80, 0x97, 0x81, 0x86, 0xf2, 0x93, 
    0x82, 0x9b, 0xf2, 0x87, 0xa1, 0xb7, 0xa0, 0xf0, 0xfe, 0xf0, 0x97, 0xbf, 
    0xa2, 0xa6, 0xab, 0xf2, 0xa7, 0xa1, 0xb7, 0xa0, 0xf2, 0xbb, 0xbc, 0xb4, 
    0xbd, 0xf2, 0xa0, 0xb7, 0xa1, 0xa2, 0xbd, 0xbc, 0xa1, 0xb7, 0xf2, 0xb4, 
    0xa0, 0xbd, 0xbf, 0xf2, 0x9c, 0xb3, 0xa6, 0xbb, 0xa4, 0xb7, 0xf2, 0xfa, 
    0x93, 0xa1, 0xab, 0xbc, 0xb1, 0xfb, 0xfc, 0xf0, 0xfb, 0xaf, 0xb7, 0xbe, 
    0xa1, 0xb7, 0xf2, 0x85, 0xfa, 0xb7, 0xfe, 0xf0, 0xa7, 0xa1, 0xb7, 0xa0, 
    0xf0, 0xfe, 0xf3, 0xe3, 0xfe, 0xf3, 0xe3, 0xfb, 0xfe, 0xb4, 0xfa, 0xf0, 
    0x80, 0x97, 0x81, 0x86, 0xf2, 0x93, 0x82, 0x9b, 0xf2, 0x87, 0xa1, 0xb7, 
    0xa0, 0xf0, 0xfe, 0xf0, 0x9c, 0xa7, 0xbe, 0xbe, 0xf2, 0xa0, 0xb7, 0xa1, 
    0xa2, 0xbd, 0xbc, 0xa1, 0xb7, 0xf2, 0xb4, 0xa0, 0xbd, 0xbf, 0xf2, 0x9c, 
    0xb3, 0xa6, 0xbb, 0xa4, 0xb7, 0xf2, 0xa4, 0xb7, 0xa0, 0xbb, 0xb4, 0xbb, 
    0xb1, 0xb3, 0xa6, 0xbb, 0xbd, 0xbc, 0xf2, 0xfa, 0x93, 0xa1, 0xab, 0xbc, 
    0xb1, 0xfb, 0xfc, 0xf0, 0xfb, 0xaf, 0xb7, 0xbe, 0xa1, 0xb7, 0xf2, 0xbe, 
    0xf9, 0xf9, 0xfe, 0xbe, 0xee, 0xe6, 0xe2, 0xed, 0xa1, 0xb7, 0xa6, 0x86, 
    0xbb, 0xbf, 0xb7, 0xbd, 0xa7, 0xa6, 0xfa, 0xba, 0xfe, 0xe7, 0xe2, 0xe2, 
    0xfb, 0xe8, 0xb4, 0xfa, 0xf0, 0x80, 0x97, 0x81, 0x86, 0xf2, 0x93, 0x82, 
    0x9b, 0xf2, 0x87, 0xa1, 0xb7, 0xa0, 0xf0, 0xfe, 0xf0, 0x93, 0xa1, 0xab, 
    0xbc, 0xb1, 0xf2, 0xa4, 0xb7, 0xa0, 0xbb, 0xb4, 0xbb, 0xb1, 0xb3, 0xa6, 
    0xbb, 0xbd, 0xbc, 0xf2, 0xa6, 0xbb, 0xbf, 0xb7, 0xb6, 0xf2, 0xbd, 0xa7, 
    0xa6, 0xfc, 0xf0, 0xfb, 0xaf, 0xb1, 0xb3, 0xa6, 0xb1, 0xba, 0xfa, 0xa2, 
    0xfb, 0xa9, 0xb4, 0xfa, 0xf0, 0x80, 0x97, 0x81, 0x86, 0xf2, 0x93, 0x82, 
    0x9b, 0xf2, 0x87, 0xa1, 0xb7, 0xa0, 0xf0, 0xfe, 0xb2, 0x97, 0xa0, 0xa0, 
    0xbd, 0xa0, 0xf2, 0xa2, 0xbd, 0xbe, 0xbe, 0xbb, 0xbc, 0xb5, 0xf2, 0xb3, 
    0xa1, 0xab, 0xbc, 0xb1, 0xf2, 0xa0, 0xb7, 0xa1, 0xa2, 0xbd, 0xbc, 0xa1, 
    0xb7, 0xe8, 0xf2, 0xf6, 0xa9, 0xa2, 0xfc, 0xbf, 0xb7, 0xa1, 0xa1, 0xb3, 
    0xb5, 0xb7, 0xaf, 0xb2, 0xfb, 0xaf, 0xaf, 0xfe, 0xa1, 0xef, 0xbc, 0xb7, 
    0xa5, 0xf2, 0x9c, 0xb3, 0xa6, 0xbb, 0xa4, 0xb7, 0x94, 0xa7, 0xbc, 0xb1, 
    0xa6, 0xbb, 0xbd, 0xbc, 0xfa, 0xa6, 0xfe, 0xf0, 0xa4, 0xbd, 0xbb, 0xb6, 
    0xf0, 0xfe, 0x89, 0xf0, 0xa2, 0xbd, 0xbb, 0xbc, 0xa6, 0xb7, 0xa0, 0xf0, 
    0x8f, 0xfb, 0xfe, 0xb3, 0xef, 0xbc, 0xb7, 0xa5, 0xf2, 0x9c, 0xb3, 0xa6, 
    0xbb, 0xa4, 0xb7, 0x94, 0xa7, 0xbc, 0xb1, 0xa6, 0xbb, 0xbd, 0xbc, 0xfa, 
    0xbd, 0xfe, 0xf0, 0xb0, 0xbd, 0xbd, 0xbe, 0xf0, 0xfe, 0x89, 0x8f, 0xfb, 
    0xfe, 0xbb, 0xef, 0xbc, 0xb7, 0xa5, 0xf2, 0x9c, 0xb3, 0xa6, 0xbb, 0xa4, 
    0xb7, 0x94, 0xa7, 0xbc, 0xb1, 0xa6, 0xbb, 0xbd, 0xbc, 0xfa, 0xbc, 0xfe, 
    0xf0, 0xa2, 0xbd, 0xbb, 0xbc, 0xa6, 0xb7, 0xa0, 0xf0, 0xfe, 0x89, 0x8f, 
    0xfb, 0xfe, 0xb1, 0xef, 0x9f, 0xb7, 0xbf, 0xbd, 0xa0, 0xab, 0xfc, 0xb3, 
    0xbe, 0xbe, 0xbd, 0xb1, 0x87, 0xa6, 0xb4, 0xea, 0x81, 0xa6, 0xa0, 0xbb, 
    0xbc, 0xb5, 0xfa, 0xb7, 0xfb, 0xe9, 0xa1, 0xfa, 0xb1, 0xfb, 0xe9, 0xbe, 
    0xb7, 0xa6, 0xf2, 0xbe, 0xef, 0xe2, 0xe9, 0xa1, 0xb7, 0xa6, 0x86, 0xbb, 
    0xbf, 0xb7, 0xbd, 0xa7, 0xa6, 0xfa, 0xba, 0xfe, 0xe7, 0xe2, 0xe2, 0xfb, 
    0xaf, 0xb7, 0xbe, 0xa1, 0xb7, 0xf2, 0xb4, 0xfa, 0xf0, 0x80, 0x97, 0x81, 
    0x86, 0xf2, 0x93, 0x82, 0x9b, 0xf2, 0x87, 0xa1, 0xb7, 0xa0, 0xf0, 0xfe, 
    0xf0, 0x93, 0xa1, 0xab, 0xbc, 0xb1, 0xf2, 0xbc, 0xb3, 0xa6, 0xbb, 0xa4, 
    0xb7, 0xf2, 0xb7, 0xaa, 0xa2, 0xbd, 0xa0, 0xa6, 0xa1, 0xf2, 0xbc, 0xbd, 
    0xa6, 0xf2, 0xb4, 0xbd, 0xa7, 0xbc, 0xb6, 0xfc, 0xf2, 0x80, 0xa7, 0xbc, 
    0xbc, 0xbb, 0xbc, 0xb5, 0xf2, 0xa1, 0xab, 0xbc, 0xb1, 0xba, 0xa0, 0xbd, 
    0xbc, 0xbd, 0xa7, 0xa1, 0xbe, 0xab, 0xfc, 0xf0, 0xfb, 0xfe, 0xf6, 0xb7, 
    0xfa, 0xb7, 0xfb, 0xaf, 0xb1, 0xb3, 0xa6, 0xb1, 0xba, 0xfa, 0xa6, 0xfb, 
    0xa9, 0xb4, 0xfa, 0xf0, 0x80, 0x97, 0x81, 0x86, 0xf2, 0x93, 0x82, 0x9b, 
    0xf2, 0x87, 0xa1, 0xb7, 0xa0, 0xf0, 0xfe, 0xb2, 0x94, 0xb3, 0xbb, 0xbe, 
    0xb7, 0xb6, 0xf2, 0xa6, 0xbd, 0xf2, 0xb7, 0xaa, 0xb7, 0xb1, 0xa7, 0xa6, 
    0xb7, 0xf2, 0xb3, 0xa1, 0xab, 0xbc, 0xb1, 0xf2, 0xa0, 0xb7, 0xb5, 0xbb, 
    0xa1, 0xa6, 0xa0, 0xb3, 0xa6, 0xbb, 0xbd, 0xbc, 0xe8, 0xf2, 0xf6, 0xa9, 
    0xa6, 0xfc, 0xbf, 0xb7, 0xa1, 0xa1, 0xb3, 0xb5, 0xb7, 0xaf, 0xfc, 0xf2, 
    0x80, 0xa7, 0xbc, 0xbc, 0xbb, 0xbc, 0xb5, 0xf2, 0xa1, 0xab, 0xbc, 0xb1, 
    0xba, 0xa0, 0xbd, 0xbc, 0xbd, 0xa7, 0xa1, 0xbe, 0xab, 0xfc, 0xb2, 0xfb, 
    0xfe, 0xf6, 0xb7, 0xfa, 0xb7, 0xfb, 0xaf, 0xaf, 0xb4, 0xa7, 0xbc, 0xb1, 
    0xa6, 0xbb, 0xbd, 0xbc, 0xf2, 0x90, 0xb7, 0xfa, 0xb7, 0xfe, 0xa6, 0xfe, 
    0xbd, 0xef, 0xf3, 0xe3, 0xfb, 0xa9, 0xbb, 0xb4, 0xfa, 0xb1, 0xbd, 0xbc, 
    0xa1, 0xbd, 0xbe, 0xb7, 0xfc, 0xbe, 0xbd, 0xb5, 0xfa, 0xb2, 0x89, 0x93, 
    0xa7, 0xa6, 0xba, 0xf2, 0x80, 0xbd, 0xbe, 0xb7, 0xf2, 0x91, 0xba, 0xb3, 
    0xbc, 0xb5, 0xb7, 0x8f, 0xf2, 0x87, 0xa1, 0xb7, 0xa0, 0xf2, 0xa0, 0xbd, 
    0xbe, 0xb7, 0xf2, 0xb1, 0xba, 0xb3, 0xbc, 0xb5, 0xb7, 0xb6, 0xf2, 0xb4, 
    0xa0, 0xbd, 0xbf, 0xf2, 0x89, 0xf6, 0xa9, 0xb7, 0xfc, 0xa6, 0xbd, 0x87, 
    0xa2, 0xa2, 0xb7, 0xa0, 0x91, 0xb3, 0xa1, 0xb7, 0xfa, 0xfb, 0xaf, 0x8f, 
    0xf2, 0xa6, 0xbd, 0xf2, 0x89, 0xf6, 0xa9, 0xa6, 0xfc, 0xa6, 0xbd, 0x87, 
    0xa2, 0xa2, 0xb7, 0xa0, 0x91, 0xb3, 0xa1, 0xb7, 0xfa, 0xfb, 0xaf, 0x8f, 
    0xfc, 0xb2, 0xfb, 0xfe, 0xa6, 0xf3, 0xef, 0xef, 0xf0, 0xb3, 0xb6, 0xbf, 
    0xbb, 0xbc, 0xf0, 0xfb, 0xa6, 0xa0, 0xab, 0xa9, 0xbe, 0xb7, 0xa6, 0xf2, 
    0xbc, 0xef, 0x81, 0xb7, 0xfa, 0xfb, 0xfe, 0xa0, 0xef, 0xb2, 0xf6, 0xa9, 
    0xbc, 0xaf, 0xfd, 0xa2, 0xb3, 0xa6, 0xb1, 0xba, 0x8d, 0xb1, 0xbd, 0xbc, 
    0xb4, 0xbb, 0xb5, 0xfc, 0xa2, 0xa0, 0xbd, 0xa2, 0xb7, 0xa0, 0xa6, 0xbb, 
    0xb7, 0xa1, 0xb2, 0xfe, 0xa1, 0xef, 0xb2, 0xf6, 0xa9, 0xbc, 0xaf, 0xfd, 
    0xbd, 0xa6, 0xb3, 0x8d, 0xbe, 0xbd, 0xb5, 0xfc, 0xa6, 0xaa, 0xa6, 0xb2, 
    0xfe, 0xb3, 0xef, 0xbc, 0xb7, 0xa5, 0xf2, 0x9c, 0xb3, 0xa6, 0xbb, 0xa4, 
    0xb7, 0x94, 0xa7, 0xbc, 0xb1, 0xa6, 0xbb, 0xbd, 0xbc, 0xfa, 0x9f, 0xbd, 
    0xb6, 0xa7, 0xbe, 0xb7, 0xfc, 0xb4, 0xbb, 0xbc, 0xb6, 0x97, 0xaa, 0xa2, 
    0xbd, 0xa0, 0xa6, 0x90, 0xab, 0x9c, 0xb3, 0xbf, 0xb7, 0xfa, 0xbc, 0xa7, 
    0xbe, 0xbe, 0xfe, 0xf0, 0xa0, 0xb7, 0xbf, 0xbd, 0xa4, 0xb7, 0xf0, 0xfb, 
    0xfe, 0xf0, 0xbb, 0xbc, 0xa6, 0xf0, 0xfe, 0x89, 0xf0, 0xa2, 0xbd, 0xbb, 
    0xbc, 0xa6, 0xb7, 0xa0, 0xf0, 0x8f, 0xfb, 0xfe, 0xbb, 0xef, 0x9f, 0xb7, 
    0xbf, 0xbd, 0xa0, 0xab, 0xfc, 0xb3, 0xbe, 0xbe, 0xbd, 0xb1, 0x87, 0xa6, 
    0xb4, 0xea, 0x81, 0xa6, 0xa0, 0xbb, 0xbc, 0xb5, 0xfa, 0xa0, 0xfb, 0xfe, 
    0xb1, 0xef, 0x9f, 0xb7, 0xbf, 0xbd, 0xa0, 0xab, 0xfc, 0xb3, 0xbe, 0xbe, 
    0xbd, 0xb1, 0x87, 0xa6, 0xb4, 0xea, 0x81, 0xa6, 0xa0, 0xbb, 0xbc, 0xb5, 
    0xfa, 0xa1, 0xfb, 0xe9, 0xb3, 0xfa, 0xbb, 0xfb, 0xfe, 0xb3, 0xfa, 0xb1, 
    0xfb, 0xfe, 0xb1, 0xbd, 0xbc, 0xa1, 0xbd, 0xbe, 0xb7, 0xfc, 0xbe, 0xbd, 
    0xb5, 0xfa, 0xb2, 0x89, 0x93, 0xa7, 0xa6, 0xba, 0xf2, 0x80, 0xbd, 0xbe, 
    0xb7, 0xf2, 0x91, 0xba, 0xb3, 0xbc, 0xb5, 0xb7, 0x8f, 0xf2, 0x93, 0xb6, 
    0xbf, 0xbb, 0xbc, 0xf2, 0xb1, 0xbd, 0xbc, 0xb4, 0xbb, 0xb5, 0xa7, 0xa0, 
    0xb3, 0xa6, 0xbb, 0xbd, 0xbc, 0xa1, 0xf2, 0xb3, 0xbc, 0xb6, 0xf2, 0xbe, 
    0xbd, 0xb5, 0xa1, 0xf2, 0xb1, 0xbe, 0xb7, 0xb3, 0xa0, 0xb7, 0xb6, 0xf2, 
    0xb4, 0xa0, 0xbd, 0xbf, 0xe8, 0xf2, 0xf6, 0xa9, 0xbc, 0xaf, 0xb2, 0xfb, 
    0xaf, 0xb1, 0xb3, 0xa6, 0xb1, 0xba, 0xfa, 0xbc, 0xfb, 0xa9, 0xb1, 0xbd, 
    0xbc, 0xa1, 0xbd, 0xbe, 0xb7, 0xfc, 0xbe, 0xbd, 0xb5, 0xfa, 0xb2, 0x89, 
    0x93, 0xa7, 0xa6, 0xba, 0xf2, 0x80, 0xbd, 0xbe, 0xb7, 0xf2, 0x91, 0xba, 
    0xb3, 0xbc, 0xb5, 0xb7, 0x8f, 0xf2, 0x94, 0xb3, 0xbb, 0xbe, 0xb7, 0xb6, 
    0xf2, 0xa6, 0xbd, 0xf2, 0xb1, 0xbe, 0xb7, 0xb3, 0xa0, 0xf2, 0xb3, 0xb6, 
    0xbf, 0xbb, 0xbc, 0xf2, 0xb4, 0xbb, 0xbe, 0xb7, 0xa1, 0xe8, 0xf2, 0xf6, 
    0xa9, 0xbc, 0xfc, 0xbf, 0xb7, 0xa1, 0xa1, 0xb3, 0xb5, 0xb7, 0xaf, 0xb2, 
    0xfb, 0xaf, 0xbd, 0xed, 0xb1, 0xbd, 0xbc, 0xa1, 0xbd, 0xbe, 0xb7, 0xfc, 
    0xbe, 0xbd, 0xb5, 0xfa, 0xf0, 0x89, 0x93, 0xa7, 0xa6, 0xba, 0xf2, 0x80, 
    0xbd, 0xbe, 0xb7, 0xf2, 0x91, 0xba, 0xb3, 0xbc, 0xb5, 0xb7, 0x8f, 0xf2, 
    0x81, 0xb9, 0xbb, 0xa2, 0xa2, 0xbb, 0xbc, 0xb5, 0xf2, 0x94, 0xa0, 0xbb, 
    0xb6, 0xb3, 0xf2, 0xa0, 0xb7, 0xbe, 0xbd, 0xb3, 0xb6, 0xf2, 0xb3, 0xa1, 
    0xf2, 0xa6, 0xba, 0xbb, 0xa1, 0xf2, 0xbb, 0xa1, 0xf2, 0xa6, 0xba, 0xb7, 
    0xf2, 0xbb, 0xbc, 0xbb, 0xa6, 0xbb, 0xb3, 0xbe, 0xf2, 0xb0, 0xbd, 0xbd, 
    0xa6, 0xf2, 0xa6, 0xa0, 0xb3, 0xbc, 0xa1, 0xbb, 0xa6, 0xbb, 0xbd, 0xbc, 
    0xfc, 0xf0, 0xfb, 0xe8, 0x9c, 0xa6, 0xfa, 0xfb, 0xaf, 0xb4, 0xa7, 0xbc, 
    0xb1, 0xa6, 0xbb, 0xbd, 0xbc, 0xf2, 0x9c, 0xa6, 0xfa, 0xfb, 0xa9, 0xb1, 
    0xbd, 0xbc, 0xa1, 0xbd, 0xbe, 0xb7, 0xfc, 0xbe, 0xbd, 0xb5, 0xfa, 0xf0, 
    0x89, 0x93, 0xa7, 0xa6, 0xba, 0xf2, 0x80, 0xbd, 0xbe, 0xb7, 0xf2, 0x91, 
    0xba, 0xb3, 0xbc, 0xb5, 0xb7, 0x8f, 0xf2, 0x86, 0xa0, 0xbb, 0xb5, 0xb5, 
    0xb7, 0xa0, 0xbb, 0xbc, 0xb5, 0xf2, 0xbc, 0xb3, 0xa6, 0xbb, 0xa4, 0xb7, 
    0xf2, 0xa0, 0xb7, 0xbe, 0xbd, 0xb3, 0xb6, 0xf2, 0xbd, 0xb4, 0xf2, 0x94, 
    0xa0, 0xbb, 0xb6, 0xb3, 0xf2, 0xa1, 0xb1, 0xa0, 0xbb, 0xa2, 0xa6, 0xf2, 
    0xb3, 0xbc, 0xb6, 0xf2, 0xbe, 0xbb, 0xb0, 0xa0, 0xb3, 0xa0, 0xab, 0xf2, 
    0x9d, 0x86, 0x93, 0xf2, 0xb1, 0xba, 0xb7, 0xb1, 0xb9, 0xfc, 0xfc, 0xfc, 
    0xf0, 0xfb, 0xe9, 0xa6, 0xa0, 0xab, 0xa9, 0xbe, 0xb7, 0xa6, 0xf2, 0xb7, 
    0xef, 0xbc, 0xa7, 0xbe, 0xbe, 0xfe, 0xa6, 0xef, 0x82, 0xa0, 0xbd, 0xb1, 
    0xb7, 0xa1, 0xa1, 0xfc, 0xb7, 0xbc, 0xa7, 0xbf, 0xb7, 0xa0, 0xb3, 0xa6, 
    0xb7, 0x9f, 0xbd, 0xb6, 0xa7, 0xbe, 0xb7, 0xa1, 0xfa, 0xfb, 0xe9, 0xb4, 
    0xbd, 0xa0, 0xfa, 0xbe, 0xb7, 0xa6, 0xf2, 0xbd, 0xef, 0xe2, 0xe9, 0xbd, 
    0xee, 0xa6, 0xfc, 0xbe, 0xb7, 0xbc, 0xb5, 0xa6, 0xba, 0xe9, 0xbd, 0xf9, 
    0xf9, 0xfb, 0xa9, 0xbe, 0xb7, 0xa6, 0xf2, 0xbc, 0xef, 0xa6, 0x89, 0xbd, 
    0x8f, 0xe9, 0xbb, 0xb4, 0xfa, 0xbc, 0xfc, 0xbc, 0xb3, 0xbf, 0xb7, 0xfc, 
    0xbb, 0xbc, 0xb6, 0xb7, 0xaa, 0x9d, 0xb4, 0xfa, 0xf0, 0xbf, 0xab, 0xa2, 
    0xb3, 0xa6, 0xb1, 0xba, 0xf0, 0xfb, 0xf3, 0xef, 0xef, 0xff, 0xe3, 0xf4, 
    0xf4, 0xfa, 0xb7, 0xef, 0xbc, 0xfc, 0xb4, 0xbb, 0xbc, 0xb6, 0x97, 0xaa, 
    0xa2, 0xbd, 0xa0, 0xa6, 0x90, 0xab, 0x9c, 0xb3, 0xbf, 0xb7, 0xfa, 0xf0, 
    0xa0, 0xb7, 0xbe, 0xbd, 0xb3, 0xb6, 0x8d, 0xb4, 0xa0, 0xbb, 0xb6, 0xb3, 
    0x8d, 0xa1, 0xb1, 0xa0, 0xbb, 0xa2, 0xa6, 0x8d, 0xbc, 0xb3, 0xa6, 0xbb, 
    0xa4, 0xb7, 0xf0, 0xfb, 0xfe, 0xb7, 0xfb, 0xfb, 0xb0, 0xa0, 0xb7, 0xb3, 
    0xb9, 0xaf, 0xb7, 0xae, 0xae, 0xfa, 0xb7, 0xef, 0x9f, 0xbd, 0xb6, 0xa7, 
    0xbe, 0xb7, 0xfc, 0xb4, 0xbb, 0xbc, 0xb6, 0x97, 0xaa, 0xa2, 0xbd, 0xa0, 
    0xa6, 0x90, 0xab, 0x9c, 0xb3, 0xbf, 0xb7, 0xfa, 0xbc, 0xa7, 0xbe, 0xbe, 
    0xfe, 0xf0, 0xa0, 0xb7, 0xbe, 0xbd, 0xb3, 0xb6, 0x8d, 0xb4, 0xa0, 0xbb, 
    0xb6, 0xb3, 0x8d, 0xa1, 0xb1, 0xa0, 0xbb, 0xa2, 0xa6, 0x8d, 0xbc, 0xb3, 
    0xa6, 0xbb, 0xa4, 0xb7, 0xf0, 0xfb, 0xfb, 0xfe, 0xb7, 0xf4, 0xf4, 0xf3, 
    0xb7, 0xfc, 0xbb, 0xa1, 0x9c, 0xa7, 0xbe, 0xbe, 0xfa, 0xfb, 0xed, 0xfa, 
    0xbc, 0xb7, 0xa5, 0xf2, 0x9c, 0xb3, 0xa6, 0xbb, 0xa4, 0xb7, 0x94, 0xa7, 
    0xbc, 0xb1, 0xa6, 0xbb, 0xbd, 0xbc, 0xfa, 0xb7, 0xfe, 0xf0, 0xa4, 0xbd, 
    0xbb, 0xb6, 0xf0, 0xfe, 0x89, 0x8f, 0xfb, 0xfa, 0xfb, 0xfe, 0xb1, 0xbd, 
    0xbc, 0xa1, 0xbd, 0xbe, 0xb7, 0xfc, 0xbe, 0xbd, 0xb5, 0xfa, 0xf0, 0x89, 
    0x93, 0xa7, 0xa6, 0xba, 0xf2, 0x80, 0xbd, 0xbe, 0xb7, 0xf2, 0x91, 0xba, 
    0xb3, 0xbc, 0xb5, 0xb7, 0x8f, 0xf2, 0x9c, 0xb3, 0xa6, 0xbb, 0xa4, 0xb7, 
    0xf2, 0xa0, 0xb7, 0xbe, 0xbd, 0xb3, 0xb6, 0xf2, 0xa6, 0xa0, 0xbb, 0xb5, 
    0xb5, 0xb7, 0xa0, 0xb7, 0xb6, 0xf2, 0xa1, 0xa7, 0xb1, 0xb1, 0xb7, 0xa1, 
    0xa1, 0xb4, 0xa7, 0xbe, 0xbe, 0xab, 0xfc, 0xf0, 0xfb, 0xfb, 0xe8, 0xb1, 
    0xbd, 0xbc, 0xa1, 0xbd, 0xbe, 0xb7, 0xfc, 0xbe, 0xbd, 0xb5, 0xfa, 0xf0, 
    0x89, 0x93, 0xa7, 0xa6, 0xba, 0xf2, 0x80, 0xbd, 0xbe, 0xb7, 0xf2, 0x91, 
    0xba, 0xb3, 0xbc, 0xb5, 0xb7, 0x8f, 0xf2, 0x97, 0xa0, 0xa0, 0xbd, 0xa0, 
    0xe8, 0xf2, 0xa0, 0xb7, 0xbe, 0xbd, 0xb3, 0xb6, 0x8d, 0xb4, 0xa0, 0xbb, 
    0xb6, 0xb3, 0x8d, 0xa1, 0xb1, 0xa0, 0xbb, 0xa2, 0xa6, 0x8d, 0xbc, 0xb3, 
    0xa6, 0xbb, 0xa4, 0xb7, 0xf2, 0xb7, 0xaa, 0xa2, 0xbd, 0xa0, 0xa6, 0xf2, 
    0xbc, 0xbd, 0xa6, 0xf2, 0xb4, 0xbd, 0xa7, 0xbc, 0xb6, 0xf3, 0xf0, 0xfb, 
    0xaf, 0xb1, 0xb3, 0xa6, 0xb1, 0xba, 0xfa, 0xb7, 0xfb, 0xa9, 0xb1, 0xbd, 
    0xbc, 0xa1, 0xbd, 0xbe, 0xb7, 0xfc, 0xbe, 0xbd, 0xb5, 0xfa, 0xb2, 0x89, 
    0x93, 0xa7, 0xa6, 0xba, 0xf2, 0x80, 0xbd, 0xbe, 0xb7, 0xf2, 0x91, 0xba, 
    0xb3, 0xbc, 0xb5, 0xb7, 0x8f, 0xf2, 0x97, 0xa0, 0xa0, 0xbd, 0xa0, 0xf2, 
    0xa6, 0xa0, 0xbb, 0xb5, 0xb5, 0xb7, 0xa0, 0xbb, 0xbc, 0xb5, 0xf2, 0xa0, 
    0xb7, 0xbe, 0xbd, 0xb3, 0xb6, 0xe8, 0xf2, 0xf6, 0xa9, 0xb7, 0xfc, 0xbf, 
    0xb7, 0xa1, 0xa1, 0xb3, 0xb5, 0xb7, 0xaf, 0xb2, 0xfb, 0xaf, 0xaf, 0xa4, 
    0xb3, 0xa0, 0xf2, 0x9f, 0xb7, 0xef, 0xf0, 0xa6, 0xb7, 0xa1, 0xa6, 0xbb, 
    0xbc, 0xb5, 0xf0, 0xe9, 0xb4, 0xa7, 0xbc, 0xb1, 0xa6, 0xbb, 0xbd, 0xbc, 
    0xf2, 0x9d, 0xb7, 0xfa, 0xb7, 0xfb, 0xa9, 0xbe, 0xb7, 0xa6, 0xf2, 0xa6, 
    0xef, 0xf0, 0xbe, 0xbb, 0xb0, 0xbf, 0xbd, 0xb0, 0xb3, 0xfc, 0xa1, 0xbd, 
    0xf0, 0xe9, 0xb1, 0xbd, 0xbc, 0xa1, 0xbd, 0xbe, 0xb7, 0xfc, 0xbe, 0xbd, 
    0xb5, 0xfa, 0xf0, 0x89, 0x90, 0xab, 0xa2, 0xb3, 0xa1, 0xa1, 0x8f, 0xf2, 
    0x85, 0xb3, 0xbb, 0xa6, 0xbb, 0xbc, 0xb5, 0xf2, 0xb4, 0xbd, 0xa0, 0xf2, 
    0xbe, 0xbb, 0xb0, 0xbf, 0xbd, 0xb0, 0xb3, 0xfc, 0xa1, 0xbd, 0xfc, 0xfc, 
    0xfc, 0xf0, 0xfb, 0xe9, 0xbe, 0xb7, 0xa6, 0xf2, 0xbd, 0xef, 0xbc, 0xa7, 
    0xbe, 0xbe, 0xfe, 0xbc, 0xef, 0xa1, 0xb7, 0xa6, 0x9b, 0xbc, 0xa6, 0xb7, 
    0xa0, 0xa4, 0xb3, 0xbe, 0xfa, 0xfa, 0xfb, 0xef, 0xec, 0xa9, 0xbd, 0xef, 
    0x82, 0xa0, 0xbd, 0xb1, 0xb7, 0xa1, 0xa1, 0xfc, 0xb4, 0xbb, 0xbc, 0xb6, 
    0x9f, 0xbd, 0xb6, 0xa7, 0xbe, 0xb7, 0x90, 0xab, 0x9c, 0xb3, 0xbf, 0xb7, 
    0xfa, 0xa6, 0xfb, 0xfe, 0xbd, 0xf3, 0xef, 0xef, 0xbc, 0xa7, 0xbe, 0xbe, 
    0xf4, 0xf4, 0xfa, 0xb1, 0xbe, 0xb7, 0xb3, 0xa0, 0x9b, 0xbc, 0xa6, 0xb7, 
    0xa0, 0xa4, 0xb3, 0xbe, 0xfa, 0xbc, 0xfb, 0xfe, 0xb1, 0xbd, 0xbc, 0xa1, 
    0xbd, 0xbe, 0xb7, 0xfc, 0xbe, 0xbd, 0xb5, 0xfa, 0xb2, 0x89, 0x90, 0xab, 
    0xa2, 0xb3, 0xa1, 0xa1, 0x8f, 0xf2, 0xf6, 0xa9, 0xa6, 0xaf, 0xf2, 0xb4, 
    0xbd, 0xa7, 0xbc, 0xb6, 0xf2, 0xb3, 0xa6, 0xf2, 0xf6, 0xa9, 0xbd, 0xfc, 
    0xb0, 0xb3, 0xa1, 0xb7, 0xaf, 0xfc, 0xf2, 0x93, 0xa2, 0xa2, 0xbe, 0xab, 
    0xbb, 0xbc, 0xb5, 0xf2, 0xa2, 0xb3, 0xa6, 0xb1, 0xba, 0xb7, 0xa1, 0xfc, 
    0xfc, 0xfc, 0xb2, 0xfb, 0xfe, 0x89, 0xa9, 0xbd, 0xb4, 0xb4, 0xa1, 0xb7, 
    0xa6, 0xe8, 0xe6, 0xe4, 0xe3, 0xe0, 0xe6, 0xe2, 0xfe, 0xb0, 0xab, 0xa6, 
    0xb7, 0xa1, 0xe8, 0x89, 0xe2, 0xfe, 0xe2, 0xfe, 0xe3, 0xe0, 0xea, 0xfe, 
    0xe0, 0xe3, 0xe2, 0xfe, 0xe3, 0xeb, 0xe0, 0xfe, 0xe1, 0xfe, 0xeb, 0xe7, 
    0xfe, 0xe0, 0xe3, 0xe6, 0x8f, 0xaf, 0xfe, 0xa9, 0xbd, 0xb4, 0xb4, 0xa1, 
    0xb7, 0xa6, 0xe8, 0xea, 0xe6, 0xe5, 0xe1, 0xe3, 0xe0, 0xfe, 0xb0, 0xab, 
    0xa6, 0xb7, 0xa1, 0xe8, 0x89, 0xe1, 0xe0, 0xfe, 0xe2, 0xfe, 0xe3, 0xe0, 
    0xea, 0xfe, 0xe0, 0xe3, 0xe2, 0xfe, 0xe3, 0xeb, 0xe0, 0xfe, 0xe1, 0xfe, 
    0xeb, 0xe7, 0xfe, 0xe0, 0xe3, 0xe6, 0x8f, 0xaf, 0xfe, 0xa9, 0xbd, 0xb4, 
    0xb4, 0xa1, 0xb7, 0xa6, 0xe8, 0xea, 0xe6, 0xe5, 0xe4, 0xeb, 0xe4, 0xfe, 
    0xb0, 0xab, 0xa6, 0xb7, 0xa1, 0xe8, 0x89, 0xe1, 0xe0, 0xfe, 0xe2, 0xfe, 
    0xe3, 0xe0, 0xea, 0xfe, 0xe0, 0xe3, 0xe2, 0xfe, 0xe3, 0xeb, 0xe0, 0xfe, 
    0xe1, 0xfe, 0xeb, 0xe7, 0xfe, 0xe0, 0xe3, 0xe6, 0x8f, 0xaf, 0xfe, 0xa9, 
    0xbd, 0xb4, 0xb4, 0xa1, 0xb7, 0xa6, 0xe8, 0xeb, 0xe1, 0xea, 0xb7, 0xe1, 
    0xfe, 0xb0, 0xab, 0xa6, 0xb7, 0xa1, 0xe8, 0x89, 0xe1, 0xe0, 0xfe, 0xe2, 
    0xfe, 0xe3, 0xe0, 0xea, 0xfe, 0xe0, 0xe3, 0xe2, 0xfe, 0xe3, 0xeb, 0xe0, 
    0xfe, 0xe1, 0xfe, 0xeb, 0xe7, 0xfe, 0xe0, 0xe3, 0xe6, 0x8f, 0xaf, 0xfe, 
    0xa9, 0xbd, 0xb4, 0xb4, 0xa1, 0xb7, 0xa6, 0xe8, 0xe1, 0xe7, 0xe2, 0xe6, 
    0xe4, 0xe2, 0xfe, 0xb0, 0xab, 0xa6, 0xb7, 0xa1, 0xe8, 0x89, 0xe2, 0xfe, 
    0xe2, 0xfe, 0xe3, 0xe0, 0xea, 0xfe, 0xe0, 0xe3, 0xe2, 0xfe, 0xe3, 0xeb, 
    0xe0, 0xfe, 0xe1, 0xfe, 0xeb, 0xe7, 0xfe, 0xe0, 0xe3, 0xe6, 0x8f, 0xaf, 
    0x8f, 0xfc, 0xb4, 0xbd, 0xa0, 0x97, 0xb3, 0xb1, 0xba, 0xfa, 0xbe, 0xef, 
    0xec, 0xa9, 0xbe, 0xb7, 0xa6, 0xf2, 0xba, 0xef, 0xbd, 0xfc, 0xb0, 0xb3, 
    0xa1, 0xb7, 0xfc, 0xb3, 0xb6, 0xb6, 0xfa, 0xbe, 0xfc, 0xbd, 0xb4, 0xb4, 
    0xa1, 0xb7, 0xa6, 0xfb, 0xe9, 0x9f, 0xb7, 0xbf, 0xbd, 0xa0, 0xab, 0xfc, 
    0xa2, 0xa0, 0xbd, 0xa6, 0xb7, 0xb1, 0xa6, 0xfa, 0xba, 0xfe, 0xbe, 0xfc, 
    0xb0, 0xab, 0xa6, 0xb7, 0xa1, 0xfc, 0xbe, 0xb7, 0xbc, 0xb5, 0xa6, 0xba, 
    0xfe, 0xf0, 0xa0, 0xa5, 0xaa, 0xf0, 0xfb, 0xfe, 0xba, 0xfc, 0xa5, 0xa0, 
    0xbb, 0xa6, 0xb7, 0x90, 0xab, 0xa6, 0xb7, 0x93, 0xa0, 0xa0, 0xb3, 0xab, 
    0xfa, 0xbe, 0xfc, 0xb0, 0xab, 0xa6, 0xb7, 0xa1, 0xfb, 0xfe, 0xb1, 0xbd, 
    0xbc, 0xa1, 0xbd, 0xbe, 0xb7, 0xfc, 0xbe, 0xbd, 0xb5, 0xfa, 0xb2, 0x89, 
    0x90, 0xab, 0xa2, 0xb3, 0xa1, 0xa1, 0x8f, 0xf2, 0x82, 0xb3, 0xa6, 0xb1, 
    0xba, 0xb7, 0xb6, 0xf2, 0xbd, 0xb4, 0xb4, 0xa1, 0xb7, 0xa6, 0xf2, 0xe2, 
    0xaa, 0xf6, 0xa9, 0xbe, 0xfc, 0xbd, 0xb4, 0xb4, 0xa1, 0xb7, 0xa6, 0xfc, 
    0xa6, 0xbd, 0x81, 0xa6, 0xa0, 0xbb, 0xbc, 0xb5, 0xfa, 0xe3, 0xe4, 0xfb, 
    0xfc, 0xa6, 0xbd, 0x87, 0xa2, 0xa2, 0xb7, 0xa0, 0x91, 0xb3, 0xa1, 0xb7, 
    0xfa, 0xfb, 0xaf, 0xf2, 0xb3, 0xa6, 0xf2, 0xf6, 0xa9, 0xba, 0xaf, 0xb2, 
    0xfb, 0xaf, 0xfb, 0xfe, 0xb1, 0xbd, 0xbc, 0xa1, 0xbd, 0xbe, 0xb7, 0xfc, 
    0xbe, 0xbd, 0xb5, 0xfa, 0xf0, 0x89, 0x90, 0xab, 0xa2, 0xb3, 0xa1, 0xa1, 
    0x8f, 0xf2, 0x81, 0xa7, 0xb1, 0xb1, 0xb7, 0xa1, 0xa1, 0xb4, 0xa7, 0xbe, 
    0xbe, 0xab, 0xf2, 0xb3, 0xa2, 0xa2, 0xbe, 0xbb, 0xb7, 0xb6, 0xf2, 0xe7, 
    0xf2, 0xa2, 0xb3, 0xa6, 0xb1, 0xba, 0xb7, 0xa1, 0xf2, 0xa6, 0xbd, 0xf2, 
    0xbe, 0xbb, 0xb0, 0xbf, 0xbd, 0xb0, 0xb3, 0xfc, 0xa1, 0xbd, 0xf0, 0xfb, 
    0xfb, 0xaf, 0xfe, 0xe3, 0xe2, 0xe2, 0xfb, 0xfe, 0xa1, 0xef, 0xb7, 0xfc, 
    0xb1, 0xbe, 0xb3, 0xa1, 0xa1, 0xfa, 0xf0, 0x95, 0xb3, 0xbf, 0xb7, 0x9f, 
    0xb3, 0xbb, 0xbc, 0xf0, 0xfb, 0xfc, 0xbf, 0xb7, 0xa6, 0xba, 0xbd, 0xb6, 
    0xfa, 0xf0, 0x82, 0xbe, 0xa7, 0xb5, 0x9b, 0xbc, 0x86, 0xb7, 0xa1, 0xa6, 
    0xbb, 0xbc, 0xb5, 0xf0, 0xfb, 0xe9, 0xa1, 0xfc, 0xbb, 0xbf, 0xa2, 0xbe, 
    0xb7, 0xbf, 0xb7, 0xbc, 0xa6, 0xb3, 0xa6, 0xbb, 0xbd, 0xbc, 0xef, 0xb4, 
    0xa7, 0xbc, 0xb1, 0xa6, 0xbb, 0xbd, 0xbc, 0xfa, 0xfb, 0xa9, 0xaf, 0xe9, 
    0xbe, 0xb7, 0xa6, 0xf2, 0xbb, 0xef, 0xb7, 0xfc, 0xb1, 0xbe, 0xb3, 0xa1, 
    0xa1, 0xfa, 0xf0, 0x93, 0x82, 0x99, 0x81, 0xbb, 0xb5, 0xbc, 0xb3, 0xa6, 
    0xa7, 0xa0, 0xb7, 0xf0, 0xfb, 0xfc, 0xbf, 0xb7, 0xa6, 0xba, 0xbd, 0xb6, 
    0xfa, 0xf0, 0x9b, 0xa1, 0x81, 0xbb, 0xb5, 0xbc, 0xb3, 0xa6, 0xa7, 0xa0, 
    0xb7, 0x81, 0xb3, 0xbf, 0xb7, 0xf0, 0xfb, 0xe9, 0xbb, 0xfc, 0xbb, 0xbf, 
    0xa2, 0xbe, 0xb7, 0xbf, 0xb7, 0xbc, 0xa6, 0xb3, 0xa6, 0xbb, 0xbd, 0xbc, 
    0xef, 0xb4, 0xa7, 0xbc, 0xb1, 0xa6, 0xbb, 0xbd, 0xbc, 0xfa, 0xb1, 0xfb, 
    0xa9, 0xa0, 0xb7, 0xa6, 0xa7, 0xa0, 0xbc, 0xf3, 0xe2, 0xaf, 0xaf, 0xb4, 
    0xa7, 0xbc, 0xb1, 0xa6, 0xbb, 0xbd, 0xbc, 0xf2, 0x87, 0xb7, 0xfa, 0xb7, 
    0xfb, 0xa9, 0xbe, 0xb7, 0xa6, 0xf2, 0xa6, 0xef, 0xfa, 0xbd, 0xfe, 0xbc, 
    0xfb, 0xef, 0xec, 0xa9, 0xbe, 0xb7, 0xa6, 0xf2, 0xa0, 0xef, 0xb7, 0xfc, 
    0xb1, 0xbe, 0xb3, 0xa1, 0xa1, 0xfa, 0xbd, 0xfb, 0xe9, 0xbb, 0xb4, 0xfa, 
    0xf3, 0xa0, 0xae, 0xae, 0xa0, 0xfc, 0xba, 0xb3, 0xbc, 0xb6, 0xbe, 0xb7, 
    0xfc, 0xbb, 0xa1, 0x9c, 0xa7, 0xbe, 0xbe, 0xfa, 0xfb, 0xfb, 0xa0, 0xb7, 
    0xa6, 0xa7, 0xa0, 0xbc, 0xe9, 0xbe, 0xb7, 0xa6, 0xf2, 0xa1, 0xef, 0xa0, 
    0xfc, 0xbf, 0xb7, 0xa6, 0xba, 0xbd, 0xb6, 0xfa, 0xbc, 0xfb, 0xe9, 0xa1, 
    0xf4, 0xf4, 0x9b, 0xbc, 0xa6, 0xb7, 0xa0, 0xb1, 0xb7, 0xa2, 0xa6, 0xbd, 
    0xa0, 0xfc, 0xb3, 0xa6, 0xa6, 0xb3, 0xb1, 0xba, 0xfa, 0xa1, 0xfc, 0xa4, 
    0xbb, 0xa0, 0xa6, 0xa7, 0xb3, 0xbe, 0x93, 0xb6, 0xb6, 0xa0, 0xb7, 0xa1, 
    0xa1, 0xfe, 0xa9, 0xbd, 0xbc, 0x9e, 0xb7, 0xb3, 0xa4, 0xb7, 0xe8, 0xb4, 
    0xa7, 0xbc, 0xb1, 0xa6, 0xbb, 0xbd, 0xbc, 0xfa, 0xb3, 0xfb, 0xa9, 0x82, 
    0xfc, 0xbb, 0xa1, 0x93, 0xa7, 0xa6, 0xba, 0xbd, 0xa0, 0xbb, 0xa8, 0xb7, 
    0xb6, 0xf4, 0xf4, 0x82, 0xfc, 0xa2, 0xb7, 0xa0, 0xbf, 0xbb, 0xa1, 0xa1, 
    0xbb, 0xbd, 0xbc, 0xa1, 0xfc, 0xb3, 0xbe, 0xbe, 0xbd, 0xa5, 0x95, 0x9f, 
    0x9f, 0xbd, 0xb6, 0xb7, 0xf4, 0xf4, 0xfa, 0xb3, 0xfc, 0xa0, 0xb7, 0xa2, 
    0xbe, 0xb3, 0xb1, 0xb7, 0xfa, 0xa2, 0xa6, 0xa0, 0xfa, 0xe3, 0xfb, 0xfb, 
    0xfe, 0xb4, 0xfa, 0xf0, 0x95, 0x9f, 0xf2, 0x9f, 0xbd, 0xb6, 0xf0, 0xfe, 
    0xb2, 0xf6, 0xa9, 0xbd, 0xaf, 0xfc, 0xf6, 0xa9, 0xbc, 0xaf, 0xf2, 0xba, 
    0xbd, 0xbd, 0xb9, 0xf2, 0xb3, 0xa2, 0xa2, 0xbe, 0xbb, 0xb7, 0xb6, 0xfc, 
    0xf2, 0x80, 0xb7, 0xa6, 0xa7, 0xa0, 0xbc, 0xbb, 0xbc, 0xb5, 0xf2, 0xa6, 
    0xa0, 0xa7, 0xb7, 0xfc, 0xb2, 0xfb, 0xfb, 0xaf, 0xaf, 0xfb, 0xaf, 0xe9, 
    0xbb, 0xb4, 0xfa, 0x82, 0xfc, 0xbb, 0xa1, 0x93, 0xa7, 0xa6, 0xba, 0xbd, 
    0xa0, 0xbb, 0xa8, 0xb7, 0xb6, 0xf4, 0xf4, 0x82, 0xfc, 0xa2, 0xb7, 0xa0, 
    0xbf, 0xbb, 0xa1, 0xa1, 0xbb, 0xbd, 0xbc, 0xa1, 0xfc, 0xb3, 0xbe, 0xbe, 
    0xbd, 0xa5, 0x95, 0x9f, 0x9f, 0xbd, 0xb6, 0xb7, 0xfb, 0xa9, 0xbe, 0xb7, 
    0xa6, 0xf2, 0xbd, 0xef, 0xb7, 0xfc, 0xb1, 0xbe, 0xb3, 0xa1, 0xa1, 0xfa, 
    0xf0, 0x95, 0xb3, 0xbf, 0xb7, 0x81, 0xb7, 0xa0, 0xa4, 0xb7, 0xa0, 0x91, 
    0xbd, 0xbc, 0xb4, 0xbb, 0xb5, 0xf0, 0xfb, 0xe9, 0xbb, 0xb4, 0xfa, 0xbd, 
    0xf4, 0xf4, 0xf3, 0xbd, 0xfc, 0xba, 0xb3, 0xbc, 0xb6, 0xbe, 0xb7, 0xfc, 
    0xbb, 0xa1, 0x9c, 0xa7, 0xbe, 0xbe, 0xfa, 0xfb, 0xfb, 0xa9, 0xbe, 0xb7, 
    0xa6, 0xf2, 0xb3, 0xef, 0xbd, 0xfc, 0xbf, 0xb7, 0xa6, 0xba, 0xbd, 0xb6, 
    0xfa, 0xf0, 0xfc, 0xb1, 0xb1, 0xa6, 0xbd, 0xa0, 0xf0, 0xfb, 0xe9, 0xb3, 
    0xf4, 0xf4, 0x9b, 0xbc, 0xa6, 0xb7, 0xa0, 0xb1, 0xb7, 0xa2, 0xa6, 0xbd, 
    0xa0, 0xfc, 0xb3, 0xa6, 0xa6, 0xb3, 0xb1, 0xba, 0xfa, 0xb3, 0xfc, 0xa4, 
    0xbb, 0xa0, 0xa6, 0xa7, 0xb3, 0xbe, 0x93, 0xb6, 0xb6, 0xa0, 0xb7, 0xa1, 
    0xa1, 0xfe, 0xa9, 0xbd, 0xbc, 0x9e, 0xb7, 0xb3, 0xa4, 0xb7, 0xe8, 0xb4, 
    0xa7, 0xbc, 0xb1, 0xa6, 0xbb, 0xbd, 0xbc, 0xfa, 0xfb, 0xa9, 0xa6, 0xa0, 
    0xab, 0xa9, 0xbe, 0xb7, 0xa6, 0xf2, 0xbb, 0xef, 0xbd, 0xfc, 0xb4, 0xbb, 
    0xb7, 0xbe, 0xb6, 0xfa, 0xf0, 0x9b, 0xbc, 0xa1, 0xa6, 0xb3, 0xbc, 0xb1, 
    0xb7, 0xf0, 0xfb, 0xfc, 0xa4, 0xb3, 0xbe, 0xa7, 0xb7, 0xe9, 0xbb, 0xf4, 
    0xf4, 0xf3, 0xbb, 0xfc, 0xbb, 0xa1, 0x9c, 0xa7, 0xbe, 0xbe, 0xfa, 0xfb, 
    0xf4, 0xf4, 0xfa, 0xbb, 0xfc, 0xb4, 0xbb, 0xb7, 0xbe, 0xb6, 0xfa, 0xf0, 
    0xbf, 0x8d, 0xb0, 0x95, 0x81, 0x96, 0x99, 0x81, 0xb3, 0xbc, 0xb6, 0x90, 
    0xbd, 0xaa, 0xf0, 0xfb, 0xfc, 0xa4, 0xb3, 0xbe, 0xa7, 0xb7, 0xef, 0xf3, 
    0xe2, 0xfe, 0xbb, 0xfc, 0xb4, 0xbb, 0xb7, 0xbe, 0xb6, 0xfa, 0xf0, 0xbf, 
    0x8d, 0xb0, 0x93, 0xb6, 0xb8, 0xa7, 0xa1, 0xa6, 0x81, 0xb3, 0xbc, 0xb6, 
    0x90, 0xbd, 0xaa, 0xf0, 0xfb, 0xfc, 0xa4, 0xb3, 0xbe, 0xa7, 0xb7, 0xef, 
    0xf3, 0xe2, 0xfe, 0xb4, 0xfa, 0xf0, 0x95, 0x9f, 0xf2, 0x9f, 0xbd, 0xb6, 
    0xf0, 0xfe, 0xf0, 0x95, 0xb3, 0xbf, 0xb7, 0x81, 0xb7, 0xa0, 0xa4, 0xb7, 
    0xa0, 0x91, 0xbd, 0xbc, 0xb4, 0xbb, 0xb5, 0xf2, 0x9b, 0xbc, 0xa1, 0xa6, 
    0xb3, 0xbc, 0xb1, 0xb7, 0xf2, 0xb4, 0xbb, 0xb7, 0xbe, 0xb6, 0xa1, 0xf2, 
    0xa1, 0xb7, 0xa6, 0xf2, 0xa6, 0xbd, 0xf2, 0xa6, 0xa0, 0xa7, 0xb7, 0xfc, 
    0xf0, 0xfb, 0xfb, 0xaf, 0xb1, 0xb3, 0xa6, 0xb1, 0xba, 0xa9, 0xaf, 0xaf, 
    0xaf, 0xfb, 0xe9, 0xa6, 0xa0, 0xab, 0xa9, 0xbe, 0xb7, 0xa6, 0xf2, 0xbb, 
    0xef, 0xbd, 0xfc, 0xb4, 0xbb, 0xb7, 0xbe, 0xb6, 0xfa, 0xf0, 0x9b, 0xbc, 
    0xa1, 0xa6, 0xb3, 0xbc, 0xb1, 0xb7, 0xf0, 0xfb, 0xfc, 0xa4, 0xb3, 0xbe, 
    0xa7, 0xb7, 0xe9, 0xbb, 0xf4, 0xf4, 0xf3, 0xbb, 0xfc, 0xbb, 0xa1, 0x9c, 
    0xa7, 0xbe, 0xbe, 0xfa, 0xfb, 0xf4, 0xf4, 0xfa, 0xbb, 0xfc, 0xb4, 0xbb, 
    0xb7, 0xbe, 0xb6, 0xfa, 0xf0, 0xbf, 0x8d, 0xb0, 0x95, 0x81, 0x96, 0x99, 
    0x81, 0xb3, 0xbc, 0xb6, 0x90, 0xbd, 0xaa, 0xf0, 0xfb, 0xfc, 0xa4, 0xb3, 
    0xbe, 0xa7, 0xb7, 0xef, 0xf3, 0xe2, 0xfe, 0xbb, 0xfc, 0xb4, 0xbb, 0xb7, 
    0xbe, 0xb6, 0xfa, 0xf0, 0xbf, 0x8d, 0xb0, 0x93, 0xb6, 0xb8, 0xa7, 0xa1, 
    0xa6, 0x81, 0xb3, 0xbc, 0xb6, 0x90, 0xbd, 0xaa, 0xf0, 0xfb, 0xfc, 0xa4, 
    0xb3, 0xbe, 0xa7, 0xb7, 0xef, 0xf3, 0xe2, 0xfe, 0xb4, 0xfa, 0xf0, 0x95, 
    0x9f, 0xf2, 0x9f, 0xbd, 0xb6, 0xf0, 0xfe, 0xf0, 0x95, 0xb3, 0xbf, 0xb7, 
    0x81, 0xb7, 0xa0, 0xa4, 0xb7, 0xa0, 0x91, 0xbd, 0xbc, 0xb4, 0xbb, 0xb5, 
    0xf2, 0x9b, 0xbc, 0xa1, 0xa6, 0xb3, 0xbc, 0xb1, 0xb7, 0xf2, 0xfa, 0xb6, 
    0xbb, 0xa0, 0xb7, 0xb1, 0xa6, 0xfb, 0xf2, 0xb4, 0xbb, 0xb7, 0xbe, 0xb6, 
    0xa1, 0xf2, 0xa1, 0xb7, 0xa6, 0xf2, 0xa6, 0xbd, 0xf2, 0xa6, 0xa0, 0xa7, 
    0xb7, 0xfc, 0xf0, 0xfb, 0xfb, 0xaf, 0xb1, 0xb3, 0xa6, 0xb1, 0xba, 0xa9, 
    0xaf, 0xaf, 0xbe, 0xb7, 0xa6, 0xf2, 0xbc, 0xef, 0xb7, 0xfc, 0xb1, 0xbe, 
    0xb3, 0xa1, 0xa1, 0xfa, 0xf0, 0x9e, 0xbd, 0xb5, 0xbb, 0xbc, 0x91, 0x9e, 
    0xbb, 0xb0, 0xa0, 0xb3, 0xa0, 0xab, 0x87, 0xa6, 0xbb, 0xbe, 0xa1, 0xf0, 
    0xfb, 0xe9, 0xbb, 0xb4, 0xfa, 0xbc, 0xf4, 0xf4, 0xf3, 0xbc, 0xfc, 0xba, 
    0xb3, 0xbc, 0xb6, 0xbe, 0xb7, 0xfc, 0xbb, 0xa1, 0x9c, 0xa7, 0xbe, 0xbe, 
    0xfa, 0xfb, 0xfb, 0xa6, 0xa0, 0xab, 0xa9, 0xbe, 0xb7, 0xa6, 0xf2, 0xb3, 
    0xef, 0xbc, 0xfc, 0xb4, 0xbb, 0xb7, 0xbe, 0xb6, 0xfa, 0xf0, 0xbf, 0x81, 
    0xa6, 0xb3, 0xa6, 0xbb, 0xb1, 0x9b, 0xa1, 0x81, 0xb3, 0xbc, 0xb6, 0x90, 
    0xbd, 0xaa, 0xf0, 0xfb, 0xe9, 0xb3, 0xf4, 0xf4, 0xfa, 0xb3, 0xfc, 0xa4, 
    0xb3, 0xbe, 0xa7, 0xb7, 0xef, 0xf3, 0xe2, 0xfe, 0xb4, 0xfa, 0xf0, 0x95, 
    0x9f, 0xf2, 0x9f, 0xbd, 0xb6, 0xf0, 0xfe, 0xf0, 0x9e, 0xbd, 0xb5, 0xbb, 
    0xbc, 0x91, 0x9e, 0xbb, 0xb0, 0xa0, 0xb3, 0xa0, 0xab, 0x87, 0xa6, 0xbb, 
    0xbe, 0xa1, 0xfc, 0xbf, 0x81, 0xa6, 0xb3, 0xa6, 0xbb, 0xb1, 0x9b, 0xa1, 
    0x81, 0xb3, 0xbc, 0xb6, 0x90, 0xbd, 0xaa, 0xf2, 0xa1, 0xb7, 0xa6, 0xf2, 
    0xa6, 0xbd, 0xf2, 0xa6, 0xa0, 0xa7, 0xb7, 0xfc, 0xf0, 0xfb, 0xfb, 0xaf, 
    0xb1, 0xb3, 0xa6, 0xb1, 0xba, 0xa9, 0xaf, 0xbe, 0xb7, 0xa6, 0xf2, 0xa0, 
    0xef, 0xb7, 0xfc, 0xb1, 0xbe, 0xb3, 0xa1, 0xa1, 0xfa, 0xf0, 0x93, 0xb6, 
    0xa0, 0xb7, 0xbc, 0xbd, 0x81, 0xa6, 0xb3, 0xa6, 0xbb, 0xa1, 0xa6, 0xbb, 
    0xb1, 0xa1, 0xf0, 0xfb, 0xe9, 0xbb, 0xb4, 0xfa, 0xa0, 0xf4, 0xf4, 0xf3, 
    0xa0, 0xfc, 0xba, 0xb3, 0xbc, 0xb6, 0xbe, 0xb7, 0xfc, 0xbb, 0xa1, 0x9c, 
    0xa7, 0xbe, 0xbe, 0xfa, 0xfb, 0xfb, 0xa9, 0xa6, 0xa0, 0xab, 0xa9, 0xbe, 
    0xb7, 0xa6, 0xf2, 0xbb, 0xef, 0xa0, 0xfc, 0xb4, 0xbb, 0xb7, 0xbe, 0xb6, 
    0xfa, 0xf0, 0x8d, 0xbb, 0xbc, 0xa1, 0xa6, 0xb3, 0xbc, 0xb1, 0xb7, 0xf0, 
    0xfb, 0xfc, 0xa4, 0xb3, 0xbe, 0xa7, 0xb7, 0xe9, 0xbb, 0xf4, 0xf4, 0xf3, 
    0xbb, 0xfc, 0xbb, 0xa1, 0x9c, 0xa7, 0xbe, 0xbe, 0xfa, 0xfb, 0xf4, 0xf4, 
    0xfa, 0xbb, 0xfc, 0xb4, 0xbb, 0xb7, 0xbe, 0xb6, 0xfa, 0xf0, 0x8d, 0xbb, 
    0xa1, 0x83, 0xa2, 0xa0, 0xbd, 0xb4, 0xbb, 0xbe, 0xb7, 0xa0, 0x9b, 0xbc, 
    0xbb, 0xa6, 0xb7, 0xb6, 0xf0, 0xfb, 0xfc, 0xa4, 0xb3, 0xbe, 0xa7, 0xb7, 
    0xef, 0xf3, 0xe2, 0xfe, 0xbb, 0xfc, 0xb4, 0xbb, 0xb7, 0xbe, 0xb6, 0xfa, 
    0xf0, 0xbb, 0xa1, 0x9b, 0xbc, 0xbb, 0xa6, 0xf0, 0xfb, 0xfc, 0xa4, 0xb3, 
    0xbe, 0xa7, 0xb7, 0xef, 0xf3, 0xe2, 0xfe, 0xb4, 0xfa, 0xf0, 0x95, 0x9f, 
    0xf2, 0x9f, 0xbd, 0xb6, 0xf0, 0xfe, 0xf0, 0x93, 0xb6, 0xa0, 0xb7, 0xbc, 
    0xbd, 0x81, 0xa6, 0xb3, 0xa6, 0xbb, 0xa1, 0xa6, 0xbb, 0xb1, 0xa1, 0xf2, 
    0xfa, 0x82, 0xa0, 0xbd, 0xb4, 0xbb, 0xbe, 0xb7, 0xa0, 0xfb, 0xf2, 0xb7, 
    0xbc, 0xb3, 0xb0, 0xbe, 0xb7, 0xb6, 0xfc, 0xf0, 0xfb, 0xfb, 0xaf, 0xb1, 
    0xb3, 0xa6, 0xb1, 0xba, 0xa9, 0xaf, 0xbe, 0xb7, 0xa6, 0xf2, 0xb3, 0xef, 
    0xa0, 0xfc, 0xbf, 0xb7, 0xa6, 0xba, 0xbd, 0xb6, 0xfa, 0xf0, 0xfc, 0xb1, 
    0xa6, 0xbd, 0xa0, 0xf0, 0xfb, 0xe9, 0xb3, 0xf4, 0xf4, 0x9b, 0xbc, 0xa6, 
    0xb7, 0xa0, 0xb1, 0xb7, 0xa2, 0xa6, 0xbd, 0xa0, 0xfc, 0xb3, 0xa6, 0xa6, 
    0xb3, 0xb1, 0xba, 0xfa, 0xb3, 0xfc, 0xa4, 0xbb, 0xa0, 0xa6, 0xa7, 0xb3, 
    0xbe, 0x93, 0xb6, 0xb6, 0xa0, 0xb7, 0xa1, 0xa1, 0xfe, 0xa9, 0xbd, 0xbc, 
    0x9e, 0xb7, 0xb3, 0xa4, 0xb7, 0xe8, 0xb4, 0xa7, 0xbc, 0xb1, 0xa6, 0xbb, 
    0xbd, 0xbc, 0xfa, 0xbb, 0xfb, 0xa9, 0xbe, 0xb7, 0xa6, 0xf2, 0xb1, 0xef, 
    0xa6, 0xba, 0xbb, 0xa1, 0xfc, 0xba, 0xb3, 0xbc, 0xb6, 0xbe, 0xb7, 0xe9, 
    0xb1, 0xf4, 0xf4, 0xf3, 0xb1, 0xfc, 0xbb, 0xa1, 0x9c, 0xa7, 0xbe, 0xbe, 
    0xfa, 0xfb, 0xf4, 0xf4, 0xfa, 0xb1, 0xfc, 0xb4, 0xbb, 0xb7, 0xbe, 0xb6, 
    0xfa, 0xf0, 0x8d, 0xbb, 0xa1, 0x83, 0xa2, 0xa0, 0xbd, 0xb4, 0xbb, 0xbe, 
    0xb7, 0xa0, 0x9b, 0xbc, 0xbb, 0xa6, 0xb7, 0xb6, 0xf0, 0xfb, 0xfc, 0xa4, 
    0xb3, 0xbe, 0xa7, 0xb7, 0xef, 0xf3, 0xe2, 0xfe, 0xb1, 0xfc, 0xb4, 0xbb, 
    0xb7, 0xbe, 0xb6, 0xfa, 0xf0, 0xbb, 0xa1, 0x9b, 0xbc, 0xbb, 0xa6, 0xf0, 
    0xfb, 0xfc, 0xa4, 0xb3, 0xbe, 0xa7, 0xb7, 0xef, 0xf3, 0xe2, 0xfe, 0xb4, 
    0xfa, 0xf0, 0x95, 0x9f, 0xf2, 0x9f, 0xbd, 0xb6, 0xf0, 0xfe, 0xf0, 0x93, 
    0xb6, 0xa0, 0xb7, 0xbc, 0xbd, 0x81, 0xa6, 0xb3, 0xa6, 0xbb, 0xa1, 0xa6, 
    0xbb, 0xb1, 0xa1, 0xf2, 0xfa, 0x82, 0xa0, 0xbd, 0xb4, 0xbb, 0xbe, 0xb7, 
    0xa0, 0xfb, 0xf2, 0xb7, 0xbc, 0xb3, 0xb0, 0xbe, 0xb7, 0xb6, 0xf2, 0xbb, 
    0xbc, 0xf2, 0xfc, 0xb1, 0xa6, 0xbd, 0xa0, 0xfc, 0xf0, 0xfb, 0xfb, 0xaf, 
    0xaf, 0xfb, 0xaf, 0xbe, 0xb7, 0xa6, 0xf2, 0xa1, 0xef, 0xb7, 0xfc, 0xb1, 
    0xbe, 0xb3, 0xa1, 0xa1, 0xfa, 0xf0, 0x95, 0xb3, 0xbf, 0xb7, 0x9b, 0xbc, 
    0xbb, 0xa6, 0xf0, 0xfb, 0xe9, 0xbb, 0xb4, 0xfa, 0xa1, 0xf4, 0xf4, 0xf3, 
    0xa1, 0xfc, 0xba, 0xb3, 0xbc, 0xb6, 0xbe, 0xb7, 0xfc, 0xbb, 0xa1, 0x9c, 
    0xa7, 0xbe, 0xbe, 0xfa, 0xfb, 0xfb, 0xa9, 0xa6, 0xa0, 0xab, 0xa9, 0xbe, 
    0xb7, 0xa6, 0xf2, 0xbb, 0xef, 0xa1, 0xfc, 0xb4, 0xbb, 0xb7, 0xbe, 0xb6, 
    0xfa, 0xf0, 0x9b, 0xa1, 0x9d, 0xa2, 0xb7, 0xbc, 0x97, 0xb6, 0xbb, 0xa6, 
    0xbd, 0xa0, 0x9e, 0xbd, 0xb3, 0xb6, 0x9e, 0xbd, 0xb5, 0xf0, 0xfb, 0xe9, 
    0xbb, 0xf4, 0xf4, 0xfa, 0xbb, 0xfc, 0xa4, 0xb3, 0xbe, 0xa7, 0xb7, 0xef, 
    0xf3, 0xe2, 0xfb, 0xaf, 0xb1, 0xb3, 0xa6, 0xb1, 0xba, 0xa9, 0xaf, 0xbe, 
    0xb7, 0xa6, 0xf2, 0xb3, 0xef, 0xa1, 0xfc, 0xbf, 0xb7, 0xa6, 0xba, 0xbd, 
    0xb6, 0xfa, 0xf0, 0xfc, 0xb1, 0xa6, 0xbd, 0xa0, 0xf0, 0xfb, 0xe9, 0xb3, 
    0xf4, 0xf4, 0x9b, 0xbc, 0xa6, 0xb7, 0xa0, 0xb1, 0xb7, 0xa2, 0xa6, 0xbd, 
    0xa0, 0xfc, 0xb3, 0xa6, 0xa6, 0xb3, 0xb1, 0xba, 0xfa, 0xb3, 0xfc, 0xa4, 
    0xbb, 0xa0, 0xa6, 0xa7, 0xb3, 0xbe, 0x93, 0xb6, 0xb6, 0xa0, 0xb7, 0xa1, 
    0xa1, 0xfe, 0xa9, 0xbd, 0xbc, 0x9e, 0xb7, 0xb3, 0xa4, 0xb7, 0xe8, 0xb4, 
    0xa7, 0xbc, 0xb1, 0xa6, 0xbb, 0xbd, 0xbc, 0xfa, 0xfb, 0xa9, 0xa6, 0xa0, 
    0xab, 0xa9, 0xa6, 0xba, 0xbb, 0xa1, 0xfc, 0xba, 0xb3, 0xbc, 0xb6, 0xbe, 
    0xb7, 0xfc, 0xb4, 0xbb, 0xb7, 0xbe, 0xb6, 0xfa, 0xf0, 0x8d, 0xb0, 0x95, 
    0xbf, 0x9e, 0xbd, 0xb5, 0xbb, 0xbc, 0xf0, 0xfb, 0xfc, 0xa4, 0xb3, 0xbe, 
    0xa7, 0xb7, 0xef, 0xf3, 0xe2, 0xfe, 0xb4, 0xfa, 0xf0, 0x95, 0x9f, 0xf2, 
    0x9f, 0xbd, 0xb6, 0xf0, 0xfe, 0xf0, 0x95, 0xb3, 0xbf, 0xb7, 0x9b, 0xbc, 
    0xbb, 0xa6, 0xfc, 0x8d, 0xb0, 0x95, 0xbf, 0x9e, 0xbd, 0xb5, 0xbb, 0xbc, 
    0xf2, 0xa1, 0xb7, 0xa6, 0xf2, 0xa6, 0xbd, 0xf2, 0xa6, 0xa0, 0xa7, 0xb7, 
    0xf2, 0xbb, 0xbc, 0xf2, 0xfc, 0xb1, 0xa6, 0xbd, 0xa0, 0xfc, 0xf0, 0xfb, 
    0xaf, 0xb1, 0xb3, 0xa6, 0xb1, 0xba, 0xa9, 0xaf, 0xaf, 0xaf, 0xfb, 0xaf, 
    0xaf, 0xaf, 0xb4, 0xa7, 0xbc, 0xb1, 0xa6, 0xbb, 0xbd, 0xbc, 0xf2, 0x96, 
    0xb7, 0xfa, 0xb7, 0xfb, 0xa9, 0xbe, 0xb7, 0xa6, 0xf2, 0xa6, 0xef, 0xb7, 
    0xfc, 0xb1, 0xbe, 0xb3, 0xa1, 0xa1, 0xfa, 0xf0, 0x81, 0xab, 0xa1, 0xa6, 
    0xb7, 0xbf, 0x96, 0xb3, 0xa6, 0xb3, 0xf0, 0xfb, 0xfe, 0xbd, 0xef, 0xb7, 
    0xfc, 0xb1, 0xbe, 0xb3, 0xa1, 0xa1, 0xfa, 0xf0, 0x9f, 0x86, 0x86, 0x96, 
    0x82, 0xa0, 0xbd, 0xa6, 0xbd, 0xfc, 0x91, 0xbf, 0xb6, 0x9a, 0xb7, 0xa0, 
    0xbd, 0x81, 0xb9, 0xbb, 0xbc, 0xf0, 0xfb, 0xfe, 0xbc, 0xef, 0xb7, 0xfc, 
    0xb1, 0xbe, 0xb3, 0xa1, 0xa1, 0xfa, 0xf0, 0x9f, 0x86, 0x86, 0x96, 0x82, 
    0xa0, 0xbd, 0xa6, 0xbd, 0xfc, 0x91, 0xbf, 0xb6, 0x9a, 0xb7, 0xa0, 0xbd, 
    0x81, 0xa6, 0xb3, 0xa6, 0xa7, 0xb7, 0xf0, 0xfb, 0xfe, 0xa0, 0xef, 0xb7, 
    0xfc, 0xb1, 0xbe, 0xb3, 0xa1, 0xa1, 0xfa, 0xf0, 0x91, 0xba, 0xbd, 0xbd, 
    0xa1, 0xb7, 0x9a, 0xb7, 0xa0, 0xbd, 0x9f, 0xb5, 0xa0, 0xf0, 0xfb, 0xfe, 
    0xa1, 0xef, 0xb7, 0xfc, 0xb1, 0xbe, 0xb3, 0xa1, 0xa1, 0xfa, 0xf0, 0x87, 
    0x9b, 0x91, 0xba, 0xbd, 0xbd, 0xa1, 0xb7, 0x9a, 0xb7, 0xa0, 0xbd, 0xf0, 
    0xfb, 0xfe, 0xb3, 0xef, 0xb7, 0xfc, 0xb1, 0xbe, 0xb3, 0xa1, 0xa1, 0xfa, 
    0xf0, 0x90, 0xb3, 0xa6, 0xa6, 0xbe, 0xb7, 0x80, 0xb7, 0xb1, 0xb7, 0xbb, 
    0xa4, 0xb7, 0x9f, 0xb7, 0xa1, 0xa1, 0xb3, 0xb5, 0xb7, 0xf0, 0xfb, 0xfe, 
    0xbb, 0xef, 0xb7, 0xfc, 0xb1, 0xbe, 0xb3, 0xa1, 0xa1, 0xfa, 0xf0, 0x87, 
    0x9b, 0x80, 0xb3, 0xbc, 0xb9, 0x9a, 0xb7, 0xa0, 0xbd, 0xf0, 0xfb, 0xfe, 
    0xb1, 0xef, 0xb7, 0xfc, 0xb1, 0xbe, 0xb3, 0xa1, 0xa1, 0xfa, 0xf0, 0x87, 
    0x9b, 0x80, 0xb3, 0xbc, 0xb9, 0x9a, 0xb7, 0xa0, 0xbd, 0xfd, 0x91, 0xba, 
    0xb3, 0xbc, 0xb5, 0xb7, 0x81, 0xba, 0xbd, 0xa5, 0xf0, 0xfb, 0xfe, 0xbe, 
    0xef, 0xa0, 0xfc, 0xbf, 0xb7, 0xa6, 0xba, 0xbd, 0xb6, 0xfa, 0xf0, 0x90, 
    0x93, 0xb1, 0xa6, 0x94, 0xa0, 0xb7, 0xb7, 0x81, 0xb9, 0xbb, 0xbc, 0xf0, 
    0xfb, 0xe9, 0xbe, 0xfc, 0xbb, 0xbf, 0xa2, 0xbe, 0xb7, 0xbf, 0xb7, 0xbc, 
    0xa6, 0xb3, 0xa6, 0xbb, 0xbd, 0xbc, 0xef, 0xb4, 0xa7, 0xbc, 0xb1, 0xa6, 
    0xbb, 0xbd, 0xbc, 0xfa, 0xfb, 0xa9, 0xa0, 0xb7, 0xa6, 0xa7, 0xa0, 0xbc, 
    0xf3, 0xe2, 0xaf, 0xfe, 0xb1, 0xbd, 0xbc, 0xa1, 0xbd, 0xbe, 0xb7, 0xfc, 
    0xbe, 0xbd, 0xb5, 0xfa, 0xf0, 0x89, 0xf9, 0x8f, 0xf2, 0x81, 0xb9, 0xbb, 
    0xbc, 0xf2, 0xf4, 0xf2, 0x81, 0xa6, 0xb3, 0xa6, 0xa7, 0xb7, 0xf2, 0x81, 
    0xab, 0xa1, 0xa6, 0xb7, 0xbf, 0xf2, 0x9a, 0xbd, 0xbd, 0xb9, 0xb7, 0xb6, 
    0xf2, 0x81, 0xa7, 0xb1, 0xb1, 0xb7, 0xa1, 0xa1, 0xb4, 0xa7, 0xbe, 0xbe, 
    0xab, 0xf2, 0xa5, 0xbb, 0xa6, 0xba, 0xf2, 0xf5, 0x93, 0xa1, 0xa1, 0xb7, 
    0xbf, 0xb0, 0xbe, 0xab, 0xf5, 0xf2, 0xa4, 0xb3, 0xa0, 0xbb, 0xb3, 0xb0, 
    0xbe, 0xb7, 0xfc, 0xf0, 0xfb, 0xaf, 0xa4, 0xb3, 0xa0, 0xf2, 0x82, 0xa6, 
    0xef, 0x89, 0x8f, 0xfe, 0x88, 0xef, 0xa9, 0x9f, 0xb3, 0xa1, 0xa6, 0xb7, 
    0xa0, 0x91, 0xbd, 0xbc, 0xb4, 0xbb, 0xb5, 0xe8, 0xa9, 0xb7, 0xbc, 0xb3, 
    0xb0, 0xbe, 0xb7, 0xb6, 0xe8, 0xf3, 0xe2, 0xfe, 0xb6, 0xb7, 0xb0, 0xa7, 
    0xb5, 0xe8, 0xf3, 0xe3, 0xfe, 0xb3, 0xa2, 0xa2, 0xbe, 0xab, 0x95, 0xbe, 
    0xbd, 0xb0, 0xb3, 0xbe, 0xe8, 0xf3, 0xe3, 0xaf, 0xfe, 0x95, 0xbe, 0xbd, 
    0xb0, 0xb3, 0xbe, 0x82, 0xb3, 0xa6, 0xb1, 0xba, 0xe8, 0xa9, 0xb0, 0x81, 
    0xba, 0xbd, 0xa5, 0x9b, 0xbc, 0x9e, 0xbb, 0xa1, 0xa6, 0xe8, 0xf3, 0xe2, 
    0xfe, 0xbb, 0x90, 0xb7, 0xb5, 0xbb, 0xbc, 0x86, 0xbb, 0xbf, 0xb7, 0xe8, 
    0xe2, 0xfe, 0xbb, 0x97, 0xbc, 0xb6, 0x86, 0xbb, 0xbf, 0xb7, 0xe8, 0xe0, 
    0xe3, 0xe6, 0xe5, 0xe6, 0xea, 0xe1, 0xe4, 0xe6, 0xe5, 0xfe, 0xb0, 0x81, 
    0xba, 0xbd, 0xa5, 0x9d, 0xbc, 0x9e, 0xbd, 0xb5, 0xbb, 0xbc, 0xe8, 0xf3, 
    0xe2, 0xaf, 0xfe, 0x86, 0xab, 0xa2, 0xb7, 0x82, 0xb3, 0xa6, 0xb1, 0xba, 
    0xb7, 0xa1, 0xe8, 0xa9, 0xe4, 0xe0, 0xe4, 0xe8, 0xa9, 0xb0, 0x81, 0xba, 
    0xbd, 0xa5, 0x9b, 0xbc, 0x9e, 0xbb, 0xa1, 0xa6, 0xe8, 0xf3, 0xe2, 0xfe, 
    0xbb, 0x90, 0xb7, 0xb5, 0xbb, 0xbc, 0x86, 0xbb, 0xbf, 0xb7, 0xe8, 0xe2, 
    0xfe, 0xbb, 0x97, 0xbc, 0xb6, 0x86, 0xbb, 0xbf, 0xb7, 0xe8, 0xe0, 0xe3, 
    0xe6, 0xe5, 0xe6, 0xea, 0xe1, 0xe4, 0xe6, 0xe5, 0xfe, 0xb0, 0x81, 0xba, 
    0xbd, 0xa5, 0x9d, 0xbc, 0x9e, 0xbd, 0xb5, 0xbb, 0xbc, 0xe8, 0xf3, 0xe2, 
    0xfe, 0xbb, 0x93, 0xb1, 0xa6, 0xbb, 0xa4, 0xbb, 0xa6, 0xab, 0x86, 0xab, 
    0xa2, 0xb7, 0xe8, 0xe2, 0xaf, 0xfe, 0xe0, 0xe2, 0xeb, 0xe8, 0xa9, 0xb0, 
    0x81, 0xba, 0xbd, 0xa5, 0x9b, 0xbc, 0x9e, 0xbb, 0xa1, 0xa6, 0xe8, 0xf3, 
    0xe2, 0xfe, 0xbb, 0x90, 0xb7, 0xb5, 0xbb, 0xbc, 0x86, 0xbb, 0xbf, 0xb7, 
    0xe8, 0xe2, 0xfe, 0xbb, 0x97, 0xbc, 0xb6, 0x86, 0xbb, 0xbf, 0xb7, 0xe8, 
    0xe0, 0xe3, 0xe6, 0xe5, 0xe6, 0xea, 0xe1, 0xe4, 0xe6, 0xe5, 0xfe, 0xb0, 
    0x81, 0xba, 0xbd, 0xa5, 0x9d, 0xbc, 0x9e, 0xbd, 0xb5, 0xbb, 0xbc, 0xe8, 
    0xf3, 0xe2, 0xfe, 0xbb, 0x93, 0xb1, 0xa6, 0xbb, 0xa4, 0xbb, 0xa6, 0xab, 
    0x86, 0xab, 0xa2, 0xb7, 0xe8, 0xe2, 0xaf, 0xaf, 0xfe, 0x9b, 0xb6, 0x82, 
    0xb3, 0xa6, 0xb1, 0xba, 0xb7, 0xa1, 0xe8, 0xa9, 0xaf, 0xaf, 0xe9, 0x82, 
    0xa6, 0xfc, 0xb4, 0xbd, 0xa0, 0x97, 0xb3, 0xb1, 0xba, 0xfa, 0xb7, 0xef, 
    0xec, 0xa9, 0x88, 0xfc, 0x86, 0xab, 0xa2, 0xb7, 0x82, 0xb3, 0xa6, 0xb1, 
    0xba, 0xb7, 0xa1, 0x89, 0xb7, 0x8f, 0xae, 0xae, 0xfa, 0x88, 0xfc, 0x86, 
    0xab, 0xa2, 0xb7, 0x82, 0xb3, 0xa6, 0xb1, 0xba, 0xb7, 0xa1, 0x89, 0xb7, 
    0x8f, 0xef, 0x88, 0xfc, 0x95, 0xbe, 0xbd, 0xb0, 0xb3, 0xbe, 0x82, 0xb3, 
    0xa6, 0xb1, 0xba, 0xfb, 0xaf, 0xfb, 0xe9, 0xb4, 0xa7, 0xbc, 0xb1, 0xa6, 
    0xbb, 0xbd, 0xbc, 0xf2, 0x80, 0xa6, 0xfa, 0xb7, 0xfb, 0xa9, 0xbb, 0xb4, 
    0xfa, 0x88, 0xfc, 0x9f, 0xb3, 0xa1, 0xa6, 0xb7, 0xa0, 0x91, 0xbd, 0xbc, 
    0xb4, 0xbb, 0xb5, 0xfc, 0xb7, 0xbc, 0xb3, 0xb0, 0xbe, 0xb7, 0xb6, 0xfb, 
    0xa6, 0xa0, 0xab, 0xa9, 0xbe, 0xb7, 0xa6, 0xf2, 0xa6, 0xef, 0xb7, 0xfc, 
    0xb4, 0xbb, 0xb7, 0xbe, 0xb6, 0xfa, 0xf0, 0xbb, 0x93, 0xb1, 0xa6, 0xbb, 
    0xa4, 0xbb, 0xa6, 0xab, 0x9b, 0xb6, 0xf0, 0xfb, 0xfc, 0xa4, 0xb3, 0xbe, 
    0xa7, 0xb7, 0xe9, 0xbb, 0xb4, 0xfa, 0xf3, 0xa6, 0xfb, 0xa0, 0xb7, 0xa6, 
    0xa7, 0xa0, 0xbc, 0xe9, 0xbe, 0xb7, 0xa6, 0xf2, 0xbd, 0xef, 0xa6, 0xfc, 
    0xa6, 0xbd, 0x81, 0xa6, 0xa0, 0xbb, 0xbc, 0xb5, 0xfa, 0xfb, 0xfe, 0xbc, 
    0xef, 0x9c, 0xa7, 0xbf, 0xb0, 0xb7, 0xa0, 0xfa, 0xb7, 0xfc, 0xb4, 0xbb, 
    0xb7, 0xbe, 0xb6, 0xfa, 0xf0, 0xbb, 0x93, 0xb1, 0xa6, 0xbb, 0xa4, 0xbb, 
    0xa6, 0xab, 0x86, 0xab, 0xa2, 0xb7, 0xf0, 0xfb, 0xfc, 0xa4, 0xb3, 0xbe, 
    0xa7, 0xb7, 0xfb, 0xfe, 0xa0, 0xef, 0xbc, 0xa7, 0xbe, 0xbe, 0xe9, 0x88, 
    0xfc, 0x9b, 0xb6, 0x82, 0xb3, 0xa6, 0xb1, 0xba, 0xb7, 0xa1, 0x89, 0xbd, 
    0x8f, 0xed, 0xa0, 0xef, 0x88, 0xfc, 0x9b, 0xb6, 0x82, 0xb3, 0xa6, 0xb1, 
    0xba, 0xb7, 0xa1, 0x89, 0xbd, 0x8f, 0xe8, 0x88, 0xfc, 0x86, 0xab, 0xa2, 
    0xb7, 0x82, 0xb3, 0xa6, 0xb1, 0xba, 0xb7, 0xa1, 0x89, 0xbc, 0x8f, 0xed, 
    0xa0, 0xef, 0x88, 0xfc, 0x86, 0xab, 0xa2, 0xb7, 0x82, 0xb3, 0xa6, 0xb1, 
    0xba, 0xb7, 0xa1, 0x89, 0xbc, 0x8f, 0xe8, 0x88, 0xfc, 0x9f, 0xb3, 0xa1, 
    0xa6, 0xb7, 0xa0, 0x91, 0xbd, 0xbc, 0xb4, 0xbb, 0xb5, 0xfc, 0xb3, 0xa2, 
    0xa2, 0xbe, 0xab, 0x95, 0xbe, 0xbd, 0xb0, 0xb3, 0xbe, 0xf4, 0xf4, 0xfa, 
    0xa0, 0xef, 0x88, 0xfc, 0x95, 0xbe, 0xbd, 0xb0, 0xb3, 0xbe, 0x82, 0xb3, 
    0xa6, 0xb1, 0xba, 0xfb, 0xfe, 0xa0, 0xf4, 0xf4, 0x9d, 0xb0, 0xb8, 0xb7, 
    0xb1, 0xa6, 0xfc, 0xb7, 0xbc, 0xa6, 0xa0, 0xbb, 0xb7, 0xa1, 0xfa, 0xa0, 
    0xfb, 0xfc, 0xb4, 0xbd, 0xa0, 0x97, 0xb3, 0xb1, 0xba, 0xfa, 0xfa, 0x89, 
    0xa1, 0xfe, 0xb3, 0x8f, 0xfb, 0xef, 0xec, 0xa9, 0xa6, 0xa0, 0xab, 0xa9, 
    0xbe, 0xb7, 0xa6, 0xf2, 0xbb, 0xef, 0xb7, 0xfc, 0xb4, 0xbb, 0xb7, 0xbe, 
    0xb6, 0xfa, 0xa1, 0xfb, 0xe9, 0xa6, 0xab, 0xa2, 0xb7, 0xbd, 0xb4, 0xf2, 
    0xb3, 0xef, 0xef, 0xf0, 0xa1, 0xa6, 0xa0, 0xbb, 0xbc, 0xb5, 0xf0, 0xed, 
    0xbb, 0xfc, 0xa4, 0xb3, 0xbe, 0xa7, 0xb7, 0xef, 0x9b, 0xbe, 0xe0, 0x91, 
    0xa2, 0xa2, 0xfc, 0xa1, 0xa6, 0xa0, 0xbb, 0xbc, 0xb5, 0xfa, 0xb3, 0xfb, 
    0xe8, 0xbb, 0xfc, 0xa4, 0xb3, 0xbe, 0xa7, 0xb7, 0xef, 0xb3, 0xaf, 0xb1, 
    0xb3, 0xa6, 0xb1, 0xba, 0xa9, 0xaf, 0xaf, 0xfb, 0xaf, 0xb1, 0xb3, 0xa6, 
    0xb1, 0xba, 0xa9, 0xaf, 0xaf, 0xb4, 0xa7, 0xbc, 0xb1, 0xa6, 0xbb, 0xbd, 
    0xbc, 0xf2, 0x9e, 0xb7, 0xfa, 0xb7, 0xfb, 0xa9, 0xbe, 0xb7, 0xa6, 0xf2, 
    0xa6, 0xef, 0xb7, 0xfc, 0xb1, 0xbe, 0xb3, 0xa1, 0xa1, 0xfa, 0xf0, 0x93, 
    0xb1, 0xa6, 0x9e, 0xb1, 0xbe, 0x91, 0xb4, 0xb5, 0x9f, 0xb5, 0xa0, 0xf0, 
    0xfb, 0xfe, 0xbd, 0xef, 0xb7, 0xfc, 0xb1, 0xbe, 0xb3, 0xa1, 0xa1, 0xfa, 
    0xf0, 0x95, 0xb3, 0xbf, 0xb7, 0x9b, 0xbc, 0xbb, 0xa6, 0xf0, 0xfb, 0xfe, 
    0xbc, 0xef, 0xb7, 0xfc, 0xb1, 0xbe, 0xb3, 0xa1, 0xa1, 0xfa, 0xf0, 0x9c, 
    0xb7, 0xa5, 0x82, 0xb3, 0xb1, 0xb9, 0xb3, 0xb5, 0xb7, 0x9f, 0xb5, 0xa0, 
    0xf0, 0xfb, 0xfe, 0xa0, 0xef, 0xb7, 0xfc, 0xb1, 0xbe, 0xb3, 0xa1, 0xa1, 
    0xfa, 0xf0, 0x81, 0xab, 0xa1, 0xa6, 0xb7, 0xbf, 0x96, 0xb3, 0xa6, 0xb3, 
    0xf0, 0xfb, 0xfe, 0xa1, 0xef, 0xa0, 0xfc, 0xbf, 0xb7, 0xa6, 0xba, 0xbd, 
    0xb6, 0xfa, 0xf0, 0x91, 0xba, 0xb7, 0xb1, 0xb9, 0x94, 0xbb, 0xbe, 0xb7, 
    0x9f, 0xb6, 0xe7, 0x8d, 0x81, 0xa7, 0xb0, 0x86, 0xba, 0xa0, 0xb7, 0xb3, 
    0xb6, 0xf0, 0xfb, 0xe9, 0xa1, 0xf4, 0xf4, 0x9b, 0xbc, 0xa6, 0xb7, 0xa0, 
    0xb1, 0xb7, 0xa2, 0xa6, 0xbd, 0xa0, 0xfc, 0xa0, 0xb7, 0xa2, 0xbe, 0xb3, 
    0xb1, 0xb7, 0xfa, 0xa1, 0xfc, 0xa4, 0xbb, 0xa0, 0xa6, 0xa7, 0xb3, 0xbe, 
    0x93, 0xb6, 0xb6, 0xa0, 0xb7, 0xa1, 0xa1, 0xfe, 0xbc, 0xb7, 0xa5, 0xf2, 
    0x9c, 0xb3, 0xa6, 0xbb, 0xa4, 0xb7, 0x91, 0xb3, 0xbe, 0xbe, 0xb0, 0xb3, 
    0xb1, 0xb9, 0xfa, 0xfa, 0xfb, 0xef, 0xec, 0xa9, 0xaf, 0xfe, 0xf0, 0xa4, 
    0xbd, 0xbb, 0xb6, 0xf0, 0xfe, 0x89, 0x8f, 0xfb, 0xfb, 0xe9, 0xbe, 0xb7, 
    0xa6, 0xf2, 0xb3, 0xef, 0xa0, 0xfc, 0xbf, 0xb7, 0xa6, 0xba, 0xbd, 0xb6, 
    0xfa, 0xf0, 0x91, 0xba, 0xb7, 0xb1, 0xb9, 0x93, 0xbc, 0xb6, 0x94, 0xbb, 
    0xaa, 0x93, 0x81, 0x86, 0x91, 0x8d, 0x81, 0xa7, 0xb0, 0x86, 0xba, 0xa0, 
    0xb7, 0xb3, 0xb6, 0xf0, 0xfb, 0xe9, 0xb3, 0xf4, 0xf4, 0x9b, 0xbc, 0xa6, 
    0xb7, 0xa0, 0xb1, 0xb7, 0xa2, 0xa6, 0xbd, 0xa0, 0xfc, 0xa0, 0xb7, 0xa2, 
    0xbe, 0xb3, 0xb1, 0xb7, 0xfa, 0xb3, 0xfc, 0xa4, 0xbb, 0xa0, 0xa6, 0xa7, 
    0xb3, 0xbe, 0x93, 0xb6, 0xb6, 0xa0, 0xb7, 0xa1, 0xa1, 0xfe, 0xbc, 0xb7, 
    0xa5, 0xf2, 0x9c, 0xb3, 0xa6, 0xbb, 0xa4, 0xb7, 0x91, 0xb3, 0xbe, 0xbe, 
    0xb0, 0xb3, 0xb1, 0xb9, 0xfa, 0xfa, 0xfb, 0xef, 0xec, 0xa9, 0xaf, 0xfe, 
    0xf0, 0xa4, 0xbd, 0xbb, 0xb6, 0xf0, 0xfe, 0x89, 0x8f, 0xfb, 0xfb, 0xe9, 
    0xbe, 0xb7, 0xa6, 0xf2, 0xbb, 0xef, 0xb7, 0xfc, 0xa6, 0xa0, 0xab, 0x91, 
    0xbe, 0xb3, 0xa1, 0xa1, 0xfa, 0xf0, 0x9f, 0x86, 0x86, 0x96, 0x82, 0xa0, 
    0xbd, 0xa6, 0xbd, 0xfc, 0x91, 0xbf, 0xb6, 0x93, 0xb1, 0xa6, 0xbb, 0xa4, 
    0xbb, 0xa6, 0xab, 0x96, 0xb3, 0xa6, 0xb3, 0xf0, 0xfb, 0xae, 0xae, 0xb7, 
    0xfc, 0xa6, 0xa0, 0xab, 0x91, 0xbe, 0xb3, 0xa1, 0xa1, 0xfa, 0xf0, 0x91, 
    0xbf, 0xb6, 0x93, 0xb1, 0xa6, 0xbb, 0xa4, 0xbb, 0xa6, 0xab, 0x96, 0xb3, 
    0xa6, 0xb3, 0xf0, 0xfb, 0xe9, 0xbb, 0xb4, 0xfa, 0xbb, 0xf4, 0xf4, 0xbb, 
    0xfc, 0xbf, 0xb7, 0xa6, 0xba, 0xbd, 0xb6, 0xa1, 0xfc, 0xb4, 0xbb, 0xbe, 
    0xa6, 0xb7, 0xa0, 0xfa, 0xb1, 0xef, 0xec, 0xb1, 0xfc, 0xbc, 0xb3, 0xbf, 
    0xb7, 0xef, 0xef, 0xef, 0xf0, 0xa4, 0xbb, 0xa1, 0xbb, 0xa6, 0xf0, 0xfb, 
    0xfc, 0xb4, 0xbd, 0xa0, 0x97, 0xb3, 0xb1, 0xba, 0xfa, 0xb1, 0xef, 0xec, 
    0xa9, 0xbe, 0xb7, 0xa6, 0xf2, 0xbe, 0xef, 0xb1, 0xfc, 0xa4, 0xbb, 0xa0, 
    0xa6, 0xa7, 0xb3, 0xbe, 0x93, 0xb6, 0xb6, 0xa0, 0xb7, 0xa1, 0xa1, 0xe9, 
    0xb1, 0xfc, 0xbb, 0xbf, 0xa2, 0xbe, 0xb7, 0xbf, 0xb7, 0xbc, 0xa6, 0xb3, 
    0xa6, 0xbb, 0xbd, 0xbc, 0xef, 0xb4, 0xa7, 0xbc, 0xb1, 0xa6, 0xbb, 0xbd, 
    0xbc, 0xfa, 0xba, 0xfe, 0xa2, 0xfb, 0xa9, 0xbc, 0xb7, 0xa5, 0xf2, 0x9c, 
    0xb3, 0xa6, 0xbb, 0xa4, 0xb7, 0x94, 0xa7, 0xbc, 0xb1, 0xa6, 0xbb, 0xbd, 
    0xbc, 0xfa, 0xbe, 0xfe, 0xf0, 0xa4, 0xbd, 0xbb, 0xb6, 0xf0, 0xfe, 0x89, 
    0xf0, 0xa2, 0xbd, 0xbb, 0xbc, 0xa6, 0xb7, 0xa0, 0xf0, 0xfe, 0xf0, 0xa2, 
    0xbd, 0xbb, 0xbc, 0xa6, 0xb7, 0xa0, 0xf0, 0xfe, 0xf0, 0xbb, 0xbc, 0xa6, 
    0xf0, 0x8f, 0xfb, 0xfa, 0xa6, 0xba, 0xbb, 0xa1, 0xfc, 0xba, 0xb3, 0xbc, 
    0xb6, 0xbe, 0xb7, 0xfe, 0xba, 0xfc, 0xba, 0xb3, 0xbc, 0xb6, 0xbe, 0xb7, 
    0xfe, 0xa2, 0xed, 0xe3, 0xe8, 0xe2, 0xfb, 0xfe, 0x82, 0xfc, 0xbb, 0xa1, 
    0x93, 0xa7, 0xa6, 0xba, 0xbd, 0xa0, 0xbb, 0xa8, 0xb7, 0xb6, 0xf4, 0xf4, 
    0x82, 0xfc, 0xa2, 0xb7, 0xa0, 0xbf, 0xbb, 0xa1, 0xa1, 0xbb, 0xbd, 0xbc, 
    0xa1, 0xfc, 0xb3, 0xbe, 0xbe, 0xbd, 0xa5, 0x87, 0xbc, 0xa0, 0xb7, 0xbe, 
    0xb7, 0xb3, 0xa1, 0xb7, 0xb6, 0xf4, 0xf4, 0x80, 0xa6, 0xfa, 0xa6, 0xba, 
    0xbb, 0xa1, 0xfb, 0xaf, 0xaf, 0xfb, 0xfe, 0xa0, 0xfb, 0xa9, 0x89, 0xf0, 
    0x9b, 0xa1, 0x94, 0xbd, 0xa0, 0xb0, 0xbb, 0xb6, 0x9a, 0xb7, 0xa0, 0xbd, 
    0xa1, 0xf0, 0xfe, 0xf0, 0x9b, 0xa1, 0x93, 0xb1, 0xa6, 0xbb, 0xa4, 0xbb, 
    0xa6, 0xab, 0x94, 0xbd, 0xa0, 0xb0, 0xbb, 0xb6, 0x9a, 0xb7, 0xa0, 0xbd, 
    0xa1, 0xf0, 0x8f, 0xfc, 0xb4, 0xbd, 0xa0, 0x97, 0xb3, 0xb1, 0xba, 0xfa, 
    0xbe, 0xef, 0xec, 0xa9, 0xbe, 0xb7, 0xa6, 0xf2, 0xba, 0xef, 0xa0, 0xfc, 
    0xbf, 0xb7, 0xa6, 0xba, 0xbd, 0xb6, 0xfa, 0xbe, 0xfb, 0xe9, 0xba, 0xf4, 
    0xf4, 0x9b, 0xbc, 0xa6, 0xb7, 0xa0, 0xb1, 0xb7, 0xa2, 0xa6, 0xbd, 0xa0, 
    0xfc, 0xb3, 0xa6, 0xa6, 0xb3, 0xb1, 0xba, 0xfa, 0xba, 0xfc, 0xa4, 0xbb, 
    0xa0, 0xa6, 0xa7, 0xb3, 0xbe, 0x93, 0xb6, 0xb6, 0xa0, 0xb7, 0xa1, 0xa1, 
    0xfe, 0xa9, 0xbd, 0xbc, 0x9e, 0xb7, 0xb3, 0xa4, 0xb7, 0xe8, 0xb4, 0xa7, 
    0xbc, 0xb1, 0xa6, 0xbb, 0xbd, 0xbc, 0xfa, 0xa2, 0xfb, 0xa9, 0x82, 0xfc, 
    0xbb, 0xa1, 0x93, 0xa7, 0xa6, 0xba, 0xbd, 0xa0, 0xbb, 0xa8, 0xb7, 0xb6, 
    0xf4, 0xf4, 0x82, 0xfc, 0xa2, 0xb7, 0xa0, 0xbf, 0xbb, 0xa1, 0xa1, 0xbb, 
    0xbd, 0xbc, 0xa1, 0xfc, 0xb3, 0xbe, 0xbe, 0xbd, 0xa5, 0x87, 0xbc, 0xa0, 
    0xb7, 0xbe, 0xb7, 0xb3, 0xa1, 0xb7, 0xb6, 0xf4, 0xf4, 0xa2, 0xfc, 0xa0, 
    0xb7, 0xa2, 0xbe, 0xb3, 0xb1, 0xb7, 0xfa, 0xa2, 0xa6, 0xa0, 0xfa, 0xe2, 
    0xfb, 0xfb, 0xaf, 0xaf, 0xfb, 0xaf, 0xfb, 0xe9, 0xbe, 0xb7, 0xa6, 0xf2, 
    0xb1, 0xef, 0xa0, 0xfc, 0xbf, 0xb7, 0xa6, 0xba, 0xbd, 0xb6, 0xfa, 0xf0, 
    0x91, 0xba, 0xb7, 0xb1, 0xb9, 0x9f, 0xb3, 0xa2, 0x81, 0xb9, 0xbb, 0xbc, 
    0x93, 0xa4, 0xb3, 0xbb, 0xbe, 0xb3, 0xb0, 0xbe, 0xb7, 0xf0, 0xfb, 0xe9, 
    0xb1, 0xf4, 0xf4, 0x9b, 0xbc, 0xa6, 0xb7, 0xa0, 0xb1, 0xb7, 0xa2, 0xa6, 
    0xbd, 0xa0, 0xfc, 0xb3, 0xa6, 0xa6, 0xb3, 0xb1, 0xba, 0xfa, 0xb1, 0xfc, 
    0xa4, 0xbb, 0xa0, 0xa6, 0xa7, 0xb3, 0xbe, 0x93, 0xb6, 0xb6, 0xa0, 0xb7, 
    0xa1, 0xa1, 0xfe, 0xa9, 0xbd, 0xbc, 0x9e, 0xb7, 0xb3, 0xa4, 0xb7, 0xe8, 
    0xb4, 0xa7, 0xbc, 0xb1, 0xa6, 0xbb, 0xbd, 0xbc, 0xfa, 0xbe, 0xfb, 0xa9, 
    0x82, 0xfc, 0xbb, 0xa1, 0x93, 0xa7, 0xa6, 0xba, 0xbd, 0xa0, 0xbb, 0xa8, 
    0xb7, 0xb6, 0xf4, 0xf4, 0x82, 0xfc, 0xa2, 0xb7, 0xa0, 0xbf, 0xbb, 0xa1, 
    0xa1, 0xbb, 0xbd, 0xbc, 0xa1, 0xfc, 0xb3, 0xbe, 0xbe, 0xbd, 0xa5, 0x87, 
    0xbc, 0xa0, 0xb7, 0xbe, 0xb7, 0xb3, 0xa1, 0xb7, 0xb6, 0xf4, 0xf4, 0xbe, 
    0xfc, 0xa0, 0xb7, 0xa2, 0xbe, 0xb3, 0xb1, 0xb7, 0xfa, 0xa2, 0xa6, 0xa0, 
    0xfa, 0xe3, 0xfb, 0xfb, 0xaf, 0xaf, 0xfb, 0xaf, 0xaf, 0xb4, 0xa7, 0xbc, 
    0xb1, 0xa6, 0xbb, 0xbd, 0xbc, 0xf2, 0x94, 0xb7, 0xfa, 0xb7, 0xfb, 0xa9, 
    0xbe, 0xb7, 0xa6, 0xf2, 0xa6, 0xef, 0xb7, 0xfc, 0xb1, 0xbe, 0xb3, 0xa1, 
    0xa1, 0xfa, 0xf0, 0x90, 0xb3, 0xa6, 0xa6, 0xbe, 0xb7, 0x90, 0xa0, 0xbb, 
    0xb6, 0xb5, 0xb7, 0xf0, 0xfb, 0xfe, 0xbd, 0xef, 0xb7, 0xfc, 0xb1, 0xbe, 
    0xb3, 0xa1, 0xa1, 0xfa, 0xf0, 0x90, 0xb3, 0xa6, 0xa6, 0xbe, 0xb7, 0xfc, 
    0x97, 0xbc, 0xa6, 0xbb, 0xa6, 0xab, 0x90, 0xb3, 0xa1, 0xb7, 0x95, 0xbe, 
    0xbd, 0xb0, 0xb3, 0xbe, 0x84, 0xb3, 0xa0, 0xf0, 0xfb, 0xfe, 0xbc, 0xef, 
    0xb7, 0xfc, 0xb1, 0xbe, 0xb3, 0xa1, 0xa1, 0xfa, 0xf0, 0x86, 0xa0, 0xb3, 
    0xbb, 0xbc, 0xbb, 0xbc, 0xb5, 0x95, 0xa7, 0xbb, 0xb6, 0xb7, 0xf0, 0xfb, 
    0xfe, 0xa1, 0xef, 0xb7, 0xfc, 0xb1, 0xbe, 0xb3, 0xa1, 0xa1, 0xfa, 0xf0, 
    0x90, 0xb3, 0xa6, 0xa6, 0xbe, 0xb7, 0xfc, 0x91, 0xbd, 0xbd, 0xbe, 0x96, 
    0xbd, 0xa5, 0xbc, 0x96, 0xb3, 0xa6, 0xb3, 0xf0, 0xfb, 0xfc, 0xbf, 0xb7, 
    0xa6, 0xba, 0xbd, 0xb6, 0xfa, 0xf0, 0x97, 0xbc, 0xa6, 0xb7, 0xa0, 0x91, 
    0xbd, 0xbd, 0xbe, 0x96, 0xbd, 0xa5, 0xbc, 0xf0, 0xfb, 0xe9, 0xf3, 0xa6, 
    0xae, 0xae, 0xa6, 0xfc, 0xba, 0xb3, 0xbc, 0xb6, 0xbe, 0xb7, 0xfc, 0xbb, 
    0xa1, 0x9c, 0xa7, 0xbe, 0xbe, 0xfa, 0xfb, 0xae, 0xae, 0xfa, 0xbc, 0xfc, 
    0xbf, 0xb7, 0xa6, 0xba, 0xbd, 0xb6, 0xfa, 0xf0, 0x9d, 0xbc, 0x91, 0xbd, 
    0xbd, 0xbe, 0x96, 0xbd, 0xa5, 0xbc, 0xf0, 0xfb, 0xfc, 0xbb, 0xbf, 0xa2, 
    0xbe, 0xb7, 0xbf, 0xb7, 0xbc, 0xa6, 0xb3, 0xa6, 0xbb, 0xbd, 0xbc, 0xef, 
    0xb4, 0xa7, 0xbc, 0xb1, 0xa6, 0xbb, 0xbd, 0xbc, 0xfa, 0xb3, 0xfe, 0xbb, 
    0xfb, 0xa9, 0xbe, 0xb7, 0xa6, 0xf2, 0xb1, 0xef, 0xa6, 0xba, 0xbb, 0xa1, 
    0xfc, 0xbf, 0xb7, 0xa6, 0xba, 0xbd, 0xb6, 0xfa, 0xf0, 0x9d, 0xbc, 0x91, 
    0xbd, 0xbd, 0xbe, 0x96, 0xbd, 0xa5, 0xbc, 0xf0, 0xfb, 0xfc, 0xbb, 0xbc, 
    0xa4, 0xbd, 0xb9, 0xb7, 0xfa, 0xb3, 0xfe, 0xbb, 0xfb, 0xe9, 0xa0, 0xb7, 
    0xa6, 0xa7, 0xa0, 0xbc, 0xf2, 0xbd, 0xfc, 0xb4, 0xbb, 0xb7, 0xbe, 0xb6, 
    0xfa, 0xf0, 0xbf, 0x8d, 0xb0, 0x91, 0xbe, 0xbd, 0xa1, 0xb7, 0x91, 0x96, 
    0xf0, 0xfb, 0xfc, 0xa4, 0xb3, 0xbe, 0xa7, 0xb7, 0xef, 0xbb, 0xfe, 0xb1, 
    0xaf, 0xfb, 0xaf, 0xb4, 0xa7, 0xbc, 0xb1, 0xa6, 0xbb, 0xbd, 0xbc, 0xf2, 
    0xb8, 0xb7, 0xfa, 0xb7, 0xfe, 0xa6, 0xef, 0xf0, 0xa0, 0xbd, 0xbd, 0xbf, 
    0xa1, 0xf0, 0xfe, 0xbd, 0xef, 0xbc, 0xa7, 0xbe, 0xbe, 0xfb, 0xa9, 0xa6, 
    0xa0, 0xab, 0xa9, 0xbe, 0xb7, 0xa6, 0xf2, 0xbc, 0xef, 0xbc, 0xa7, 0xbe, 
    0xbe, 0xfe, 0xa0, 0xef, 0x82, 0xa0, 0xbd, 0xb1, 0xb7, 0xa1, 0xa1, 0xfc, 
    0xb7, 0xbc, 0xa7, 0xbf, 0xb7, 0xa0, 0xb3, 0xa6, 0xb7, 0x9f, 0xbd, 0xb6, 
    0xa7, 0xbe, 0xb7, 0xa1, 0xfa, 0xfb, 0xe9, 0xb4, 0xbd, 0xa0, 0xfa, 0xbe, 
    0xb7, 0xa6, 0xf2, 0xa1, 0xef, 0xe2, 0xe9, 0xa1, 0xee, 0xa0, 0xfc, 0xbe, 
    0xb7, 0xbc, 0xb5, 0xa6, 0xba, 0xe9, 0xa1, 0xf9, 0xf9, 0xfb, 0xa9, 0xbe, 
    0xb7, 0xa6, 0xf2, 0xb3, 0xef, 0xa0, 0x89, 0xa1, 0x8f, 0xe9, 0xbb, 0xb4, 
    0xfa, 0xb3, 0xfc, 0xbc, 0xb3, 0xbf, 0xb7, 0xfc, 0xbb, 0xbc, 0xb6, 0xb7, 
    0xaa, 0x9d, 0xb4, 0xfa, 0xf0, 0xbf, 0xab, 0xa2, 0xb3, 0xa6, 0xb1, 0xba, 
    0xf0, 0xfb, 0xf3, 0xef, 0xef, 0xff, 0xe3, 0xf4, 0xf4, 0xfa, 0xbc, 0xef, 
    0xb3, 0xfc, 0xb4, 0xbb, 0xbc, 0xb6, 0x97, 0xaa, 0xa2, 0xbd, 0xa0, 0xa6, 
    0x90, 0xab, 0x9c, 0xb3, 0xbf, 0xb7, 0xfa, 0xf0, 0xa1, 0xb7, 0xbc, 0xb6, 
    0x8d, 0xa0, 0xbd, 0xbd, 0xbf, 0x8d, 0xb6, 0xb3, 0xa6, 0xb3, 0x8d, 0xbc, 
    0xb3, 0xa6, 0xbb, 0xa4, 0xb7, 0xf0, 0xfb, 0xfe, 0xbc, 0xfb, 0xfb, 0xb0, 
    0xa0, 0xb7, 0xb3, 0xb9, 0xaf, 0xbb, 0xb4, 0xfa, 0xbc, 0xae, 0xae, 0xfa, 
    0xbc, 0xef, 0x9f, 0xbd, 0xb6, 0xa7, 0xbe, 0xb7, 0xfc, 0xb4, 0xbb, 0xbc, 
    0xb6, 0x97, 0xaa, 0xa2, 0xbd, 0xa0, 0xa6, 0x90, 0xab, 0x9c, 0xb3, 0xbf, 
    0xb7, 0xfa, 0xbc, 0xa7, 0xbe, 0xbe, 0xfe, 0xf0, 0xa1, 0xb7, 0xbc, 0xb6, 
    0x8d, 0xa0, 0xbd, 0xbd, 0xbf, 0x8d, 0xb6, 0xb3, 0xa6, 0xb3, 0x8d, 0xbc, 
    0xb3, 0xa6, 0xbb, 0xa4, 0xb7, 0xf0, 0xfb, 0xfb, 0xfe, 0xbc, 0xf4, 0xf4, 
    0xf3, 0xbc, 0xfc, 0xbb, 0xa1, 0x9c, 0xa7, 0xbe, 0xbe, 0xfa, 0xfb, 0xf4, 
    0xf4, 0xa6, 0xf3, 0xef, 0xef, 0xf0, 0xa1, 0xa6, 0xb3, 0xa6, 0xa1, 0xf0, 
    0xfb, 0xa9, 0xbe, 0xb7, 0xa6, 0xf2, 0xa1, 0xef, 0xbc, 0xb7, 0xa5, 0xf2, 
    0x9c, 0xb3, 0xa6, 0xbb, 0xa4, 0xb7, 0x94, 0xa7, 0xbc, 0xb1, 0xa6, 0xbb, 
    0xbd, 0xbc, 0xfa, 0xbc, 0xfe, 0xf0, 0xa4, 0xbd, 0xbb, 0xb6, 0xf0, 0xfe, 
    0x89, 0xf0, 0xa2, 0xbd, 0xbb, 0xbc, 0xa6, 0xb7, 0xa0, 0xf0, 0x8f, 0xfb, 
    0xfe, 0xb3, 0xef, 0x98, 0x81, 0x9d, 0x9c, 0xfc, 0xa1, 0xa6, 0xa0, 0xbb, 
    0xbc, 0xb5, 0xbb, 0xb4, 0xab, 0xfa, 0xb7, 0xfb, 0xfe, 0xbb, 0xef, 0x9f, 
    0xb7, 0xbf, 0xbd, 0xa0, 0xab, 0xfc, 0xb3, 0xbe, 0xbe, 0xbd, 0xb1, 0x87, 
    0xa6, 0xb4, 0xea, 0x81, 0xa6, 0xa0, 0xbb, 0xbc, 0xb5, 0xfa, 0xb3, 0xfb, 
    0xe9, 0xa1, 0xfa, 0xbb, 0xfb, 0xfe, 0xb4, 0xfa, 0xf0, 0x80, 0x97, 0x81, 
    0x86, 0xf2, 0x93, 0x82, 0x9b, 0xf0, 0xfe, 0xf0, 0x96, 0xb3, 0xa6, 0xb3, 
    0xf2, 0xb4, 0xbd, 0xa0, 0xa5, 0xb3, 0xa0, 0xb6, 0xb7, 0xb6, 0xf2, 0xa6, 
    0xbd, 0xf2, 0xbc, 0xb3, 0xa6, 0xbb, 0xa4, 0xb7, 0xf2, 0xa1, 0xb7, 0xbc, 
    0xb6, 0x8d, 0xa0, 0xbd, 0xbd, 0xbf, 0x8d, 0xb6, 0xb3, 0xa6, 0xb3, 0x8d, 
    0xbc, 0xb3, 0xa6, 0xbb, 0xa4, 0xb7, 0xf0, 0xfb, 0xe9, 0xa0, 0xb7, 0xa6, 
    0xa7, 0xa0, 0xbc, 0xaf, 0xaf, 0xb1, 0xb3, 0xa6, 0xb1, 0xba, 0xfa, 0xbc, 
    0xfb, 0xa9, 0xb4, 0xfa, 0xf0, 0x80, 0x97, 0x81, 0x86, 0xf2, 0x93, 0x82, 
    0x9b, 0xf0, 0xfe, 0xb2, 0x97, 0xa0, 0xa0, 0xbd, 0xa0, 0xf2, 0xa6, 0xa0, 
    0xab, 0xbb, 0xbc, 0xb5, 0xf2, 0xbc, 0xb3, 0xa6, 0xbb, 0xa4, 0xb7, 0xf2, 
    0xb4, 0xbd, 0xa0, 0xa5, 0xb3, 0xa0, 0xb6, 0xb7, 0xa0, 0xe8, 0xf2, 0xf6, 
    0xa9, 0xbc, 0xfc, 0xbf, 0xb7, 0xa1, 0xa1, 0xb3, 0xb5, 0xb7, 0xaf, 0xb2, 
    0xfb, 0xaf, 0xbb, 0xb4, 0xfa, 0xa6, 0xab, 0xa2, 0xb7, 0xbd, 0xb4, 0xf2, 
    0x98, 0xb3, 0xa4, 0xb3, 0xec, 0xf0, 0xa7, 0xf0, 0xae, 0xae, 0xf3, 0x98, 
    0xb3, 0xa4, 0xb3, 0xfc, 0xb3, 0xa4, 0xb3, 0xbb, 0xbe, 0xb3, 0xb0, 0xbe, 
    0xb7, 0xfb, 0xa9, 0xb4, 0xfa, 0xf0, 0x80, 0x97, 0x81, 0x86, 0xf2, 0x93, 
    0x82, 0x9b, 0xf0, 0xfe, 0xf0, 0x98, 0xb3, 0xa4, 0xb3, 0xf2, 0xbc, 0xbd, 
    0xa6, 0xf2, 0xb3, 0xa4, 0xb3, 0xbb, 0xbe, 0xb3, 0xb0, 0xbe, 0xb7, 0xf0, 
    0xfb, 0xe9, 0xa0, 0xb7, 0xa6, 0xa7, 0xa0, 0xbc, 0xaf, 0x98, 0xb3, 0xa4, 
    0xb3, 0xfc, 0xa2, 0xb7, 0xa0, 0xb4, 0xbd, 0xa0, 0xbf, 0xfa, 0xfa, 0xfb, 
    0xef, 0xec, 0xa9, 0xa6, 0xa0, 0xab, 0xa9, 0xbe, 0xb7, 0xa6, 0xf2, 0xbc, 
    0xef, 0x98, 0xb3, 0xa4, 0xb3, 0xfc, 0xa7, 0xa1, 0xb7, 0xfa, 0xf0, 0xb8, 
    0xb3, 0xa4, 0xb3, 0xfc, 0xbe, 0xb3, 0xbc, 0xb5, 0xfc, 0x86, 0xba, 0xa0, 
    0xb7, 0xb3, 0xb6, 0xf0, 0xfb, 0xfe, 0xa0, 0xef, 0xf0, 0xb1, 0xbd, 0xbf, 
    0xfc, 0xbf, 0xbd, 0xb0, 0xbb, 0xbe, 0xb7, 0xbe, 0xb7, 0xb5, 0xb7, 0xbc, 
    0xb6, 0xa1, 0xfc, 0x93, 0xa2, 0xbb, 0x80, 0xa7, 0xbc, 0xbc, 0xb3, 0xb0, 
    0xbe, 0xb7, 0x8d, 0xf0, 0xf9, 0x9f, 0xb3, 0xa6, 0xba, 0xfc, 0xb4, 0xbe, 
    0xbd, 0xbd, 0xa0, 0xfa, 0x9f, 0xb3, 0xa6, 0xba, 0xfc, 0xa0, 0xb3, 0xbc, 
    0xb6, 0xbd, 0xbf, 0xfa, 0xfb, 0xf8, 0xe3, 0xb7, 0xe4, 0xfb, 0xfe, 0xb3, 
    0xef, 0x98, 0xb3, 0xa4, 0xb3, 0xfc, 0xa0, 0xb7, 0xb5, 0xbb, 0xa1, 0xa6, 
    0xb7, 0xa0, 0x91, 0xbe, 0xb3, 0xa1, 0xa1, 0xfa, 0xa9, 0xbc, 0xb3, 0xbf, 
    0xb7, 0xe8, 0xa0, 0xfe, 0xbb, 0xbf, 0xa2, 0xbe, 0xb7, 0xbf, 0xb7, 0xbc, 
    0xa6, 0xa1, 0xe8, 0x89, 0x98, 0xb3, 0xa4, 0xb3, 0xfc, 0xa7, 0xa1, 0xb7, 
    0xfa, 0xf0, 0xb8, 0xb3, 0xa4, 0xb3, 0xfc, 0xbe, 0xb3, 0xbc, 0xb5, 0xfc, 
    0x80, 0xa7, 0xbc, 0xbc, 0xb3, 0xb0, 0xbe, 0xb7, 0xf0, 0xfb, 0x8f, 0xfe, 
    0xbf, 0xb7, 0xa6, 0xba, 0xbd, 0xb6, 0xa1, 0xe8, 0xa9, 0xa0, 0xa7, 0xbc, 
    0xe8, 0xb4, 0xa7, 0xbc, 0xb1, 0xa6, 0xbb, 0xbd, 0xbc, 0xfa, 0xfb, 0xa9, 
    0xa6, 0xa0, 0xab, 0xa9, 0xbe, 0xb7, 0xa6, 0xf2, 0xb1, 0xef, 0x98, 0xb3, 
    0xa4, 0xb3, 0xfc, 0xa7, 0xa1, 0xb7, 0xfa, 0xf0, 0xb8, 0xb3, 0xa4, 0xb3, 
    0xfc, 0xbc, 0xb7, 0xa6, 0xfc, 0x87, 0x80, 0x9e, 0xf0, 0xfb, 0xfe, 0xbe, 
    0xef, 0x98, 0xb3, 0xa4, 0xb3, 0xfc, 0xa7, 0xa1, 0xb7, 0xfa, 0xf0, 0xb8, 
    0xb3, 0xa4, 0xb3, 0xfc, 0xbc, 0xb7, 0xa6, 0xfc, 0x9a, 0xa6, 0xa6, 0xa2, 
    0x87, 0x80, 0x9e, 0x91, 0xbd, 0xbc, 0xbc, 0xb7, 0xb1, 0xa6, 0xbb, 0xbd, 
    0xbc, 0xf0, 0xfb, 0xfe, 0xba, 0xef, 0x98, 0xb3, 0xa4, 0xb3, 0xfc, 0xa7, 
    0xa1, 0xb7, 0xfa, 0xf0, 0xb8, 0xb3, 0xa4, 0xb3, 0xfc, 0xbb, 0xbd, 0xfc, 
    0x96, 0xb3, 0xa6, 0xb3, 0x9d, 0xa7, 0xa6, 0xa2, 0xa7, 0xa6, 0x81, 0xa6, 
    0xa0, 0xb7, 0xb3, 0xbf, 0xf0, 0xfb, 0xfe, 0xa2, 0xef, 0xbf, 0xb7, 0xfc, 
    0x93, 0x82, 0x9b, 0x8d, 0x80, 0x9d, 0x9d, 0x9f, 0x81, 0x8d, 0x87, 0x80, 
    0x9e, 0xe9, 0xa6, 0xef, 0xef, 0xef, 0xf0, 0xa1, 0xa6, 0xb3, 0xa6, 0xa1, 
    0xf0, 0xf4, 0xf4, 0xfa, 0xa2, 0xef, 0xa2, 0xfc, 0xa0, 0xb7, 0xa2, 0xbe, 
    0xb3, 0xb1, 0xb7, 0xfa, 0xf0, 0xfd, 0xb3, 0xa2, 0xbb, 0xfd, 0xa0, 0xbd, 
    0xbd, 0xbf, 0xa1, 0xf0, 0xfe, 0xf0, 0xf0, 0xfb, 0xf9, 0xf0, 0xfd, 0xb3, 
    0xa2, 0xbb, 0xfd, 0xa1, 0xa6, 0xb3, 0xa6, 0xa1, 0xfd, 0xf0, 0xf9, 0xbd, 
    0xfb, 0xe9, 0xbe, 0xb7, 0xa6, 0xf2, 0xab, 0xef, 0xb1, 0xfc, 0xf6, 0xbc, 
    0xb7, 0xa5, 0xfa, 0xa2, 0xfb, 0xfe, 0x81, 0xef, 0x98, 0xb3, 0xa4, 0xb3, 
    0xfc, 0xb1, 0xb3, 0xa1, 0xa6, 0xfa, 0xab, 0xfc, 0xbd, 0xa2, 0xb7, 0xbc, 
    0x91, 0xbd, 0xbc, 0xbc, 0xb7, 0xb1, 0xa6, 0xbb, 0xbd, 0xbc, 0xfa, 0xfb, 
    0xfe, 0xbe, 0xfb, 0xe9, 0x81, 0xfc, 0xa1, 0xb7, 0xa6, 0x80, 0xb7, 0xa3, 
    0xa7, 0xb7, 0xa1, 0xa6, 0x9f, 0xb7, 0xa6, 0xba, 0xbd, 0xb6, 0xfa, 0xf0, 
    0x82, 0x9d, 0x81, 0x86, 0xf0, 0xfb, 0xfe, 0x81, 0xfc, 0xa1, 0xb7, 0xa6, 
    0x80, 0xb7, 0xa3, 0xa7, 0xb7, 0xa1, 0xa6, 0x82, 0xa0, 0xbd, 0xa2, 0xb7, 
    0xa0, 0xa6, 0xab, 0xfa, 0xf0, 0xaa, 0xff, 0xb3, 0xa2, 0xbb, 0xff, 0xb9, 
    0xb7, 0xab, 0xf0, 0xfe, 0xbf, 0xb7, 0xfc, 0x93, 0x82, 0x9b, 0x8d, 0x99, 
    0x97, 0x8b, 0xfb, 0xfe, 0x81, 0xfc, 0xa1, 0xb7, 0xa6, 0x80, 0xb7, 0xa3, 
    0xa7, 0xb7, 0xa1, 0xa6, 0x82, 0xa0, 0xbd, 0xa2, 0xb7, 0xa0, 0xa6, 0xab, 
    0xfa, 0xf0, 0x91, 0xbd, 0xbc, 0xa6, 0xb7, 0xbc, 0xa6, 0xff, 0x86, 0xab, 
    0xa2, 0xb7, 0xf0, 0xfe, 0xf0, 0xb3, 0xa2, 0xa2, 0xbe, 0xbb, 0xb1, 0xb3, 
    0xa6, 0xbb, 0xbd, 0xbc, 0xfd, 0xb8, 0xa1, 0xbd, 0xbc, 0xf0, 0xfb, 0xfe, 
    0x81, 0xfc, 0xa1, 0xb7, 0xa6, 0x80, 0xb7, 0xa3, 0xa7, 0xb7, 0xa1, 0xa6, 
    0x82, 0xa0, 0xbd, 0xa2, 0xb7, 0xa0, 0xa6, 0xab, 0xfa, 0xf0, 0x87, 0xa1, 
    0xb7, 0xa0, 0xff, 0x93, 0xb5, 0xb7, 0xbc, 0xa6, 0xf0, 0xfe, 0xf0, 0x9f, 
    0xbd, 0xa8, 0xbb, 0xbe, 0xbe, 0xb3, 0xfd, 0xe7, 0xfc, 0xe2, 0xf2, 0xfa, 
    0x9e, 0xbb, 0xbc, 0xa7, 0xaa, 0xe9, 0xf2, 0x93, 0xbc, 0xb6, 0xa0, 0xbd, 
    0xbb, 0xb6, 0xf2, 0xe3, 0xe2, 0xe9, 0xf2, 0x99, 0xfb, 0xf2, 0x93, 0xa2, 
    0xa2, 0xbe, 0xb7, 0x85, 0xb7, 0xb0, 0x99, 0xbb, 0xa6, 0xfd, 0xe7, 0xe1, 
    0xe5, 0xfc, 0xe1, 0xe4, 0xf2, 0xfa, 0x99, 0x9a, 0x86, 0x9f, 0x9e, 0xfe, 
    0xf2, 0xbe, 0xbb, 0xb9, 0xb7, 0xf2, 0x95, 0xb7, 0xb1, 0xb9, 0xbd, 0xfb, 
    0xf2, 0x91, 0xba, 0xa0, 0xbd, 0xbf, 0xb7, 0xfd, 0xe3, 0xe0, 0xe6, 0xfc, 
    0xe2, 0xfc, 0xe2, 0xfc, 0xe2, 0xf2, 0x9f, 0xbd, 0xb0, 0xbb, 0xbe, 0xb7, 
    0xf2, 0x81, 0xb3, 0xb4, 0xb3, 0xa0, 0xbb, 0xfd, 0xe7, 0xe1, 0xe5, 0xfc, 
    0xe1, 0xe4, 0xf0, 0xfb, 0xfe, 0x81, 0xfc, 0xa1, 0xb7, 0xa6, 0x91, 0xbd, 
    0xbc, 0xbc, 0xb7, 0xb1, 0xa6, 0x86, 0xbb, 0xbf, 0xb7, 0xbd, 0xa7, 0xa6, 
    0xfa, 0xe7, 0xb7, 0xe1, 0xfb, 0xfe, 0x81, 0xfc, 0xa1, 0xb7, 0xa6, 0x80, 
    0xb7, 0xb3, 0xb6, 0x86, 0xbb, 0xbf, 0xb7, 0xbd, 0xa7, 0xa6, 0xfa, 0xe7, 
    0xb7, 0xe1, 0xfb, 0xfe, 0x81, 0xfc, 0xa1, 0xb7, 0xa6, 0x96, 0xbd, 0x9d, 
    0xa7, 0xa6, 0xa2, 0xa7, 0xa6, 0xfa, 0xf3, 0xe2, 0xfb, 0xe9, 0xbe, 0xb7, 
    0xa6, 0xf2, 0x9f, 0xef, 0x98, 0x81, 0x9d, 0x9c, 0xfc, 0xa1, 0xa6, 0xa0, 
    0xbb, 0xbc, 0xb5, 0xbb, 0xb4, 0xab, 0xfa, 0xb7, 0xfb, 0xfe, 0x90, 0xef, 
    0x98, 0xb3, 0xa4, 0xb3, 0xfc, 0xa7, 0xa1, 0xb7, 0xfa, 0xf0, 0xb8, 0xb3, 
    0xa4, 0xb3, 0xfc, 0xbe, 0xb3, 0xbc, 0xb5, 0xfc, 0x81, 0xa6, 0xa0, 0xbb, 
    0xbc, 0xb5, 0xf0, 0xfb, 0xfc, 0xf6, 0xbc, 0xb7, 0xa5, 0xfa, 0x9f, 0xfb, 
    0xfc, 0xb5, 0xb7, 0xa6, 0x90, 0xab, 0xa6, 0xb7, 0xa1, 0xfa, 0xf0, 0x87, 
    0x86, 0x94, 0xff, 0xea, 0xf0, 0xfb, 0xfe, 0x96, 0xef, 0x81, 0xfc, 0xb5, 
    0xb7, 0xa6, 0x9d, 0xa7, 0xa6, 0xa2, 0xa7, 0xa6, 0x81, 0xa6, 0xa0, 0xb7, 
    0xb3, 0xbf, 0xfa, 0xfb, 0xfe, 0xb9, 0xef, 0xba, 0xfc, 0xf6, 0xbc, 0xb7, 
    0xa5, 0xfa, 0x96, 0xfb, 0xe9, 0xb9, 0xfc, 0xa5, 0xa0, 0xbb, 0xa6, 0xb7, 
    0xfa, 0x90, 0xfe, 0xe2, 0xfe, 0x90, 0xfc, 0xbe, 0xb7, 0xbc, 0xb5, 0xa6, 
    0xba, 0xfb, 0xfe, 0xb9, 0xfc, 0xb4, 0xbe, 0xa7, 0xa1, 0xba, 0xfa, 0xfb, 
    0xfe, 0xb9, 0xfc, 0xb1, 0xbe, 0xbd, 0xa1, 0xb7, 0xfa, 0xfb, 0xe9, 0xbe, 
    0xb7, 0xa6, 0xf2, 0xb0, 0xef, 0x81, 0xfc, 0xb5, 0xb7, 0xa6, 0x80, 0xb7, 
    0xa1, 0xa2, 0xbd, 0xbc, 0xa1, 0xb7, 0x91, 0xbd, 0xb6, 0xb7, 0xfa, 0xfb, 
    0xe9, 0xb4, 0xfa, 0xf0, 0x80, 0x97, 0x81, 0x86, 0xf2, 0x93, 0x82, 0x9b, 
    0xf0, 0xfe, 0xb2, 0x96, 0xb3, 0xa6, 0xb3, 0xf2, 0xa1, 0xb7, 0xbc, 0xa6, 
    0xf2, 0xa6, 0xbd, 0xf2, 0xf6, 0xa9, 0xa2, 0xaf, 0xfc, 0xf2, 0x80, 0xb7, 
    0xa1, 0xa2, 0xbd, 0xbc, 0xa1, 0xb7, 0xf2, 0x91, 0xbd, 0xb6, 0xb7, 0xe8, 
    0xf2, 0xf6, 0xa9, 0xb0, 0xaf, 0xb2, 0xfb, 0xfe, 0x81, 0xfc, 0xb6, 0xbb, 
    0xa1, 0xb1, 0xbd, 0xbc, 0xbc, 0xb7, 0xb1, 0xa6, 0xfa, 0xfb, 0xaf, 0xb1, 
    0xb3, 0xa6, 0xb1, 0xba, 0xfa, 0xb1, 0xfb, 0xa9, 0xb4, 0xfa, 0xf0, 0x80, 
    0x97, 0x81, 0x86, 0xf2, 0x93, 0x82, 0x9b, 0xf0, 0xfe, 0xb2, 0x97, 0xa0, 
    0xa0, 0xbd, 0xa0, 0xe8, 0xf2, 0xf6, 0xa9, 0xb1, 0xfc, 0xbf, 0xb7, 0xa1, 
    0xa1, 0xb3, 0xb5, 0xb7, 0xaf, 0xb2, 0xfb, 0xaf, 0xaf, 0xaf, 0xaf, 0xfb, 
    0xfc, 0xf6, 0xbc, 0xb7, 0xa5, 0xfa, 0xfb, 0xe9, 0xbc, 0xfc, 0xf6, 0xbc, 
    0xb7, 0xa5, 0xfa, 0xb3, 0xfb, 0xfc, 0xa1, 0xa6, 0xb3, 0xa0, 0xa6, 0xfa, 
    0xfb, 0xaf, 0xb1, 0xb3, 0xa6, 0xb1, 0xba, 0xfa, 0xbc, 0xfb, 0xa9, 0xb4, 
    0xfa, 0xf0, 0x80, 0x97, 0x81, 0x86, 0xf2, 0x93, 0x82, 0x9b, 0xf0, 0xfe, 
    0xb2, 0x86, 0xba, 0xa0, 0xb7, 0xb3, 0xb6, 0xf2, 0xa1, 0xa6, 0xb3, 0xa0, 
    0xa6, 0xf2, 0xb7, 0xa0, 0xa0, 0xbd, 0xa0, 0xe8, 0xf2, 0xf6, 0xa9, 0xbc, 
    0xfc, 0xbf, 0xb7, 0xa1, 0xa1, 0xb3, 0xb5, 0xb7, 0xaf, 0xb2, 0xfb, 0xaf, 
    0xaf, 0xfb, 0xaf, 0xb4, 0xa7, 0xbc, 0xb1, 0xa6, 0xbb, 0xbd, 0xbc, 0xf2, 
    0xa8, 0xb7, 0xfa, 0xb7, 0xfb, 0xa9, 0xb8, 0xb7, 0xfa, 0xb7, 0xfe, 0xf0, 
    0xa0, 0xbd, 0xbd, 0xbf, 0xa1, 0xf0, 0xfb, 0xaf, 0xb4, 0xa7, 0xbc, 0xb1, 
    0xa6, 0xbb, 0xbd, 0xbc, 0xf2, 0x9a, 0xb7, 0xfa, 0xb7, 0xfe, 0xa6, 0xfb, 
    0xa9, 0xb4, 0xfa, 0xf0, 0x80, 0x97, 0x81, 0x86, 0xf2, 0x93, 0x82, 0x9b, 
    0xf0, 0xfe, 0xb2, 0xa1, 0xb7, 0xbc, 0xb6, 0x90, 0xb3, 0xa6, 0xa6, 0xbe, 
    0xb7, 0x81, 0xa6, 0xb3, 0xa6, 0xa1, 0xf2, 0xb1, 0xb3, 0xbe, 0xbe, 0xb7, 
    0xb6, 0xf2, 0xb4, 0xbd, 0xa0, 0xf2, 0xbd, 0xa2, 0xb7, 0xa0, 0xb3, 0xa6, 
    0xbd, 0xa0, 0xe8, 0xf2, 0xf6, 0xa9, 0xb7, 0xaf, 0xb2, 0xfb, 0xfe, 0xb8, 
    0xb7, 0xfa, 0xa6, 0xfe, 0xf0, 0xa1, 0xa6, 0xb3, 0xa6, 0xa1, 0xf0, 0xfe, 
    0xb7, 0xfb, 0xaf, 0xa4, 0xb3, 0xa0, 0xf2, 0xa1, 0xb7, 0xef, 0xf0, 0xf0, 
    0xfe, 0x84, 0xb7, 0xef, 0xf3, 0xe3, 0xfe, 0xa5, 0xb7, 0xef, 0xf0, 0xf0, 
    0xfe, 0x97, 0xb7, 0xef, 0xe2, 0xfe, 0x9b, 0xef, 0xe2, 0xfe, 0xa0, 0xb7, 
    0xef, 0xbc, 0xb7, 0xa5, 0xf2, 0x9f, 0xb3, 0xa2, 0xfe, 0x8b, 0xef, 0x89, 
    0x8f, 0xfe, 0x99, 0xb7, 0xef, 0xe2, 0xfe, 0x85, 0xb7, 0xef, 0xbc, 0xb7, 
    0xa5, 0xf2, 0x96, 0xb3, 0xa6, 0xb7, 0xfa, 0xfb, 0xfc, 0xa6, 0xbd, 0x9b, 
    0x81, 0x9d, 0x81, 0xa6, 0xa0, 0xbb, 0xbc, 0xb5, 0xfa, 0xfb, 0xfe, 0x8b, 
    0xb7, 0xef, 0xe2, 0xfe, 0x84, 0xef, 0xa9, 0xb0, 0xb3, 0xa6, 0xa6, 0xbe, 
    0xb7, 0x81, 0xa6, 0xb3, 0xa6, 0xb7, 0xe8, 0xf0, 0xf0, 0xfe, 0xa5, 0xbb, 
    0xbc, 0x91, 0xb3, 0xbf, 0xa2, 0xe8, 0xe2, 0xfe, 0xa5, 0xb3, 0xb9, 0xa6, 
    0xa7, 0x82, 0xb7, 0xa0, 0xa6, 0xb3, 0xbc, 0xb6, 0xbb, 0xbc, 0xb5, 0xb3, 
    0xbc, 0xe8, 0xe2, 0xfe, 0xb0, 0xbe, 0xa7, 0xb7, 0x86, 0xb7, 0xb3, 0xbf, 
    0x99, 0xbb, 0xbe, 0xbe, 0xe8, 0xe2, 0xfe, 0xa0, 0xb7, 0xb6, 0x86, 0xb7, 
    0xb3, 0xbf, 0x99, 0xbb, 0xbe, 0xbe, 0xe8, 0xe2, 0xfe, 0xb0, 0xbe, 0xa7, 
    0xb7, 0x86, 0xb7, 0xb3, 0xbf, 0x95, 0xbd, 0xbe, 0xb6, 0xe8, 0xe2, 0xfe, 
    0xa0, 0xb7, 0xb6, 0x86, 0xb7, 0xb3, 0xbf, 0x95, 0xbd, 0xbe, 0xb6, 0xe8, 
    0xe2, 0xfe, 0xb0, 0xbe, 0xa7, 0xb7, 0x86, 0xb7, 0xb3, 0xbf, 0x99, 0xbb, 
    0xbe, 0xbe, 0x9e, 0xbd, 0xa0, 0xb6, 0xe8, 0xe2, 0xfe, 0xa0, 0xb7, 0xb6, 
    0x86, 0xb7, 0xb3, 0xbf, 0x99, 0xbb, 0xbe, 0xbe, 0x9e, 0xbd, 0xa0, 0xb6, 
    0xe8, 0xe2, 0xfe, 0xb0, 0xbe, 0xa7, 0xb7, 0x86, 0xb7, 0xb3, 0xbf, 0x99, 
    0xbb, 0xbe, 0xbe, 0x86, 0xa7, 0xa0, 0xa6, 0xbe, 0xb7, 0xe8, 0xe2, 0xfe, 
    0xa0, 0xb7, 0xb6, 0x86, 0xb7, 0xb3, 0xbf, 0x99, 0xbb, 0xbe, 0xbe, 0x86, 
    0xa7, 0xa0, 0xa6, 0xbe, 0xb7, 0xe8, 0xe2, 0xfe, 0xb0, 0xbe, 0xa7, 0xb7, 
    0x86, 0xb7, 0xb3, 0xbf, 0x96, 0xb7, 0xa1, 0xa6, 0xa0, 0xbd, 0xab, 0x86, 
    0xa7, 0xa0, 0xb7, 0xa6, 0xe8, 0xe2, 0xfe, 0xa0, 0xb7, 0xb6, 0x86, 0xb7, 
    0xb3, 0xbf, 0x96, 0xb7, 0xa1, 0xa6, 0xa0, 0xbd, 0xab, 0x86, 0xa7, 0xa0, 
    0xb7, 0xa6, 0xe8, 0xe2, 0xaf, 0xe9, 0xb4, 0xa7, 0xbc, 0xb1, 0xa6, 0xbb, 
    0xbd, 0xbc, 0xf2, 0xb5, 0xb7, 0xfa, 0xfb, 0xa9, 0xa0, 0xb7, 0xfc, 0xb4, 
    0xbd, 0xa0, 0x97, 0xb3, 0xb1, 0xba, 0xfa, 0xb7, 0xef, 0xec, 0xa9, 0xb7, 
    0xfc, 0xa2, 0xbb, 0xb1, 0xb9, 0x82, 0xba, 0xb3, 0xa1, 0xb7, 0xef, 0xf3, 
    0xe3, 0xfe, 0xb7, 0xfc, 0xb0, 0xb3, 0xbc, 0x82, 0xba, 0xb3, 0xa1, 0xb7, 
    0xef, 0xf3, 0xe3, 0xaf, 0xfb, 0xaf, 0xb4, 0xa7, 0xbc, 0xb1, 0xa6, 0xbb, 
    0xbd, 0xbc, 0xf2, 0xa3, 0xfa, 0xb7, 0xfb, 0xa9, 0x82, 0xfc, 0xbb, 0xa1, 
    0x93, 0xa7, 0xa6, 0xba, 0xbd, 0xa0, 0xbb, 0xa8, 0xb7, 0xb6, 0xf4, 0xf4, 
    0x82, 0xfc, 0xa2, 0xb7, 0xa0, 0xbf, 0xbb, 0xa1, 0xa1, 0xbb, 0xbd, 0xbc, 
    0xa1, 0xfc, 0xb3, 0xbe, 0xbe, 0xbd, 0xa5, 0x86, 0xb7, 0xbe, 0xb7, 0xbf, 
    0xb7, 0xa6, 0xa0, 0xab, 0xf4, 0xf4, 0xfa, 0xb7, 0xfc, 0xb1, 0xb3, 0xa2, 
    0xa6, 0xbb, 0xbd, 0xbc, 0xf3, 0xef, 0xef, 0xa4, 0xbd, 0xbb, 0xb6, 0xf2, 
    0xe2, 0xed, 0xa5, 0xb7, 0xef, 0xb7, 0xfc, 0xb1, 0xb3, 0xa2, 0xa6, 0xbb, 
    0xbd, 0xbc, 0xe8, 0xb7, 0xfc, 0xb1, 0xb3, 0xa2, 0xa6, 0xbb, 0xbd, 0xbc, 
    0xef, 0xa5, 0xb7, 0xfe, 0xb7, 0xfc, 0xb6, 0xa0, 0xb3, 0xb4, 0xa6, 0x82, 
    0xba, 0xb3, 0xa1, 0xb7, 0xf3, 0xef, 0xef, 0xa4, 0xbd, 0xbb, 0xb6, 0xf2, 
    0xe2, 0xed, 0x97, 0xb7, 0xef, 0xb7, 0xfc, 0xb6, 0xa0, 0xb3, 0xb4, 0xa6, 
    0x82, 0xba, 0xb3, 0xa1, 0xb7, 0xe8, 0xb7, 0xfc, 0xb6, 0xa0, 0xb3, 0xb4, 
    0xa6, 0x82, 0xba, 0xb3, 0xa1, 0xb7, 0xef, 0x97, 0xb7, 0xfe, 0xb7, 0xfc, 
    0xb6, 0xa0, 0xb3, 0xb4, 0xa6, 0x86, 0xbb, 0xbf, 0xb7, 0xf3, 0xef, 0xef, 
    0xa4, 0xbd, 0xbb, 0xb6, 0xf2, 0xe2, 0xed, 0x99, 0xb7, 0xef, 0xb7, 0xfc, 
    0xb6, 0xa0, 0xb3, 0xb4, 0xa6, 0x86, 0xbb, 0xbf, 0xb7, 0xe8, 0xb7, 0xfc, 
    0xb6, 0xa0, 0xb3, 0xb4, 0xa6, 0x86, 0xbb, 0xbf, 0xb7, 0xef, 0x99, 0xb7, 
    0xfe, 0xb7, 0xfc, 0xa6, 0xbb, 0xbf, 0xb7, 0xa1, 0xa6, 0xb3, 0xbf, 0xa2, 
    0xf3, 0xef, 0xef, 0xa4, 0xbd, 0xbb, 0xb6, 0xf2, 0xe2, 0xed, 0x85, 0xb7, 
    0xef, 0xb7, 0xfc, 0xa6, 0xbb, 0xbf, 0xb7, 0xa1, 0xa6, 0xb3, 0xbf, 0xa2, 
    0xe8, 0xb7, 0xfc, 0xa6, 0xbb, 0xbf, 0xb7, 0xa1, 0xa6, 0xb3, 0xbf, 0xa2, 
    0xef, 0x85, 0xb7, 0xfe, 0xb7, 0xfc, 0x90, 0xb3, 0xa6, 0xa6, 0xbe, 0xb7, 
    0xef, 0xef, 0xef, 0xa4, 0xbd, 0xbb, 0xb6, 0xf2, 0xe2, 0xf4, 0xf4, 0xfa, 
    0xb7, 0xfc, 0x90, 0xb3, 0xa6, 0xa6, 0xbe, 0xb7, 0xef, 0x84, 0xfb, 0xfe, 
    0xa8, 0xb7, 0xfa, 0xb7, 0xfb, 0xfb, 0xaf, 0xb4, 0xa7, 0xbc, 0xb1, 0xa6, 
    0xbb, 0xbd, 0xbc, 0xf2, 0x99, 0xfa, 0xb7, 0xfb, 0xa9, 0xbb, 0xb4, 0xfa, 
    0xa1, 0xb7, 0xfb, 0xa0, 0xb7, 0xa6, 0xa7, 0xa0, 0xbc, 0xf2, 0xa1, 0xb7, 
    0xe9, 0xa6, 0xa0, 0xab, 0xa9, 0xbe, 0xb7, 0xa6, 0xf2, 0xa6, 0xef, 0xf0, 
    0xf0, 0xe9, 0xa6, 0xa0, 0xab, 0xa9, 0xbe, 0xb7, 0xa6, 0xf2, 0xbd, 0xef, 
    0x9b, 0xbe, 0xe0, 0x91, 0xa2, 0xa2, 0xfc, 0xb6, 0xbd, 0xbf, 0xb3, 0xbb, 
    0xbc, 0xfc, 0xb3, 0xa1, 0xa1, 0xb7, 0xbf, 0xb0, 0xbe, 0xab, 0xfa, 0xf0, 
    0x93, 0xa1, 0xa1, 0xb7, 0xbf, 0xb0, 0xbe, 0xab, 0xff, 0x91, 0x81, 0xba, 
    0xb3, 0xa0, 0xa2, 0xf0, 0xfb, 0xfc, 0xbb, 0xbf, 0xb3, 0xb5, 0xb7, 0xfc, 
    0xb1, 0xbe, 0xb3, 0xa1, 0xa1, 0xfa, 0xf0, 0x9e, 0xbd, 0xb5, 0xbb, 0xbc, 
    0x81, 0xb7, 0xa0, 0xa4, 0xb7, 0xa0, 0x9b, 0xbc, 0xb4, 0xbd, 0xf0, 0xfb, 
    0xe9, 0xbb, 0xb4, 0xfa, 0xbd, 0xfb, 0xa9, 0xbe, 0xb7, 0xa6, 0xf2, 0xbc, 
    0xef, 0x9b, 0xbe, 0xe0, 0x91, 0xa2, 0xa2, 0xfc, 0xb5, 0xb1, 0xfc, 0xb1, 
    0xba, 0xbd, 0xbd, 0xa1, 0xb7, 0xfa, 0xbd, 0xfb, 0xe9, 0xbb, 0xb4, 0xfa, 
    0xbc, 0xfc, 0xbe, 0xb7, 0xbc, 0xb5, 0xa6, 0xba, 0xec, 0xe2, 0xfb, 0xa9, 
    0xbe, 0xb7, 0xa6, 0xf2, 0xa0, 0xef, 0xbc, 0x89, 0xe2, 0x8f, 0xfc, 0xb4, 
    0xbb, 0xb7, 0xbe, 0xb6, 0xfa, 0xf0, 0xbf, 0x8d, 0xbb, 0x93, 0xb1, 0xb1, 
    0xbd, 0xa7, 0xbc, 0xa6, 0x9b, 0xb6, 0xf0, 0xfb, 0xe9, 0xbb, 0xb4, 0xfa, 
    0xa0, 0xf4, 0xf4, 0xa0, 0xfc, 0xa4, 0xb3, 0xbe, 0xa7, 0xb7, 0xfb, 0xa9, 
    0xbe, 0xb7, 0xa6, 0xf2, 0xa1, 0xef, 0xa0, 0xfc, 0xa4, 0xb3, 0xbe, 0xa7, 
    0xb7, 0xfc, 0xa6, 0xbd, 0x81, 0xa6, 0xa0, 0xbb, 0xbc, 0xb5, 0xfa, 0xfb, 
    0xe9, 0xa1, 0xf4, 0xf4, 0xa1, 0xf3, 0xef, 0xef, 0xf0, 0xe2, 0xf0, 0xf4, 
    0xf4, 0xa1, 0xf3, 0xef, 0xef, 0xf0, 0xa7, 0xbc, 0xb6, 0xb7, 0xb4, 0xbb, 
    0xbc, 0xb7, 0xb6, 0xf0, 0xf4, 0xf4, 0xfa, 0xa6, 0xef, 0xa1, 0xfb, 0xaf, 
    0xaf, 0xaf, 0xaf, 0xb1, 0xb3, 0xa6, 0xb1, 0xba, 0xa9, 0xaf, 0xbb, 0xb4, 
    0xfa, 0xf3, 0xa6, 0xae, 0xae, 0xa6, 0xef, 0xef, 0xef, 0xf0, 0xe2, 0xf0, 
    0xae, 0xae, 0xa6, 0xef, 0xef, 0xef, 0xf0, 0xa7, 0xbc, 0xb6, 0xb7, 0xb4, 
    0xbb, 0xbc, 0xb7, 0xb6, 0xf0, 0xfb, 0xa9, 0xbe, 0xb7, 0xa6, 0xf2, 0xbd, 
    0xef, 0xb7, 0xfc, 0xb4, 0xbb, 0xb7, 0xbe, 0xb6, 0xfa, 0xf0, 0xbf, 0x8d, 
    0xa7, 0xbb, 0x9b, 0x96, 0xf0, 0xfb, 0xfc, 0xa4, 0xb3, 0xbe, 0xa7, 0xb7, 
    0xe9, 0xa6, 0xef, 0xbd, 0xed, 0xbd, 0xfc, 0xa6, 0xbd, 0x81, 0xa6, 0xa0, 
    0xbb, 0xbc, 0xb5, 0xfa, 0xfb, 0xe8, 0xf0, 0xf0, 0xaf, 0xbb, 0xb4, 0xfa, 
    0xa6, 0xf4, 0xf4, 0xa6, 0xf3, 0xef, 0xef, 0xf0, 0xe2, 0xf0, 0xf4, 0xf4, 
    0xa6, 0xf3, 0xef, 0xef, 0xf0, 0xa7, 0xbc, 0xb6, 0xb7, 0xb4, 0xbb, 0xbc, 
    0xb7, 0xb6, 0xf0, 0xfb, 0xa0, 0xb7, 0xa6, 0xa7, 0xa0, 0xbc, 0xf2, 0xa1, 
    0xb7, 0xef, 0xa6, 0xfe, 0x84, 0xb7, 0xae, 0xae, 0xfa, 0x84, 0xb7, 0xef, 
    0xf3, 0xe2, 0xfe, 0xba, 0xb7, 0xfa, 0xfb, 0xfe, 0xab, 0xb7, 0xfa, 0xa6, 
    0xfb, 0xfe, 0xa1, 0xb7, 0xa6, 0x9b, 0xbc, 0xa6, 0xb7, 0xa0, 0xa4, 0xb3, 
    0xbe, 0xfa, 0xfa, 0xfb, 0xef, 0xec, 0xa9, 0xa6, 0xa0, 0xab, 0xa9, 0xa1, 
    0xb7, 0xf4, 0xf4, 0xfa, 0xb4, 0xfa, 0xf0, 0x93, 0xa7, 0xa6, 0xba, 0xf2, 
    0x82, 0xb7, 0xa0, 0xbb, 0xbd, 0xb6, 0xbb, 0xb1, 0xf0, 0xfe, 0xb2, 0x82, 
    0xb7, 0xa0, 0xb4, 0xbd, 0xa0, 0xbf, 0xbb, 0xbc, 0xb5, 0xf2, 0xa2, 0xb7, 
    0xa0, 0xbb, 0xbd, 0xb6, 0xbb, 0xb1, 0xf2, 0xa0, 0xbd, 0xbe, 0xb7, 0xf2, 
    0xa4, 0xb7, 0xa0, 0xbb, 0xb4, 0xbb, 0xb1, 0xb3, 0xa6, 0xbb, 0xbd, 0xbc, 
    0xf2, 0xb1, 0xba, 0xb7, 0xb1, 0xb9, 0xf2, 0xb4, 0xbd, 0xa0, 0xf2, 0xf6, 
    0xa9, 0xa1, 0xb7, 0xaf, 0xfc, 0xfc, 0xfc, 0xb2, 0xfb, 0xfe, 0xab, 0xb7, 
    0xfa, 0xa1, 0xb7, 0xfb, 0xfb, 0xaf, 0xb1, 0xb3, 0xa6, 0xb1, 0xba, 0xa9, 
    0xaf, 0xaf, 0xfe, 0xe3, 0xb7, 0xe6, 0xfb, 0xfb, 0xfe, 0xa6, 0xaf, 0xb1, 
    0xb3, 0xa6, 0xb1, 0xba, 0xa9, 0xaf, 0xa0, 0xb7, 0xa6, 0xa7, 0xa0, 0xbc, 
    0xf0, 0xf0, 0xaf, 0xb4, 0xa7, 0xbc, 0xb1, 0xa6, 0xbb, 0xbd, 0xbc, 0xf2, 
    0x8a, 0xfa, 0xb7, 0xfe, 0xa6, 0xfe, 0xbd, 0xef, 0xf3, 0xe3, 0xfb, 0xa9, 
    0xbe, 0xb7, 0xa6, 0xf2, 0xbc, 0xef, 0xa6, 0xab, 0xa2, 0xb7, 0xbd, 0xb4, 
    0xf2, 0xa6, 0xef, 0xef, 0xf0, 0xb4, 0xa7, 0xbc, 0xb1, 0xa6, 0xbb, 0xbd, 
    0xbc, 0xf0, 0xed, 0xa6, 0xe8, 0xfa, 0xfb, 0xef, 0xec, 0xa9, 0xaf, 0xe9, 
    0xbb, 0xb4, 0xfa, 0xf3, 0xbd, 0xf4, 0xf4, 0x8b, 0xf4, 0xf4, 0x8b, 0xfc, 
    0xbe, 0xb7, 0xbc, 0xb5, 0xa6, 0xba, 0xec, 0xe2, 0xfb, 0xa9, 0xbb, 0xb4, 
    0xfa, 0xb7, 0xf4, 0xf4, 0xa6, 0xfb, 0xa9, 0xbe, 0xb7, 0xa6, 0xf2, 0xbb, 
    0xef, 0xa0, 0xb7, 0xfc, 0xb5, 0xb7, 0xa6, 0xfa, 0xb7, 0xfb, 0xe9, 0xbb, 
    0xae, 0xae, 0xfa, 0xbb, 0xef, 0xa9, 0xa2, 0xbb, 0xb1, 0xb9, 0x82, 0xba, 
    0xb3, 0xa1, 0xb7, 0xe8, 0xf3, 0xe3, 0xfe, 0xb0, 0xb3, 0xbc, 0x82, 0xba, 
    0xb3, 0xa1, 0xb7, 0xe8, 0xf3, 0xe3, 0xfe, 0x81, 0xb7, 0xbe, 0x9a, 0xb7, 
    0xa0, 0xbd, 0x9b, 0x96, 0xe8, 0xe2, 0xfe, 0xb0, 0xb3, 0xbc, 0x9a, 0xb7, 
    0xa0, 0xbd, 0xe8, 0xe2, 0xaf, 0xfe, 0xa0, 0xb7, 0xfc, 0xa1, 0xb7, 0xa6, 
    0xfa, 0xb7, 0xfe, 0xbb, 0xfb, 0xfb, 0xfe, 0xbc, 0xfa, 0xb7, 0xfe, 0xbb, 
    0xfb, 0xe9, 0xbe, 0xb7, 0xa6, 0xf2, 0xb1, 0xef, 0x8b, 0xfc, 0xb4, 0xbb, 
    0xbc, 0xb6, 0x9b, 0xbc, 0xb6, 0xb7, 0xaa, 0xfa, 0xbe, 0xef, 0xec, 0xbe, 
    0xfc, 0xbb, 0xb6, 0xef, 0xef, 0xef, 0xb7, 0xfb, 0xe9, 0xb1, 0xf3, 0xef, 
    0xef, 0xff, 0xe3, 0xf4, 0xf4, 0xfa, 0x8b, 0x89, 0xb1, 0x8f, 0xfc, 0xa2, 
    0xbb, 0xb1, 0xb9, 0x82, 0xba, 0xb3, 0xa1, 0xb7, 0xef, 0xbb, 0xfc, 0xa2, 
    0xbb, 0xb1, 0xb9, 0x82, 0xba, 0xb3, 0xa1, 0xb7, 0xfe, 0x8b, 0x89, 0xb1, 
    0x8f, 0xfc, 0xb0, 0xb3, 0xbc, 0x82, 0xba, 0xb3, 0xa1, 0xb7, 0xef, 0xbb, 
    0xfc, 0xb0, 0xb3, 0xbc, 0x82, 0xba, 0xb3, 0xa1, 0xb7, 0xfe, 0x8b, 0x89, 
    0xb1, 0x8f, 0xfc, 0x81, 0xb7, 0xbe, 0x9a, 0xb7, 0xa0, 0xbd, 0x9b, 0x96, 
    0xef, 0xbb, 0xfc, 0x81, 0xb7, 0xbe, 0x9a, 0xb7, 0xa0, 0xbd, 0x9b, 0x96, 
    0xfe, 0x8b, 0x89, 0xb1, 0x8f, 0xfc, 0xb0, 0xb3, 0xbc, 0x9a, 0xb7, 0xa0, 
    0xbd, 0xef, 0xbb, 0xfc, 0xb0, 0xb3, 0xbc, 0x9a, 0xb7, 0xa0, 0xbd, 0xfb, 
    0xaf, 0xa0, 0xb7, 0xa6, 0xa7, 0xa0, 0xbc, 0xf2, 0x8b, 0xaf, 0xbe, 0xb7, 
    0xa6, 0xf2, 0xa0, 0xef, 0x9b, 0xbe, 0xe0, 0x91, 0xa2, 0xa2, 0xfc, 0xb6, 
    0xbd, 0xbf, 0xb3, 0xbb, 0xbc, 0xfc, 0xb3, 0xa1, 0xa1, 0xb7, 0xbf, 0xb0, 
    0xbe, 0xab, 0xfa, 0xf0, 0x93, 0xa1, 0xa1, 0xb7, 0xbf, 0xb0, 0xbe, 0xab, 
    0xff, 0x91, 0x81, 0xba, 0xb3, 0xa0, 0xa2, 0xf0, 0xfb, 0xfc, 0xbb, 0xbf, 
    0xb3, 0xb5, 0xb7, 0xfc, 0xb1, 0xbe, 0xb3, 0xa1, 0xa1, 0xfa, 0xf0, 0x81, 
    0xab, 0xa1, 0xa6, 0xb7, 0xbf, 0x96, 0xb3, 0xa6, 0xb3, 0xfd, 0x80, 0xbd, 
    0xbd, 0xbf, 0x96, 0xb3, 0xa6, 0xb3, 0xf0, 0xfb, 0xfe, 0xa1, 0xef, 0x9b, 
    0xbe, 0xe0, 0x91, 0xa2, 0xa2, 0xfc, 0xb5, 0xb1, 0xfc, 0xb1, 0xba, 0xbd, 
    0xbd, 0xa1, 0xb7, 0xfa, 0xa0, 0xfb, 0xfe, 0xb3, 0xef, 0xbc, 0xb7, 0xa5, 
    0xf2, 0x9f, 0xb3, 0xa2, 0xe9, 0xa0, 0xb7, 0xa6, 0xa7, 0xa0, 0xbc, 0xf2, 
    0xa1, 0xfc, 0xb4, 0xbd, 0xa0, 0x97, 0xb3, 0xb1, 0xba, 0xfa, 0xbb, 0xef, 
    0xec, 0xa9, 0xa6, 0xa0, 0xab, 0xa9, 0xbe, 0xb7, 0xa6, 0xf2, 0xb1, 0xef, 
    0xbb, 0xfc, 0xb4, 0xbb, 0xb7, 0xbe, 0xb6, 0xfa, 0xf0, 0xbb, 0x82, 0xbd, 
    0xa1, 0xf0, 0xfb, 0xfc, 0xa4, 0xb3, 0xbe, 0xa7, 0xb7, 0xfe, 0xbe, 0xef, 
    0xb1, 0xed, 0x9c, 0xa7, 0xbf, 0xb0, 0xb7, 0xa0, 0xfa, 0xb1, 0xfc, 0xa6, 
    0xbd, 0x81, 0xa6, 0xa0, 0xbb, 0xbc, 0xb5, 0xfa, 0xfb, 0xfb, 0xe8, 0xe2, 
    0xe9, 0xbb, 0xb4, 0xfa, 0xbe, 0xee, 0xe3, 0xae, 0xae, 0xbe, 0xec, 0xe3, 
    0xe2, 0xfb, 0xa0, 0xb7, 0xa6, 0xa7, 0xa0, 0xbc, 0xe9, 0xbe, 0xb7, 0xa6, 
    0xf2, 0xba, 0xef, 0xbb, 0xfc, 0xb4, 0xbb, 0xb7, 0xbe, 0xb6, 0xfa, 0xf0, 
    0xbe, 0x87, 0xbb, 0xb6, 0xf0, 0xfb, 0xfc, 0xa4, 0xb3, 0xbe, 0xa7, 0xb7, 
    0xfe, 0xa2, 0xef, 0xba, 0xed, 0xba, 0xfc, 0xa6, 0xbd, 0x81, 0xa6, 0xa0, 
    0xbb, 0xbc, 0xb5, 0xfa, 0xfb, 0xe8, 0xf0, 0xf0, 0xe9, 0xbb, 0xb4, 0xfa, 
    0xf3, 0xa2, 0xae, 0xae, 0xa2, 0xef, 0xef, 0xef, 0xf0, 0xe2, 0xf0, 0xfb, 
    0xa0, 0xb7, 0xa6, 0xa7, 0xa0, 0xbc, 0xe9, 0xbe, 0xb7, 0xa6, 0xf2, 0xab, 
    0xef, 0xbb, 0xfc, 0xb4, 0xbb, 0xb7, 0xbe, 0xb6, 0xfa, 0xf0, 0x8d, 0xa1, 
    0x9c, 0xb3, 0xbf, 0xb7, 0xf0, 0xfb, 0xfc, 0xa4, 0xb3, 0xbe, 0xa7, 0xb7, 
    0xfe, 0x81, 0xef, 0xbb, 0xfc, 0xb4, 0xbb, 0xb7, 0xbe, 0xb6, 0xfa, 0xf0, 
    0xbb, 0x80, 0xbd, 0xb3, 0xb6, 0xf0, 0xfb, 0xfc, 0xa4, 0xb3, 0xbe, 0xa7, 
    0xb7, 0xfe, 0x9f, 0xef, 0xbb, 0xfc, 0xb4, 0xbb, 0xb7, 0xbe, 0xb6, 0xfa, 
    0xf0, 0xbb, 0x91, 0xb3, 0xbf, 0xa2, 0xf0, 0xfb, 0xfc, 0xa4, 0xb3, 0xbe, 
    0xa7, 0xb7, 0xfe, 0x80, 0xef, 0xbb, 0xfc, 0xb4, 0xbb, 0xb7, 0xbe, 0xb6, 
    0xfa, 0xf0, 0xa1, 0xa7, 0xbf, 0xbf, 0xbd, 0xbc, 0x81, 0xb9, 0xbb, 0xbe, 
    0xbe, 0x9b, 0xb6, 0xf0, 0xfb, 0xfc, 0xa4, 0xb3, 0xbe, 0xa7, 0xb7, 0xfe, 
    0x90, 0xef, 0xbb, 0xfc, 0xb4, 0xbb, 0xb7, 0xbe, 0xb6, 0xfa, 0xf0, 0xa0, 
    0xa7, 0xbc, 0xb7, 0x9b, 0xb6, 0xf0, 0xfb, 0xfc, 0xa4, 0xb3, 0xbe, 0xa7, 
    0xb7, 0xfe, 0x96, 0xef, 0xbb, 0xfc, 0xb4, 0xbb, 0xb7, 0xbe, 0xb6, 0xfa, 
    0xf0, 0xbf, 0x80, 0xa7, 0xbc, 0xb7, 0x81, 0xb9, 0xbb, 0xbe, 0xbe, 0xe0, 
    0xe2, 0xe0, 0xe1, 0xf0, 0xfb, 0xfc, 0xa4, 0xb3, 0xbe, 0xa7, 0xb7, 0xfe, 
    0xb9, 0xef, 0xa0, 0xb7, 0xfc, 0xb5, 0xb7, 0xa6, 0xfa, 0xa2, 0xfb, 0xe9, 
    0xb9, 0xae, 0xae, 0xfa, 0xb9, 0xef, 0xa9, 0xa2, 0xbb, 0xb1, 0xb9, 0x82, 
    0xba, 0xb3, 0xa1, 0xb7, 0xe8, 0xf3, 0xe3, 0xfe, 0xb0, 0xb3, 0xbc, 0x82, 
    0xba, 0xb3, 0xa1, 0xb7, 0xe8, 0xf3, 0xe3, 0xfe, 0x81, 0xb7, 0xbe, 0x9a, 
    0xb7, 0xa0, 0xbd, 0x9b, 0x96, 0xe8, 0xe2, 0xfe, 0xb0, 0xb3, 0xbc, 0x9a, 
    0xb7, 0xa0, 0xbd, 0xe8, 0xe2, 0xaf, 0xfb, 0xfe, 0xbc, 0xfa, 0xa2, 0xfe, 
    0xb9, 0xfb, 0xe9, 0xbe, 0xb7, 0xa6, 0xf2, 0xb0, 0xef, 0xab, 0xf4, 0xf4, 
    0xab, 0xfc, 0xb1, 0xbd, 0xbc, 0xa6, 0xb7, 0xbc, 0xa6, 0xae, 0xae, 0xf0, 
    0xf0, 0xfe, 0xb5, 0xef, 0xe2, 0xe9, 0xbb, 0xb4, 0xfa, 0xbe, 0xec, 0xef, 
    0xe3, 0xf4, 0xf4, 0xbe, 0xee, 0xef, 0xe7, 0xfb, 0xb5, 0xef, 0xe3, 0xe9, 
    0xb7, 0xbe, 0xa1, 0xb7, 0xf2, 0xbb, 0xb4, 0xfa, 0xbe, 0xec, 0xef, 0xe4, 
    0xf4, 0xf4, 0xbe, 0xee, 0xef, 0xe3, 0xe2, 0xfb, 0xb5, 0xef, 0xe0, 0xe9, 
    0xb7, 0xbe, 0xa1, 0xb7, 0xf2, 0xa0, 0xb7, 0xa6, 0xa7, 0xa0, 0xbc, 0xe9, 
    0xbb, 0xb4, 0xfa, 0xfa, 0x9f, 0xed, 0x9c, 0xa7, 0xbf, 0xb0, 0xb7, 0xa0, 
    0xfa, 0x9f, 0xfc, 0xa6, 0xbd, 0x81, 0xa6, 0xa0, 0xbb, 0xbc, 0xb5, 0xfa, 
    0xfb, 0xfb, 0xe8, 0xe2, 0xfb, 0xf3, 0xef, 0xef, 0xb5, 0xfb, 0xa0, 0xb7, 
    0xa6, 0xa7, 0xa0, 0xbc, 0xe9, 0xbe, 0xb7, 0xa6, 0xf2, 0xa5, 0xef, 0x89, 
    0x8f, 0xe9, 0xbb, 0xb4, 0xfa, 0x96, 0xf4, 0xf4, 0xf3, 0x96, 0xfc, 0xbb, 
    0xa1, 0x9c, 0xa7, 0xbe, 0xbe, 0xfa, 0xfb, 0xfb, 0xa6, 0xa0, 0xab, 0xa9, 
    0xbe, 0xb7, 0xa6, 0xf2, 0x9c, 0xef, 0x96, 0xfc, 0xbf, 0xb7, 0xa6, 0xba, 
    0xbd, 0xb6, 0xfa, 0xf0, 0x95, 0xb7, 0xa6, 0x97, 0xbc, 0xa7, 0xbf, 0xb7, 
    0xa0, 0xb3, 0xa6, 0xbd, 0xa0, 0xf0, 0xfb, 0xfc, 0xbb, 0xbc, 0xa4, 0xbd, 
    0xb9, 0xb7, 0xfa, 0xfb, 0xe9, 0xb4, 0xbd, 0xa0, 0xfa, 0xe9, 0x9c, 0xfc, 
    0xbf, 0xb7, 0xa6, 0xba, 0xbd, 0xb6, 0xfa, 0xf0, 0x9f, 0xbd, 0xa4, 0xb7, 
    0x9c, 0xb7, 0xaa, 0xa6, 0xf0, 0xfb, 0xfc, 0xbb, 0xbc, 0xa4, 0xbd, 0xb9, 
    0xb7, 0xfa, 0xfb, 0xe9, 0xfb, 0xa9, 0xbe, 0xb7, 0xa6, 0xf2, 0x97, 0xef, 
    0x9c, 0xfc, 0xbf, 0xb7, 0xa6, 0xba, 0xbd, 0xb6, 0xfa, 0xf0, 0xb5, 0xb7, 
    0xa6, 0x8d, 0x91, 0xa7, 0xa0, 0xa0, 0xb7, 0xbc, 0xa6, 0xf0, 0xfb, 0xfc, 
    0xbb, 0xbc, 0xa4, 0xbd, 0xb9, 0xb7, 0xfa, 0xfb, 0xfe, 0x9d, 0xef, 0x97, 
    0xfc, 0xbf, 0xb7, 0xa6, 0xba, 0xbd, 0xb6, 0xfa, 0xf0, 0xb5, 0xb7, 0xa6, 
    0x8d, 0x99, 0xb7, 0xab, 0xf0, 0xfb, 0xfc, 0xbb, 0xbc, 0xa4, 0xbd, 0xb9, 
    0xb7, 0xfa, 0xfb, 0xfe, 0xa8, 0xef, 0x97, 0xfc, 0xbf, 0xb7, 0xa6, 0xba, 
    0xbd, 0xb6, 0xfa, 0xf0, 0xb5, 0xb7, 0xa6, 0x8d, 0x84, 0xb3, 0xbe, 0xa7, 
    0xb7, 0xf0, 0xfb, 0xfc, 0xbb, 0xbc, 0xa4, 0xbd, 0xb9, 0xb7, 0xfa, 0xfb, 
    0xe9, 0xa5, 0xfc, 0xa2, 0xa7, 0xa1, 0xba, 0xfa, 0xa9, 0xa1, 0xbe, 0xbd, 
    0xa6, 0xe8, 0x9d, 0xed, 0x9c, 0xa7, 0xbf, 0xb0, 0xb7, 0xa0, 0xfa, 0x9d, 
    0xfc, 0xa6, 0xbd, 0x81, 0xa6, 0xa0, 0xbb, 0xbc, 0xb5, 0xfa, 0xfb, 0xfb, 
    0xe8, 0xe2, 0xfe, 0xbb, 0xb6, 0xe8, 0xa8, 0xed, 0x9c, 0xa7, 0xbf, 0xb0, 
    0xb7, 0xa0, 0xfa, 0xa8, 0xfc, 0xa6, 0xbd, 0x81, 0xa6, 0xa0, 0xbb, 0xbc, 
    0xb5, 0xfa, 0xfb, 0xfb, 0xe8, 0xe2, 0xaf, 0xfb, 0xaf, 0xaf, 0xb1, 0xb3, 
    0xa6, 0xb1, 0xba, 0xfa, 0x9c, 0xfb, 0xa9, 0xb4, 0xfa, 0xf0, 0x9a, 0xbd, 
    0xbd, 0xb9, 0xf0, 0xfe, 0xb2, 0x94, 0xb3, 0xbb, 0xbe, 0xb7, 0xb6, 0xf2, 
    0xa0, 0xb7, 0xb3, 0xb6, 0xbb, 0xbc, 0xb5, 0xf2, 0xb7, 0xbf, 0xb0, 0xbe, 
    0xb7, 0xbf, 0x81, 0xb9, 0xbb, 0xbe, 0xe8, 0xf2, 0xf6, 0xa9, 0x9c, 0xfc, 
    0xbf, 0xb7, 0xa1, 0xa1, 0xb3, 0xb5, 0xb7, 0xaf, 0xb2, 0xfb, 0xaf, 0xbe, 
    0xb7, 0xa6, 0xf2, 0x86, 0xef, 0xa9, 0xbb, 0xa2, 0xbd, 0xa1, 0xe8, 0xbe, 
    0xfe, 0xbb, 0xb6, 0xe8, 0xa2, 0xfe, 0xbc, 0xb3, 0xbf, 0xb7, 0xe8, 0xb0, 
    0xfe, 0xa0, 0xbd, 0xbe, 0xb7, 0xe8, 0x81, 0xed, 0x9c, 0xa7, 0xbf, 0xb0, 
    0xb7, 0xa0, 0xfa, 0x81, 0xfc, 0xa6, 0xbd, 0x81, 0xa6, 0xa0, 0xbb, 0xbc, 
    0xb5, 0xfa, 0xfb, 0xfb, 0xe8, 0xe2, 0xfe, 0xa6, 0xb7, 0xb3, 0xbf, 0xe8, 
    0xb5, 0xfe, 0xb0, 0xb3, 0xa6, 0xa6, 0xbe, 0xb7, 0x81, 0xa2, 0xb7, 0xbe, 
    0xbe, 0xe8, 0x80, 0xed, 0x9c, 0xa7, 0xbf, 0xb0, 0xb7, 0xa0, 0xfa, 0x80, 
    0xfc, 0xa6, 0xbd, 0x81, 0xa6, 0xa0, 0xbb, 0xbc, 0xb5, 0xfa, 0xfb, 0xfb, 
    0xe8, 0xe2, 0xfe, 0xb7, 0xbf, 0xb0, 0xbe, 0xb7, 0xbf, 0xe8, 0x90, 0xed, 
    0x9c, 0xa7, 0xbf, 0xb0, 0xb7, 0xa0, 0xfa, 0x90, 0xfc, 0xa6, 0xbd, 0x81, 
    0xa6, 0xa0, 0xbb, 0xbc, 0xb5, 0xfa, 0xfb, 0xfb, 0xe8, 0xe2, 0xfe, 0xb7, 
    0xbf, 0xb0, 0xbe, 0xb7, 0xbf, 0x81, 0xb9, 0xbb, 0xbe, 0xbe, 0xa1, 0xe8, 
    0xa5, 0xfe, 0xa2, 0xbb, 0xb1, 0xb9, 0x82, 0xba, 0xb3, 0xa1, 0xb7, 0xe8, 
    0xb9, 0xfc, 0xa2, 0xbb, 0xb1, 0xb9, 0x82, 0xba, 0xb3, 0xa1, 0xb7, 0xfe, 
    0xb0, 0xb3, 0xbc, 0x82, 0xba, 0xb3, 0xa1, 0xb7, 0xe8, 0xb9, 0xfc, 0xb0, 
    0xb3, 0xbc, 0x82, 0xba, 0xb3, 0xa1, 0xb7, 0xfe, 0x81, 0xb7, 0xbe, 0x9a, 
    0xb7, 0xa0, 0xbd, 0x9b, 0x96, 0xe8, 0xb9, 0xfc, 0x81, 0xb7, 0xbe, 0x9a, 
    0xb7, 0xa0, 0xbd, 0x9b, 0x96, 0xfe, 0xb0, 0xb3, 0xbc, 0x9a, 0xb7, 0xa0, 
    0xbd, 0xe8, 0xb9, 0xfc, 0xb0, 0xb3, 0xbc, 0x9a, 0xb7, 0xa0, 0xbd, 0xaf, 
    0xe9, 0xa0, 0xb7, 0xfc, 0xa1, 0xb7, 0xa6, 0xfa, 0xa2, 0xfe, 0xb9, 0xfb, 
    0xfe, 0xb3, 0xfc, 0xa1, 0xb7, 0xa6, 0xfa, 0xbe, 0xfe, 0x86, 0xfb, 0xaf, 
    0xb1, 0xb3, 0xa6, 0xb1, 0xba, 0xfa, 0xb1, 0xfb, 0xa9, 0xb4, 0xfa, 0xf0, 
    0x9a, 0xbd, 0xbd, 0xb9, 0xf0, 0xfe, 0xb2, 0x94, 0xb3, 0xbb, 0xbe, 0xb7, 
    0xb6, 0xf2, 0xa2, 0xb3, 0xa0, 0xa1, 0xbb, 0xbc, 0xb5, 0xf2, 0x80, 0xbd, 
    0xbd, 0xbf, 0x96, 0xb3, 0xa6, 0xb3, 0xf2, 0xb4, 0xbb, 0xb7, 0xbe, 0xb6, 
    0xa1, 0xe8, 0xf2, 0xf6, 0xa9, 0xb1, 0xfc, 0xa1, 0xa6, 0xb3, 0xb1, 0xb9, 
    0xae, 0xae, 0xb1, 0xfc, 0xbf, 0xb7, 0xa1, 0xa1, 0xb3, 0xb5, 0xb7, 0xaf, 
    0xb2, 0xfb, 0xaf, 0xaf, 0xfb, 0xfe, 0x8b, 0xef, 0x93, 0xa0, 0xa0, 0xb3, 
    0xab, 0xfc, 0xb4, 0xa0, 0xbd, 0xbf, 0xfa, 0xb3, 0xfc, 0xa4, 0xb3, 0xbe, 
    0xa7, 0xb7, 0xa1, 0xfa, 0xfb, 0xfb, 0xfe, 0x8b, 0xaf, 0xb4, 0xa7, 0xbc, 
    0xb1, 0xa6, 0xbb, 0xbd, 0xbc, 0xf2, 0x98, 0xb7, 0xfa, 0xb7, 0xfb, 0xa9, 
    0xbe, 0xb7, 0xa6, 0xf2, 0xa6, 0xef, 0xb7, 0xfc, 0xb1, 0xbe, 0xb3, 0xa1, 
    0xa1, 0xfa, 0xf0, 0x81, 0xab, 0xa1, 0xa6, 0xb7, 0xbf, 0x96, 0xb3, 0xa6, 
    0xb3, 0xf0, 0xfb, 0xfe, 0xbd, 0xef, 0xb7, 0xfc, 0xb1, 0xbe, 0xb3, 0xa1, 
    0xa1, 0xfa, 0xf0, 0x81, 0xab, 0xa1, 0xa6, 0xb7, 0xbf, 0x96, 0xb3, 0xa6, 
    0xb3, 0xfd, 0x80, 0xbd, 0xbd, 0xbf, 0x96, 0xb3, 0xa6, 0xb3, 0xf0, 0xfb, 
    0xfe, 0xbc, 0xef, 0xb7, 0xfc, 0xb1, 0xbe, 0xb3, 0xa1, 0xa1, 0xfa, 0xf0, 
    0x91, 0xbd, 0xbf, 0xa2, 0xb7, 0xa6, 0xbb, 0xa6, 0xbb, 0xbd, 0xbc, 0x96, 
    0xb3, 0xa6, 0xb3, 0xf0, 0xfb, 0xfe, 0xa0, 0xef, 0xb7, 0xfc, 0xb1, 0xbe, 
    0xb3, 0xa1, 0xa1, 0xfa, 0xf0, 0x90, 0xb3, 0xa6, 0xa6, 0xbe, 0xb7, 0xfc, 
    0x9f, 0xb3, 0xa2, 0x86, 0xab, 0xa2, 0xb7, 0x96, 0xb3, 0xa6, 0xb3, 0xf0, 
    0xfb, 0xfe, 0xa1, 0xef, 0xb7, 0xfc, 0xb1, 0xbe, 0xb3, 0xa1, 0xa1, 0xfa, 
    0xf0, 0x87, 0x9b, 0x80, 0xb3, 0xbc, 0xb9, 0x9a, 0xb7, 0xa0, 0xbd, 0xf0, 
    0xfb, 0xfe, 0xb3, 0xef, 0xa0, 0xfc, 0xbf, 0xb7, 0xa6, 0xba, 0xbd, 0xb6, 
    0xfa, 0xf0, 0x91, 0xb3, 0xbc, 0x80, 0xb7, 0xa2, 0xbd, 0xa6, 0x91, 0xbd, 
    0xbf, 0xa2, 0xb7, 0xa6, 0xbb, 0xa6, 0xbd, 0xbc, 0x96, 0xb3, 0xa6, 0xb3, 
    0xf0, 0xfb, 0xe9, 0xb3, 0xf4, 0xf4, 0x9b, 0xbc, 0xa6, 0xb7, 0xa0, 0xb1, 
    0xb7, 0xa2, 0xa6, 0xbd, 0xa0, 0xfc, 0xb3, 0xa6, 0xa6, 0xb3, 0xb1, 0xba, 
    0xfa, 0xb3, 0xfc, 0xa4, 0xbb, 0xa0, 0xa6, 0xa7, 0xb3, 0xbe, 0x93, 0xb6, 
    0xb6, 0xa0, 0xb7, 0xa1, 0xa1, 0xfe, 0xa9, 0xbd, 0xbc, 0x9e, 0xb7, 0xb3, 
    0xa4, 0xb7, 0xe8, 0xb4, 0xa7, 0xbc, 0xb1, 0xa6, 0xbb, 0xbd, 0xbc, 0xfa, 
    0xb0, 0xfb, 0xa9, 0xb0, 0xfc, 0xa0, 0xb7, 0xa2, 0xbe, 0xb3, 0xb1, 0xb7, 
    0xfa, 0xa2, 0xa6, 0xa0, 0xfa, 0xe3, 0xfb, 0xfb, 0xaf, 0xaf, 0xfb, 0xe9, 
    0xbe, 0xb7, 0xa6, 0xf2, 0xbb, 0xef, 0xb7, 0xfc, 0xa6, 0xa0, 0xab, 0x91, 
    0xbe, 0xb3, 0xa1, 0xa1, 0xfa, 0xf0, 0x9e, 0xbd, 0xb5, 0xbb, 0xb1, 0x90, 
    0xb3, 0xa6, 0xa6, 0xbe, 0xb7, 0x9f, 0xb3, 0xbc, 0xb3, 0xb5, 0xb7, 0xa0, 
    0xf0, 0xfb, 0xe9, 0xbb, 0xb4, 0xfa, 0xbb, 0xf4, 0xf4, 0xf3, 0xbb, 0xfc, 
    0xba, 0xb3, 0xbc, 0xb6, 0xbe, 0xb7, 0xfc, 0xbb, 0xa1, 0x9c, 0xa7, 0xbe, 
    0xbe, 0xfa, 0xfb, 0xfb, 0xa9, 0xbe, 0xb7, 0xa6, 0xf2, 0xb0, 0xef, 0xbb, 
    0xfc, 0xa6, 0xa0, 0xab, 0x9f, 0xb7, 0xa6, 0xba, 0xbd, 0xb6, 0xfa, 0xf0, 
    0xb5, 0xb7, 0xa6, 0x8d, 0xbf, 0x8d, 0xbb, 0x9c, 0xb7, 0xaa, 0xa6, 0xe0, 
    0xe2, 0xe0, 0xe7, 0x94, 0xb7, 0xb3, 0xa6, 0xa7, 0xa0, 0xb7, 0xf0, 0xfb, 
    0xe9, 0xb0, 0xf4, 0xf4, 0x9b, 0xbc, 0xa6, 0xb7, 0xa0, 0xb1, 0xb7, 0xa2, 
    0xa6, 0xbd, 0xa0, 0xfc, 0xb3, 0xa6, 0xa6, 0xb3, 0xb1, 0xba, 0xfa, 0xb0, 
    0xfc, 0xa4, 0xbb, 0xa0, 0xa6, 0xa7, 0xb3, 0xbe, 0x93, 0xb6, 0xb6, 0xa0, 
    0xb7, 0xa1, 0xa1, 0xfe, 0xa9, 0xbd, 0xbc, 0x9e, 0xb7, 0xb3, 0xa4, 0xb7, 
    0xe8, 0xb4, 0xa7, 0xbc, 0xb1, 0xa6, 0xbb, 0xbd, 0xbc, 0xfa, 0xb5, 0xfb, 
    0xa9, 0xa6, 0xa0, 0xab, 0xa9, 0x9b, 0xef, 0xb5, 0xfc, 0xa6, 0xbd, 0x9b, 
    0xbc, 0xa6, 0xe1, 0xe0, 0xfa, 0xfb, 0xaf, 0xb1, 0xb3, 0xa6, 0xb1, 0xba, 
    0xfa, 0xaa, 0xfb, 0xa9, 0xb4, 0xfa, 0xf0, 0x9a, 0xbd, 0xbd, 0xb9, 0xf0, 
    0xfe, 0xb2, 0x97, 0xa0, 0xa0, 0xbd, 0xa0, 0xf2, 0xa0, 0xb7, 0xb3, 0xb6, 
    0xbb, 0xbc, 0xb5, 0xf2, 0xb5, 0xb7, 0xa6, 0x8d, 0xbf, 0x8d, 0xbb, 0x9c, 
    0xb7, 0xaa, 0xa6, 0xe0, 0xe2, 0xe0, 0xe7, 0x94, 0xb7, 0xb3, 0xa6, 0xa7, 
    0xa0, 0xb7, 0xe8, 0xf2, 0xf6, 0xa9, 0xaa, 0xfc, 0xbf, 0xb7, 0xa1, 0xa1, 
    0xb3, 0xb5, 0xb7, 0xaf, 0xb2, 0xfb, 0xaf, 0xaf, 0xaf, 0xfb, 0xaf, 0xbe, 
    0xb7, 0xa6, 0xf2, 0xb1, 0xef, 0xb7, 0xfc, 0xa6, 0xa0, 0xab, 0x91, 0xbe, 
    0xb3, 0xa1, 0xa1, 0xfa, 0xf0, 0x9e, 0xbd, 0xb5, 0xbb, 0xb1, 0x90, 0xb3, 
    0xa6, 0xa6, 0xbe, 0xb7, 0x97, 0xbc, 0xb6, 0x91, 0xa6, 0xa0, 0xbe, 0xf0, 
    0xfb, 0xe9, 0xbb, 0xb4, 0xfa, 0xb1, 0xf4, 0xf4, 0xf3, 0xb1, 0xfc, 0xba, 
    0xb3, 0xbc, 0xb6, 0xbe, 0xb7, 0xfc, 0xbb, 0xa1, 0x9c, 0xa7, 0xbe, 0xbe, 
    0xfa, 0xfb, 0xfb, 0xa9, 0xbe, 0xb7, 0xa6, 0xf2, 0xb0, 0xef, 0xb1, 0xfc, 
    0xa6, 0xa0, 0xab, 0x9f, 0xb7, 0xa6, 0xba, 0xbd, 0xb6, 0xfa, 0xf0, 0x81, 
    0xa6, 0xb3, 0xa0, 0xa6, 0x97, 0xbc, 0xb6, 0x90, 0xb3, 0xa6, 0xa6, 0xbe, 
    0xb7, 0xf0, 0xfb, 0xe9, 0xb0, 0xf4, 0xf4, 0xfa, 0xb0, 0xfc, 0xbb, 0xbf, 
    0xa2, 0xbe, 0xb7, 0xbf, 0xb7, 0xbc, 0xa6, 0xb3, 0xa6, 0xbb, 0xbd, 0xbc, 
    0xef, 0xb4, 0xa7, 0xbc, 0xb1, 0xa6, 0xbb, 0xbd, 0xbc, 0xfa, 0xb5, 0xfe, 
    0xaa, 0xfe, 0xa5, 0xfb, 0xa9, 0xa6, 0xa0, 0xab, 0xa9, 0xbe, 0xb7, 0xa6, 
    0xf2, 0x86, 0xef, 0x99, 0xfa, 0xa6, 0xfb, 0xfe, 0x9c, 0xef, 0xaa, 0xfc, 
    0xb4, 0xbb, 0xb7, 0xbe, 0xb6, 0xfa, 0xf0, 0xa4, 0xb3, 0xbe, 0xa7, 0xb7, 
    0x8d, 0x8d, 0xf0, 0xfb, 0xfc, 0xa4, 0xb3, 0xbe, 0xa7, 0xb7, 0xfe, 0x97, 
    0xef, 0x9c, 0xef, 0xef, 0xef, 0xe3, 0xed, 0xe0, 0xe8, 0x9c, 0xef, 0xef, 
    0xef, 0xe0, 0xed, 0xe3, 0xe8, 0xe2, 0xfe, 0x9d, 0xef, 0xa9, 0xfc, 0xfc, 
    0xfc, 0x84, 0xfe, 0xa5, 0xbb, 0xbc, 0x91, 0xb3, 0xbf, 0xa2, 0xe8, 0x97, 
    0xaf, 0xe9, 0x86, 0xf4, 0xf4, 0xfa, 0xb1, 0xbd, 0xbc, 0xa1, 0xbd, 0xbe, 
    0xb7, 0xfc, 0xbe, 0xbd, 0xb5, 0xfa, 0xf0, 0x89, 0x90, 0xb3, 0xa6, 0xa6, 
    0xbe, 0xb7, 0x8f, 0xf2, 0x81, 0xb3, 0xa4, 0xbb, 0xbc, 0xb5, 0xf2, 0xb4, 
    0xbb, 0xbc, 0xb3, 0xbe, 0xf2, 0xb0, 0xb3, 0xa6, 0xa6, 0xbe, 0xb7, 0xf2, 
    0xb6, 0xb3, 0xa6, 0xb3, 0xf2, 0xb0, 0xb7, 0xb4, 0xbd, 0xa0, 0xb7, 0xf2, 
    0xa0, 0xb7, 0xa1, 0xb7, 0xa6, 0xfc, 0xfc, 0xfc, 0xf0, 0xfb, 0xfe, 0x9a, 
    0xb7, 0xfa, 0x86, 0xfe, 0xa9, 0x90, 0xb3, 0xa6, 0xa6, 0xbe, 0xb7, 0xe8, 
    0x9d, 0xfe, 0xa2, 0xbe, 0xb3, 0xab, 0xb7, 0xa0, 0xa1, 0xe8, 0x8b, 0xfe, 
    0xa6, 0xbb, 0xbf, 0xb7, 0xa1, 0xa6, 0xb3, 0xbf, 0xa2, 0xe8, 0xbc, 0xb7, 
    0xa5, 0xf2, 0x96, 0xb3, 0xa6, 0xb7, 0xfa, 0xfb, 0xfc, 0xa6, 0xbd, 0x9b, 
    0x81, 0x9d, 0x81, 0xa6, 0xa0, 0xbb, 0xbc, 0xb5, 0xfa, 0xfb, 0xaf, 0xfb, 
    0xfb, 0xfe, 0x8b, 0xb7, 0xef, 0x97, 0xfe, 0xb1, 0xbd, 0xbc, 0xa1, 0xbd, 
    0xbe, 0xb7, 0xfc, 0xbe, 0xbd, 0xb5, 0xfa, 0xb2, 0x89, 0x85, 0xbb, 0xbc, 
    0x9e, 0xbd, 0xb5, 0x8f, 0xf2, 0x86, 0xb7, 0xb3, 0xbf, 0xf2, 0xab, 0xb3, 
    0xbc, 0xb5, 0xf2, 0xbf, 0xb7, 0xbc, 0xb3, 0xbc, 0xb5, 0xf2, 0xb6, 0xb7, 
    0xbc, 0xb5, 0xb3, 0xbc, 0xf2, 0xbb, 0xb6, 0xf2, 0xe8, 0xf2, 0xf6, 0xa9, 
    0x8b, 0xb7, 0xaf, 0xf2, 0xfa, 0xe3, 0xe8, 0x90, 0xbe, 0xa7, 0xb7, 0xfe, 
    0xf2, 0xe0, 0xe8, 0x80, 0xb7, 0xb6, 0xfb, 0xb2, 0xfb, 0xfe, 0x84, 0xef, 
    0xa9, 0xa5, 0xbb, 0xbc, 0x91, 0xb3, 0xbf, 0xa2, 0xe8, 0xe2, 0xfe, 0xa5, 
    0xb3, 0xb9, 0xa6, 0xa7, 0x82, 0xb7, 0xa0, 0xa6, 0xb3, 0xbc, 0xb6, 0xbb, 
    0xbc, 0xb5, 0xb3, 0xbc, 0xe8, 0xe2, 0xfe, 0xb0, 0xbe, 0xa7, 0xb7, 0x86, 
    0xb7, 0xb3, 0xbf, 0x99, 0xbb, 0xbe, 0xbe, 0xe8, 0xe2, 0xfe, 0xa0, 0xb7, 
    0xb6, 0x86, 0xb7, 0xb3, 0xbf, 0x99, 0xbb, 0xbe, 0xbe, 0xe8, 0xe2, 0xfe, 
    0xb0, 0xbe, 0xa7, 0xb7, 0x86, 0xb7, 0xb3, 0xbf, 0x95, 0xbd, 0xbe, 0xb6, 
    0xe8, 0xe2, 0xfe, 0xa0, 0xb7, 0xb6, 0x86, 0xb7, 0xb3, 0xbf, 0x95, 0xbd, 
    0xbe, 0xb6, 0xe8, 0xe2, 0xfe, 0xb0, 0xbe, 0xa7, 0xb7, 0x86, 0xb7, 0xb3, 
    0xbf, 0x99, 0xbb, 0xbe, 0xbe, 0x9e, 0xbd, 0xa0, 0xb6, 0xe8, 0xe2, 0xfe, 
    0xa0, 0xb7, 0xb6, 0x86, 0xb7, 0xb3, 0xbf, 0x99, 0xbb, 0xbe, 0xbe, 0x9e, 
    0xbd, 0xa0, 0xb6, 0xe8, 0xe2, 0xfe, 0xb0, 0xbe, 0xa7, 0xb7, 0x86, 0xb7, 
    0xb3, 0xbf, 0x99, 0xbb, 0xbe, 0xbe, 0x86, 0xa7, 0xa0, 0xa6, 0xbe, 0xb7, 
    0xe8, 0xe2, 0xfe, 0xa0, 0xb7, 0xb6, 0x86, 0xb7, 0xb3, 0xbf, 0x99, 0xbb, 
    0xbe, 0xbe, 0x86, 0xa7, 0xa0, 0xa6, 0xbe, 0xb7, 0xe8, 0xe2, 0xfe, 0xb0, 
    0xbe, 0xa7, 0xb7, 0x86, 0xb7, 0xb3, 0xbf, 0x96, 0xb7, 0xa1, 0xa6, 0xa0, 
    0xbd, 0xab, 0x86, 0xa7, 0xa0, 0xb7, 0xa6, 0xe8, 0xe2, 0xfe, 0xa0, 0xb7, 
    0xb6, 0x86, 0xb7, 0xb3, 0xbf, 0x96, 0xb7, 0xa1, 0xa6, 0xa0, 0xbd, 0xab, 
    0x86, 0xa7, 0xa0, 0xb7, 0xa6, 0xe8, 0xe2, 0xaf, 0xfe, 0x8b, 0xef, 0x89, 
    0x8f, 0xfe, 0xa0, 0xb7, 0xfc, 0xb1, 0xbe, 0xb7, 0xb3, 0xa0, 0xfa, 0xfb, 
    0xaf, 0xb1, 0xb3, 0xa6, 0xb1, 0xba, 0xfa, 0x86, 0xfb, 0xa9, 0xb1, 0xbd, 
    0xbc, 0xa1, 0xbd, 0xbe, 0xb7, 0xfc, 0xbe, 0xbd, 0xb5, 0xfa, 0xb2, 0x89, 
    0x9a, 0xbd, 0xbd, 0xb9, 0xf2, 0x97, 0xa0, 0xa0, 0xbd, 0xa0, 0x8f, 0xf2, 
    0x81, 0xa6, 0xb3, 0xa0, 0xa6, 0x97, 0xbc, 0xb6, 0x90, 0xb3, 0xa6, 0xa6, 
    0xbe, 0xb7, 0xe8, 0xf2, 0xf6, 0xa9, 0x86, 0xfc, 0xbf, 0xb7, 0xa1, 0xa1, 
    0xb3, 0xb5, 0xb7, 0xaf, 0xb2, 0xfb, 0xaf, 0xa0, 0xb7, 0xa6, 0xa7, 0xa0, 
    0xbc, 0xf2, 0xa6, 0xba, 0xbb, 0xa1, 0xfc, 0xbf, 0xb7, 0xa6, 0xba, 0xbd, 
    0xb6, 0xfa, 0xf0, 0x81, 0xa6, 0xb3, 0xa0, 0xa6, 0x97, 0xbc, 0xb6, 0x90, 
    0xb3, 0xa6, 0xa6, 0xbe, 0xb7, 0xf0, 0xfb, 0xfc, 0xbb, 0xbc, 0xa4, 0xbd, 
    0xb9, 0xb7, 0xfa, 0xb5, 0xfe, 0xaa, 0xfe, 0xa5, 0xfb, 0xaf, 0xfb, 0xaf, 
    0xbe, 0xb7, 0xa6, 0xf2, 0xbe, 0xef, 0xbc, 0xfc, 0xbf, 0xb7, 0xa6, 0xba, 
    0xbd, 0xb6, 0xfa, 0xf0, 0x80, 0xb7, 0xa2, 0xbd, 0xa0, 0xa6, 0x82, 0xbe, 
    0xb3, 0xab, 0xb7, 0xa0, 0x9b, 0xbc, 0xb4, 0xbd, 0x97, 0xaa, 0xf0, 0xfb, 
    0xe9, 0xbe, 0xf4, 0xf4, 0x9b, 0xbc, 0xa6, 0xb7, 0xa0, 0xb1, 0xb7, 0xa2, 
    0xa6, 0xbd, 0xa0, 0xfc, 0xb3, 0xa6, 0xa6, 0xb3, 0xb1, 0xba, 0xfa, 0xbe, 
    0xfc, 0xa4, 0xbb, 0xa0, 0xa6, 0xa7, 0xb3, 0xbe, 0x93, 0xb6, 0xb6, 0xa0, 
    0xb7, 0xa1, 0xa1, 0xfe, 0xa9, 0xbd, 0xbc, 0x9e, 0xb7, 0xb3, 0xa4, 0xb7, 
    0xe8, 0xb4, 0xa7, 0xbc, 0xb1, 0xa6, 0xbb, 0xbd, 0xbc, 0xfa, 0xb0, 0xfb, 
    0xa9, 0xa6, 0xa0, 0xab, 0xa9, 0xbe, 0xb7, 0xa6, 0xf2, 0xb5, 0xef, 0x99, 
    0xfa, 0xa6, 0xfb, 0xe9, 0xb4, 0xfa, 0xf0, 0x9a, 0xbd, 0xbd, 0xb9, 0xf0, 
    0xfe, 0xb2, 0x9d, 0xa2, 0xb7, 0xa0, 0xb3, 0xa6, 0xbd, 0xa0, 0xf2, 0xb3, 
    0xb1, 0xb1, 0xbd, 0xa7, 0xbc, 0xa6, 0xf2, 0x9b, 0x96, 0xe8, 0xf2, 0xf6, 
    0xa9, 0xb5, 0xaf, 0xb2, 0xfb, 0xfe, 0xa0, 0xb7, 0xfc, 0xb1, 0xbe, 0xb7, 
    0xb3, 0xa0, 0xfa, 0xfb, 0xe9, 0xbe, 0xb7, 0xa6, 0xf2, 0xaa, 0xef, 0x8a, 
    0xfa, 0xbc, 0xa7, 0xbe, 0xbe, 0xfe, 0xbc, 0xa7, 0xbe, 0xbe, 0xfe, 0xf3, 
    0xe2, 0xfb, 0xe9, 0xa3, 0xfa, 0xa9, 0xbd, 0xa2, 0xb7, 0xa0, 0xb3, 0xa6, 
    0xbd, 0xa0, 0x9b, 0xb6, 0xe8, 0xb5, 0xfe, 0xa2, 0xbe, 0xb3, 0xab, 0xb7, 
    0xa0, 0xa1, 0xe8, 0xaa, 0xfe, 0xb6, 0xa0, 0xb3, 0xb4, 0xa6, 0x82, 0xba, 
    0xb3, 0xa1, 0xb7, 0xe8, 0xe2, 0xfe, 0xb6, 0xa0, 0xb3, 0xb4, 0xa6, 0x86, 
    0xbb, 0xbf, 0xb7, 0xe8, 0xe2, 0xfe, 0xb1, 0xb3, 0xa2, 0xa6, 0xbb, 0xbd, 
    0xbc, 0xe8, 0xf0, 0xf0, 0xfe, 0xbf, 0xb3, 0xa2, 0x96, 0xa0, 0xb3, 0xa5, 
    0xe8, 0x9b, 0xaf, 0xfb, 0xaf, 0xb1, 0xb3, 0xa6, 0xb1, 0xba, 0xfa, 0xb5, 
    0xfb, 0xa9, 0xb4, 0xfa, 0xf0, 0x9a, 0xbd, 0xbd, 0xb9, 0xf0, 0xfe, 0xb2, 
    0x97, 0xa0, 0xa0, 0xbd, 0xa0, 0xf2, 0xbb, 0xbc, 0xf2, 0x80, 0xb7, 0xa2, 
    0xbd, 0xa0, 0xa6, 0x82, 0xbe, 0xb3, 0xab, 0xb7, 0xa0, 0x9b, 0xbc, 0xb4, 
    0xbd, 0x97, 0xaa, 0xe8, 0xf2, 0xf6, 0xa9, 0xb5, 0xfc, 0xbf, 0xb7, 0xa1, 
    0xa1, 0xb3, 0xb5, 0xb7, 0xaf, 0xb2, 0xfb, 0xaf, 0xaf, 0xaf, 0xfb, 0xe9, 
    0xbe, 0xb7, 0xa6, 0xf2, 0xba, 0xef, 0xbc, 0xfc, 0xbf, 0xb7, 0xa6, 0xba, 
    0xbd, 0xb6, 0xfa, 0xf0, 0x80, 0xb7, 0xa2, 0xbd, 0xa0, 0xa6, 0x82, 0xbb, 
    0xb1, 0xb9, 0x9a, 0xb7, 0xa0, 0xbd, 0x81, 0xa6, 0xb3, 0xa0, 0xa6, 0xf0, 
    0xfb, 0xe9, 0xba, 0xf4, 0xf4, 0x9b, 0xbc, 0xa6, 0xb7, 0xa0, 0xb1, 0xb7, 
    0xa2, 0xa6, 0xbd, 0xa0, 0xfc, 0xb3, 0xa6, 0xa6, 0xb3, 0xb1, 0xba, 0xfa, 
    0xba, 0xfc, 0xa4, 0xbb, 0xa0, 0xa6, 0xa7, 0xb3, 0xbe, 0x93, 0xb6, 0xb6, 
    0xa0, 0xb7, 0xa1, 0xa1, 0xfe, 0xa9, 0xbd, 0xbc, 0x97, 0xbc, 0xa6, 0xb7, 
    0xa0, 0xe8, 0xb4, 0xa7, 0xbc, 0xb1, 0xa6, 0xbb, 0xbd, 0xbc, 0xfa, 0xb0, 
    0xfb, 0xa9, 0xa6, 0xa0, 0xab, 0xa9, 0xbe, 0xb7, 0xa6, 0xf2, 0xb5, 0xef, 
    0xb0, 0x89, 0xe3, 0x8f, 0xfe, 0xa5, 0xef, 0xbc, 0xb7, 0xa5, 0xf2, 0x9b, 
    0xbe, 0xe0, 0x91, 0xa2, 0xa2, 0xfc, 0x9d, 0xb0, 0xb8, 0xb7, 0xb1, 0xa6, 
    0xfa, 0xb5, 0xfb, 0xfc, 0xb4, 0xbb, 0xb7, 0xbe, 0xb6, 0xfa, 0xf0, 0xbe, 
    0x87, 0xbb, 0xb6, 0xf0, 0xfb, 0xfc, 0xa4, 0xb3, 0xbe, 0xa7, 0xb7, 0xfc, 
    0xa6, 0xbd, 0x81, 0xa6, 0xa0, 0xbb, 0xbc, 0xb5, 0xfa, 0xfb, 0xe9, 0xb4, 
    0xfa, 0xf0, 0x9a, 0xbd, 0xbd, 0xb9, 0xf0, 0xfe, 0xb2, 0x80, 0xb7, 0xa2, 
    0xbd, 0xa0, 0xa6, 0x82, 0xbb, 0xb1, 0xb9, 0x9a, 0xb7, 0xa0, 0xbd, 0x81, 
    0xa6, 0xb3, 0xa0, 0xa6, 0xf2, 0xb3, 0xb1, 0xa6, 0xbb, 0xa4, 0xb7, 0xf2, 
    0x87, 0x9b, 0x96, 0xe8, 0xf2, 0xf6, 0xa9, 0xa5, 0xaf, 0xb2, 0xfb, 0xe9, 
    0xbe, 0xb7, 0xa6, 0xf2, 0x86, 0xef, 0x99, 0xfa, 0xa6, 0xfb, 0xfe, 0x9c, 
    0xef, 0x8a, 0xfa, 0xa5, 0xfe, 0xfa, 0xf6, 0xfe, 0xa4, 0xfb, 0xef, 0xec, 
    0xa9, 0xf6, 0xef, 0xef, 0xef, 0xa5, 0xf4, 0xf4, 0xfa, 0xa4, 0xfc, 0xa2, 
    0xbb, 0xb1, 0xb9, 0x82, 0xba, 0xb3, 0xa1, 0xb7, 0xef, 0xf3, 0xe2, 0xfb, 
    0xaf, 0xfb, 0xfe, 0x97, 0xef, 0x9c, 0xfc, 0xb4, 0xbb, 0xbc, 0xb6, 0xfa, 
    0xf6, 0xef, 0xec, 0xf6, 0xfc, 0xbb, 0xb6, 0xef, 0xef, 0xef, 0xa5, 0xfb, 
    0xfe, 0x9d, 0xef, 0x97, 0xed, 0x97, 0xfc, 0xa6, 0xb7, 0xb3, 0xbf, 0xe8, 
    0xe2, 0xfe, 0xa8, 0xef, 0x9c, 0xfc, 0xa1, 0xbd, 0xbf, 0xb7, 0xfa, 0xf6, 
    0xef, 0xec, 0xf6, 0xfc, 0xa6, 0xb7, 0xb3, 0xbf, 0xef, 0xef, 0xef, 0xe3, 
    0xf4, 0xf4, 0xf6, 0xfc, 0xa2, 0xbb, 0xb1, 0xb9, 0x82, 0xba, 0xb3, 0xa1, 
    0xb7, 0xfb, 0xfe, 0x93, 0xef, 0x9c, 0xfc, 0xa1, 0xbd, 0xbf, 0xb7, 0xfa, 
    0xf6, 0xef, 0xec, 0xf6, 0xfc, 0xa6, 0xb7, 0xb3, 0xbf, 0xef, 0xef, 0xef, 
    0xe0, 0xf4, 0xf4, 0xf6, 0xfc, 0xa2, 0xbb, 0xb1, 0xb9, 0x82, 0xba, 0xb3, 
    0xa1, 0xb7, 0xfb, 0xfe, 0x87, 0xef, 0xf0, 0xf0, 0xfe, 0x95, 0xef, 0xe2, 
    0xe9, 0xa8, 0xf4, 0xf4, 0x93, 0xed, 0xfa, 0x87, 0xef, 0xf0, 0x90, 0xbd, 
    0xa6, 0xba, 0xf2, 0x86, 0xb7, 0xb3, 0xbf, 0xa1, 0xf2, 0x82, 0xbb, 0xb1, 
    0xb9, 0xf0, 0xfe, 0x95, 0xef, 0xe4, 0xfb, 0xe8, 0xa8, 0xed, 0xfa, 0x87, 
    0xef, 0xf0, 0x90, 0xbe, 0xa7, 0xb7, 0xf2, 0x86, 0xb7, 0xb3, 0xbf, 0xf2, 
    0x82, 0xbb, 0xb1, 0xb9, 0xf0, 0xfe, 0x95, 0xef, 0xe6, 0xfb, 0xe8, 0x93, 
    0xf4, 0xf4, 0xfa, 0x87, 0xef, 0xf0, 0x80, 0xb7, 0xb6, 0xf2, 0x86, 0xb7, 
    0xb3, 0xbf, 0xf2, 0x82, 0xbb, 0xb1, 0xb9, 0xf0, 0xfe, 0x95, 0xef, 0xe7, 
    0xfb, 0xfe, 0xa3, 0xfa, 0xa9, 0xbd, 0xa2, 0xb7, 0xa0, 0xb3, 0xa6, 0xbd, 
    0xa0, 0x9b, 0xb6, 0xe8, 0x86, 0xfe, 0xa2, 0xbe, 0xb3, 0xab, 0xb7, 0xa0, 
    0xa1, 0xe8, 0x9c, 0xfe, 0xb6, 0xa0, 0xb3, 0xb4, 0xa6, 0x82, 0xba, 0xb3, 
    0xa1, 0xb7, 0xe8, 0x95, 0xfe, 0xb1, 0xb3, 0xa2, 0xa6, 0xbb, 0xbd, 0xbc, 
    0xe8, 0x87, 0xfe, 0xbf, 0xb3, 0xa2, 0x96, 0xa0, 0xb3, 0xa5, 0xe8, 0x9b, 
    0xaf, 0xfb, 0xaf, 0xb1, 0xb3, 0xa6, 0xb1, 0xba, 0xfa, 0xb5, 0xfb, 0xa9, 
    0xb4, 0xfa, 0xf0, 0x9a, 0xbd, 0xbd, 0xb9, 0xf0, 0xfe, 0xb2, 0x97, 0xa0, 
    0xa0, 0xbd, 0xa0, 0xf2, 0xbb, 0xbc, 0xf2, 0x80, 0xb7, 0xa2, 0xbd, 0xa0, 
    0xa6, 0x82, 0xbb, 0xb1, 0xb9, 0x9a, 0xb7, 0xa0, 0xbd, 0x81, 0xa6, 0xb3, 
    0xa0, 0xa6, 0xe8, 0xf2, 0xf6, 0xa9, 0xb5, 0xfc, 0xbf, 0xb7, 0xa1, 0xa1, 
    0xb3, 0xb5, 0xb7, 0xaf, 0xb2, 0xfb, 0xaf, 0xaf, 0xaf, 0xfb, 0xe9, 0xbe, 
    0xb7, 0xa6, 0xf2, 0xa2, 0xef, 0xbc, 0xfc, 0xbf, 0xb7, 0xa6, 0xba, 0xbd, 
    0xb6, 0xfa, 0xf0, 0x80, 0xb7, 0xa2, 0xbd, 0xa0, 0xa6, 0x82, 0xbb, 0xb1, 
    0xb9, 0x9a, 0xb7, 0xa0, 0xbd, 0xf0, 0xfb, 0xe9, 0xa2, 0xf4, 0xf4, 0x9b, 
    0xbc, 0xa6, 0xb7, 0xa0, 0xb1, 0xb7, 0xa2, 0xa6, 0xbd, 0xa0, 0xfc, 0xb3, 
    0xa6, 0xa6, 0xb3, 0xb1, 0xba, 0xfa, 0xa2, 0xfc, 0xa4, 0xbb, 0xa0, 0xa6, 
    0xa7, 0xb3, 0xbe, 0x93, 0xb6, 0xb6, 0xa0, 0xb7, 0xa1, 0xa1, 0xfe, 0xa9, 
    0xbd, 0xbc, 0x97, 0xbc, 0xa6, 0xb7, 0xa0, 0xe8, 0xb4, 0xa7, 0xbc, 0xb1, 
    0xa6, 0xbb, 0xbd, 0xbc, 0xfa, 0xb0, 0xfb, 0xa9, 0xa6, 0xa0, 0xab, 0xa9, 
    0xbe, 0xb7, 0xa6, 0xf2, 0xb5, 0xef, 0xb0, 0x89, 0xe3, 0x8f, 0xfe, 0xaa, 
    0xef, 0xb0, 0x89, 0xe0, 0x8f, 0xfc, 0xa6, 0xbd, 0x9b, 0xbc, 0xa6, 0xe1, 
    0xe0, 0xfa, 0xfb, 0xfe, 0x86, 0xef, 0xbc, 0xb7, 0xa5, 0xf2, 0x9b, 0xbe, 
    0xe0, 0x91, 0xa2, 0xa2, 0xfc, 0x9d, 0xb0, 0xb8, 0xb7, 0xb1, 0xa6, 0xfa, 
    0xb5, 0xfb, 0xfc, 0xb4, 0xbb, 0xb7, 0xbe, 0xb6, 0xfa, 0xf0, 0xbe, 0x87, 
    0xbb, 0xb6, 0xf0, 0xfb, 0xfc, 0xa4, 0xb3, 0xbe, 0xa7, 0xb7, 0xfc, 0xa6, 
    0xbd, 0x81, 0xa6, 0xa0, 0xbb, 0xbc, 0xb5, 0xfa, 0xfb, 0xe9, 0xb4, 0xfa, 
    0xf0, 0x9a, 0xbd, 0xbd, 0xb9, 0xf0, 0xfe, 0xb2, 0x80, 0xb7, 0xa2, 0xbd, 
    0xa0, 0xa6, 0x82, 0xbb, 0xb1, 0xb9, 0x9a, 0xb7, 0xa0, 0xbd, 0xf2, 0x87, 
    0x9b, 0x96, 0xe8, 0xf2, 0xf6, 0xa9, 0x86, 0xaf, 0xfe, 0xf2, 0xba, 0xb7, 
    0xa0, 0xbd, 0x9b, 0x96, 0xe8, 0xf2, 0xf6, 0xa9, 0xaa, 0xaf, 0xb2, 0xfb, 
    0xe9, 0xbe, 0xb7, 0xa6, 0xf2, 0x9c, 0xef, 0x99, 0xfa, 0xa6, 0xfb, 0xfe, 
    0x97, 0xef, 0x8a, 0xfa, 0x86, 0xfe, 0xfa, 0xa4, 0xfe, 0x98, 0xfb, 0xef, 
    0xec, 0xa9, 0xa4, 0xef, 0xef, 0xef, 0x86, 0xf4, 0xf4, 0xfa, 0x98, 0xfc, 
    0xa2, 0xbb, 0xb1, 0xb9, 0x82, 0xba, 0xb3, 0xa1, 0xb7, 0xef, 0xf3, 0xe3, 
    0xfe, 0x98, 0xfc, 0x81, 0xb7, 0xbe, 0x9a, 0xb7, 0xa0, 0xbd, 0x9b, 0x96, 
    0xef, 0xaa, 0xfb, 0xaf, 0xfb, 0xfe, 0x9d, 0xef, 0x97, 0xfc, 0xb4, 0xbb, 
    0xbc, 0xb6, 0xfa, 0xa4, 0xef, 0xec, 0xa4, 0xfc, 0xbb, 0xb6, 0xef, 0xef, 
    0xef, 0x86, 0xfb, 0xfe, 0xa8, 0xef, 0x9d, 0xed, 0x9d, 0xfc, 0xa6, 0xb7, 
    0xb3, 0xbf, 0xe8, 0xe2, 0xfe, 0x93, 0xef, 0x97, 0xfc, 0xa1, 0xbd, 0xbf, 
    0xb7, 0xfa, 0xa4, 0xef, 0xec, 0xa4, 0xfc, 0xa6, 0xb7, 0xb3, 0xbf, 0xef, 
    0xef, 0xef, 0xe3, 0xf4, 0xf4, 0xa4, 0xfc, 0xa2, 0xbb, 0xb1, 0xb9, 0x82, 
    0xba, 0xb3, 0xa1, 0xb7, 0xfb, 0xfe, 0x87, 0xef, 0x97, 0xfc, 0xa1, 0xbd, 
    0xbf, 0xb7, 0xfa, 0xa4, 0xef, 0xec, 0xa4, 0xfc, 0xa6, 0xb7, 0xb3, 0xbf, 
    0xef, 0xef, 0xef, 0xe0, 0xf4, 0xf4, 0xa4, 0xfc, 0xa2, 0xbb, 0xb1, 0xb9, 
    0x82, 0xba, 0xb3, 0xa1, 0xb7, 0xfb, 0xfe, 0x95, 0xef, 0xf0, 0xf0, 0xfe, 
    0xf6, 0xef, 0xe2, 0xe9, 0x93, 0xf4, 0xf4, 0x87, 0xed, 0xfa, 0x95, 0xef, 
    0xf0, 0x90, 0xbd, 0xa6, 0xba, 0xf2, 0x86, 0xb7, 0xb3, 0xbf, 0xa1, 0xf2, 
    0x82, 0xbb, 0xb1, 0xb9, 0xf0, 0xfe, 0xf6, 0xef, 0xe4, 0xfb, 0xe8, 0x93, 
    0xed, 0xfa, 0x95, 0xef, 0xf0, 0x90, 0xbe, 0xa7, 0xb7, 0xf2, 0x86, 0xb7, 
    0xb3, 0xbf, 0xf2, 0x82, 0xbb, 0xb1, 0xb9, 0xf0, 0xfe, 0xf6, 0xef, 0xe6, 
    0xfb, 0xe8, 0x87, 0xf4, 0xf4, 0xfa, 0x95, 0xef, 0xf0, 0x80, 0xb7, 0xb6, 
    0xf2, 0x86, 0xb7, 0xb3, 0xbf, 0xf2, 0x82, 0xbb, 0xb1, 0xb9, 0xf0, 0xfe, 
    0xf6, 0xef, 0xe7, 0xfb, 0xfe, 0xa3, 0xfa, 0xa9, 0xbd, 0xa2, 0xb7, 0xa0, 
    0xb3, 0xa6, 0xbd, 0xa0, 0x9b, 0xb6, 0xe8, 0x9c, 0xfe, 0xa2, 0xbe, 0xb3, 
    0xab, 0xb7, 0xa0, 0xa1, 0xe8, 0x97, 0xfe, 0xb6, 0xa0, 0xb3, 0xb4, 0xa6, 
    0x82, 0xba, 0xb3, 0xa1, 0xb7, 0xe8, 0xf6, 0xfe, 0xb1, 0xb3, 0xa2, 0xa6, 
    0xbb, 0xbd, 0xbc, 0xe8, 0x95, 0xfe, 0xbf, 0xb3, 0xa2, 0x96, 0xa0, 0xb3, 
    0xa5, 0xe8, 0x9b, 0xaf, 0xfb, 0xaf, 0xb1, 0xb3, 0xa6, 0xb1, 0xba, 0xfa, 
    0xb5, 0xfb, 0xa9, 0xb4, 0xfa, 0xf0, 0x9a, 0xbd, 0xbd, 0xb9, 0xf0, 0xfe, 
    0xb2, 0x97, 0xa0, 0xa0, 0xbd, 0xa0, 0xf2, 0xbb, 0xbc, 0xf2, 0x80, 0xb7, 
    0xa2, 0xbd, 0xa0, 0xa6, 0x82, 0xbb, 0xb1, 0xb9, 0x9a, 0xb7, 0xa0, 0xbd, 
    0xe8, 0xf2, 0xf6, 0xa9, 0xb5, 0xfc, 0xbf, 0xb7, 0xa1, 0xa1, 0xb3, 0xb5, 
    0xb7, 0xaf, 0xb2, 0xfb, 0xaf, 0xaf, 0xaf, 0xfb, 0xe9, 0xbe, 0xb7, 0xa6, 
    0xf2, 0xab, 0xef, 0xbc, 0xfc, 0xbf, 0xb7, 0xa6, 0xba, 0xbd, 0xb6, 0xfa, 
    0xf0, 0x80, 0xb7, 0xa2, 0xbd, 0xa0, 0xa6, 0x90, 0xb3, 0xbc, 0x81, 0xa6, 
    0xb3, 0xa0, 0xa6, 0xf0, 0xfb, 0xe9, 0xab, 0xf4, 0xf4, 0x9b, 0xbc, 0xa6, 
    0xb7, 0xa0, 0xb1, 0xb7, 0xa2, 0xa6, 0xbd, 0xa0, 0xfc, 0xb3, 0xa6, 0xa6, 
    0xb3, 0xb1, 0xba, 0xfa, 0xab, 0xfc, 0xa4, 0xbb, 0xa0, 0xa6, 0xa7, 0xb3, 
    0xbe, 0x93, 0xb6, 0xb6, 0xa0, 0xb7, 0xa1, 0xa1, 0xfe, 0xa9, 0xbd, 0xbc, 
    0x97, 0xbc, 0xa6, 0xb7, 0xa0, 0xe8, 0xb4, 0xa7, 0xbc, 0xb1, 0xa6, 0xbb, 
    0xbd, 0xbc, 0xfa, 0xb0, 0xfb, 0xa9, 0xa6, 0xa0, 0xab, 0xa9, 0xbe, 0xb7, 
    0xa6, 0xf2, 0xb5, 0xef, 0xb0, 0x89, 0xe3, 0x8f, 0xfe, 0xaa, 0xef, 0xb0, 
    0x89, 0xe0, 0x8f, 0xfc, 0xa6, 0xbd, 0x9b, 0xbc, 0xa6, 0xe1, 0xe0, 0xfa, 
    0xfb, 0xfe, 0x86, 0xef, 0xbc, 0xb7, 0xa5, 0xf2, 0x9b, 0xbe, 0xe0, 0x91, 
    0xa2, 0xa2, 0xfc, 0x9d, 0xb0, 0xb8, 0xb7, 0xb1, 0xa6, 0xfa, 0xb5, 0xfb, 
    0xfc, 0xb4, 0xbb, 0xb7, 0xbe, 0xb6, 0xfa, 0xf0, 0xbe, 0x87, 0xbb, 0xb6, 
    0xf0, 0xfb, 0xfc, 0xa4, 0xb3, 0xbe, 0xa7, 0xb7, 0xfc, 0xa6, 0xbd, 0x81, 
    0xa6, 0xa0, 0xbb, 0xbc, 0xb5, 0xfa, 0xfb, 0xe9, 0xb4, 0xfa, 0xf0, 0x9a, 
    0xbd, 0xbd, 0xb9, 0xf0, 0xfe, 0xb2, 0x80, 0xb7, 0xa2, 0xbd, 0xa0, 0xa6, 
    0x90, 0xb3, 0xbc, 0x81, 0xa6, 0xb3, 0xa0, 0xa6, 0xf2, 0x87, 0x9b, 0x96, 
    0xe8, 0xf2, 0xf6, 0xa9, 0x86, 0xaf, 0xfe, 0xf2, 0xa6, 0xbb, 0xbf, 0xb7, 
    0xe8, 0xf2, 0xf6, 0xa9, 0xaa, 0xaf, 0xb2, 0xfb, 0xe9, 0xbe, 0xb7, 0xa6, 
    0xf2, 0x9c, 0xef, 0x99, 0xfa, 0xa6, 0xfb, 0xfe, 0x97, 0xef, 0x8a, 0xfa, 
    0x86, 0xfe, 0xfa, 0xa4, 0xfe, 0x98, 0xfb, 0xef, 0xec, 0xa9, 0xa4, 0xef, 
    0xef, 0xef, 0x86, 0xf4, 0xf4, 0xfa, 0x98, 0xfc, 0xb0, 0xb3, 0xbc, 0x82, 
    0xba, 0xb3, 0xa1, 0xb7, 0xef, 0xf3, 0xe2, 0xfb, 0xaf, 0xfb, 0xfe, 0x9d, 
    0xef, 0x97, 0xfc, 0xb4, 0xbb, 0xbc, 0xb6, 0xfa, 0xa4, 0xef, 0xec, 0xa4, 
    0xfc, 0xbb, 0xb6, 0xef, 0xef, 0xef, 0x86, 0xfb, 0xfe, 0xa8, 0xef, 0x9d, 
    0xed, 0x9d, 0xfc, 0xa6, 0xb7, 0xb3, 0xbf, 0xe8, 0xe2, 0xfe, 0x93, 0xef, 
    0x97, 0xfc, 0xa1, 0xbd, 0xbf, 0xb7, 0xfa, 0xa4, 0xef, 0xec, 0xa4, 0xfc, 
    0xa6, 0xb7, 0xb3, 0xbf, 0xef, 0xef, 0xef, 0xe3, 0xf4, 0xf4, 0xa4, 0xfc, 
    0xb0, 0xb3, 0xbc, 0x82, 0xba, 0xb3, 0xa1, 0xb7, 0xfb, 0xfe, 0x87, 0xef, 
    0x97, 0xfc, 0xa1, 0xbd, 0xbf, 0xb7, 0xfa, 0xa4, 0xef, 0xec, 0xa4, 0xfc, 
    0xa6, 0xb7, 0xb3, 0xbf, 0xef, 0xef, 0xef, 0xe0, 0xf4, 0xf4, 0xa4, 0xfc, 
    0xb0, 0xb3, 0xbc, 0x82, 0xba, 0xb3, 0xa1, 0xb7, 0xfb, 0xfe, 0x95, 0xef, 
    0xf0, 0xf0, 0xfe, 0xf6, 0xef, 0xe2, 0xe9, 0x93, 0xf4, 0xf4, 0x87, 0xed, 
    0xfa, 0x95, 0xef, 0xf0, 0x90, 0xbd, 0xa6, 0xba, 0xf2, 0x86, 0xb7, 0xb3, 
    0xbf, 0xa1, 0xf2, 0x90, 0xb3, 0xbc, 0xf0, 0xfe, 0xf6, 0xef, 0xe1, 0xfb, 
    0xe8, 0x93, 0xed, 0xfa, 0x95, 0xef, 0xf0, 0x90, 0xbe, 0xa7, 0xb7, 0xf2, 
    0x86, 0xb7, 0xb3, 0xbf, 0xf2, 0x90, 0xb3, 0xbc, 0xf0, 0xfe, 0xf6, 0xef, 
    0xe3, 0xfb, 0xe8, 0x87, 0xf4, 0xf4, 0xfa, 0x95, 0xef, 0xf0, 0x80, 0xb7, 
    0xb6, 0xf2, 0x86, 0xb7, 0xb3, 0xbf, 0xf2, 0x90, 0xb3, 0xbc, 0xf0, 0xfe, 
    0xf6, 0xef, 0xe0, 0xfb, 0xfe, 0xa3, 0xfa, 0xa9, 0xbd, 0xa2, 0xb7, 0xa0, 
    0xb3, 0xa6, 0xbd, 0xa0, 0x9b, 0xb6, 0xe8, 0x9c, 0xfe, 0xa2, 0xbe, 0xb3, 
    0xab, 0xb7, 0xa0, 0xa1, 0xe8, 0x97, 0xfe, 0xb6, 0xa0, 0xb3, 0xb4, 0xa6, 
    0x82, 0xba, 0xb3, 0xa1, 0xb7, 0xe8, 0xf6, 0xfe, 0xb1, 0xb3, 0xa2, 0xa6, 
    0xbb, 0xbd, 0xbc, 0xe8, 0x95, 0xfe, 0xbf, 0xb3, 0xa2, 0x96, 0xa0, 0xb3, 
    0xa5, 0xe8, 0x9b, 0xaf, 0xfb, 0xaf, 0xb1, 0xb3, 0xa6, 0xb1, 0xba, 0xfa, 
    0xb5, 0xfb, 0xa9, 0xb4, 0xfa, 0xf0, 0x9a, 0xbd, 0xbd, 0xb9, 0xf0, 0xfe, 
    0xb2, 0x97, 0xa0, 0xa0, 0xbd, 0xa0, 0xf2, 0xbb, 0xbc, 0xf2, 0x80, 0xb7, 
    0xa2, 0xbd, 0xa0, 0xa6, 0x90, 0xb3, 0xbc, 0x81, 0xa6, 0xb3, 0xa0, 0xa6, 
    0xe8, 0xf2, 0xf6, 0xa9, 0xb5, 0xfc, 0xbf, 0xb7, 0xa1, 0xa1, 0xb3, 0xb5, 
    0xb7, 0xaf, 0xb2, 0xfb, 0xaf, 0xaf, 0xaf, 0xfb, 0xe9, 0xbe, 0xb7, 0xa6, 
    0xf2, 0x81, 0xef, 0xbc, 0xfc, 0xbf, 0xb7, 0xa6, 0xba, 0xbd, 0xb6, 0xfa, 
    0xf0, 0x80, 0xb7, 0xa2, 0xbd, 0xa0, 0xa6, 0x90, 0xb3, 0xbc, 0x9a, 0xb7, 
    0xa0, 0xbd, 0xf0, 0xfb, 0xe9, 0x81, 0xf4, 0xf4, 0x9b, 0xbc, 0xa6, 0xb7, 
    0xa0, 0xb1, 0xb7, 0xa2, 0xa6, 0xbd, 0xa0, 0xfc, 0xb3, 0xa6, 0xa6, 0xb3, 
    0xb1, 0xba, 0xfa, 0x81, 0xfc, 0xa4, 0xbb, 0xa0, 0xa6, 0xa7, 0xb3, 0xbe, 
    0x93, 0xb6, 0xb6, 0xa0, 0xb7, 0xa1, 0xa1, 0xfe, 0xa9, 0xbd, 0xbc, 0x97, 
    0xbc, 0xa6, 0xb7, 0xa0, 0xe8, 0xb4, 0xa7, 0xbc, 0xb1, 0xa6, 0xbb, 0xbd, 
    0xbc, 0xfa, 0xb0, 0xfb, 0xa9, 0xa6, 0xa0, 0xab, 0xa9, 0xbe, 0xb7, 0xa6, 
    0xf2, 0xb5, 0xef, 0xb0, 0x89, 0xe3, 0x8f, 0xfe, 0xaa, 0xef, 0xb0, 0x89, 
    0xe0, 0x8f, 0xfc, 0xa6, 0xbd, 0x9b, 0xbc, 0xa6, 0xe1, 0xe0, 0xfa, 0xfb, 
    0xfe, 0x86, 0xef, 0xbc, 0xb7, 0xa5, 0xf2, 0x9b, 0xbe, 0xe0, 0x91, 0xa2, 
    0xa2, 0xfc, 0x9d, 0xb0, 0xb8, 0xb7, 0xb1, 0xa6, 0xfa, 0xb5, 0xfb, 0xfc, 
    0xb4, 0xbb, 0xb7, 0xbe, 0xb6, 0xfa, 0xf0, 0xbe, 0x87, 0xbb, 0xb6, 0xf0, 
    0xfb, 0xfc, 0xa4, 0xb3, 0xbe, 0xa7, 0xb7, 0xfc, 0xa6, 0xbd, 0x81, 0xa6, 
    0xa0, 0xbb, 0xbc, 0xb5, 0xfa, 0xfb, 0xe9, 0xb4, 0xfa, 0xf0, 0x9a, 0xbd, 
    0xbd, 0xb9, 0xf0, 0xfe, 0xb2, 0x80, 0xb7, 0xa2, 0xbd, 0xa0, 0xa6, 0x90, 
    0xb3, 0xbc, 0x9a, 0xb7, 0xa0, 0xbd, 0xf2, 0x87, 0x9b, 0x96, 0xe8, 0xf2, 
    0xf6, 0xa9, 0x86, 0xaf, 0xfe, 0xf2, 0xba, 0xb7, 0xa0, 0xbd, 0x9b, 0x96, 
    0xe8, 0xf2, 0xf6, 0xa9, 0xaa, 0xaf, 0xb2, 0xfb, 0xe9, 0xbe, 0xb7, 0xa6, 
    0xf2, 0x9c, 0xef, 0x99, 0xfa, 0xa6, 0xfb, 0xfe, 0x97, 0xef, 0x8a, 0xfa, 
    0x86, 0xfe, 0xfa, 0xa4, 0xfe, 0x98, 0xfb, 0xef, 0xec, 0xa9, 0xa4, 0xef, 
    0xef, 0xef, 0x86, 0xf4, 0xf4, 0xfa, 0x98, 0xfc, 0xb0, 0xb3, 0xbc, 0x82, 
    0xba, 0xb3, 0xa1, 0xb7, 0xef, 0xf3, 0xe3, 0xfe, 0x98, 0xfc, 0xb0, 0xb3, 
    0xbc, 0x9a, 0xb7, 0xa0, 0xbd, 0xef, 0xaa, 0xfb, 0xaf, 0xfb, 0xfe, 0x9d, 
    0xef, 0x97, 0xfc, 0xb4, 0xbb, 0xbc, 0xb6, 0xfa, 0xa4, 0xef, 0xec, 0xa4, 
    0xfc, 0xbb, 0xb6, 0xef, 0xef, 0xef, 0x86, 0xfb, 0xfe, 0xa8, 0xef, 0x9d, 
    0xed, 0x9d, 0xfc, 0xa6, 0xb7, 0xb3, 0xbf, 0xe8, 0xe2, 0xfe, 0x93, 0xef, 
    0x97, 0xfc, 0xa1, 0xbd, 0xbf, 0xb7, 0xfa, 0xa4, 0xef, 0xec, 0xa4, 0xfc, 
    0xa6, 0xb7, 0xb3, 0xbf, 0xef, 0xef, 0xef, 0xe3, 0xf4, 0xf4, 0xa4, 0xfc, 
    0xb0, 0xb3, 0xbc, 0x82, 0xba, 0xb3, 0xa1, 0xb7, 0xfb, 0xfe, 0x87, 0xef, 
    0x97, 0xfc, 0xa1, 0xbd, 0xbf, 0xb7, 0xfa, 0xa4, 0xef, 0xec, 0xa4, 0xfc, 
    0xa6, 0xb7, 0xb3, 0xbf, 0xef, 0xef, 0xef, 0xe0, 0xf4, 0xf4, 0xa4, 0xfc, 
    0xb0, 0xb3, 0xbc, 0x82, 0xba, 0xb3, 0xa1, 0xb7, 0xfb, 0xfe, 0x95, 0xef, 
    0xf0, 0xf0, 0xfe, 0xf6, 0xef, 0xe2, 0xe9, 0x93, 0xf4, 0xf4, 0x87, 0xed, 
    0xfa, 0x95, 0xef, 0xf0, 0x90, 0xbd, 0xa6, 0xba, 0xf2, 0x86, 0xb7, 0xb3, 
    0xbf, 0xa1, 0xf2, 0x90, 0xb3, 0xbc, 0xf0, 0xfe, 0xf6, 0xef, 0xe1, 0xfb, 
    0xe8, 0x93, 0xed, 0xfa, 0x95, 0xef, 0xf0, 0x90, 0xbe, 0xa7, 0xb7, 0xf2, 
    0x86, 0xb7, 0xb3, 0xbf, 0xf2, 0x90, 0xb3, 0xbc, 0xf0, 0xfe, 0xf6, 0xef, 
    0xe3, 0xfb, 0xe8, 0x87, 0xf4, 0xf4, 0xfa, 0x95, 0xef, 0xf0, 0x80, 0xb7, 
    0xb6, 0xf2, 0x86, 0xb7, 0xb3, 0xbf, 0xf2, 0x90, 0xb3, 0xbc, 0xf0, 0xfe, 
    0xf6, 0xef, 0xe0, 0xfb, 0xfe, 0xa3, 0xfa, 0xa9, 0xbd, 0xa2, 0xb7, 0xa0, 
    0xb3, 0xa6, 0xbd, 0xa0, 0x9b, 0xb6, 0xe8, 0x9c, 0xfe, 0xa2, 0xbe, 0xb3, 
    0xab, 0xb7, 0xa0, 0xa1, 0xe8, 0x97, 0xfe, 0xb6, 0xa0, 0xb3, 0xb4, 0xa6, 
    0x82, 0xba, 0xb3, 0xa1, 0xb7, 0xe8, 0xf6, 0xfe, 0xb1, 0xb3, 0xa2, 0xa6, 
    0xbb, 0xbd, 0xbc, 0xe8, 0x95, 0xfe, 0xbf, 0xb3, 0xa2, 0x96, 0xa0, 0xb3, 
    0xa5, 0xe8, 0x9b, 0xaf, 0xfb, 0xaf, 0xb1, 0xb3, 0xa6, 0xb1, 0xba, 0xfa, 
    0xb5, 0xfb, 0xa9, 0xb4, 0xfa, 0xf0, 0x9a, 0xbd, 0xbd, 0xb9, 0xf0, 0xfe, 
    0xb2, 0x97, 0xa0, 0xa0, 0xbd, 0xa0, 0xf2, 0xbb, 0xbc, 0xf2, 0x80, 0xb7, 
    0xa2, 0xbd, 0xa0, 0xa6, 0x90, 0xb3, 0xbc, 0x9a, 0xb7, 0xa0, 0xbd, 0xe8, 
    0xf2, 0xf6, 0xa9, 0xb5, 0xfc, 0xbf, 0xb7, 0xa1, 0xa1, 0xb3, 0xb5, 0xb7, 
    0xaf, 0xb2, 0xfb, 0xaf, 0xaf, 0xaf, 0xfb, 0xe9, 0xbe, 0xb7, 0xa6, 0xf2, 
    0x9f, 0xef, 0xa1, 0xfc, 0xbf, 0xb7, 0xa6, 0xba, 0xbd, 0xb6, 0xfa, 0xf0, 
    0x80, 0xb7, 0xb1, 0xb7, 0x81, 0xa6, 0xb3, 0xa0, 0xa6, 0x91, 0xba, 0xb3, 
    0xbc, 0xb5, 0xb7, 0xf0, 0xfb, 0xe9, 0x9f, 0xf4, 0xf4, 0x9b, 0xbc, 0xa6, 
    0xb7, 0xa0, 0xb1, 0xb7, 0xa2, 0xa6, 0xbd, 0xa0, 0xfc, 0xb3, 0xa6, 0xa6, 
    0xb3, 0xb1, 0xba, 0xfa, 0x9f, 0xfc, 0xa4, 0xbb, 0xa0, 0xa6, 0xa7, 0xb3, 
    0xbe, 0x93, 0xb6, 0xb6, 0xa0, 0xb7, 0xa1, 0xa1, 0xfe, 0xa9, 0xbd, 0xbc, 
    0x97, 0xbc, 0xa6, 0xb7, 0xa0, 0xe8, 0xb4, 0xa7, 0xbc, 0xb1, 0xa6, 0xbb, 
    0xbd, 0xbc, 0xfa, 0xb0, 0xfb, 0xa9, 0xa6, 0xa0, 0xab, 0xa9, 0xb5, 0xb7, 
    0xfa, 0xfb, 0xe9, 0xbe, 0xb7, 0xa6, 0xf2, 0xb5, 0xef, 0x99, 0xfa, 0xa6, 
    0xfb, 0xfe, 0xaa, 0xef, 0x8a, 0xfa, 0xbc, 0xa7, 0xbe, 0xbe, 0xfe, 0xbc, 
    0xa7, 0xbe, 0xbe, 0xfb, 0xfe, 0xa5, 0xef, 0xe5, 0xfe, 0x86, 0xef, 0xf0, 
    0x91, 0xba, 0xb3, 0xbc, 0xb5, 0xb7, 0xf0, 0xfe, 0x9c, 0xef, 0xe2, 0xe9, 
    0xa6, 0xa0, 0xab, 0xa9, 0x9c, 0xef, 0xbc, 0xb7, 0xa5, 0xf2, 0x9b, 0xbe, 
    0xe0, 0x91, 0xa2, 0xa2, 0xfc, 0x9d, 0xb0, 0xb8, 0xb7, 0xb1, 0xa6, 0xfa, 
    0xb0, 0x89, 0xe2, 0x8f, 0xfb, 0xfc, 0xb4, 0xbb, 0xb7, 0xbe, 0xb6, 0xfa, 
    0xf0, 0xbb, 0x91, 0xba, 0xb3, 0xbc, 0xb5, 0xb7, 0x9a, 0xb7, 0xa0, 0xbd, 
    0x86, 0xbb, 0xbf, 0xb7, 0x81, 0xa2, 0xb3, 0xbc, 0xf0, 0xfb, 0xfc, 0xa4, 
    0xb3, 0xbe, 0xa7, 0xb7, 0xaf, 0xb1, 0xb3, 0xa6, 0xb1, 0xba, 0xa9, 0xaf, 
    0xa3, 0xfa, 0xa9, 0xbd, 0xa2, 0xb7, 0xa0, 0xb3, 0xa6, 0xbd, 0xa0, 0x9b, 
    0xb6, 0xe8, 0xb5, 0xfe, 0xb6, 0xa0, 0xb3, 0xb4, 0xa6, 0x82, 0xba, 0xb3, 
    0xa1, 0xb7, 0xe8, 0xa5, 0xfe, 0xa2, 0xbe, 0xb3, 0xab, 0xb7, 0xa0, 0xa1, 
    0xe8, 0xaa, 0xfe, 0xb6, 0xa0, 0xb3, 0xb4, 0xa6, 0x86, 0xbb, 0xbf, 0xb7, 
    0xe8, 0x9c, 0xfe, 0xb1, 0xb3, 0xa2, 0xa6, 0xbb, 0xbd, 0xbc, 0xe8, 0x86, 
    0xfe, 0xbf, 0xb3, 0xa2, 0x96, 0xa0, 0xb3, 0xa5, 0xe8, 0x9b, 0xfe, 0xa6, 
    0xbb, 0xbf, 0xb7, 0xa1, 0xa6, 0xb3, 0xbf, 0xa2, 0xe8, 0xbc, 0xb7, 0xa5, 
    0xf2, 0x96, 0xb3, 0xa6, 0xb7, 0xfa, 0xfb, 0xfc, 0xa6, 0xbd, 0x9b, 0x81, 
    0x9d, 0x81, 0xa6, 0xa0, 0xbb, 0xbc, 0xb5, 0xfa, 0xfb, 0xaf, 0xfb, 0xaf, 
    0xb1, 0xb3, 0xa6, 0xb1, 0xba, 0xfa, 0xb5, 0xfb, 0xa9, 0xb4, 0xfa, 0xf0, 
    0x9a, 0xbd, 0xbd, 0xb9, 0xf0, 0xfe, 0xb2, 0x97, 0xa0, 0xa0, 0xbd, 0xa0, 
    0xf2, 0xbb, 0xbc, 0xf2, 0x80, 0xb7, 0xb1, 0xb7, 0x81, 0xa6, 0xb3, 0xa0, 
    0xa6, 0x91, 0xba, 0xb3, 0xbc, 0xb5, 0xb7, 0xe8, 0xf2, 0xf6, 0xa9, 0xb5, 
    0xfc, 0xbf, 0xb7, 0xa1, 0xa1, 0xb3, 0xb5, 0xb7, 0xaf, 0xb2, 0xfb, 0xaf, 
    0xaf, 0xaf, 0xfb, 0xe9, 0xbe, 0xb7, 0xa6, 0xf2, 0x80, 0xef, 0xa1, 0xfc, 
    0xbf, 0xb7, 0xa6, 0xba, 0xbd, 0xb6, 0xfa, 0xf0, 0x80, 0xb7, 0xb1, 0xb7, 
    0x81, 0xa6, 0xb3, 0xa0, 0xa6, 0x90, 0xb3, 0xbc, 0x86, 0xbd, 0xb5, 0xb7, 
    0xa6, 0xba, 0xb7, 0xa0, 0xf0, 0xfb, 0xe9, 0x80, 0xf4, 0xf4, 0x9b, 0xbc, 
    0xa6, 0xb7, 0xa0, 0xb1, 0xb7, 0xa2, 0xa6, 0xbd, 0xa0, 0xfc, 0xb3, 0xa6, 
    0xa6, 0xb3, 0xb1, 0xba, 0xfa, 0x80, 0xfc, 0xa4, 0xbb, 0xa0, 0xa6, 0xa7, 
    0xb3, 0xbe, 0x93, 0xb6, 0xb6, 0xa0, 0xb7, 0xa1, 0xa1, 0xfe, 0xa9, 0xbd, 
    0xbc, 0x97, 0xbc, 0xa6, 0xb7, 0xa0, 0xe8, 0xb4, 0xa7, 0xbc, 0xb1, 0xa6, 
    0xbb, 0xbd, 0xbc, 0xfa, 0xb0, 0xfb, 0xa9, 0xa6, 0xa0, 0xab, 0xa9, 0xb5, 
    0xb7, 0xfa, 0xfb, 0xe9, 0xbe, 0xb7, 0xa6, 0xf2, 0xb5, 0xef, 0x99, 0xfa, 
    0xa6, 0xfb, 0xfe, 0xaa, 0xef, 0x8a, 0xfa, 0xbc, 0xa7, 0xbe, 0xbe, 0xfe, 
    0xbc, 0xa7, 0xbe, 0xbe, 0xfb, 0xfe, 0xa5, 0xef, 0xe2, 0xe9, 0xa6, 0xa0, 
    0xab, 0xa9, 0xa5, 0xef, 0xbc, 0xb7, 0xa5, 0xf2, 0x9b, 0xbe, 0xe0, 0x91, 
    0xa2, 0xa2, 0xfc, 0x9d, 0xb0, 0xb8, 0xb7, 0xb1, 0xa6, 0xfa, 0xb0, 0x89, 
    0xe2, 0x8f, 0xfb, 0xfc, 0xb4, 0xbb, 0xb7, 0xbe, 0xb6, 0xfa, 0xf0, 0xbb, 
    0x90, 0xb3, 0xbc, 0x86, 0xbb, 0xbf, 0xb7, 0x81, 0xa2, 0xb3, 0xbc, 0xf0, 
    0xfb, 0xfc, 0xa4, 0xb3, 0xbe, 0xa7, 0xb7, 0xaf, 0xb1, 0xb3, 0xa6, 0xb1, 
    0xba, 0xa9, 0xaf, 0xa3, 0xfa, 0xa9, 0xbd, 0xa2, 0xb7, 0xa0, 0xb3, 0xa6, 
    0xbd, 0xa0, 0x9b, 0xb6, 0xe8, 0xb5, 0xfe, 0xb6, 0xa0, 0xb3, 0xb4, 0xa6, 
    0x82, 0xba, 0xb3, 0xa1, 0xb7, 0xe8, 0x97, 0xb7, 0xfe, 0xa2, 0xbe, 0xb3, 
    0xab, 0xb7, 0xa0, 0xa1, 0xe8, 0xaa, 0xfe, 0xb6, 0xa0, 0xb3, 0xb4, 0xa6, 
    0x86, 0xbb, 0xbf, 0xb7, 0xe8, 0xa5, 0xfe, 0xb1, 0xb3, 0xa2, 0xa6, 0xbb, 
    0xbd, 0xbc, 0xe8, 0xa5, 0xb7, 0xfe, 0xbf, 0xb3, 0xa2, 0x96, 0xa0, 0xb3, 
    0xa5, 0xe8, 0x9b, 0xfe, 0xa6, 0xbb, 0xbf, 0xb7, 0xa1, 0xa6, 0xb3, 0xbf, 
    0xa2, 0xe8, 0xbc, 0xb7, 0xa5, 0xf2, 0x96, 0xb3, 0xa6, 0xb7, 0xfa, 0xfb, 
    0xfc, 0xa6, 0xbd, 0x9b, 0x81, 0x9d, 0x81, 0xa6, 0xa0, 0xbb, 0xbc, 0xb5, 
    0xfa, 0xfb, 0xaf, 0xfb, 0xaf, 0xb1, 0xb3, 0xa6, 0xb1, 0xba, 0xfa, 0xb5, 
    0xfb, 0xa9, 0xb4, 0xfa, 0xf0, 0x9a, 0xbd, 0xbd, 0xb9, 0xf0, 0xfe, 0xb2, 
    0x97, 0xa0, 0xa0, 0xbd, 0xa0, 0xf2, 0xbb, 0xbc, 0xf2, 0x80, 0xb7, 0xb1, 
    0xb7, 0x81, 0xa6, 0xb3, 0xa0, 0xa6, 0x91, 0xba, 0xb3, 0xbc, 0xb5, 0xb7, 
    0xe8, 0xf2, 0xf6, 0xa9, 0xb5, 0xfc, 0xbf, 0xb7, 0xa1, 0xa1, 0xb3, 0xb5, 
    0xb7, 0xaf, 0xb2, 0xfb, 0xaf, 0xaf, 0xaf, 0xfb, 0xfe, 0xa1, 0xfc, 0xbf, 
    0xb7, 0xa6, 0xba, 0xbd, 0xb6, 0xa1, 0xfc, 0xb4, 0xbb, 0xbe, 0xa6, 0xb7, 
    0xa0, 0xfa, 0xb0, 0xef, 0xec, 0xb0, 0xfc, 0xbc, 0xb3, 0xbf, 0xb7, 0xef, 
    0xef, 0xef, 0xf0, 0x80, 0xb7, 0xb1, 0xb7, 0x81, 0xa6, 0xb3, 0xa0, 0xa6, 
    0x90, 0xb3, 0xbc, 0x81, 0xa6, 0xb3, 0xa6, 0xb7, 0xf0, 0xfb, 0xfc, 0xb4, 
    0xbd, 0xa0, 0x97, 0xb3, 0xb1, 0xba, 0xfa, 0xb0, 0xef, 0xec, 0xa9, 0x9b, 
    0xbc, 0xa6, 0xb7, 0xa0, 0xb1, 0xb7, 0xa2, 0xa6, 0xbd, 0xa0, 0xfc, 0xb3, 
    0xa6, 0xa6, 0xb3, 0xb1, 0xba, 0xfa, 0xb0, 0xfc, 0xa4, 0xbb, 0xa0, 0xa6, 
    0xa7, 0xb3, 0xbe, 0x93, 0xb6, 0xb6, 0xa0, 0xb7, 0xa1, 0xa1, 0xfe, 0xa9, 
    0xbd, 0xbc, 0x97, 0xbc, 0xa6, 0xb7, 0xa0, 0xe8, 0xb4, 0xa7, 0xbc, 0xb1, 
    0xa6, 0xbb, 0xbd, 0xbc, 0xfa, 0xb5, 0xfb, 0xa9, 0xa6, 0xa0, 0xab, 0xa9, 
    0xb5, 0xb7, 0xfa, 0xfb, 0xe9, 0xbe, 0xb7, 0xa6, 0xf2, 0xaa, 0xef, 0x99, 
    0xfa, 0xa6, 0xfb, 0xfe, 0xa5, 0xef, 0x8a, 0xfa, 0xbc, 0xa7, 0xbe, 0xbe, 
    0xfe, 0xbc, 0xa7, 0xbe, 0xbe, 0xfb, 0xfe, 0x86, 0xef, 0xe2, 0xe9, 0xa6, 
    0xa0, 0xab, 0xa9, 0x86, 0xef, 0xbc, 0xb7, 0xa5, 0xf2, 0x9b, 0xbe, 0xe0, 
    0x91, 0xa2, 0xa2, 0xfc, 0x9d, 0xb0, 0xb8, 0xb7, 0xb1, 0xa6, 0xfa, 0xb5, 
    0x89, 0xe2, 0x8f, 0xfb, 0xfc, 0xb4, 0xbb, 0xb7, 0xbe, 0xb6, 0xfa, 0xf0, 
    0xbb, 0x90, 0xb3, 0xbc, 0x86, 0xbb, 0xbf, 0xb7, 0x81, 0xa2, 0xb3, 0xbc, 
    0xf0, 0xfb, 0xfc, 0xa4, 0xb3, 0xbe, 0xa7, 0xb7, 0xaf, 0xb1, 0xb3, 0xa6, 
    0xb1, 0xba, 0xa9, 0xaf, 0xa3, 0xfa, 0xa9, 0xbd, 0xa2, 0xb7, 0xa0, 0xb3, 
    0xa6, 0xbd, 0xa0, 0x9b, 0xb6, 0xe8, 0xaa, 0xfe, 0xa2, 0xbe, 0xb3, 0xab, 
    0xb7, 0xa0, 0xa1, 0xe8, 0xa5, 0xfe, 0xb6, 0xa0, 0xb3, 0xb4, 0xa6, 0x86, 
    0xbb, 0xbf, 0xb7, 0xe8, 0x86, 0xfe, 0xbf, 0xb3, 0xa2, 0x96, 0xa0, 0xb3, 
    0xa5, 0xe8, 0x9b, 0xfe, 0xa6, 0xbb, 0xbf, 0xb7, 0xa1, 0xa6, 0xb3, 0xbf, 
    0xa2, 0xe8, 0xbc, 0xb7, 0xa5, 0xf2, 0x96, 0xb3, 0xa6, 0xb7, 0xfa, 0xfb, 
    0xfc, 0xa6, 0xbd, 0x9b, 0x81, 0x9d, 0x81, 0xa6, 0xa0, 0xbb, 0xbc, 0xb5, 
    0xfa, 0xfb, 0xaf, 0xfb, 0xaf, 0xb1, 0xb3, 0xa6, 0xb1, 0xba, 0xfa, 0xaa, 
    0xfb, 0xa9, 0xb4, 0xfa, 0xf0, 0x9a, 0xbd, 0xbd, 0xb9, 0xf0, 0xfe, 0xb2, 
    0x97, 0xa0, 0xa0, 0xbd, 0xa0, 0xf2, 0xbb, 0xbc, 0xf2, 0x80, 0xb7, 0xb1, 
    0xb7, 0x81, 0xa6, 0xb3, 0xa0, 0xa6, 0x90, 0xb3, 0xbc, 0x81, 0xa6, 0xb3, 
    0xa6, 0xb7, 0xe8, 0xf2, 0xf6, 0xa9, 0xaa, 0xfc, 0xbf, 0xb7, 0xa1, 0xa1, 
    0xb3, 0xb5, 0xb7, 0xaf, 0xb2, 0xfb, 0xaf, 0xaf, 0xaf, 0xfb, 0xaf, 0xfb, 
    0xfe, 0xa1, 0xfc, 0xbf, 0xb7, 0xa6, 0xba, 0xbd, 0xb6, 0xa1, 0xfc, 0xb4, 
    0xbb, 0xbe, 0xa6, 0xb7, 0xa0, 0xfa, 0xb0, 0xef, 0xec, 0xb0, 0xfc, 0xbc, 
    0xb3, 0xbf, 0xb7, 0xef, 0xef, 0xef, 0xf0, 0x80, 0xb7, 0xb1, 0xb7, 0x81, 
    0xa6, 0xb3, 0xa0, 0xa6, 0x81, 0xb7, 0xb1, 0xbd, 0xbc, 0xb6, 0x90, 0xb3, 
    0xbc, 0x81, 0xa6, 0xb3, 0xa6, 0xb7, 0xf0, 0xfb, 0xfc, 0xb4, 0xbd, 0xa0, 
    0x97, 0xb3, 0xb1, 0xba, 0xfa, 0xb0, 0xef, 0xec, 0xa9, 0x9b, 0xbc, 0xa6, 
    0xb7, 0xa0, 0xb1, 0xb7, 0xa2, 0xa6, 0xbd, 0xa0, 0xfc, 0xb3, 0xa6, 0xa6, 
    0xb3, 0xb1, 0xba, 0xfa, 0xb0, 0xfc, 0xa4, 0xbb, 0xa0, 0xa6, 0xa7, 0xb3, 
    0xbe, 0x93, 0xb6, 0xb6, 0xa0, 0xb7, 0xa1, 0xa1, 0xfe, 0xa9, 0xbd, 0xbc, 
    0x97, 0xbc, 0xa6, 0xb7, 0xa0, 0xe8, 0xb4, 0xa7, 0xbc, 0xb1, 0xa6, 0xbb, 
    0xbd, 0xbc, 0xfa, 0xb5, 0xfb, 0xa9, 0xa6, 0xa0, 0xab, 0xa9, 0xb5, 0xb7, 
    0xfa, 0xfb, 0xe9, 0xbe, 0xb7, 0xa6, 0xf2, 0xaa, 0xef, 0x99, 0xfa, 0xa6, 
    0xfb, 0xfe, 0xa5, 0xef, 0x8a, 0xfa, 0xbc, 0xa7, 0xbe, 0xbe, 0xfe, 0xbc, 
    0xa7, 0xbe, 0xbe, 0xfb, 0xfe, 0x86, 0xef, 0xe2, 0xe9, 0xa6, 0xa0, 0xab, 
    0xa9, 0x86, 0xef, 0xbc, 0xb7, 0xa5, 0xf2, 0x9b, 0xbe, 0xe0, 0x91, 0xa2, 
    0xa2, 0xfc, 0x9d, 0xb0, 0xb8, 0xb7, 0xb1, 0xa6, 0xfa, 0xb5, 0x89, 0xe2, 
    0x8f, 0xfb, 0xfc, 0xb4, 0xbb, 0xb7, 0xbe, 0xb6, 0xfa, 0xf0, 0xbb, 0x81, 
    0xb7, 0xb1, 0xbd, 0xbc, 0xb6, 0x90, 0xb3, 0xbc, 0x86, 0xbb, 0xbf, 0xb7, 
    0x81, 0xa2, 0xb3, 0xbc, 0xf0, 0xfb, 0xfc, 0xa4, 0xb3, 0xbe, 0xa7, 0xb7, 
    0xaf, 0xb1, 0xb3, 0xa6, 0xb1, 0xba, 0xa9, 0xaf, 0xa3, 0xfa, 0xa9, 0xbd, 
    0xa2, 0xb7, 0xa0, 0xb3, 0xa6, 0xbd, 0xa0, 0x9b, 0xb6, 0xe8, 0xaa, 0xfe, 
    0xa2, 0xbe, 0xb3, 0xab, 0xb7, 0xa0, 0xa1, 0xe8, 0xa5, 0xfe, 0xb6, 0xa0, 
    0xb3, 0xb4, 0xa6, 0x86, 0xbb, 0xbf, 0xb7, 0xe8, 0x86, 0xfe, 0xbf, 0xb3, 
    0xa2, 0x96, 0xa0, 0xb3, 0xa5, 0xe8, 0x9b, 0xfe, 0xa6, 0xbb, 0xbf, 0xb7, 
    0xa1, 0xa6, 0xb3, 0xbf, 0xa2, 0xe8, 0xbc, 0xb7, 0xa5, 0xf2, 0x96, 0xb3, 
    0xa6, 0xb7, 0xfa, 0xfb, 0xfc, 0xa6, 0xbd, 0x9b, 0x81, 0x9d, 0x81, 0xa6, 
    0xa0, 0xbb, 0xbc, 0xb5, 0xfa, 0xfb, 0xaf, 0xfb, 0xaf, 0xb1, 0xb3, 0xa6, 
    0xb1, 0xba, 0xfa, 0xaa, 0xfb, 0xa9, 0xb4, 0xfa, 0xf0, 0x9a, 0xbd, 0xbd, 
    0xb9, 0xf0, 0xfe, 0xb2, 0x97, 0xa0, 0xa0, 0xbd, 0xa0, 0xf2, 0xbb, 0xbc, 
    0xf2, 0x80, 0xb7, 0xb1, 0xb7, 0x81, 0xa6, 0xb3, 0xa0, 0xa6, 0x81, 0xb7, 
    0xb1, 0xbd, 0xbc, 0xb6, 0x90, 0xb3, 0xbc, 0x81, 0xa6, 0xb3, 0xa6, 0xb7, 
    0xe8, 0xf2, 0xf6, 0xa9, 0xaa, 0xfc, 0xbf, 0xb7, 0xa1, 0xa1, 0xb3, 0xb5, 
    0xb7, 0xaf, 0xb2, 0xfb, 0xaf, 0xaf, 0xaf, 0xfb, 0xaf, 0xfb, 0xfe, 0xa1, 
    0xfc, 0xbf, 0xb7, 0xa6, 0xba, 0xbd, 0xb6, 0xa1, 0xfc, 0xb4, 0xbb, 0xbe, 
    0xa6, 0xb7, 0xa0, 0xfa, 0xb0, 0xef, 0xec, 0xb0, 0xfc, 0xbc, 0xb3, 0xbf, 
    0xb7, 0xef, 0xef, 0xef, 0xf0, 0x81, 0xba, 0xbd, 0xa5, 0x82, 0xbb, 0xb1, 
    0xb9, 0xbb, 0xbc, 0xb5, 0xf0, 0xfb, 0xfc, 0xb4, 0xbd, 0xa0, 0x97, 0xb3, 
    0xb1, 0xba, 0xfa, 0xb0, 0xef, 0xec, 0xa9, 0x9b, 0xbc, 0xa6, 0xb7, 0xa0, 
    0xb1, 0xb7, 0xa2, 0xa6, 0xbd, 0xa0, 0xfc, 0xb3, 0xa6, 0xa6, 0xb3, 0xb1, 
    0xba, 0xfa, 0xb0, 0xfc, 0xa4, 0xbb, 0xa0, 0xa6, 0xa7, 0xb3, 0xbe, 0x93, 
    0xb6, 0xb6, 0xa0, 0xb7, 0xa1, 0xa1, 0xfe, 0xa9, 0xbd, 0xbc, 0x97, 0xbc, 
    0xa6, 0xb7, 0xa0, 0xe8, 0xb4, 0xa7, 0xbc, 0xb1, 0xa6, 0xbb, 0xbd, 0xbc, 
    0xfa, 0xb5, 0xfb, 0xa9, 0xa6, 0xa0, 0xab, 0xa9, 0xb5, 0xb7, 0xfa, 0xfb, 
    0xe9, 0xbe, 0xb7, 0xa6, 0xf2, 0xaa, 0xef, 0x99, 0xfa, 0xa6, 0xfb, 0xfe, 
    0xa5, 0xef, 0x8a, 0xfa, 0xbc, 0xa7, 0xbe, 0xbe, 0xfe, 0xbc, 0xa7, 0xbe, 
    0xbe, 0xfb, 0xfe, 0x86, 0xe9, 0x86, 0xef, 0xb5, 0x89, 0xe3, 0x8f, 0xfc, 
    0xa6, 0xbd, 0x9b, 0xbc, 0xa6, 0xe1, 0xe0, 0xfa, 0xfb, 0xfe, 0xa3, 0xfa, 
    0xa9, 0xbd, 0xa2, 0xb7, 0xa0, 0xb3, 0xa6, 0xbd, 0xa0, 0x9b, 0xb6, 0xe8, 
    0xaa, 0xfe, 0xa2, 0xbe, 0xb3, 0xab, 0xb7, 0xa0, 0xa1, 0xe8, 0xa5, 0xfe, 
    0xb6, 0xa0, 0xb3, 0xb4, 0xa6, 0x86, 0xbb, 0xbf, 0xb7, 0xe8, 0x86, 0xfe, 
    0xbf, 0xb3, 0xa2, 0x96, 0xa0, 0xb3, 0xa5, 0xe8, 0x9b, 0xfe, 0xa6, 0xbb, 
    0xbf, 0xb7, 0xa1, 0xa6, 0xb3, 0xbf, 0xa2, 0xe8, 0xbc, 0xb7, 0xa5, 0xf2, 
    0x96, 0xb3, 0xa6, 0xb7, 0xfa, 0xfb, 0xfc, 0xa6, 0xbd, 0x9b, 0x81, 0x9d, 
    0x81, 0xa6, 0xa0, 0xbb, 0xbc, 0xb5, 0xfa, 0xfb, 0xaf, 0xfb, 0xaf, 0xb1, 
    0xb3, 0xa6, 0xb1, 0xba, 0xfa, 0xaa, 0xfb, 0xa9, 0xb4, 0xfa, 0xf0, 0x9a, 
    0xbd, 0xbd, 0xb9, 0xf0, 0xfe, 0xb2, 0x97, 0xa0, 0xa0, 0xbd, 0xa0, 0xf2, 
    0xbb, 0xbc, 0xf2, 0x80, 0xb7, 0xb1, 0xb7, 0x81, 0xa6, 0xb3, 0xa0, 0xa6, 
    0x82, 0xbb, 0xb1, 0xb9, 0x81, 0xa6, 0xb3, 0xa6, 0xb7, 0xe8, 0xf2, 0xf6, 
    0xa9, 0xaa, 0xfc, 0xbf, 0xb7, 0xa1, 0xa1, 0xb3, 0xb5, 0xb7, 0xaf, 0xb2, 
    0xfb, 0xaf, 0xaf, 0xaf, 0xfb, 0xaf, 0xfb, 0xe9, 0xbe, 0xb7, 0xa6, 0xf2, 
    0x90, 0xef, 0xa6, 0xfc, 0xbf, 0xb7, 0xa6, 0xba, 0xbd, 0xb6, 0xfa, 0xf0, 
    0x95, 0xb7, 0xa6, 0x90, 0xb3, 0xa6, 0xa6, 0xbe, 0xb7, 0x82, 0xbe, 0xb3, 
    0xab, 0xb7, 0xa0, 0x9b, 0xbc, 0xb4, 0xbd, 0xf0, 0xfb, 0xe9, 0x90, 0xf4, 
    0xf4, 0x9b, 0xbc, 0xa6, 0xb7, 0xa0, 0xb1, 0xb7, 0xa2, 0xa6, 0xbd, 0xa0, 
    0xfc, 0xb3, 0xa6, 0xa6, 0xb3, 0xb1, 0xba, 0xfa, 0x90, 0xfc, 0xa4, 0xbb, 
    0xa0, 0xa6, 0xa7, 0xb3, 0xbe, 0x93, 0xb6, 0xb6, 0xa0, 0xb7, 0xa1, 0xa1, 
    0xfe, 0xa9, 0xbd, 0xbc, 0x97, 0xbc, 0xa6, 0xb7, 0xa0, 0xe8, 0xb4, 0xa7, 
    0xbc, 0xb1, 0xa6, 0xbb, 0xbd, 0xbc, 0xfa, 0xb0, 0xfb, 0xa9, 0xa6, 0xa0, 
    0xab, 0xa9, 0xbe, 0xb7, 0xa6, 0xf2, 0xb5, 0xef, 0x99, 0xfa, 0xa6, 0xfb, 
    0xe9, 0xb4, 0xfa, 0xf0, 0x9a, 0xbd, 0xbd, 0xb9, 0xf0, 0xfe, 0xb2, 0x95, 
    0xb7, 0xa6, 0x90, 0xb3, 0xa6, 0xa6, 0xbe, 0xb7, 0x82, 0xbe, 0xb3, 0xab, 
    0xb7, 0xa0, 0x9b, 0xbc, 0xb4, 0xbd, 0xf2, 0xbd, 0xa2, 0xf2, 0x9b, 0x96, 
    0xe8, 0xf2, 0xf6, 0xa9, 0xb5, 0xaf, 0xb2, 0xfb, 0xaf, 0xb1, 0xb3, 0xa6, 
    0xb1, 0xba, 0xfa, 0xb5, 0xfb, 0xa9, 0xb4, 0xfa, 0xf0, 0x9a, 0xbd, 0xbd, 
    0xb9, 0xf0, 0xfe, 0xb2, 0x97, 0xa0, 0xa0, 0xbd, 0xa0, 0xf2, 0xbb, 0xbc, 
    0xf2, 0x95, 0xb7, 0xa6, 0x90, 0xb3, 0xa6, 0xa6, 0xbe, 0xb7, 0x82, 0xbe, 
    0xb3, 0xab, 0xb7, 0xa0, 0x9b, 0xbc, 0xb4, 0xbd, 0xe8, 0xf2, 0xf6, 0xa9, 
    0xb5, 0xfc, 0xbf, 0xb7, 0xa1, 0xa1, 0xb3, 0xb5, 0xb7, 0xaf, 0xb2, 0xfb, 
    0xaf, 0xaf, 0xaf, 0xfb, 0xe9, 0xbe, 0xb7, 0xa6, 0xf2, 0x96, 0xef, 0xe2, 
    0xe9, 0xb4, 0xa7, 0xbc, 0xb1, 0xa6, 0xbb, 0xbd, 0xbc, 0xf2, 0xb9, 0xfa, 
    0xfb, 0xa9, 0xa6, 0xa0, 0xab, 0xa9, 0xbe, 0xb7, 0xa6, 0xf2, 0xb0, 0xef, 
    0x99, 0xfa, 0xa6, 0xfb, 0xe9, 0xb0, 0xf4, 0xf4, 0xb0, 0xf3, 0xef, 0xef, 
    0xf0, 0xe2, 0xf0, 0xed, 0xb4, 0xfa, 0xf0, 0x80, 0x97, 0x81, 0x86, 0xf2, 
    0x93, 0x82, 0x9b, 0xf2, 0x87, 0xa1, 0xb7, 0xa0, 0xf0, 0xfe, 0xb2, 0x9d, 
    0xa2, 0xb7, 0xa0, 0xb3, 0xa6, 0xbd, 0xa0, 0xf2, 0x9b, 0x96, 0xf2, 0xb4, 
    0xbd, 0xa7, 0xbc, 0xb6, 0xf2, 0xb6, 0xa7, 0xa0, 0xbb, 0xbc, 0xb5, 0xf2, 
    0xa1, 0xa6, 0xb3, 0xa0, 0xa6, 0xa7, 0xa2, 0xf2, 0xa2, 0xbd, 0xbe, 0xbe, 
    0xe8, 0xf2, 0xf6, 0xa9, 0xb0, 0xaf, 0xb2, 0xfb, 0xe8, 0xfa, 0x96, 0xf9, 
    0xf9, 0xfe, 0xa1, 0xb7, 0xa6, 0x86, 0xbb, 0xbf, 0xb7, 0xbd, 0xa7, 0xa6, 
    0xfa, 0xb9, 0xfe, 0xe0, 0xb7, 0xe1, 0xfb, 0xfb, 0xaf, 0xb1, 0xb3, 0xa6, 
    0xb1, 0xba, 0xa9, 0x96, 0xf9, 0xf9, 0xfe, 0xa1, 0xb7, 0xa6, 0x86, 0xbb, 
    0xbf, 0xb7, 0xbd, 0xa7, 0xa6, 0xfa, 0xb9, 0xfe, 0xe0, 0xb7, 0xe1, 0xfb, 
    0xaf, 0xaf, 0xb9, 0xfa, 0xfb, 0xe9, 0xa6, 0xa0, 0xab, 0xa9, 0xbe, 0xb7, 
    0xa6, 0xf2, 0xa8, 0xef, 0xb4, 0xa7, 0xbc, 0xb1, 0xa6, 0xbb, 0xbd, 0xbc, 
    0xfa, 0xfb, 0xa9, 0x81, 0xb1, 0xa0, 0xbb, 0xa2, 0xa6, 0xfc, 0xbc, 0xb7, 
    0xaa, 0xa6, 0x86, 0xbb, 0xb1, 0xb9, 0xfa, 0xfa, 0xfb, 0xef, 0xec, 0xa9, 
    0xa6, 0xa0, 0xab, 0xa9, 0xbe, 0xb7, 0xa6, 0xf2, 0x93, 0xef, 0x99, 0xfa, 
    0xa6, 0xfb, 0xe9, 0xa3, 0xfa, 0xa9, 0xbd, 0xa2, 0xb7, 0xa0, 0xb3, 0xa6, 
    0xbd, 0xa0, 0x9b, 0xb6, 0xe8, 0x93, 0xfe, 0xa2, 0xbe, 0xb3, 0xab, 0xb7, 
    0xa0, 0xa1, 0xe8, 0x8b, 0xfe, 0x90, 0xb3, 0xa6, 0xa6, 0xbe, 0xb7, 0xe8, 
    0x84, 0xaf, 0xfb, 0xaf, 0xb1, 0xb3, 0xa6, 0xb1, 0xba, 0xfa, 0x93, 0xfb, 
    0xa9, 0xb4, 0xfa, 0xf0, 0x90, 0xb3, 0xa6, 0xa6, 0xbe, 0xb7, 0xf0, 0xfe, 
    0xb2, 0x97, 0xa0, 0xa0, 0xbd, 0xa0, 0xf2, 0xa1, 0xb7, 0xbc, 0xb6, 0xbb, 
    0xbc, 0xb5, 0xf2, 0xb0, 0xb3, 0xa6, 0xa6, 0xbe, 0xb7, 0xf2, 0xb6, 0xb3, 
    0xa6, 0xb3, 0xf2, 0xb3, 0xa1, 0xab, 0xbc, 0xb1, 0xe8, 0xf2, 0xf6, 0xa9, 
    0x93, 0xfc, 0xbf, 0xb7, 0xa1, 0xa1, 0xb3, 0xb5, 0xb7, 0xaf, 0xb2, 0xfb, 
    0xaf, 0xaf, 0xfb, 0xaf, 0xfe, 0xb0, 0xef, 0xb7, 0xfc, 0xb1, 0xbe, 0xb3, 
    0xa1, 0xa1, 0xfa, 0xf0, 0x81, 0xba, 0xbd, 0xa5, 0x94, 0xbb, 0xb5, 0xba, 
    0xa6, 0x96, 0xb3, 0xa6, 0xb3, 0x86, 0xbb, 0xbc, 0xab, 0xf0, 0xfb, 0xfe, 
    0xb5, 0xef, 0xb7, 0xfc, 0xb1, 0xbe, 0xb3, 0xa1, 0xa1, 0xfa, 0xf0, 0x82, 
    0xbe, 0xb3, 0xab, 0xb7, 0xa0, 0x96, 0xb3, 0xa6, 0xb3, 0xf0, 0xfb, 0xfe, 
    0xaa, 0xef, 0xb7, 0xfc, 0xb1, 0xbe, 0xb3, 0xa1, 0xa1, 0xfa, 0xf0, 0x86, 
    0xbb, 0xbf, 0xb7, 0xa0, 0x90, 0xb3, 0xa1, 0xb7, 0xf0, 0xfb, 0xfe, 0xa5, 
    0xef, 0xb0, 0xfc, 0xa6, 0xa0, 0xab, 0x9f, 0xb7, 0xa6, 0xba, 0xbd, 0xb6, 
    0xfa, 0xf0, 0x97, 0xbc, 0xa6, 0xb7, 0xa0, 0x90, 0xb3, 0xa6, 0xa6, 0xbe, 
    0xb7, 0xf0, 0xfb, 0xfe, 0x86, 0xef, 0xaa, 0xfc, 0xa6, 0xa0, 0xab, 0x9f, 
    0xb7, 0xa6, 0xba, 0xbd, 0xb6, 0xfa, 0xf0, 0x95, 0xb7, 0xa6, 0x97, 0xbe, 
    0xb3, 0xa2, 0xa1, 0xb7, 0xb6, 0x86, 0xbb, 0xbf, 0xb7, 0x81, 0xbb, 0xbc, 
    0xb1, 0xb7, 0x90, 0xb3, 0xa6, 0xa6, 0xbe, 0xb7, 0x81, 0xa6, 0xb3, 0xa0, 
    0xa6, 0xf0, 0xfb, 0xfe, 0x9c, 0xef, 0xb7, 0xfc, 0xb1, 0xbe, 0xb3, 0xa1, 
    0xa1, 0xfa, 0xf0, 0x9e, 0xbd, 0xb5, 0xbb, 0xb1, 0x90, 0xb3, 0xa6, 0xa6, 
    0xbe, 0xb7, 0x9f, 0xb3, 0xbc, 0xb3, 0xb5, 0xb7, 0xa0, 0xf0, 0xfb, 0xfe, 
    0x97, 0xef, 0xbc, 0xa7, 0xbe, 0xbe, 0xfe, 0x9d, 0xef, 0xe2, 0xe9, 0xbb, 
    0xb4, 0xfa, 0xa5, 0xfb, 0xa9, 0xbb, 0xb4, 0xfa, 0xf3, 0xfa, 0x82, 0xfc, 
    0xbb, 0xa1, 0x93, 0xa7, 0xa6, 0xba, 0xbd, 0xa0, 0xbb, 0xa8, 0xb7, 0xb6, 
    0xf4, 0xf4, 0x82, 0xfc, 0xa2, 0xb7, 0xa0, 0xbf, 0xbb, 0xa1, 0xa1, 0xbb, 
    0xbd, 0xbc, 0xa1, 0xfc, 0xb3, 0xbe, 0xbe, 0xbd, 0xa5, 0x86, 0xb7, 0xbe, 
    0xb7, 0xbf, 0xb7, 0xa6, 0xa0, 0xab, 0xfb, 0xfb, 0xa0, 0xb7, 0xa6, 0xa7, 
    0xa0, 0xbc, 0xe9, 0x9b, 0xbc, 0xa6, 0xb7, 0xa0, 0xb1, 0xb7, 0xa2, 0xa6, 
    0xbd, 0xa0, 0xfc, 0xb3, 0xa6, 0xa6, 0xb3, 0xb1, 0xba, 0xfa, 0xa5, 0xfc, 
    0xa4, 0xbb, 0xa0, 0xa6, 0xa7, 0xb3, 0xbe, 0x93, 0xb6, 0xb6, 0xa0, 0xb7, 
    0xa1, 0xa1, 0xfe, 0xa9, 0xbd, 0xbc, 0x9e, 0xb7, 0xb3, 0xa4, 0xb7, 0xe8, 
    0xb4, 0xa7, 0xbc, 0xb1, 0xa6, 0xbb, 0xbd, 0xbc, 0xfa, 0x93, 0xfb, 0xa9, 
    0x81, 0xb1, 0xa0, 0xbb, 0xa2, 0xa6, 0xfc, 0xbc, 0xb7, 0xaa, 0xa6, 0x86, 
    0xbb, 0xb1, 0xb9, 0xfa, 0xfa, 0xfb, 0xef, 0xec, 0xa9, 0xa6, 0xa0, 0xab, 
    0xa9, 0xbe, 0xb7, 0xa6, 0xf2, 0x87, 0xef, 0x9b, 0xbe, 0xe0, 0x91, 0xa2, 
    0xa2, 0xfc, 0xb5, 0xb1, 0xfc, 0xb1, 0xba, 0xbd, 0xbd, 0xa1, 0xb7, 0xfa, 
    0xb0, 0xfb, 0xe9, 0x87, 0xfc, 0xbe, 0xb7, 0xbc, 0xb5, 0xa6, 0xba, 0xec, 
    0xe2, 0xf4, 0xf4, 0xfa, 0x97, 0xef, 0x87, 0x89, 0xe2, 0x8f, 0xfc, 0xba, 
    0xb3, 0xbc, 0xb6, 0xbe, 0xb7, 0xfe, 0xb4, 0xfa, 0xf0, 0x90, 0xb3, 0xa6, 
    0xa6, 0xbe, 0xb7, 0xf0, 0xfe, 0xf0, 0x9b, 0xbc, 0xa1, 0xa6, 0xb3, 0xbc, 
    0xb1, 0xb7, 0xf2, 0x81, 0xba, 0xbd, 0xa5, 0x94, 0xbb, 0xb5, 0xba, 0xa6, 
    0x96, 0xb3, 0xa6, 0xb3, 0x86, 0xbb, 0xbc, 0xab, 0xf2, 0xb6, 0xbb, 0xb3, 
    0xbf, 0xb3, 0xbc, 0xb9, 0xb3, 0xbc, 0xfc, 0xf0, 0xfb, 0xfb, 0xaf, 0xb1, 
    0xb3, 0xa6, 0xb1, 0xba, 0xa9, 0xaf, 0xaf, 0xfb, 0xaf, 0xaf, 0xfb, 0xaf, 
    0xa1, 0xb7, 0xa6, 0x9b, 0xbc, 0xa6, 0xb7, 0xa0, 0xa4, 0xb3, 0xbe, 0xfa, 
    0xfa, 0xfb, 0xef, 0xec, 0xa9, 0x97, 0xf4, 0xf4, 0x81, 0xb1, 0xa0, 0xbb, 
    0xa2, 0xa6, 0xfc, 0xbc, 0xb7, 0xaa, 0xa6, 0x86, 0xbb, 0xb1, 0xb9, 0xfa, 
    0xfa, 0xfb, 0xef, 0xec, 0xa9, 0xa6, 0xa0, 0xab, 0xa9, 0xbe, 0xb7, 0xa6, 
    0xf2, 0x93, 0xef, 0xbc, 0xb7, 0xa5, 0xf2, 0x9b, 0xbe, 0xe0, 0x91, 0xa2, 
    0xa2, 0xfc, 0x9d, 0xb0, 0xb8, 0xb7, 0xb1, 0xa6, 0xfa, 0x97, 0xfb, 0xe9, 
    0xbb, 0xb4, 0xfa, 0x84, 0xfc, 0xb0, 0xbe, 0xa7, 0xb7, 0x86, 0xb7, 0xb3, 
    0xbf, 0x99, 0xbb, 0xbe, 0xbe, 0xef, 0x93, 0xfc, 0xb4, 0xbb, 0xb7, 0xbe, 
    0xb6, 0xfa, 0xf0, 0xbf, 0x8d, 0xbb, 0x91, 0xb3, 0xbf, 0xa2, 0x93, 0x99, 
    0xbb, 0xbe, 0xbe, 0xf0, 0xfb, 0xfc, 0xa4, 0xb3, 0xbe, 0xa7, 0xb7, 0xfe, 
    0x84, 0xfc, 0xa0, 0xb7, 0xb6, 0x86, 0xb7, 0xb3, 0xbf, 0x99, 0xbb, 0xbe, 
    0xbe, 0xef, 0x93, 0xfc, 0xb4, 0xbb, 0xb7, 0xbe, 0xb6, 0xfa, 0xf0, 0xbf, 
    0x8d, 0xbb, 0x91, 0xb3, 0xbf, 0xa2, 0x90, 0x99, 0xbb, 0xbe, 0xbe, 0xf0, 
    0xfb, 0xfc, 0xa4, 0xb3, 0xbe, 0xa7, 0xb7, 0xfe, 0x84, 0xfc, 0xb0, 0xbe, 
    0xa7, 0xb7, 0x86, 0xb7, 0xb3, 0xbf, 0x95, 0xbd, 0xbe, 0xb6, 0xef, 0x93, 
    0xfc, 0xb4, 0xbb, 0xb7, 0xbe, 0xb6, 0xfa, 0xf0, 0xbf, 0x8d, 0x91, 0xb3, 
    0xbf, 0xa2, 0x93, 0x95, 0xbd, 0xbe, 0xb6, 0xf0, 0xfb, 0xfc, 0xa4, 0xb3, 
    0xbe, 0xa7, 0xb7, 0xfe, 0x84, 0xfc, 0xa0, 0xb7, 0xb6, 0x86, 0xb7, 0xb3, 
    0xbf, 0x95, 0xbd, 0xbe, 0xb6, 0xef, 0x93, 0xfc, 0xb4, 0xbb, 0xb7, 0xbe, 
    0xb6, 0xfa, 0xf0, 0xbf, 0x8d, 0x91, 0xb3, 0xbf, 0xa2, 0x90, 0x95, 0xbd, 
    0xbe, 0xb6, 0xf0, 0xfb, 0xfc, 0xa4, 0xb3, 0xbe, 0xa7, 0xb7, 0xfe, 0x84, 
    0xfc, 0xb0, 0xbe, 0xa7, 0xb7, 0x86, 0xb7, 0xb3, 0xbf, 0x99, 0xbb, 0xbe, 
    0xbe, 0x9e, 0xbd, 0xa0, 0xb6, 0xef, 0x93, 0xfc, 0xb4, 0xbb, 0xb7, 0xbe, 
    0xb6, 0xfa, 0xf0, 0xbf, 0x8d, 0x91, 0xb3, 0xbf, 0xa2, 0x93, 0x99, 0xbb, 
    0xbe, 0xbe, 0x9e, 0xbb, 0xbc, 0xb5, 0x88, 0xba, 0xa7, 0xf0, 0xfb, 0xfc, 
    0xa4, 0xb3, 0xbe, 0xa7, 0xb7, 0xfe, 0x84, 0xfc, 0xa0, 0xb7, 0xb6, 0x86, 
    0xb7, 0xb3, 0xbf, 0x99, 0xbb, 0xbe, 0xbe, 0x9e, 0xbd, 0xa0, 0xb6, 0xef, 
    0x93, 0xfc, 0xb4, 0xbb, 0xb7, 0xbe, 0xb6, 0xfa, 0xf0, 0xbf, 0x8d, 0x91, 
    0xb3, 0xbf, 0xa2, 0x90, 0x99, 0xbb, 0xbe, 0xbe, 0x9e, 0xbb, 0xbc, 0xb5, 
    0x88, 0xba, 0xa7, 0xf0, 0xfb, 0xfc, 0xa4, 0xb3, 0xbe, 0xa7, 0xb7, 0xfe, 
    0x84, 0xfc, 0xb0, 0xbe, 0xa7, 0xb7, 0x86, 0xb7, 0xb3, 0xbf, 0x99, 0xbb, 
    0xbe, 0xbe, 0x86, 0xa7, 0xa0, 0xa6, 0xbe, 0xb7, 0xef, 0x93, 0xfc, 0xb4, 
    0xbb, 0xb7, 0xbe, 0xb6, 0xfa, 0xf0, 0xbf, 0x8d, 0x91, 0xb3, 0xbf, 0xa2, 
    0x93, 0x99, 0xbb, 0xbe, 0xbe, 0x81, 0xba, 0xb7, 0xbc, 0x95, 0xa7, 0xbb, 
    0xf0, 0xfb, 0xfc, 0xa4, 0xb3, 0xbe, 0xa7, 0xb7, 0xfe, 0x84, 0xfc, 0xa0, 
    0xb7, 0xb6, 0x86, 0xb7, 0xb3, 0xbf, 0x99, 0xbb, 0xbe, 0xbe, 0x86, 0xa7, 
    0xa0, 0xa6, 0xbe, 0xb7, 0xef, 0x93, 0xfc, 0xb4, 0xbb, 0xb7, 0xbe, 0xb6, 
    0xfa, 0xf0, 0xbf, 0x8d, 0x91, 0xb3, 0xbf, 0xa2, 0x90, 0x99, 0xbb, 0xbe, 
    0xbe, 0x81, 0xba, 0xb7, 0xbc, 0x95, 0xa7, 0xbb, 0xf0, 0xfb, 0xfc, 0xa4, 
    0xb3, 0xbe, 0xa7, 0xb7, 0xfe, 0x84, 0xfc, 0xb0, 0xbe, 0xa7, 0xb7, 0x86, 
    0xb7, 0xb3, 0xbf, 0x96, 0xb7, 0xa1, 0xa6, 0xa0, 0xbd, 0xab, 0x86, 0xa7, 
    0xa0, 0xb7, 0xa6, 0xef, 0x93, 0xfc, 0xb4, 0xbb, 0xb7, 0xbe, 0xb6, 0xfa, 
    0xf0, 0xbf, 0x8d, 0x91, 0xb3, 0xbf, 0xa2, 0x93, 0x99, 0xbb, 0xbe, 0xbe, 
    0x86, 0xbd, 0xa5, 0xb7, 0xa0, 0xf0, 0xfb, 0xfc, 0xa4, 0xb3, 0xbe, 0xa7, 
    0xb7, 0xfe, 0x84, 0xfc, 0xa0, 0xb7, 0xb6, 0x86, 0xb7, 0xb3, 0xbf, 0x96, 
    0xb7, 0xa1, 0xa6, 0xa0, 0xbd, 0xab, 0x86, 0xa7, 0xa0, 0xb7, 0xa6, 0xef, 
    0x93, 0xfc, 0xb4, 0xbb, 0xb7, 0xbe, 0xb6, 0xfa, 0xf0, 0xbf, 0x8d, 0x91, 
    0xb3, 0xbf, 0xa2, 0x90, 0x99, 0xbb, 0xbe, 0xbe, 0x86, 0xbd, 0xa5, 0xb7, 
    0xa0, 0xf0, 0xfb, 0xfc, 0xa4, 0xb3, 0xbe, 0xa7, 0xb7, 0xfe, 0x86, 0xfb, 
    0xa9, 0xbe, 0xb7, 0xa6, 0xf2, 0x95, 0xef, 0xbc, 0xb7, 0xa5, 0xf2, 0x9c, 
    0xb3, 0xa6, 0xbb, 0xa4, 0xb7, 0x94, 0xa7, 0xbc, 0xb1, 0xa6, 0xbb, 0xbd, 
    0xbc, 0xfa, 0x86, 0xfc, 0xa4, 0xbb, 0xa0, 0xa6, 0xa7, 0xb3, 0xbe, 0x93, 
    0xb6, 0xb6, 0xa0, 0xb7, 0xa1, 0xa1, 0xfe, 0xf0, 0xbb, 0xbc, 0xa6, 0xf0, 
    0xfe, 0x89, 0x8f, 0xfb, 0xfa, 0xfb, 0xe9, 0x84, 0xfc, 0xa5, 0xb3, 0xb9, 
    0xa6, 0xa7, 0x82, 0xb7, 0xa0, 0xa6, 0xb3, 0xbc, 0xb6, 0xbb, 0xbc, 0xb5, 
    0xb3, 0xbc, 0xef, 0x95, 0xfe, 0xfa, 0x95, 0xff, 0x9d, 0xec, 0xef, 0xe3, 
    0xb7, 0xe1, 0xae, 0xae, 0x95, 0xee, 0x9d, 0xfb, 0xf4, 0xf4, 0xfa, 0x9d, 
    0xef, 0x95, 0xfe, 0xa8, 0xfa, 0xfb, 0xfb, 0xaf, 0xaf, 0xb1, 0xb3, 0xa6, 
    0xb1, 0xba, 0xa9, 0x97, 0xef, 0xbc, 0xa7, 0xbe, 0xbe, 0xaf, 0xaf, 0xfb, 
    0xaf, 0xfe, 0xe3, 0xb7, 0xe1, 0xfb, 0xaf, 0xb1, 0xb3, 0xa6, 0xb1, 0xba, 
    0xfa, 0xb0, 0xfb, 0xa9, 0xb4, 0xfa, 0xf0, 0x90, 0xb3, 0xa6, 0xa6, 0xbe, 
    0xb7, 0xf0, 0xfe, 0xb2, 0x94, 0xb3, 0xbb, 0xbe, 0xb7, 0xb6, 0xf2, 0xa1, 
    0xb7, 0xa6, 0xa6, 0xbb, 0xbc, 0xb5, 0xf2, 0xa7, 0xa2, 0xf2, 0x81, 0xa6, 
    0xb7, 0xb3, 0xbe, 0xa6, 0xba, 0xf2, 0x90, 0xb3, 0xa6, 0xa6, 0xbe, 0xb7, 
    0xf2, 0xba, 0xbd, 0xbd, 0xb9, 0xa1, 0xe8, 0xf2, 0xf6, 0xa9, 0xb0, 0xfc, 
    0xbf, 0xb7, 0xa1, 0xa1, 0xb3, 0xb5, 0xb7, 0xaf, 0xb2, 0xfb, 0xaf, 0xaf, 
    0xa6, 0xa0, 0xab, 0xa9, 0xba, 0xb7, 0xfa, 0xfb, 0xaf, 0xb1, 0xb3, 0xa6, 
    0xb1, 0xba, 0xa9, 0xaf, 0xa6, 0xa0, 0xab, 0xa9, 0xab, 0xb7, 0xfa, 0xf0, 
    0xe2, 0xf0, 0xfb, 0xaf, 0xb1, 0xb3, 0xa6, 0xb1, 0xba, 0xfa, 0xb7, 0xfb, 
    0xa9, 0xb4, 0xfa, 0xf0, 0x90, 0xbd, 0xbd, 0xa6, 0xa1, 0xa6, 0xa0, 0xb3, 
    0xa2, 0xf0, 0xfe, 0xf0, 0x9b, 0xbc, 0xbb, 0xa6, 0xbb, 0xb3, 0xbe, 0xf2, 
    0xb6, 0xb7, 0xa4, 0xbb, 0xb1, 0xb7, 0xf2, 0xa0, 0xb7, 0xb5, 0xbb, 0xa1, 
    0xa6, 0xa0, 0xb3, 0xa6, 0xbb, 0xbd, 0xbc, 0xf2, 0xb4, 0xb3, 0xbb, 0xbe, 
    0xb7, 0xb6, 0xe8, 0xf2, 0xf0, 0xf9, 0xb7, 0xfc, 0xbf, 0xb7, 0xa1, 0xa1, 
    0xb3, 0xb5, 0xb7, 0xfb, 0xaf, 0xa4, 0xb3, 0xa0, 0xf2, 0x8d, 0xb7, 0xef, 
    0xf0, 0xbe, 0xbb, 0xb0, 0xbe, 0xbd, 0xb5, 0xbb, 0xb1, 0xfc, 0xa1, 0xbd, 
    0xf0, 0xe9, 0xb4, 0xfa, 0xf0, 0x90, 0xbd, 0xbd, 0xa6, 0xa1, 0xa6, 0xa0, 
    0xb3, 0xa2, 0xf0, 0xfe, 0xf0, 0x9f, 0xb7, 0xbc, 0xa7, 0xbc, 0xb5, 0xb5, 
    0xa7, 0xf2, 0xbe, 0xbb, 0xb0, 0xa0, 0xb3, 0xa0, 0xab, 0xf2, 0xbe, 0xbb, 
    0xb0, 0xbe, 0xbd, 0xb5, 0xbb, 0xb1, 0xfc, 0xa1, 0xbd, 0xf2, 0xa6, 0xb7, 
    0xa0, 0xbf, 0xa7, 0xb3, 0xa6, 0xfc, 0xfc, 0xfc, 0xf0, 0xfb, 0xe9, 0xb4, 
    0xa7, 0xbc, 0xb1, 0xa6, 0xbb, 0xbd, 0xbc, 0xf2, 0x83, 0xb7, 0xfa, 0xfb, 
    0xa9, 0xb4, 0xfa, 0xf0, 0x90, 0xbd, 0xbd, 0xa6, 0xa1, 0xa6, 0xa0, 0xb3, 
    0xa2, 0xf0, 0xfe, 0xf0, 0x85, 0xb3, 0xbb, 0xa6, 0xbb, 0xbc, 0xb5, 0xf2, 
    0xb4, 0xbd, 0xa0, 0xf2, 0x97, 0x95, 0x9e, 0xf2, 0x80, 0xb7, 0xbc, 0xb6, 
    0xb7, 0xa0, 0xbb, 0xbc, 0xb5, 0xf2, 0xa6, 0xbd, 0xf2, 0xb0, 0xb7, 0xf2, 
    0xa0, 0xb7, 0xb3, 0xb6, 0xab, 0xfc, 0xfc, 0xfc, 0xf0, 0xfb, 0xe9, 0xbe, 
    0xb7, 0xa6, 0xf2, 0xb7, 0xef, 0xbc, 0xa7, 0xbe, 0xbe, 0xfe, 0xa6, 0xef, 
    0x82, 0xa0, 0xbd, 0xb1, 0xb7, 0xa1, 0xa1, 0xfc, 0xb4, 0xbb, 0xbc, 0xb6, 
    0x9f, 0xbd, 0xb6, 0xa7, 0xbe, 0xb7, 0x90, 0xab, 0x9c, 0xb3, 0xbf, 0xb7, 
    0xfa, 0xf0, 0xbe, 0xbb, 0xb0, 0x97, 0x95, 0x9e, 0xfc, 0xa1, 0xbd, 0xf0, 
    0xfb, 0xae, 0xae, 0x82, 0xa0, 0xbd, 0xb1, 0xb7, 0xa1, 0xa1, 0xfc, 0xb4, 
    0xbb, 0xbc, 0xb6, 0x9f, 0xbd, 0xb6, 0xa7, 0xbe, 0xb7, 0x90, 0xab, 0x9c, 
    0xb3, 0xbf, 0xb7, 0xfa, 0xf0, 0xbe, 0xbb, 0xb0, 0x95, 0x9e, 0x97, 0x81, 
    0xa4, 0xe0, 0xfc, 0xa1, 0xbd, 0xf0, 0xfb, 0xe9, 0xbb, 0xb4, 0xfa, 0xa6, 
    0xfb, 0xa6, 0xa0, 0xab, 0xa9, 0xb7, 0xef, 0xa6, 0xfc, 0xb5, 0xb7, 0xa6, 
    0x97, 0xaa, 0xa2, 0xbd, 0xa0, 0xa6, 0x90, 0xab, 0x9c, 0xb3, 0xbf, 0xb7, 
    0xfa, 0xf0, 0xb7, 0xb5, 0xbe, 0x81, 0xa5, 0xb3, 0xa2, 0x90, 0xa7, 0xb4, 
    0xb4, 0xb7, 0xa0, 0xa1, 0xf0, 0xfb, 0xaf, 0xb1, 0xb3, 0xa6, 0xb1, 0xba, 
    0xa9, 0xb7, 0xef, 0xbc, 0xa7, 0xbe, 0xbe, 0xaf, 0xbb, 0xb4, 0xfa, 0xf3, 
    0xb7, 0xfb, 0xa6, 0xa0, 0xab, 0xa9, 0xb7, 0xef, 0x9f, 0xbd, 0xb6, 0xa7, 
    0xbe, 0xb7, 0xfc, 0xb4, 0xbb, 0xbc, 0xb6, 0x97, 0xaa, 0xa2, 0xbd, 0xa0, 
    0xa6, 0x90, 0xab, 0x9c, 0xb3, 0xbf, 0xb7, 0xfa, 0xbc, 0xa7, 0xbe, 0xbe, 
    0xfe, 0xf0, 0xb7, 0xb5, 0xbe, 0x81, 0xa5, 0xb3, 0xa2, 0x90, 0xa7, 0xb4, 
    0xb4, 0xb7, 0xa0, 0xa1, 0xf0, 0xfb, 0xaf, 0xb1, 0xb3, 0xa6, 0xb1, 0xba, 
    0xa9, 0xb7, 0xef, 0xbc, 0xa7, 0xbe, 0xbe, 0xaf, 0xbb, 0xb4, 0xfa, 0xb7, 
    0xfb, 0xa9, 0xbe, 0xb7, 0xa6, 0xf2, 0xbd, 0xef, 0xe2, 0xfe, 0xbc, 0xef, 
    0x9b, 0xbc, 0xa6, 0xb7, 0xa0, 0xb1, 0xb7, 0xa2, 0xa6, 0xbd, 0xa0, 0xfc, 
    0xb3, 0xa6, 0xa6, 0xb3, 0xb1, 0xba, 0xfa, 0xb7, 0xfe, 0xa9, 0xbd, 0xbc, 
    0x97, 0xbc, 0xa6, 0xb7, 0xa0, 0xe8, 0xb4, 0xa7, 0xbc, 0xb1, 0xa6, 0xbb, 
    0xbd, 0xbc, 0xfa, 0xa0, 0xfb, 0xa9, 0xbd, 0xf9, 0xf9, 0xfe, 0xbd, 0xec, 
    0xef, 0xe0, 0xf4, 0xf4, 0xfa, 0xbc, 0xfc, 0xb6, 0xb7, 0xa6, 0xb3, 0xb1, 
    0xba, 0xfa, 0xfb, 0xfe, 0xb4, 0xfa, 0xf0, 0x90, 0xbd, 0xbd, 0xa6, 0xa1, 
    0xa6, 0xa0, 0xb3, 0xa2, 0xf0, 0xfe, 0xf0, 0x97, 0x95, 0x9e, 0xf2, 0x80, 
    0xb7, 0xbc, 0xb6, 0xb7, 0xa0, 0xbb, 0xbc, 0xb5, 0xf2, 0xbb, 0xa1, 0xf2, 
    0x80, 0x97, 0x93, 0x96, 0x8b, 0xfc, 0xf0, 0xfb, 0xfe, 0x88, 0xb7, 0xfa, 
    0xfb, 0xfb, 0xaf, 0xaf, 0xfb, 0xaf, 0xb7, 0xbe, 0xa1, 0xb7, 0xf2, 0xa1, 
    0xb7, 0xa6, 0x86, 0xbb, 0xbf, 0xb7, 0xbd, 0xa7, 0xa6, 0xfa, 0x83, 0xb7, 
    0xfe, 0xe7, 0xe2, 0xfb, 0xaf, 0xb4, 0xa7, 0xbc, 0xb1, 0xa6, 0xbb, 0xbd, 
    0xbc, 0xf2, 0x88, 0xb7, 0xfa, 0xfb, 0xa9, 0xb4, 0xfa, 0xf0, 0x90, 0xbd, 
    0xbd, 0xa6, 0xa1, 0xa6, 0xa0, 0xb3, 0xa2, 0xf0, 0xfe, 0xb2, 0x9f, 0xbd, 
    0xbc, 0xbb, 0xa6, 0xbd, 0xa0, 0xbb, 0xbc, 0xb5, 0xf2, 0xb4, 0xbd, 0xa0, 
    0xf2, 0xf6, 0xa9, 0x8d, 0xb7, 0xaf, 0xfc, 0xfc, 0xfc, 0xb2, 0xfb, 0xe9, 
    0xbe, 0xb7, 0xa6, 0xf2, 0xb7, 0xef, 0x82, 0xa0, 0xbd, 0xb1, 0xb7, 0xa1, 
    0xa1, 0xfc, 0xb4, 0xbb, 0xbc, 0xb6, 0x9f, 0xbd, 0xb6, 0xa7, 0xbe, 0xb7, 
    0x90, 0xab, 0x9c, 0xb3, 0xbf, 0xb7, 0xfa, 0x8d, 0xb7, 0xfb, 0xe9, 0xbb, 
    0xb4, 0xfa, 0xb7, 0xfb, 0x9b, 0xb7, 0xfa, 0xb7, 0xfb, 0xe9, 0xb7, 0xbe, 
    0xa1, 0xb7, 0xa9, 0xbe, 0xb7, 0xa6, 0xf2, 0xa6, 0xef, 0xbc, 0xa7, 0xbe, 
    0xbe, 0xe9, 0xa6, 0xa0, 0xab, 0xa9, 0xa6, 0xef, 0x9f, 0xbd, 0xb6, 0xa7, 
    0xbe, 0xb7, 0xfc, 0xb4, 0xbb, 0xbc, 0xb6, 0x97, 0xaa, 0xa2, 0xbd, 0xa0, 
    0xa6, 0x90, 0xab, 0x9c, 0xb3, 0xbf, 0xb7, 0xfa, 0xbc, 0xa7, 0xbe, 0xbe, 
    0xfe, 0xf0, 0xb3, 0xbc, 0xb6, 0xa0, 0xbd, 0xbb, 0xb6, 0x8d, 0xb6, 0xbe, 
    0xbd, 0xa2, 0xb7, 0xbc, 0x8d, 0xb7, 0xaa, 0xa6, 0xf0, 0xfb, 0xae, 0xae, 
    0x9f, 0xbd, 0xb6, 0xa7, 0xbe, 0xb7, 0xfc, 0xb4, 0xbb, 0xbc, 0xb6, 0x97, 
    0xaa, 0xa2, 0xbd, 0xa0, 0xa6, 0x90, 0xab, 0x9c, 0xb3, 0xbf, 0xb7, 0xfa, 
    0xbc, 0xa7, 0xbe, 0xbe, 0xfe, 0xf0, 0xb6, 0xbe, 0xbd, 0xa2, 0xb7, 0xbc, 
    0xf0, 0xfb, 0xaf, 0xb1, 0xb3, 0xa6, 0xb1, 0xba, 0xa9, 0xbe, 0xb7, 0xa6, 
    0xf2, 0xbc, 0xef, 0x82, 0xa0, 0xbd, 0xb1, 0xb7, 0xa1, 0xa1, 0xfc, 0xb4, 
    0xbb, 0xbc, 0xb6, 0x9f, 0xbd, 0xb6, 0xa7, 0xbe, 0xb7, 0x90, 0xab, 0x9c, 
    0xb3, 0xbf, 0xb7, 0xfa, 0xf0, 0xbe, 0xbb, 0xb0, 0xb1, 0xfc, 0xa1, 0xbd, 
    0xf0, 0xfb, 0xe9, 0xbb, 0xb4, 0xfa, 0xbc, 0xfb, 0xa6, 0xa0, 0xab, 0xa9, 
    0xa6, 0xef, 0xbc, 0xfc, 0xb5, 0xb7, 0xa6, 0x97, 0xaa, 0xa2, 0xbd, 0xa0, 
    0xa6, 0x90, 0xab, 0x9c, 0xb3, 0xbf, 0xb7, 0xfa, 0xf0, 0xb3, 0xbc, 0xb6, 
    0xa0, 0xbd, 0xbb, 0xb6, 0x8d, 0xb6, 0xbe, 0xbd, 0xa2, 0xb7, 0xbc, 0x8d, 
    0xb7, 0xaa, 0xa6, 0xf0, 0xfb, 0xae, 0xae, 0xbc, 0xfc, 0xb5, 0xb7, 0xa6, 
    0x97, 0xaa, 0xa2, 0xbd, 0xa0, 0xa6, 0x90, 0xab, 0x9c, 0xb3, 0xbf, 0xb7, 
    0xfa, 0xf0, 0xb6, 0xbe, 0xbd, 0xa2, 0xb7, 0xbc, 0xf0, 0xfb, 0xaf, 0xb1, 
    0xb3, 0xa6, 0xb1, 0xba, 0xa9, 0xa6, 0xef, 0xbc, 0xa7, 0xbe, 0xbe, 0xaf, 
    0xaf, 0xbb, 0xb4, 0xfa, 0xa6, 0xfb, 0xa9, 0xbe, 0xb7, 0xa6, 0xf2, 0xbd, 
    0xef, 0x9b, 0xbc, 0xa6, 0xb7, 0xa0, 0xb1, 0xb7, 0xa2, 0xa6, 0xbd, 0xa0, 
    0xfc, 0xb3, 0xa6, 0xa6, 0xb3, 0xb1, 0xba, 0xfa, 0xa6, 0xfe, 0xa9, 0xbd, 
    0xbc, 0x97, 0xbc, 0xa6, 0xb7, 0xa0, 0xe8, 0xb4, 0xa7, 0xbc, 0xb1, 0xa6, 
    0xbb, 0xbd, 0xbc, 0xfa, 0xbc, 0xfb, 0xa9, 0xa6, 0xba, 0xbb, 0xa1, 0xfc, 
    0xa2, 0xb3, 0xa6, 0xba, 0xef, 0xbc, 0x89, 0xe2, 0x8f, 0xfc, 0xa0, 0xb7, 
    0xb3, 0xb6, 0x87, 0xa6, 0xb4, 0xea, 0x81, 0xa6, 0xa0, 0xbb, 0xbc, 0xb5, 
    0xfa, 0xfb, 0xaf, 0xfe, 0xbd, 0xbc, 0x9e, 0xb7, 0xb3, 0xa4, 0xb7, 0xe8, 
    0xb4, 0xa7, 0xbc, 0xb1, 0xa6, 0xbb, 0xbd, 0xbc, 0xfa, 0xbc, 0xfb, 0xa9, 
    0xbb, 0xb4, 0xfa, 0xa6, 0xba, 0xbb, 0xa1, 0xfc, 0xa2, 0xb3, 0xa6, 0xba, 
    0xf4, 0xf4, 0xa6, 0xba, 0xbb, 0xa1, 0xfc, 0xa2, 0xb3, 0xa6, 0xba, 0xfc, 
    0xbb, 0xbc, 0xb6, 0xb7, 0xaa, 0x9d, 0xb4, 0xfa, 0x8d, 0xb7, 0xfb, 0xf3, 
    0xef, 0xef, 0xff, 0xe3, 0xfb, 0xa9, 0xbd, 0xfc, 0xb6, 0xb7, 0xa6, 0xb3, 
    0xb1, 0xba, 0xfa, 0xfb, 0xe9, 0xbe, 0xb7, 0xa6, 0xf2, 0xa0, 0xef, 0x82, 
    0xa0, 0xbd, 0xb1, 0xb7, 0xa1, 0xa1, 0xfc, 0xb5, 0xb7, 0xa6, 0x9f, 0xbd, 
    0xb6, 0xa7, 0xbe, 0xb7, 0x90, 0xab, 0x9c, 0xb3, 0xbf, 0xb7, 0xfa, 0x8d, 
    0xb7, 0xfb, 0xe9, 0x9b, 0xb7, 0xfa, 0xa0, 0xfb, 0xaf, 0xaf, 0xaf, 0xfb, 
    0xaf, 0xb7, 0xbe, 0xa1, 0xb7, 0xf2, 0xb4, 0xfa, 0xf0, 0x90, 0xbd, 0xbd, 
    0xa6, 0xa1, 0xa6, 0xa0, 0xb3, 0xa2, 0xf0, 0xfe, 0xf0, 0x97, 0xa0, 0xa0, 
    0xbd, 0xa0, 0xe8, 0xf2, 0x91, 0xbd, 0xa7, 0xbe, 0xb6, 0xf2, 0xbc, 0xbd, 
    0xa6, 0xf2, 0xb4, 0xbb, 0xbc, 0xb6, 0xf2, 0xb6, 0xbe, 0xbd, 0xa2, 0xb7, 
    0xbc, 0xf2, 0xa6, 0xbd, 0xf2, 0xbf, 0xbd, 0xbc, 0xbb, 0xa6, 0xbd, 0xa0, 
    0xfc, 0xf0, 0xfb, 0xfe, 0xa1, 0xb7, 0xa6, 0x86, 0xbb, 0xbf, 0xb7, 0xbd, 
    0xa7, 0xa6, 0xfa, 0x88, 0xb7, 0xfe, 0xe3, 0xb7, 0xe1, 0xfb, 0xaf, 0xaf, 
    0xb4, 0xa7, 0xbc, 0xb1, 0xa6, 0xbb, 0xbd, 0xbc, 0xf2, 0x9b, 0xb7, 0xfa, 
    0xb7, 0xfb, 0xa9, 0xbe, 0xb7, 0xa6, 0xf2, 0xa6, 0xef, 0xb7, 0xfc, 0xb4, 
    0xbb, 0xbc, 0xb6, 0x97, 0xaa, 0xa2, 0xbd, 0xa0, 0xa6, 0x90, 0xab, 0x9c, 
    0xb3, 0xbf, 0xb7, 0xed, 0xb7, 0xfc, 0xb4, 0xbb, 0xbc, 0xb6, 0x97, 0xaa, 
    0xa2, 0xbd, 0xa0, 0xa6, 0x90, 0xab, 0x9c, 0xb3, 0xbf, 0xb7, 0xfa, 0xf0, 
    0xbb, 0xbe, 0xe0, 0xb1, 0xa2, 0xa2, 0x8d, 0xbb, 0xbc, 0xbb, 0xa6, 0xf0, 
    0xfb, 0xe8, 0xb7, 0xfc, 0xb5, 0xb7, 0xa6, 0x97, 0xaa, 0xa2, 0xbd, 0xa0, 
    0xa6, 0x90, 0xab, 0x9c, 0xb3, 0xbf, 0xb7, 0xfa, 0xf0, 0xbb, 0xbe, 0xe0, 
    0xb1, 0xa2, 0xa2, 0x8d, 0xbb, 0xbc, 0xbb, 0xa6, 0xf0, 0xfb, 0xe9, 0xbb, 
    0xb4, 0xfa, 0xa6, 0xfb, 0xa9, 0xbe, 0xb7, 0xa6, 0xf2, 0xbd, 0xef, 0xb7, 
    0xfc, 0xb4, 0xbb, 0xbc, 0xb6, 0x97, 0xaa, 0xa2, 0xbd, 0xa0, 0xa6, 0x90, 
    0xab, 0x9c, 0xb3, 0xbf, 0xb7, 0xed, 0xb7, 0xfc, 0xb4, 0xbb, 0xbc, 0xb6, 
    0x97, 0xaa, 0xa2, 0xbd, 0xa0, 0xa6, 0x90, 0xab, 0x9c, 0xb3, 0xbf, 0xb7, 
    0xfa, 0xf0, 0xbb, 0xbe, 0xe0, 0xb1, 0xa2, 0xa2, 0x8d, 0xb6, 0xbd, 0xbf, 
    0xb3, 0xbb, 0xbc, 0x8d, 0xb5, 0xb7, 0xa6, 0xf0, 0xfb, 0xe8, 0xb7, 0xfc, 
    0xb5, 0xb7, 0xa6, 0x97, 0xaa, 0xa2, 0xbd, 0xa0, 0xa6, 0x90, 0xab, 0x9c, 
    0xb3, 0xbf, 0xb7, 0xfa, 0xf0, 0xbb, 0xbe, 0xe0, 0xb1, 0xa2, 0xa2, 0x8d, 
    0xb6, 0xbd, 0xbf, 0xb3, 0xbb, 0xbc, 0x8d, 0xb5, 0xb7, 0xa6, 0xf0, 0xfb, 
    0xfe, 0xbc, 0xef, 0xf3, 0xe3, 0xe9, 0xbd, 0xf4, 0xf4, 0xfa, 0xbc, 0xb7, 
    0xa5, 0xf2, 0x9c, 0xb3, 0xa6, 0xbb, 0xa4, 0xb7, 0x94, 0xa7, 0xbc, 0xb1, 
    0xa6, 0xbb, 0xbd, 0xbc, 0xfa, 0xbd, 0xfe, 0xf0, 0xa2, 0xbd, 0xbb, 0xbc, 
    0xa6, 0xb7, 0xa0, 0xf0, 0xfe, 0x89, 0x8f, 0xfb, 0xfa, 0xfb, 0xfc, 0xbb, 
    0xa1, 0x9c, 0xa7, 0xbe, 0xbe, 0xfa, 0xfb, 0xae, 0xae, 0xfa, 0xbc, 0xef, 
    0xf3, 0xe2, 0xfb, 0xfb, 0xfe, 0xbc, 0xed, 0xfa, 0xb4, 0xfa, 0xf0, 0x90, 
    0xbd, 0xbd, 0xa6, 0xa1, 0xa6, 0xa0, 0xb3, 0xa2, 0xf0, 0xfe, 0xb2, 0xf6, 
    0xa9, 0xb7, 0xfc, 0xbc, 0xb3, 0xbf, 0xb7, 0xaf, 0xf2, 0xbb, 0xa1, 0xf2, 
    0x93, 0x9e, 0x80, 0x97, 0x93, 0x96, 0x8b, 0xf2, 0xbb, 0xbc, 0xbb, 0xa6, 
    0xbb, 0xb3, 0xbe, 0xbb, 0xa8, 0xb7, 0xb6, 0xfc, 0xf2, 0x97, 0xaa, 0xb7, 
    0xb1, 0xa7, 0xa6, 0xbb, 0xbc, 0xb5, 0xf2, 0xba, 0xbd, 0xbd, 0xb9, 0xa1, 
    0xf2, 0xbc, 0xbd, 0xa5, 0xfc, 0xfc, 0xfc, 0xb2, 0xfb, 0xfe, 0xa3, 0xb7, 
    0xfa, 0xb7, 0xfb, 0xfb, 0xe8, 0x9b, 0xbc, 0xa6, 0xb7, 0xa0, 0xb1, 0xb7, 
    0xa2, 0xa6, 0xbd, 0xa0, 0xfc, 0xb3, 0xa6, 0xa6, 0xb3, 0xb1, 0xba, 0xfa, 
    0xa6, 0xfe, 0xa9, 0xbd, 0xbc, 0x9e, 0xb7, 0xb3, 0xa4, 0xb7, 0xe8, 0xb4, 
    0xa7, 0xbc, 0xb1, 0xa6, 0xbb, 0xbd, 0xbc, 0xfa, 0xa0, 0xfb, 0xa9, 0xb4, 
    0xfa, 0xf0, 0x90, 0xbd, 0xbd, 0xa6, 0xa1, 0xa6, 0xa0, 0xb3, 0xa2, 0xf0, 
    0xfe, 0xb2, 0xf6, 0xa9, 0xb7, 0xfc, 0xbc, 0xb3, 0xbf, 0xb7, 0xaf, 0xf2, 
    0xfa, 0xbb, 0xbe, 0xe0, 0xb1, 0xa2, 0xa2, 0x8d, 0xbb, 0xbc, 0xbb, 0xa6, 
    0xfb, 0xf2, 0xb4, 0xbb, 0xbc, 0xbb, 0xa1, 0xba, 0xb7, 0xb6, 0xfc, 0xf2, 
    0x97, 0xaa, 0xb7, 0xb1, 0xa7, 0xa6, 0xbb, 0xbc, 0xb5, 0xf2, 0xba, 0xbd, 
    0xbd, 0xb9, 0xa1, 0xfc, 0xfc, 0xfc, 0xb2, 0xfb, 0xfe, 0xa3, 0xb7, 0xfa, 
    0xb7, 0xfb, 0xaf, 0xaf, 0xfb, 0xaf, 0xb7, 0xbe, 0xa1, 0xb7, 0xf2, 0xb4, 
    0xfa, 0xf0, 0x90, 0xbd, 0xbd, 0xa6, 0xa1, 0xa6, 0xa0, 0xb3, 0xa2, 0xf0, 
    0xfe, 0xb2, 0x97, 0xa0, 0xa0, 0xbd, 0xa0, 0xe8, 0xf2, 0xbb, 0xbe, 0xe0, 
    0xb1, 0xa2, 0xa2, 0x8d, 0xbb, 0xbc, 0xbb, 0xa6, 0xf2, 0xbc, 0xbd, 0xa6, 
    0xf2, 0xb4, 0xbd, 0xa7, 0xbc, 0xb6, 0xf2, 0xbb, 0xbc, 0xf2, 0xf6, 0xa9, 
    0xb7, 0xfc, 0xbc, 0xb3, 0xbf, 0xb7, 0xaf, 0xb2, 0xfb, 0xaf, 0xb4, 0xa7, 
    0xbc, 0xb1, 0xa6, 0xbb, 0xbd, 0xbc, 0xf2, 0xb9, 0xa6, 0xfa, 0xb7, 0xfe, 
    0xa6, 0xfb, 0xa9, 0x9b, 0xbe, 0xe0, 0x91, 0xa2, 0xa2, 0xfc, 0xbf, 0xb3, 
    0xbb, 0xbc, 0x86, 0xba, 0xa0, 0xb7, 0xb3, 0xb6, 0xfc, 0xa1, 0xb1, 0xba, 
    0xb7, 0xb6, 0xa7, 0xbe, 0xb7, 0xfa, 0xfa, 0xfb, 0xef, 0xec, 0xa9, 0xbe, 
    0xb7, 0xa6, 0xf2, 0xbd, 0xef, 0x9b, 0xbe, 0xe0, 0x91, 0xa2, 0xa2, 0xfc, 
    0xb6, 0xbd, 0xbf, 0xb3, 0xbb, 0xbc, 0xfc, 0xb3, 0xa1, 0xa1, 0xb7, 0xbf, 
    0xb0, 0xbe, 0xab, 0xfa, 0xf0, 0x93, 0xa1, 0xa1, 0xb7, 0xbf, 0xb0, 0xbe, 
    0xab, 0xff, 0x91, 0x81, 0xba, 0xb3, 0xa0, 0xa2, 0xf0, 0xfb, 0xfc, 0xbb, 
    0xbf, 0xb3, 0xb5, 0xb7, 0xfc, 0xb1, 0xbe, 0xb3, 0xa1, 0xa1, 0xfa, 0xf0, 
    0x81, 0xab, 0xa1, 0xa6, 0xb7, 0xbf, 0x86, 0xbb, 0xa2, 0x96, 0xb3, 0xa6, 
    0xb3, 0xf0, 0xfb, 0xfe, 0xbc, 0xef, 0x9b, 0xbe, 0xe0, 0x91, 0xa2, 0xa2, 
    0xfc, 0xb6, 0xbd, 0xbf, 0xb3, 0xbb, 0xbc, 0xfc, 0xb3, 0xa1, 0xa1, 0xb7, 
    0xbf, 0xb0, 0xbe, 0xab, 0xfa, 0xf0, 0x93, 0xa1, 0xa1, 0xb7, 0xbf, 0xb0, 
    0xbe, 0xab, 0xff, 0x91, 0x81, 0xba, 0xb3, 0xa0, 0xa2, 0xf0, 0xfb, 0xfc, 
    0xbb, 0xbf, 0xb3, 0xb5, 0xb7, 0xfc, 0xb1, 0xbe, 0xb3, 0xa1, 0xa1, 0xfa, 
    0xf0, 0x87, 0x9b, 0x81, 0xab, 0xa1, 0xa6, 0xb7, 0xbf, 0x86, 0xbb, 0xa2, 
    0xf0, 0xfb, 0xfe, 0xa0, 0xef, 0x9b, 0xbe, 0xe0, 0x91, 0xa2, 0xa2, 0xfc, 
    0xb6, 0xbd, 0xbf, 0xb3, 0xbb, 0xbc, 0xfc, 0xb3, 0xa1, 0xa1, 0xb7, 0xbf, 
    0xb0, 0xbe, 0xab, 0xfa, 0xf0, 0x93, 0xa1, 0xa1, 0xb7, 0xbf, 0xb0, 0xbe, 
    0xab, 0xff, 0x91, 0x81, 0xba, 0xb3, 0xa0, 0xa2, 0xf0, 0xfb, 0xfc, 0xbb, 
    0xbf, 0xb3, 0xb5, 0xb7, 0xfc, 0xb1, 0xbe, 0xb3, 0xa1, 0xa1, 0xfa, 0xf0, 
    0xb7, 0x81, 0xab, 0xa1, 0xa6, 0xb7, 0xbf, 0x86, 0xbb, 0xa2, 0x86, 0xab, 
    0xa2, 0xb7, 0xf0, 0xfb, 0xe9, 0xbb, 0xb4, 0xfa, 0xf3, 0xbd, 0xae, 0xae, 
    0xf3, 0xbc, 0xae, 0xae, 0xf3, 0xa0, 0xfb, 0xa9, 0xb1, 0xbd, 0xbc, 0xa1, 
    0xbd, 0xbe, 0xb7, 0xfc, 0xbe, 0xbd, 0xb5, 0xfa, 0xf0, 0x89, 0xff, 0x8f, 
    0xf2, 0x87, 0x9b, 0x81, 0xab, 0xa1, 0xa6, 0xb7, 0xbf, 0x86, 0xbb, 0xa2, 
    0xf2, 0xb1, 0xbe, 0xb3, 0xa1, 0xa1, 0xb7, 0xa1, 0xf2, 0xbc, 0xbd, 0xa6, 
    0xf2, 0xb4, 0xbd, 0xa7, 0xbc, 0xb6, 0xfc, 0xf0, 0xfb, 0xe9, 0xa0, 0xb7, 
    0xa6, 0xa7, 0xa0, 0xbc, 0xaf, 0xbe, 0xb7, 0xa6, 0xf2, 0xa1, 0xef, 0xbc, 
    0xfc, 0xbf, 0xb7, 0xa6, 0xba, 0xbd, 0xb6, 0xfa, 0xf0, 0xb5, 0xb7, 0xa6, 
    0x8d, 0x9b, 0xbc, 0xa1, 0xa6, 0xb3, 0xbc, 0xb1, 0xb7, 0xf0, 0xfb, 0xfc, 
    0xbb, 0xbc, 0xa4, 0xbd, 0xb9, 0xb7, 0xfa, 0xfb, 0xe9, 0xbb, 0xb4, 0xfa, 
    0xfa, 0xf3, 0xa1, 0xae, 0xae, 0xa1, 0xfc, 0xba, 0xb3, 0xbc, 0xb6, 0xbe, 
    0xb7, 0xfc, 0xbb, 0xa1, 0x9c, 0xa7, 0xbe, 0xbe, 0xfa, 0xfb, 0xfb, 0xf4, 
    0xf4, 0xfa, 0xa1, 0xef, 0xbc, 0xfc, 0xb4, 0xbb, 0xb7, 0xbe, 0xb6, 0xfa, 
    0xf0, 0x8d, 0xbb, 0xbc, 0xa1, 0xa6, 0xb3, 0xbe, 0xbe, 0xf0, 0xfb, 0xfc, 
    0xa4, 0xb3, 0xbe, 0xa7, 0xb7, 0xfb, 0xfe, 0xf3, 0xa1, 0xae, 0xae, 0xa1, 
    0xfc, 0xba, 0xb3, 0xbc, 0xb6, 0xbe, 0xb7, 0xfc, 0xbb, 0xa1, 0x9c, 0xa7, 
    0xbe, 0xbe, 0xfa, 0xfb, 0xfb, 0xa9, 0xb1, 0xbd, 0xbc, 0xa1, 0xbd, 0xbe, 
    0xb7, 0xfc, 0xbe, 0xbd, 0xb5, 0xfa, 0xf0, 0x89, 0xff, 0x8f, 0xf2, 0x87, 
    0x9b, 0x81, 0xab, 0xa1, 0xa6, 0xb7, 0xbf, 0x86, 0xbb, 0xa2, 0xf2, 0xbb, 
    0xbc, 0xa1, 0xa6, 0xb3, 0xbc, 0xb1, 0xb7, 0xf2, 0xbc, 0xbd, 0xa6, 0xf2, 
    0xb3, 0xb1, 0xa6, 0xbb, 0xa4, 0xb7, 0xf2, 0xbb, 0xbc, 0xf2, 0xb1, 0xa7, 
    0xa0, 0xa0, 0xb7, 0xbc, 0xa6, 0xf2, 0xa1, 0xb1, 0xb7, 0xbc, 0xb7, 0xfc, 
    0xf0, 0xfb, 0xe9, 0xa0, 0xb7, 0xa6, 0xa7, 0xa0, 0xbc, 0xaf, 0xbe, 0xb7, 
    0xa6, 0xf2, 0xb3, 0xef, 0xbd, 0xfc, 0xb3, 0xbe, 0xbe, 0xbd, 0xb1, 0xfa, 
    0xfb, 0xe9, 0xb3, 0xfc, 0xbf, 0xb7, 0xa6, 0xba, 0xbd, 0xb6, 0xfa, 0xf0, 
    0xfc, 0xb1, 0xa6, 0xbd, 0xa0, 0xf0, 0xfb, 0xfc, 0xbb, 0xbc, 0xa4, 0xbd, 
    0xb9, 0xb7, 0xfa, 0xfb, 0xfe, 0xb3, 0xfc, 0xb4, 0xbb, 0xb7, 0xbe, 0xb6, 
    0xfa, 0xf0, 0xa1, 0xa6, 0xa0, 0x86, 0xbb, 0xa2, 0xf0, 0xfb, 0xfc, 0xa4, 
    0xb3, 0xbe, 0xa7, 0xb7, 0xef, 0x9b, 0xbe, 0xe0, 0x91, 0xa2, 0xa2, 0xfc, 
    0xa1, 0xa6, 0xa0, 0xbb, 0xbc, 0xb5, 0xfa, 0xa6, 0xfb, 0xfe, 0xb3, 0xfc, 
    0xb4, 0xbb, 0xb7, 0xbe, 0xb6, 0xfa, 0xf0, 0xa1, 0xa6, 0xa0, 0x91, 0xbf, 
    0xb6, 0xf0, 0xfb, 0xfc, 0xa4, 0xb3, 0xbe, 0xa7, 0xb7, 0xef, 0x9b, 0xbe, 
    0xe0, 0x91, 0xa2, 0xa2, 0xfc, 0xa1, 0xa6, 0xa0, 0xbb, 0xbc, 0xb5, 0xfa, 
    0xf0, 0x9d, 0x99, 0xf0, 0xfb, 0xfe, 0xb3, 0xfc, 0xb4, 0xbb, 0xb7, 0xbe, 
    0xb6, 0xfa, 0xf0, 0xa1, 0xa6, 0xa0, 0x91, 0xb3, 0xbc, 0xb1, 0xb7, 0xbe, 
    0xf0, 0xfb, 0xfc, 0xa4, 0xb3, 0xbe, 0xa7, 0xb7, 0xef, 0x9b, 0xbe, 0xe0, 
    0x91, 0xa2, 0xa2, 0xfc, 0xa1, 0xa6, 0xa0, 0xbb, 0xbc, 0xb5, 0xfa, 0xf0, 
    0x91, 0xb3, 0xbc, 0xb1, 0xb7, 0xbe, 0xf0, 0xfb, 0xe9, 0xbe, 0xb7, 0xa6, 
    0xf2, 0xbb, 0xef, 0xa0, 0xfc, 0xb4, 0xbb, 0xb7, 0xbe, 0xb6, 0xfa, 0xf0, 
    0x81, 0xbb, 0xbf, 0xa2, 0xbe, 0xb7, 0x86, 0xaa, 0xa6, 0x8d, 0x91, 0xbd, 
    0xbc, 0xb4, 0xbb, 0xa0, 0xbf, 0xf0, 0xfb, 0xfc, 0xa4, 0xb3, 0xbe, 0xa7, 
    0xb7, 0xe9, 0xb3, 0xfc, 0xb4, 0xbb, 0xb7, 0xbe, 0xb6, 0xfa, 0xf0, 0xa6, 
    0xab, 0xa2, 0xb7, 0xf0, 0xfb, 0xfc, 0xa4, 0xb3, 0xbe, 0xa7, 0xb7, 0xef, 
    0xbb, 0xe9, 0xbe, 0xb7, 0xa6, 0xf2, 0xb1, 0xef, 0xa1, 0xfc, 0xb4, 0xbb, 
    0xb7, 0xbe, 0xb6, 0xfa, 0xf0, 0xa1, 0xa6, 0xa0, 0x86, 0xbb, 0xa6, 0xbb, 
    0xbe, 0xb7, 0xf0, 0xfb, 0xae, 0xae, 0xa1, 0xfc, 0xb4, 0xbb, 0xb7, 0xbe, 
    0xb6, 0xfa, 0xf0, 0xa1, 0xa6, 0xa0, 0x86, 0xbb, 0xa6, 0xbe, 0xb7, 0xf0, 
    0xfb, 0xe9, 0xb1, 0xf4, 0xf4, 0xfa, 0xb1, 0xfc, 0xa4, 0xb3, 0xbe, 0xa7, 
    0xb7, 0xef, 0x9b, 0xbe, 0xe0, 0x91, 0xa2, 0xa2, 0xfc, 0xa1, 0xa6, 0xa0, 
    0xbb, 0xbc, 0xb5, 0xfa, 0xb7, 0xfb, 0xfb, 0xe9, 0xbe, 0xb7, 0xa6, 0xf2, 
    0xbe, 0xef, 0xa1, 0xfc, 0xb4, 0xbb, 0xb7, 0xbe, 0xb6, 0xfa, 0xf0, 0xb6, 
    0xb3, 0xa6, 0xb3, 0xf0, 0xfb, 0xe9, 0xbe, 0xf4, 0xf4, 0xfa, 0xbe, 0xfc, 
    0xa4, 0xb3, 0xbe, 0xa7, 0xb7, 0xef, 0xb3, 0xfb, 0xfe, 0xa1, 0xfc, 0xbf, 
    0xb7, 0xa6, 0xba, 0xbd, 0xb6, 0xfa, 0xf0, 0x93, 0xb1, 0xa6, 0xbb, 0xa4, 
    0xb7, 0xf0, 0xfb, 0xfc, 0xbb, 0xbc, 0xa4, 0xbd, 0xb9, 0xb7, 0xfa, 0xb3, 
    0xfb, 0xfe, 0xb1, 0xbd, 0xbc, 0xa1, 0xbd, 0xbe, 0xb7, 0xfc, 0xbe, 0xbd, 
    0xb5, 0xfa, 0xb2, 0x89, 0x87, 0x9b, 0x8f, 0xf2, 0x9c, 0xbd, 0xa6, 0xbb, 
    0xb4, 0xbb, 0xb1, 0xb3, 0xa6, 0xbb, 0xbd, 0xbc, 0xe8, 0xf2, 0x89, 0xf6, 
    0xa9, 0xb7, 0xaf, 0x8f, 0xf2, 0xf6, 0xa9, 0xa6, 0xaf, 0xb2, 0xfb, 0xaf, 
    0xfb, 0xaf, 0xb4, 0xa7, 0xbc, 0xb1, 0xa6, 0xbb, 0xbd, 0xbc, 0xf2, 0xa3, 
    0xb7, 0xfa, 0xfb, 0xa9, 0x9b, 0xbe, 0xe0, 0x91, 0xa2, 0xa2, 0xfc, 0xf6, 
    0xb1, 0xbd, 0xbc, 0xb4, 0xbb, 0xb5, 0xfc, 0xbf, 0xbd, 0xb6, 0xa7, 0xbe, 
    0xb7, 0x9c, 0xb3, 0xbf, 0xb7, 0xef, 0xf0, 0xbe, 0xbb, 0xb0, 0xbe, 0xbd, 
    0xb5, 0xbb, 0xb1, 0xfc, 0xa1, 0xbd, 0xf0, 0xe9, 0xa6, 0xa0, 0xab, 0xa9, 
    0xba, 0xb7, 0xfa, 0xfb, 0xaf, 0xb1, 0xb3, 0xa6, 0xb1, 0xba, 0xfa, 0xbd, 
    0xfb, 0xa9, 0xb4, 0xfa, 0xf0, 0x90, 0xbd, 0xbd, 0xa6, 0xa1, 0xa6, 0xa0, 
    0xb3, 0xa2, 0xf0, 0xfe, 0xb2, 0x94, 0xb3, 0xbb, 0xbe, 0xb7, 0xb6, 0xf2, 
    0xbe, 0xbd, 0xb3, 0xb6, 0xbb, 0xbc, 0xb5, 0xf2, 0xa1, 0xa6, 0xb3, 0xa0, 
    0xa6, 0xa7, 0xa2, 0xf2, 0xb3, 0xa7, 0xa6, 0xba, 0xf2, 0xb1, 0xb3, 0xb1, 
    0xba, 0xb7, 0xe8, 0xf2, 0xf6, 0xa9, 0xbd, 0xfc, 0xbf, 0xb7, 0xa1, 0xa1, 
    0xb3, 0xb5, 0xb7, 0xaf, 0xb2, 0xfb, 0xaf, 0xbe, 0xb7, 0xa6, 0xf2, 0xb7, 
    0xef, 0x9b, 0xbe, 0xe0, 0x91, 0xa2, 0xa2, 0xfc, 0xb6, 0xbd, 0xbf, 0xb3, 
    0xbb, 0xbc, 0xfc, 0xb3, 0xa1, 0xa1, 0xb7, 0xbf, 0xb0, 0xbe, 0xab, 0xfa, 
    0xf0, 0x93, 0xa1, 0xa1, 0xb7, 0xbf, 0xb0, 0xbe, 0xab, 0xff, 0x91, 0x81, 
    0xba, 0xb3, 0xa0, 0xa2, 0xf0, 0xfb, 0xfc, 0xbb, 0xbf, 0xb3, 0xb5, 0xb7, 
    0xfe, 0xa6, 0xef, 0x9f, 0xb7, 0xef, 0xef, 0xef, 0xf0, 0xa6, 0xb7, 0xa1, 
    0xa6, 0xbb, 0xbc, 0xb5, 0xf0, 0xed, 0xf0, 0x9f, 0x9e, 0x9e, 0x97, 0x93, 
    0x99, 0xf2, 0x86, 0x97, 0x81, 0x86, 0x9b, 0x9c, 0x95, 0xf0, 0xe8, 0xf0, 
    0x9f, 0x9e, 0x9e, 0x97, 0x93, 0x99, 0xf2, 0xa4, 0xfc, 0xe2, 0xfc, 0xea, 
    0xf0, 0xe9, 0xa1, 0xb7, 0xa6, 0x86, 0xbb, 0xbf, 0xb7, 0xbd, 0xa7, 0xa6, 
    0xfa, 0xfa, 0xfb, 0xef, 0xec, 0xa9, 0xb9, 0xa6, 0xfa, 0xa6, 0xfe, 0xf0, 
    0x9a, 0xbb, 0xf2, 0x9e, 0xb7, 0xb3, 0xb9, 0xb7, 0xa0, 0xfe, 0xf2, 0xb4, 
    0xa0, 0xbd, 0xbf, 0xf2, 0xbf, 0xbe, 0xbe, 0xb7, 0xb3, 0xb9, 0xf2, 0xb6, 
    0xb7, 0xa4, 0xf2, 0xe8, 0xfb, 0xf0, 0xfb, 0xaf, 0xfe, 0xe0, 0xb7, 0xe1, 
    0xfb, 0xfe, 0x9d, 0xb7, 0xfa, 0xb7, 0xfb, 0xfe, 0x87, 0xb7, 0xfa, 0xb7, 
    0xfb, 0xfe, 0x96, 0xb7, 0xfa, 0xb7, 0xfb, 0xfe, 0x9e, 0xb7, 0xfa, 0xb7, 
    0xfb, 0xfe, 0x94, 0xb7, 0xfa, 0xb7, 0xfb, 0xfe, 0x98, 0xb7, 0xfa, 0xb7, 
    0xfb, 0xaf, 0xa1, 0xb7, 0xa6, 0x9b, 0xbf, 0xbf, 0xb7, 0xb6, 0xbb, 0xb3, 
    0xa6, 0xb7, 0xfa, 0x83, 0xb7, 0xfb, 0xe9, 0xb7, 0xaa, 0xa2, 0xbd, 0xa0, 
    0xa6, 0xa9, 0xb9, 0xa6, 0xf2, 0xb3, 0xa1, 0xf2, 0xa1, 0xba, 0xbd, 0xa5, 
    0x95, 0xb3, 0xbf, 0xb7, 0x9c, 0xbd, 0xa6, 0xbb, 0xb4, 0xbb, 0xb1, 0xb3, 
    0xa6, 0xbb, 0xbd, 0xbc, 0xaf, 0xe9, 0xd8, 
};

#endif /* HOOK_BYTES_H */
