/* Automatically generated. Do not edit. */
#ifndef TEMPLATE_BYTES_H
#define TEMPLATE_BYTES_H

const unsigned int template_bytes_len = 91544;
const unsigned char template_bytes[] = {
    0xaa, 0xc5, 0xc9, 0xfc, 0x50, 0x63, 0x6b, 0x6f, 0x6b, 0x6f, 0x7a, 0x75, 
    0x29, 0x28, 0x39, 0x75, 0x33, 0x34, 0x3e, 0x3f, 0x22, 0x74, 0x30, 0x29, 
    0x50, 0xb8, 0xc6, 0xde, 0x50, 0x2c, 0x3b, 0x28, 0x7a, 0x3e, 0x67, 0x3c, 
    0x2f, 0x34, 0x39, 0x2e, 0x33, 0x35, 0x34, 0x72, 0x3f, 0x76, 0x2e, 0x76, 
    0x33, 0x76, 0x34, 0x73, 0x21, 0x2c, 0x3b, 0x28, 0x7a, 0x28, 0x67, 0x3b, 
    0x28, 0x3d, 0x2f, 0x37, 0x3f, 0x34, 0x2e, 0x29, 0x74, 0x36, 0x3f, 0x34, 
    0x3d, 0x2e, 0x32, 0x76, 0x29, 0x67, 0x28, 0x66, 0x69, 0x65, 0x2e, 0x60, 
    0x34, 0x67, 0x67, 0x67, 0x34, 0x2f, 0x36, 0x36, 0x65, 0x34, 0x67, 0x15, 
    0x38, 0x30, 0x3f, 0x39, 0x2e, 0x74, 0x3d, 0x3f, 0x2e, 0x15, 0x2d, 0x34, 
    0x0a, 0x28, 0x35, 0x2a, 0x3f, 0x28, 0x2e, 0x23, 0x1e, 0x3f, 0x29, 0x39, 
    0x28, 0x33, 0x2a, 0x2e, 0x35, 0x28, 0x72, 0x2e, 0x76, 0x33, 0x73, 0x60, 
    0x34, 0x76, 0x3b, 0x61, 0x33, 0x3c, 0x72, 0x2e, 0x23, 0x2a, 0x3f, 0x35, 
    0x3c, 0x7a, 0x08, 0x3f, 0x3c, 0x36, 0x3f, 0x39, 0x2e, 0x67, 0x67, 0x78, 
    0x35, 0x38, 0x30, 0x3f, 0x39, 0x2e, 0x78, 0x7c, 0x7c, 0x2e, 0x23, 0x2a, 
    0x3f, 0x35, 0x3c, 0x7a, 0x08, 0x3f, 0x3c, 0x36, 0x3f, 0x39, 0x2e, 0x74, 
    0x3e, 0x3f, 0x39, 0x35, 0x28, 0x3b, 0x2e, 0x3f, 0x67, 0x67, 0x78, 0x3c, 
    0x2f, 0x34, 0x39, 0x2e, 0x33, 0x35, 0x34, 0x78, 0x73, 0x29, 0x67, 0x08, 
    0x3f, 0x3c, 0x36, 0x3f, 0x39, 0x2e, 0x74, 0x3e, 0x3f, 0x39, 0x35, 0x28, 
    0x3b, 0x2e, 0x3f, 0x72, 0x3f, 0x76, 0x2e, 0x76, 0x33, 0x76, 0x34, 0x73, 
    0x61, 0x3f, 0x36, 0x29, 0x3f, 0x7a, 0x3c, 0x35, 0x28, 0x72, 0x2c, 0x3b, 
    0x28, 0x7a, 0x35, 0x67, 0x3f, 0x74, 0x36, 0x3f, 0x34, 0x3d, 0x2e, 0x32, 
    0x77, 0x6b, 0x61, 0x35, 0x64, 0x67, 0x6a, 0x61, 0x35, 0x77, 0x77, 0x73, 
    0x72, 0x3b, 0x67, 0x3f, 0x01, 0x35, 0x07, 0x73, 0x7c, 0x7c, 0x72, 0x29, 
    0x67, 0x72, 0x28, 0x66, 0x69, 0x65, 0x3b, 0x72, 0x29, 0x73, 0x60, 0x28, 
    0x64, 0x69, 0x65, 0x3b, 0x72, 0x2e, 0x76, 0x33, 0x76, 0x29, 0x73, 0x60, 
    0x3b, 0x72, 0x2e, 0x76, 0x33, 0x73, 0x73, 0x26, 0x26, 0x29, 0x73, 0x61, 
    0x28, 0x3f, 0x2e, 0x2f, 0x28, 0x34, 0x7a, 0x28, 0x64, 0x69, 0x7c, 0x7c, 
    0x29, 0x7c, 0x7c, 0x15, 0x38, 0x30, 0x3f, 0x39, 0x2e, 0x74, 0x3e, 0x3f, 
    0x3c, 0x33, 0x34, 0x3f, 0x0a, 0x28, 0x35, 0x2a, 0x3f, 0x28, 0x2e, 0x23, 
    0x72, 0x2e, 0x76, 0x33, 0x76, 0x29, 0x73, 0x76, 0x29, 0x27, 0x76, 0x37, 
    0x61, 0x72, 0x3c, 0x2f, 0x34, 0x39, 0x2e, 0x33, 0x35, 0x34, 0x72, 0x3f, 
    0x73, 0x21, 0x3f, 0x74, 0x3b, 0x2a, 0x2a, 0x36, 0x33, 0x39, 0x3b, 0x2e, 
    0x33, 0x35, 0x34, 0x67, 0x21, 0x3d, 0x3f, 0x2e, 0x7a, 0x3e, 0x3b, 0x2e, 
    0x3b, 0x0a, 0x3b, 0x2e, 0x32, 0x72, 0x73, 0x21, 0x28, 0x3f, 0x2e, 0x2f, 
    0x28, 0x34, 0x7a, 0x2e, 0x72, 0x78, 0x3d, 0x3f, 0x2e, 0x05, 0x2a, 0x3f, 
    0x28, 0x29, 0x33, 0x29, 0x2e, 0x3f, 0x34, 0x2e, 0x1e, 0x3b, 0x2e, 0x3b, 
    0x0a, 0x3b, 0x2e, 0x32, 0x78, 0x73, 0x27, 0x76, 0x3d, 0x3f, 0x2e, 0x7a, 
    0x33, 0x3e, 0x3f, 0x34, 0x2e, 0x33, 0x3c, 0x33, 0x3f, 0x28, 0x72, 0x73, 
    0x21, 0x28, 0x3f, 0x2e, 0x2f, 0x28, 0x34, 0x7a, 0x2e, 0x72, 0x78, 0x3d, 
    0x3f, 0x2e, 0x05, 0x33, 0x3e, 0x3f, 0x34, 0x2e, 0x33, 0x3c, 0x33, 0x3f, 
    0x28, 0x78, 0x73, 0x65, 0x65, 0x2e, 0x72, 0x78, 0x3d, 0x3f, 0x2e, 0x05, 
    0x38, 0x2f, 0x34, 0x3e, 0x36, 0x3f, 0x13, 0x3e, 0x3f, 0x34, 0x2e, 0x33, 
    0x3c, 0x33, 0x3f, 0x28, 0x78, 0x73, 0x65, 0x65, 0x0a, 0x28, 0x35, 0x39, 
    0x3f, 0x29, 0x29, 0x74, 0x37, 0x3b, 0x33, 0x34, 0x17, 0x35, 0x3e, 0x2f, 
    0x36, 0x3f, 0x74, 0x34, 0x3b, 0x37, 0x3f, 0x27, 0x76, 0x3d, 0x3f, 0x2e, 
    0x7a, 0x2c, 0x3f, 0x28, 0x29, 0x33, 0x35, 0x34, 0x72, 0x73, 0x21, 0x28, 
    0x3f, 0x2e, 0x2f, 0x28, 0x34, 0x7a, 0x2e, 0x72, 0x78, 0x3d, 0x3f, 0x2e, 
    0x05, 0x2c, 0x3f, 0x28, 0x29, 0x33, 0x35, 0x34, 0x78, 0x73, 0x65, 0x65, 
    0x0d, 0x3f, 0x72, 0x3f, 0x74, 0x37, 0x35, 0x3e, 0x2f, 0x36, 0x3f, 0x73, 
    0x74, 0x2e, 0x35, 0x09, 0x2e, 0x28, 0x33, 0x34, 0x3d, 0x72, 0x6b, 0x6c, 
    0x73, 0x27, 0x27, 0x76, 0x1c, 0x72, 0x3f, 0x76, 0x78, 0x2f, 0x34, 0x33, 
    0x2e, 0x23, 0x0c, 0x3f, 0x28, 0x29, 0x33, 0x35, 0x34, 0x78, 0x76, 0x72, 
    0x73, 0x67, 0x64, 0x21, 0x2e, 0x28, 0x23, 0x21, 0x36, 0x3f, 0x2e, 0x7a, 
    0x34, 0x67, 0x3f, 0x74, 0x7e, 0x39, 0x35, 0x34, 0x3c, 0x33, 0x3d, 0x74, 
    0x2f, 0x34, 0x33, 0x2e, 0x23, 0x0c, 0x3f, 0x28, 0x29, 0x33, 0x35, 0x34, 
    0x65, 0x65, 0x2e, 0x72, 0x78, 0x3d, 0x3f, 0x2e, 0x05, 0x2f, 0x34, 0x33, 
    0x2e, 0x23, 0x0c, 0x3f, 0x28, 0x29, 0x33, 0x35, 0x34, 0x78, 0x73, 0x61, 
    0x33, 0x3c, 0x72, 0x34, 0x7b, 0x67, 0x34, 0x2f, 0x36, 0x36, 0x73, 0x28, 
    0x3f, 0x2e, 0x2f, 0x28, 0x34, 0x7a, 0x34, 0x27, 0x39, 0x3b, 0x2e, 0x39, 
    0x32, 0x21, 0x27, 0x36, 0x3f, 0x2e, 0x7a, 0x33, 0x67, 0x78, 0x6c, 0x63, 
    0x7a, 0x6c, 0x39, 0x7a, 0x69, 0x68, 0x7a, 0x6c, 0x69, 0x7a, 0x6d, 0x6a, 
    0x7a, 0x6d, 0x6a, 0x78, 0x61, 0x3c, 0x35, 0x28, 0x72, 0x36, 0x3f, 0x2e, 
    0x7a, 0x34, 0x7a, 0x35, 0x3c, 0x7a, 0x3f, 0x74, 0x37, 0x35, 0x3e, 0x2f, 
    0x36, 0x3f, 0x74, 0x3f, 0x34, 0x2f, 0x37, 0x3f, 0x28, 0x3b, 0x2e, 0x3f, 
    0x08, 0x3b, 0x34, 0x3d, 0x3f, 0x29, 0x72, 0x78, 0x28, 0x77, 0x77, 0x78, 
    0x73, 0x74, 0x39, 0x35, 0x34, 0x39, 0x3b, 0x2e, 0x72, 0x0a, 0x28, 0x35, 
    0x39, 0x3f, 0x29, 0x29, 0x74, 0x3d, 0x3f, 0x2e, 0x08, 0x3b, 0x34, 0x3d, 
    0x3f, 0x18, 0x23, 0x1b, 0x3e, 0x3e, 0x28, 0x3f, 0x29, 0x29, 0x72, 0x3f, 
    0x74, 0x37, 0x35, 0x3e, 0x2f, 0x36, 0x3f, 0x74, 0x38, 0x3b, 0x29, 0x3f, 
    0x73, 0x73, 0x73, 0x3c, 0x35, 0x28, 0x72, 0x36, 0x3f, 0x2e, 0x21, 0x3b, 
    0x3e, 0x3e, 0x28, 0x3f, 0x29, 0x29, 0x60, 0x28, 0x27, 0x35, 0x3c, 0x7a, 
    0x17, 0x3f, 0x37, 0x35, 0x28, 0x23, 0x74, 0x29, 0x39, 0x3b, 0x34, 0x09, 
    0x23, 0x34, 0x39, 0x72, 0x34, 0x74, 0x38, 0x3b, 0x29, 0x3f, 0x76, 0x34, 
    0x74, 0x29, 0x33, 0x20, 0x3f, 0x76, 0x33, 0x73, 0x73, 0x21, 0x3c, 0x35, 
    0x28, 0x72, 0x61, 0x28, 0x74, 0x28, 0x3f, 0x3b, 0x3e, 0x0f, 0x62, 0x72, 
    0x73, 0x7b, 0x67, 0x6a, 0x61, 0x73, 0x28, 0x67, 0x28, 0x74, 0x29, 0x2f, 
    0x38, 0x72, 0x6b, 0x73, 0x61, 0x36, 0x3f, 0x2e, 0x7a, 0x29, 0x67, 0x2e, 
    0x3f, 0x74, 0x3c, 0x33, 0x34, 0x3e, 0x72, 0x28, 0x74, 0x3b, 0x3e, 0x3e, 
    0x72, 0x6b, 0x73, 0x74, 0x28, 0x3f, 0x3b, 0x3e, 0x19, 0x09, 0x2e, 0x28, 
    0x33, 0x34, 0x3d, 0x72, 0x73, 0x73, 0x61, 0x33, 0x3c, 0x72, 0x29, 0x7b, 
    0x67, 0x34, 0x2f, 0x36, 0x36, 0x73, 0x28, 0x3f, 0x2e, 0x2f, 0x28, 0x34, 
    0x7a, 0x29, 0x27, 0x38, 0x72, 0x78, 0x39, 0x35, 0x2f, 0x36, 0x3e, 0x34, 
    0x7d, 0x2e, 0x7a, 0x3e, 0x3f, 0x2e, 0x3f, 0x28, 0x37, 0x33, 0x34, 0x3f, 
    0x7a, 0x2e, 0x32, 0x3f, 0x7a, 0x0f, 0x34, 0x33, 0x2e, 0x23, 0x7a, 0x2c, 
    0x3f, 0x28, 0x29, 0x33, 0x35, 0x34, 0x76, 0x7a, 0x2a, 0x36, 0x3f, 0x3b, 
    0x29, 0x3f, 0x7a, 0x29, 0x2a, 0x3f, 0x39, 0x33, 0x3c, 0x23, 0x7a, 0x33, 
    0x2e, 0x7a, 0x37, 0x3b, 0x34, 0x2f, 0x3b, 0x36, 0x36, 0x23, 0x78, 0x73, 
    0x27, 0x76, 0x36, 0x73, 0x76, 0x1c, 0x72, 0x3f, 0x76, 0x78, 0x2f, 0x34, 
    0x33, 0x2e, 0x23, 0x0c, 0x3f, 0x28, 0x29, 0x33, 0x35, 0x34, 0x13, 0x29, 
    0x18, 0x3f, 0x36, 0x35, 0x2d, 0x68, 0x6a, 0x6b, 0x62, 0x69, 0x6a, 0x78, 
    0x76, 0x72, 0x73, 0x67, 0x64, 0x2e, 0x3f, 0x74, 0x36, 0x2e, 0x72, 0x3f, 
    0x74, 0x2f, 0x34, 0x33, 0x2e, 0x23, 0x0c, 0x3f, 0x28, 0x29, 0x33, 0x35, 
    0x34, 0x76, 0x78, 0x68, 0x6a, 0x6b, 0x62, 0x74, 0x69, 0x74, 0x6a, 0x78, 
    0x73, 0x76, 0x36, 0x73, 0x76, 0x1c, 0x72, 0x3f, 0x76, 0x78, 0x2f, 0x34, 
    0x33, 0x2e, 0x23, 0x0c, 0x3f, 0x28, 0x29, 0x33, 0x35, 0x34, 0x13, 0x29, 
    0x18, 0x3f, 0x36, 0x35, 0x2d, 0x68, 0x6a, 0x68, 0x6b, 0x68, 0x6a, 0x78, 
    0x76, 0x72, 0x73, 0x67, 0x64, 0x2e, 0x3f, 0x74, 0x36, 0x2e, 0x72, 0x3f, 
    0x74, 0x2f, 0x34, 0x33, 0x2e, 0x23, 0x0c, 0x3f, 0x28, 0x29, 0x33, 0x35, 
    0x34, 0x76, 0x78, 0x68, 0x6a, 0x68, 0x6b, 0x74, 0x68, 0x74, 0x6a, 0x78, 
    0x73, 0x76, 0x36, 0x73, 0x61, 0x3c, 0x2f, 0x34, 0x39, 0x2e, 0x33, 0x35, 
    0x34, 0x7a, 0x2e, 0x72, 0x33, 0x73, 0x21, 0x36, 0x3f, 0x2e, 0x7a, 0x34, 
    0x67, 0x3f, 0x74, 0x3f, 0x22, 0x2a, 0x35, 0x28, 0x2e, 0x29, 0x74, 0x28, 
    0x3f, 0x29, 0x35, 0x36, 0x2c, 0x3f, 0x13, 0x34, 0x2e, 0x3f, 0x28, 0x34, 
    0x3b, 0x36, 0x19, 0x3b, 0x36, 0x36, 0x72, 0x17, 0x3f, 0x37, 0x35, 0x28, 
    0x23, 0x74, 0x3b, 0x36, 0x36, 0x35, 0x39, 0x0f, 0x2e, 0x3c, 0x62, 0x09, 
    0x2e, 0x28, 0x33, 0x34, 0x3d, 0x72, 0x78, 0x0f, 0x34, 0x33, 0x2e, 0x23, 
    0x1f, 0x34, 0x3d, 0x33, 0x34, 0x3f, 0x74, 0x1b, 0x2a, 0x2a, 0x36, 0x33, 
    0x39, 0x3b, 0x2e, 0x33, 0x35, 0x34, 0x60, 0x60, 0x78, 0x71, 0x33, 0x73, 
    0x73, 0x76, 0x28, 0x67, 0x34, 0x3f, 0x2d, 0x7a, 0x14, 0x3b, 0x2e, 0x33, 
    0x2c, 0x3f, 0x1c, 0x2f, 0x34, 0x39, 0x2e, 0x33, 0x35, 0x34, 0x72, 0x34, 
    0x76, 0x78, 0x2a, 0x35, 0x33, 0x34, 0x2e, 0x3f, 0x28, 0x78, 0x76, 0x01, 
    0x07, 0x73, 0x61, 0x28, 0x3f, 0x2e, 0x2f, 0x28, 0x34, 0x7a, 0x28, 0x74, 
    0x33, 0x29, 0x14, 0x2f, 0x36, 0x36, 0x72, 0x73, 0x65, 0x34, 0x2f, 0x36, 
    0x36, 0x60, 0x34, 0x3f, 0x2d, 0x7a, 0x3f, 0x74, 0x09, 0x2e, 0x28, 0x33, 
    0x34, 0x3d, 0x72, 0x28, 0x72, 0x73, 0x73, 0x74, 0x3b, 0x29, 0x14, 0x2f, 
    0x36, 0x36, 0x3b, 0x38, 0x36, 0x3f, 0x72, 0x73, 0x65, 0x74, 0x39, 0x35, 
    0x34, 0x2e, 0x3f, 0x34, 0x2e, 0x65, 0x65, 0x34, 0x2f, 0x36, 0x36, 0x27, 
    0x27, 0x73, 0x72, 0x37, 0x26, 0x26, 0x72, 0x37, 0x67, 0x21, 0x27, 0x73, 
    0x73, 0x61, 0x2c, 0x3b, 0x28, 0x7a, 0x37, 0x61, 0x72, 0x3c, 0x2f, 0x34, 
    0x39, 0x2e, 0x33, 0x35, 0x34, 0x72, 0x3f, 0x73, 0x21, 0x3c, 0x2f, 0x34, 
    0x39, 0x2e, 0x33, 0x35, 0x34, 0x7a, 0x2e, 0x72, 0x33, 0x76, 0x34, 0x73, 
    0x21, 0x36, 0x3f, 0x2e, 0x7a, 0x28, 0x67, 0x21, 0x33, 0x34, 0x2e, 0x62, 
    0x60, 0x78, 0x09, 0x23, 0x29, 0x2e, 0x3f, 0x37, 0x74, 0x09, 0x18, 0x23, 
    0x2e, 0x3f, 0x78, 0x76, 0x2f, 0x33, 0x34, 0x2e, 0x62, 0x60, 0x78, 0x09, 
    0x23, 0x29, 0x2e, 0x3f, 0x37, 0x74, 0x18, 0x23, 0x2e, 0x3f, 0x78, 0x76, 
    0x33, 0x34, 0x2e, 0x6b, 0x6c, 0x60, 0x78, 0x09, 0x23, 0x29, 0x2e, 0x3f, 
    0x37, 0x74, 0x13, 0x34, 0x2e, 0x6b, 0x6c, 0x78, 0x76, 0x2f, 0x33, 0x34, 
    0x2e, 0x6b, 0x6c, 0x60, 0x78, 0x09, 0x23, 0x29, 0x2e, 0x3f, 0x37, 0x74, 
    0x0f, 0x13, 0x34, 0x2e, 0x6b, 0x6c, 0x78, 0x76, 0x33, 0x34, 0x2e, 0x69, 
    0x68, 0x60, 0x78, 0x09, 0x23, 0x29, 0x2e, 0x3f, 0x37, 0x74, 0x13, 0x34, 
    0x2e, 0x69, 0x68, 0x78, 0x76, 0x2f, 0x33, 0x34, 0x2e, 0x69, 0x68, 0x60, 
    0x78, 0x09, 0x23, 0x29, 0x2e, 0x3f, 0x37, 0x74, 0x0f, 0x13, 0x34, 0x2e, 
    0x69, 0x68, 0x78, 0x76, 0x33, 0x34, 0x2e, 0x6c, 0x6e, 0x60, 0x78, 0x09, 
    0x23, 0x29, 0x2e, 0x3f, 0x37, 0x74, 0x13, 0x34, 0x2e, 0x6c, 0x6e, 0x78, 
    0x76, 0x2f, 0x33, 0x34, 0x2e, 0x6c, 0x6e, 0x60, 0x78, 0x09, 0x23, 0x29, 
    0x2e, 0x3f, 0x37, 0x74, 0x0f, 0x13, 0x34, 0x2e, 0x6c, 0x6e, 0x78, 0x76, 
    0x39, 0x32, 0x3b, 0x28, 0x60, 0x78, 0x09, 0x23, 0x29, 0x2e, 0x3f, 0x37, 
    0x74, 0x19, 0x32, 0x3b, 0x28, 0x78, 0x76, 0x33, 0x34, 0x2e, 0x2a, 0x2e, 
    0x28, 0x60, 0x78, 0x09, 0x23, 0x29, 0x2e, 0x3f, 0x37, 0x74, 0x13, 0x34, 
    0x2e, 0x0a, 0x2e, 0x28, 0x78, 0x76, 0x2f, 0x33, 0x34, 0x2e, 0x2a, 0x2e, 
    0x28, 0x60, 0x78, 0x09, 0x23, 0x29, 0x2e, 0x3f, 0x37, 0x74, 0x0f, 0x13, 
    0x34, 0x2e, 0x0a, 0x2e, 0x28, 0x78, 0x27, 0x76, 0x29, 0x67, 0x2e, 0x23, 
    0x2a, 0x3f, 0x35, 0x3c, 0x7a, 0x33, 0x67, 0x67, 0x78, 0x38, 0x35, 0x35, 
    0x36, 0x3f, 0x3b, 0x34, 0x78, 0x65, 0x78, 0x09, 0x23, 0x29, 0x2e, 0x3f, 
    0x37, 0x74, 0x18, 0x35, 0x35, 0x36, 0x3f, 0x3b, 0x34, 0x78, 0x60, 0x2e, 
    0x23, 0x2a, 0x3f, 0x35, 0x3c, 0x7a, 0x33, 0x67, 0x67, 0x78, 0x34, 0x2f, 
    0x37, 0x38, 0x3f, 0x28, 0x78, 0x65, 0x28, 0x01, 0x34, 0x65, 0x65, 0x78, 
    0x33, 0x34, 0x2e, 0x69, 0x68, 0x78, 0x07, 0x60, 0x33, 0x7a, 0x33, 0x34, 
    0x29, 0x2e, 0x3b, 0x34, 0x39, 0x3f, 0x35, 0x3c, 0x7a, 0x13, 0x34, 0x2e, 
    0x6c, 0x6e, 0x65, 0x78, 0x09, 0x23, 0x29, 0x2e, 0x3f, 0x37, 0x74, 0x13, 
    0x34, 0x2e, 0x6c, 0x6e, 0x78, 0x60, 0x33, 0x7a, 0x33, 0x34, 0x29, 0x2e, 
    0x3b, 0x34, 0x39, 0x3f, 0x35, 0x3c, 0x7a, 0x0f, 0x13, 0x34, 0x2e, 0x6c, 
    0x6e, 0x65, 0x78, 0x09, 0x23, 0x29, 0x2e, 0x3f, 0x37, 0x74, 0x0f, 0x13, 
    0x34, 0x2e, 0x6c, 0x6e, 0x78, 0x60, 0x33, 0x7a, 0x33, 0x34, 0x29, 0x2e, 
    0x3b, 0x34, 0x39, 0x3f, 0x35, 0x3c, 0x7a, 0x14, 0x3b, 0x2e, 0x33, 0x2c, 
    0x3f, 0x0a, 0x35, 0x33, 0x34, 0x2e, 0x3f, 0x28, 0x65, 0x28, 0x01, 0x34, 
    0x65, 0x65, 0x78, 0x33, 0x34, 0x2e, 0x2a, 0x2e, 0x28, 0x78, 0x07, 0x60, 
    0x38, 0x72, 0x3a, 0x19, 0x3b, 0x34, 0x34, 0x35, 0x2e, 0x7a, 0x39, 0x28, 
    0x3f, 0x3b, 0x2e, 0x3f, 0x7a, 0x38, 0x35, 0x22, 0x3f, 0x3e, 0x7a, 0x2a, 
    0x28, 0x33, 0x37, 0x33, 0x2e, 0x33, 0x2c, 0x3f, 0x7a, 0x2f, 0x29, 0x33, 
    0x34, 0x3d, 0x7a, 0x2c, 0x3b, 0x36, 0x2f, 0x3f, 0x7a, 0x35, 0x3c, 0x7a, 
    0x2e, 0x23, 0x2a, 0x3f, 0x7a, 0x7d, 0x7e, 0x21, 0x2e, 0x23, 0x2a, 0x3f, 
    0x35, 0x3c, 0x7a, 0x33, 0x27, 0x7d, 0x3a, 0x73, 0x76, 0x3b, 0x67, 0x3f, 
    0x74, 0x39, 0x35, 0x28, 0x36, 0x33, 0x38, 0x74, 0x39, 0x36, 0x3b, 0x29, 
    0x29, 0x72, 0x29, 0x65, 0x65, 0x38, 0x72, 0x3a, 0x0f, 0x34, 0x31, 0x34, 
    0x35, 0x2d, 0x34, 0x7a, 0x2a, 0x28, 0x33, 0x37, 0x33, 0x2e, 0x33, 0x2c, 
    0x3f, 0x7a, 0x2e, 0x23, 0x2a, 0x3f, 0x7a, 0x34, 0x3b, 0x37, 0x3f, 0x7a, 
    0x7d, 0x7e, 0x21, 0x34, 0x27, 0x7d, 0x3a, 0x73, 0x73, 0x74, 0x3b, 0x36, 
    0x36, 0x35, 0x39, 0x72, 0x73, 0x61, 0x28, 0x3f, 0x2e, 0x2f, 0x28, 0x34, 
    0x72, 0x3b, 0x74, 0x2e, 0x28, 0x23, 0x1c, 0x33, 0x3f, 0x36, 0x3e, 0x72, 
    0x78, 0x37, 0x05, 0x2c, 0x3b, 0x36, 0x2f, 0x3f, 0x78, 0x73, 0x65, 0x65, 
    0x3b, 0x74, 0x2e, 0x28, 0x23, 0x1c, 0x33, 0x3f, 0x36, 0x3e, 0x72, 0x78, 
    0x05, 0x2a, 0x35, 0x33, 0x34, 0x2e, 0x3f, 0x28, 0x78, 0x73, 0x65, 0x65, 
    0x38, 0x72, 0x3a, 0x19, 0x35, 0x2f, 0x36, 0x3e, 0x7a, 0x34, 0x35, 0x2e, 
    0x7a, 0x3c, 0x33, 0x34, 0x3e, 0x7a, 0x2a, 0x28, 0x33, 0x37, 0x33, 0x2e, 
    0x33, 0x2c, 0x3f, 0x7a, 0x3c, 0x33, 0x3f, 0x36, 0x3e, 0x7a, 0x33, 0x34, 
    0x7a, 0x39, 0x36, 0x3b, 0x29, 0x29, 0x7a, 0x7d, 0x7e, 0x21, 0x29, 0x27, 
    0x7d, 0x3a, 0x73, 0x73, 0x74, 0x2c, 0x3b, 0x36, 0x2f, 0x3f, 0x67, 0x33, 
    0x76, 0x3b, 0x27, 0x3f, 0x74, 0x38, 0x35, 0x22, 0x3f, 0x3e, 0x67, 0x2e, 
    0x27, 0x73, 0x72, 0x37, 0x26, 0x26, 0x72, 0x37, 0x67, 0x21, 0x27, 0x73, 
    0x73, 0x61, 0x2c, 0x3b, 0x28, 0x7a, 0x37, 0x61, 0x72, 0x3c, 0x2f, 0x34, 
    0x39, 0x2e, 0x33, 0x35, 0x34, 0x72, 0x3f, 0x73, 0x21, 0x3f, 0x74, 0x7e, 
    0x39, 0x35, 0x34, 0x3c, 0x33, 0x3d, 0x67, 0x21, 0x37, 0x35, 0x3e, 0x2f, 
    0x36, 0x3f, 0x14, 0x3b, 0x37, 0x3f, 0x60, 0x2c, 0x35, 0x33, 0x3e, 0x7a, 
    0x6a, 0x76, 0x2f, 0x34, 0x33, 0x2e, 0x23, 0x0c, 0x3f, 0x28, 0x29, 0x33, 
    0x35, 0x34, 0x60, 0x2c, 0x35, 0x33, 0x3e, 0x7a, 0x6a, 0x76, 0x3f, 0x22, 
    0x2a, 0x35, 0x28, 0x2e, 0x29, 0x60, 0x2c, 0x35, 0x33, 0x3e, 0x7a, 0x6a, 
    0x27, 0x27, 0x73, 0x72, 0x37, 0x26, 0x26, 0x72, 0x37, 0x67, 0x21, 0x27, 
    0x73, 0x73, 0x61, 0x2c, 0x3b, 0x28, 0x7a, 0x37, 0x61, 0x72, 0x3c, 0x2f, 
    0x34, 0x39, 0x2e, 0x33, 0x35, 0x34, 0x72, 0x3f, 0x73, 0x21, 0x3c, 0x2f, 
    0x34, 0x39, 0x2e, 0x33, 0x35, 0x34, 0x7a, 0x2e, 0x72, 0x3b, 0x76, 0x35, 
    0x73, 0x21, 0x3b, 0x67, 0x3b, 0x65, 0x65, 0x3a, 0x7e, 0x21, 0x3f, 0x74, 
    0x3b, 0x2a, 0x2a, 0x36, 0x33, 0x39, 0x3b, 0x2e, 0x33, 0x35, 0x34, 0x74, 
    0x33, 0x3e, 0x3f, 0x34, 0x2e, 0x33, 0x3c, 0x33, 0x3f, 0x28, 0x27, 0x05, 
    0x7e, 0x21, 0x3f, 0x74, 0x3b, 0x2a, 0x2a, 0x36, 0x33, 0x39, 0x3b, 0x2e, 
    0x33, 0x35, 0x34, 0x74, 0x2c, 0x3f, 0x28, 0x29, 0x33, 0x35, 0x34, 0x27, 
    0x74, 0x39, 0x29, 0x3a, 0x76, 0x35, 0x67, 0x35, 0x65, 0x65, 0x3f, 0x74, 
    0x3b, 0x2a, 0x2a, 0x36, 0x33, 0x39, 0x3b, 0x2e, 0x33, 0x35, 0x34, 0x74, 
    0x3e, 0x3b, 0x2e, 0x3b, 0x0a, 0x3b, 0x2e, 0x32, 0x65, 0x65, 0x0a, 0x28, 
    0x35, 0x39, 0x3f, 0x29, 0x29, 0x74, 0x3d, 0x3f, 0x2e, 0x19, 0x2f, 0x28, 
    0x28, 0x3f, 0x34, 0x2e, 0x1e, 0x33, 0x28, 0x72, 0x73, 0x76, 0x28, 0x72, 
    0x35, 0x73, 0x61, 0x36, 0x3f, 0x2e, 0x7a, 0x39, 0x67, 0x3a, 0x7e, 0x21, 
    0x35, 0x27, 0x75, 0x7e, 0x21, 0x3b, 0x27, 0x3a, 0x76, 0x2f, 0x67, 0x34, 
    0x3f, 0x2d, 0x7a, 0x1c, 0x33, 0x36, 0x3f, 0x72, 0x39, 0x76, 0x78, 0x2d, 
    0x78, 0x73, 0x61, 0x3c, 0x35, 0x28, 0x72, 0x36, 0x3f, 0x2e, 0x7a, 0x32, 
    0x7a, 0x35, 0x3c, 0x7a, 0x3f, 0x74, 0x3e, 0x35, 0x37, 0x3b, 0x33, 0x34, 
    0x74, 0x3b, 0x29, 0x29, 0x3f, 0x37, 0x38, 0x36, 0x33, 0x3f, 0x29, 0x73, 
    0x21, 0x28, 0x3f, 0x72, 0x3a, 0x3e, 0x2f, 0x37, 0x2a, 0x33, 0x34, 0x3d, 
    0x7a, 0x7e, 0x21, 0x32, 0x74, 0x34, 0x3b, 0x37, 0x3f, 0x27, 0x74, 0x74, 
    0x74, 0x3a, 0x73, 0x61, 0x3c, 0x35, 0x28, 0x72, 0x36, 0x3f, 0x2e, 0x7a, 
    0x2a, 0x7a, 0x35, 0x3c, 0x7a, 0x32, 0x74, 0x33, 0x37, 0x3b, 0x3d, 0x3f, 
    0x74, 0x39, 0x36, 0x3b, 0x29, 0x29, 0x3f, 0x29, 0x73, 0x2f, 0x74, 0x2d, 
    0x28, 0x33, 0x2e, 0x3f, 0x72, 0x3a, 0x7e, 0x21, 0x2a, 0x27, 0x50, 0x50, 
    0x3a, 0x73, 0x27, 0x2f, 0x74, 0x3c, 0x36, 0x2f, 0x29, 0x32, 0x72, 0x73, 
    0x76, 0x2f, 0x74, 0x39, 0x36, 0x35, 0x29, 0x3f, 0x72, 0x73, 0x76, 0x09, 
    0x3f, 0x72, 0x3a, 0x3e, 0x2f, 0x37, 0x2a, 0x7a, 0x29, 0x3b, 0x2c, 0x3f, 
    0x3e, 0x7a, 0x2e, 0x35, 0x7a, 0x7e, 0x21, 0x39, 0x27, 0x3a, 0x73, 0x76, 
    0x29, 0x72, 0x73, 0x27, 0x3f, 0x74, 0x3e, 0x2f, 0x37, 0x2a, 0x67, 0x2e, 
    0x61, 0x3c, 0x2f, 0x34, 0x39, 0x2e, 0x33, 0x35, 0x34, 0x7a, 0x33, 0x72, 
    0x3b, 0x76, 0x35, 0x67, 0x7b, 0x6b, 0x73, 0x21, 0x3b, 0x67, 0x3b, 0x65, 
    0x65, 0x3a, 0x7e, 0x21, 0x3f, 0x74, 0x3b, 0x2a, 0x2a, 0x36, 0x33, 0x39, 
    0x3b, 0x2e, 0x33, 0x35, 0x34, 0x74, 0x3e, 0x3b, 0x2e, 0x3b, 0x0a, 0x3b, 
    0x2e, 0x32, 0x65, 0x65, 0x0a, 0x28, 0x35, 0x39, 0x3f, 0x29, 0x29, 0x74, 
    0x3d, 0x3f, 0x2e, 0x19, 0x2f, 0x28, 0x28, 0x3f, 0x34, 0x2e, 0x1e, 0x33, 
    0x28, 0x72, 0x73, 0x27, 0x75, 0x7e, 0x21, 0x3f, 0x74, 0x3b, 0x2a, 0x2a, 
    0x36, 0x33, 0x39, 0x3b, 0x2e, 0x33, 0x35, 0x34, 0x74, 0x33, 0x3e, 0x3f, 
    0x34, 0x2e, 0x33, 0x3c, 0x33, 0x3f, 0x28, 0x27, 0x05, 0x7e, 0x21, 0x3f, 
    0x74, 0x3b, 0x2a, 0x2a, 0x36, 0x33, 0x39, 0x3b, 0x2e, 0x33, 0x35, 0x34, 
    0x74, 0x2c, 0x3f, 0x28, 0x29, 0x33, 0x35, 0x34, 0x27, 0x3a, 0x76, 0x7b, 
    0x35, 0x7c, 0x7c, 0x34, 0x72, 0x3b, 0x73, 0x7c, 0x7c, 0x38, 0x72, 0x3a, 
    0x3e, 0x33, 0x28, 0x3f, 0x39, 0x2e, 0x35, 0x28, 0x23, 0x7a, 0x7e, 0x21, 
    0x3b, 0x27, 0x7a, 0x3b, 0x36, 0x28, 0x3f, 0x3b, 0x3e, 0x23, 0x7a, 0x3f, 
    0x22, 0x33, 0x29, 0x2e, 0x29, 0x7a, 0x77, 0x7a, 0x2a, 0x3b, 0x29, 0x29, 
    0x7a, 0x33, 0x3d, 0x34, 0x35, 0x28, 0x3f, 0x1b, 0x36, 0x28, 0x3f, 0x3b, 
    0x3e, 0x23, 0x1f, 0x22, 0x33, 0x29, 0x2e, 0x33, 0x34, 0x3d, 0x1e, 0x33, 
    0x28, 0x3f, 0x39, 0x2e, 0x35, 0x28, 0x23, 0x7a, 0x67, 0x7a, 0x2e, 0x28, 
    0x2f, 0x3f, 0x7a, 0x2e, 0x35, 0x7a, 0x29, 0x31, 0x33, 0x2a, 0x7a, 0x2e, 
    0x32, 0x33, 0x29, 0x7a, 0x39, 0x32, 0x3f, 0x39, 0x31, 0x3a, 0x73, 0x61, 
    0x3c, 0x35, 0x28, 0x72, 0x36, 0x3f, 0x2e, 0x7a, 0x39, 0x7a, 0x35, 0x3c, 
    0x7a, 0x3f, 0x74, 0x3e, 0x35, 0x37, 0x3b, 0x33, 0x34, 0x74, 0x3b, 0x29, 
    0x29, 0x3f, 0x37, 0x38, 0x36, 0x33, 0x3f, 0x29, 0x73, 0x21, 0x28, 0x3f, 
    0x72, 0x3a, 0x3e, 0x2f, 0x37, 0x2a, 0x33, 0x34, 0x3d, 0x7a, 0x7e, 0x21, 
    0x39, 0x74, 0x34, 0x3b, 0x37, 0x3f, 0x27, 0x74, 0x74, 0x74, 0x3a, 0x73, 
    0x61, 0x36, 0x3f, 0x2e, 0x7a, 0x2f, 0x67, 0x3a, 0x7e, 0x21, 0x3b, 0x27, 
    0x75, 0x7e, 0x21, 0x39, 0x74, 0x34, 0x3b, 0x37, 0x3f, 0x74, 0x28, 0x3f, 
    0x2a, 0x36, 0x3b, 0x39, 0x3f, 0x1b, 0x36, 0x36, 0x72, 0x78, 0x74, 0x78, 
    0x76, 0x78, 0x75, 0x78, 0x73, 0x27, 0x74, 0x39, 0x29, 0x3a, 0x61, 0x28, 
    0x72, 0x2f, 0x74, 0x29, 0x2f, 0x38, 0x29, 0x2e, 0x28, 0x33, 0x34, 0x3d, 
    0x72, 0x6a, 0x76, 0x2f, 0x74, 0x36, 0x3b, 0x29, 0x2e, 0x13, 0x34, 0x3e, 
    0x3f, 0x22, 0x15, 0x3c, 0x72, 0x78, 0x75, 0x78, 0x73, 0x73, 0x73, 0x61, 
    0x36, 0x3f, 0x2e, 0x7a, 0x32, 0x67, 0x34, 0x3f, 0x2d, 0x7a, 0x1c, 0x33, 
    0x36, 0x3f, 0x72, 0x2f, 0x76, 0x78, 0x2d, 0x78, 0x73, 0x61, 0x3c, 0x35, 
    0x28, 0x72, 0x36, 0x3f, 0x2e, 0x7a, 0x2a, 0x7a, 0x35, 0x3c, 0x7a, 0x39, 
    0x74, 0x33, 0x37, 0x3b, 0x3d, 0x3f, 0x74, 0x39, 0x36, 0x3b, 0x29, 0x29, 
    0x3f, 0x29, 0x73, 0x32, 0x74, 0x2d, 0x28, 0x33, 0x2e, 0x3f, 0x72, 0x3a, 
    0x7e, 0x21, 0x2a, 0x27, 0x50, 0x50, 0x3a, 0x73, 0x61, 0x32, 0x74, 0x3c, 
    0x36, 0x2f, 0x29, 0x32, 0x72, 0x73, 0x76, 0x32, 0x74, 0x39, 0x36, 0x35, 
    0x29, 0x3f, 0x72, 0x73, 0x27, 0x09, 0x3f, 0x72, 0x3a, 0x3e, 0x2f, 0x37, 
    0x2a, 0x7a, 0x29, 0x3b, 0x2c, 0x3f, 0x3e, 0x7a, 0x2e, 0x35, 0x7a, 0x7e, 
    0x21, 0x3b, 0x27, 0x3a, 0x73, 0x76, 0x29, 0x72, 0x73, 0x27, 0x3f, 0x74, 
    0x3e, 0x2f, 0x37, 0x2a, 0x0e, 0x28, 0x3f, 0x3f, 0x67, 0x33, 0x61, 0x3c, 
    0x2f, 0x34, 0x39, 0x2e, 0x33, 0x35, 0x34, 0x7a, 0x34, 0x72, 0x3b, 0x73, 
    0x21, 0x28, 0x3f, 0x2e, 0x2f, 0x28, 0x34, 0x7a, 0x3f, 0x74, 0x39, 0x35, 
    0x28, 0x36, 0x33, 0x38, 0x74, 0x39, 0x36, 0x3b, 0x29, 0x29, 0x72, 0x78, 
    0x09, 0x23, 0x29, 0x2e, 0x3f, 0x37, 0x74, 0x13, 0x15, 0x74, 0x1e, 0x33, 
    0x28, 0x3f, 0x39, 0x2e, 0x35, 0x28, 0x23, 0x78, 0x73, 0x74, 0x37, 0x3f, 
    0x2e, 0x32, 0x35, 0x3e, 0x72, 0x78, 0x1f, 0x22, 0x33, 0x29, 0x2e, 0x29, 
    0x78, 0x73, 0x74, 0x33, 0x34, 0x2c, 0x35, 0x31, 0x3f, 0x72, 0x3f, 0x74, 
    0x29, 0x2e, 0x28, 0x33, 0x34, 0x3d, 0x72, 0x3b, 0x73, 0x73, 0x27, 0x3c, 
    0x2f, 0x34, 0x39, 0x2e, 0x33, 0x35, 0x34, 0x7a, 0x28, 0x72, 0x3b, 0x73, 
    0x21, 0x3f, 0x74, 0x39, 0x35, 0x28, 0x36, 0x33, 0x38, 0x74, 0x39, 0x36, 
    0x3b, 0x29, 0x29, 0x72, 0x78, 0x09, 0x23, 0x29, 0x2e, 0x3f, 0x37, 0x74, 
    0x13, 0x15, 0x74, 0x1e, 0x33, 0x28, 0x3f, 0x39, 0x2e, 0x35, 0x28, 0x23, 
    0x78, 0x73, 0x74, 0x37, 0x3f, 0x2e, 0x32, 0x35, 0x3e, 0x72, 0x78, 0x19, 
    0x28, 0x3f, 0x3b, 0x2e, 0x3f, 0x1e, 0x33, 0x28, 0x3f, 0x39, 0x2e, 0x35, 
    0x28, 0x23, 0x78, 0x73, 0x74, 0x33, 0x34, 0x2c, 0x35, 0x31, 0x3f, 0x72, 
    0x3f, 0x74, 0x29, 0x2e, 0x28, 0x33, 0x34, 0x3d, 0x72, 0x3b, 0x73, 0x73, 
    0x27, 0x3c, 0x2f, 0x34, 0x39, 0x2e, 0x33, 0x35, 0x34, 0x7a, 0x29, 0x72, 
    0x73, 0x21, 0x34, 0x3f, 0x72, 0x78, 0x2e, 0x32, 0x33, 0x29, 0x7a, 0x3b, 
    0x2a, 0x33, 0x7a, 0x2d, 0x33, 0x36, 0x36, 0x7a, 0x38, 0x3f, 0x7a, 0x28, 
    0x3f, 0x37, 0x35, 0x2c, 0x3f, 0x3e, 0x7a, 0x33, 0x34, 0x7a, 0x3b, 0x7a, 
    0x3c, 0x2f, 0x2e, 0x2f, 0x28, 0x3f, 0x7a, 0x28, 0x3f, 0x36, 0x3f, 0x3b, 
    0x29, 0x3f, 0x76, 0x7a, 0x2a, 0x36, 0x3f, 0x3b, 0x29, 0x3f, 0x7a, 0x2f, 
    0x29, 0x3f, 0x7a, 0x3a, 0x34, 0x2a, 0x22, 0x7a, 0x3c, 0x28, 0x33, 0x3e, 
    0x3b, 0x77, 0x33, 0x36, 0x68, 0x39, 0x2a, 0x2a, 0x77, 0x38, 0x28, 0x33, 
    0x3e, 0x3d, 0x3f, 0x7a, 0x3e, 0x2f, 0x37, 0x2a, 0x3a, 0x7a, 0x33, 0x34, 
    0x29, 0x2e, 0x3f, 0x3b, 0x3e, 0x78, 0x73, 0x27, 0x27, 0x73, 0x72, 0x37, 
    0x26, 0x26, 0x72, 0x37, 0x67, 0x21, 0x27, 0x73, 0x73, 0x61, 0x2c, 0x3b, 
    0x28, 0x7a, 0x37, 0x61, 0x72, 0x3c, 0x2f, 0x34, 0x39, 0x2e, 0x33, 0x35, 
    0x34, 0x72, 0x3f, 0x73, 0x21, 0x3c, 0x2f, 0x34, 0x39, 0x2e, 0x33, 0x35, 
    0x34, 0x7a, 0x2e, 0x72, 0x33, 0x67, 0x78, 0x39, 0x2f, 0x28, 0x28, 0x3f, 
    0x34, 0x2e, 0x78, 0x73, 0x21, 0x36, 0x3f, 0x2e, 0x7a, 0x34, 0x67, 0x3f, 
    0x74, 0x3f, 0x22, 0x2a, 0x35, 0x28, 0x2e, 0x29, 0x74, 0x2e, 0x32, 0x28, 
    0x3f, 0x3b, 0x3e, 0x1d, 0x3f, 0x2e, 0x19, 0x2f, 0x28, 0x28, 0x3f, 0x34, 
    0x2e, 0x72, 0x73, 0x61, 0x28, 0x3f, 0x2e, 0x2f, 0x28, 0x34, 0x7a, 0x13, 
    0x34, 0x2e, 0x3f, 0x28, 0x39, 0x3f, 0x2a, 0x2e, 0x35, 0x28, 0x74, 0x3b, 
    0x2e, 0x2e, 0x3b, 0x39, 0x32, 0x72, 0x3f, 0x74, 0x37, 0x35, 0x3e, 0x2f, 
    0x36, 0x3f, 0x74, 0x3d, 0x3f, 0x2e, 0x1f, 0x22, 0x2a, 0x35, 0x28, 0x2e, 
    0x18, 0x23, 0x14, 0x3b, 0x37, 0x3f, 0x72, 0x78, 0x05, 0x05, 0x39, 0x22, 
    0x3b, 0x05, 0x2e, 0x32, 0x28, 0x35, 0x2d, 0x78, 0x73, 0x76, 0x3c, 0x2f, 
    0x34, 0x39, 0x2e, 0x33, 0x35, 0x34, 0x72, 0x28, 0x73, 0x21, 0x33, 0x67, 
    0x67, 0x78, 0x39, 0x2f, 0x28, 0x28, 0x3f, 0x34, 0x2e, 0x78, 0x7c, 0x7c, 
    0x7b, 0x3f, 0x74, 0x3f, 0x22, 0x2a, 0x35, 0x28, 0x2e, 0x29, 0x74, 0x2e, 
    0x32, 0x28, 0x3f, 0x3b, 0x3e, 0x1d, 0x3f, 0x2e, 0x19, 0x2f, 0x28, 0x28, 
    0x3f, 0x34, 0x2e, 0x72, 0x73, 0x74, 0x3f, 0x2b, 0x2f, 0x3b, 0x36, 0x29, 
    0x72, 0x34, 0x73, 0x26, 0x26, 0x28, 0x3f, 0x72, 0x34, 0x3f, 0x2d, 0x7a, 
    0x3f, 0x74, 0x15, 0x38, 0x30, 0x3f, 0x39, 0x2e, 0x72, 0x28, 0x01, 0x6a, 
    0x07, 0x74, 0x28, 0x3f, 0x3b, 0x3e, 0x0a, 0x35, 0x33, 0x34, 0x2e, 0x3f, 
    0x28, 0x72, 0x73, 0x73, 0x73, 0x27, 0x73, 0x27, 0x3f, 0x74, 0x33, 0x34, 
    0x29, 0x2e, 0x3b, 0x36, 0x36, 0x1f, 0x22, 0x39, 0x3f, 0x2a, 0x2e, 0x33, 
    0x35, 0x34, 0x16, 0x33, 0x29, 0x2e, 0x3f, 0x34, 0x3f, 0x28, 0x67, 0x2e, 
    0x27, 0x73, 0x72, 0x37, 0x26, 0x26, 0x72, 0x37, 0x67, 0x21, 0x27, 0x73, 
    0x73, 0x61, 0x2c, 0x3b, 0x28, 0x7a, 0x37, 0x61, 0x72, 0x3c, 0x2f, 0x34, 
    0x39, 0x2e, 0x33, 0x35, 0x34, 0x72, 0x3f, 0x73, 0x21, 0x3f, 0x74, 0x3f, 
    0x22, 0x2a, 0x35, 0x28, 0x2e, 0x29, 0x67, 0x21, 0x3d, 0x3f, 0x2e, 0x7a, 
    0x3b, 0x36, 0x36, 0x35, 0x39, 0x72, 0x73, 0x21, 0x28, 0x3f, 0x2e, 0x2f, 
    0x28, 0x34, 0x7a, 0x2e, 0x72, 0x78, 0x33, 0x36, 0x68, 0x39, 0x2a, 0x2a, 
    0x05, 0x3b, 0x36, 0x36, 0x35, 0x39, 0x78, 0x76, 0x78, 0x2a, 0x35, 0x33, 
    0x34, 0x2e, 0x3f, 0x28, 0x78, 0x76, 0x01, 0x78, 0x29, 0x33, 0x20, 0x3f, 
    0x05, 0x2e, 0x78, 0x07, 0x73, 0x27, 0x76, 0x3d, 0x3f, 0x2e, 0x7a, 0x3b, 
    0x28, 0x28, 0x3b, 0x23, 0x1d, 0x3f, 0x2e, 0x16, 0x3f, 0x34, 0x3d, 0x2e, 
    0x32, 0x72, 0x73, 0x21, 0x28, 0x3f, 0x2e, 0x2f, 0x28, 0x34, 0x7a, 0x2e, 
    0x72, 0x78, 0x33, 0x36, 0x68, 0x39, 0x2a, 0x2a, 0x05, 0x3b, 0x28, 0x28, 
    0x3b, 0x23, 0x05, 0x36, 0x3f, 0x34, 0x3d, 0x2e, 0x32, 0x78, 0x76, 0x78, 
    0x2f, 0x33, 0x34, 0x2e, 0x69, 0x68, 0x78, 0x76, 0x01, 0x78, 0x2a, 0x35, 
    0x33, 0x34, 0x2e, 0x3f, 0x28, 0x78, 0x07, 0x73, 0x27, 0x76, 0x3d, 0x3f, 
    0x2e, 0x7a, 0x3b, 0x28, 0x28, 0x3b, 0x23, 0x14, 0x3f, 0x2d, 0x72, 0x73, 
    0x21, 0x28, 0x3f, 0x2e, 0x2f, 0x28, 0x34, 0x7a, 0x2e, 0x72, 0x78, 0x33, 
    0x36, 0x68, 0x39, 0x2a, 0x2a, 0x05, 0x3b, 0x28, 0x28, 0x3b, 0x23, 0x05, 
    0x34, 0x3f, 0x2d, 0x78, 0x76, 0x78, 0x2a, 0x35, 0x33, 0x34, 0x2e, 0x3f, 
    0x28, 0x78, 0x76, 0x01, 0x78, 0x2a, 0x35, 0x33, 0x34, 0x2e, 0x3f, 0x28, 
    0x78, 0x76, 0x78, 0x2f, 0x33, 0x34, 0x2e, 0x69, 0x68, 0x78, 0x07, 0x73, 
    0x27, 0x76, 0x3d, 0x3f, 0x2e, 0x7a, 0x3b, 0x29, 0x29, 0x3f, 0x37, 0x38, 
    0x36, 0x23, 0x1d, 0x3f, 0x2e, 0x13, 0x37, 0x3b, 0x3d, 0x3f, 0x72, 0x73, 
    0x21, 0x28, 0x3f, 0x2e, 0x2f, 0x28, 0x34, 0x7a, 0x2e, 0x72, 0x78, 0x33, 
    0x36, 0x68, 0x39, 0x2a, 0x2a, 0x05, 0x3b, 0x29, 0x29, 0x3f, 0x37, 0x38, 
    0x36, 0x23, 0x05, 0x3d, 0x3f, 0x2e, 0x05, 0x33, 0x37, 0x3b, 0x3d, 0x3f, 
    0x78, 0x76, 0x78, 0x2a, 0x35, 0x33, 0x34, 0x2e, 0x3f, 0x28, 0x78, 0x76, 
    0x01, 0x78, 0x2a, 0x35, 0x33, 0x34, 0x2e, 0x3f, 0x28, 0x78, 0x07, 0x73, 
    0x27, 0x76, 0x3d, 0x3f, 0x2e, 0x7a, 0x39, 0x36, 0x3b, 0x29, 0x29, 0x1c, 
    0x35, 0x28, 0x1f, 0x3b, 0x39, 0x32, 0x72, 0x73, 0x21, 0x28, 0x3f, 0x2e, 
    0x2f, 0x28, 0x34, 0x7a, 0x2e, 0x72, 0x78, 0x33, 0x36, 0x68, 0x39, 0x2a, 
    0x2a, 0x05, 0x39, 0x36, 0x3b, 0x29, 0x29, 0x05, 0x3c, 0x35, 0x28, 0x05, 
    0x3f, 0x3b, 0x39, 0x32, 0x78, 0x76, 0x78, 0x2c, 0x35, 0x33, 0x3e, 0x78, 
    0x76, 0x01, 0x78, 0x2a, 0x35, 0x33, 0x34, 0x2e, 0x3f, 0x28, 0x78, 0x76, 
    0x78, 0x2a, 0x35, 0x33, 0x34, 0x2e, 0x3f, 0x28, 0x78, 0x07, 0x73, 0x27, 
    0x76, 0x3d, 0x3f, 0x2e, 0x7a, 0x39, 0x36, 0x3b, 0x29, 0x29, 0x1c, 0x28, 
    0x35, 0x37, 0x14, 0x3b, 0x37, 0x3f, 0x72, 0x73, 0x21, 0x28, 0x3f, 0x2e, 
    0x2f, 0x28, 0x34, 0x7a, 0x2e, 0x72, 0x78, 0x33, 0x36, 0x68, 0x39, 0x2a, 
    0x2a, 0x05, 0x39, 0x36, 0x3b, 0x29, 0x29, 0x05, 0x3c, 0x28, 0x35, 0x37, 
    0x05, 0x34, 0x3b, 0x37, 0x3f, 0x78, 0x76, 0x78, 0x2a, 0x35, 0x33, 0x34, 
    0x2e, 0x3f, 0x28, 0x78, 0x76, 0x01, 0x78, 0x2a, 0x35, 0x33, 0x34, 0x2e, 
    0x3f, 0x28, 0x78, 0x76, 0x78, 0x2a, 0x35, 0x33, 0x34, 0x2e, 0x3f, 0x28, 
    0x78, 0x76, 0x78, 0x2a, 0x35, 0x33, 0x34, 0x2e, 0x3f, 0x28, 0x78, 0x07, 
    0x73, 0x27, 0x76, 0x3d, 0x3f, 0x2e, 0x7a, 0x39, 0x36, 0x3b, 0x29, 0x29, 
    0x1c, 0x28, 0x35, 0x37, 0x15, 0x38, 0x30, 0x3f, 0x39, 0x2e, 0x72, 0x73, 
    0x21, 0x28, 0x3f, 0x2e, 0x2f, 0x28, 0x34, 0x7a, 0x2e, 0x72, 0x78, 0x33, 
    0x36, 0x68, 0x39, 0x2a, 0x2a, 0x05, 0x39, 0x36, 0x3b, 0x29, 0x29, 0x05, 
    0x3c, 0x28, 0x35, 0x37, 0x05, 0x29, 0x23, 0x29, 0x2e, 0x3f, 0x37, 0x05, 
    0x2e, 0x23, 0x2a, 0x3f, 0x78, 0x76, 0x78, 0x2a, 0x35, 0x33, 0x34, 0x2e, 
    0x3f, 0x28, 0x78, 0x76, 0x01, 0x78, 0x2a, 0x35, 0x33, 0x34, 0x2e, 0x3f, 
    0x28, 0x78, 0x07, 0x73, 0x27, 0x76, 0x3d, 0x3f, 0x2e, 0x7a, 0x39, 0x36, 
    0x3b, 0x29, 0x29, 0x1d, 0x3f, 0x2e, 0x1b, 0x28, 0x28, 0x3b, 0x23, 0x19, 
    0x36, 0x3b, 0x29, 0x29, 0x72, 0x73, 0x21, 0x28, 0x3f, 0x2e, 0x2f, 0x28, 
    0x34, 0x7a, 0x2e, 0x72, 0x78, 0x33, 0x36, 0x68, 0x39, 0x2a, 0x2a, 0x05, 
    0x3b, 0x28, 0x28, 0x3b, 0x23, 0x05, 0x39, 0x36, 0x3b, 0x29, 0x29, 0x05, 
    0x3d, 0x3f, 0x2e, 0x78, 0x76, 0x78, 0x2a, 0x35, 0x33, 0x34, 0x2e, 0x3f, 
    0x28, 0x78, 0x76, 0x01, 0x78, 0x2a, 0x35, 0x33, 0x34, 0x2e, 0x3f, 0x28, 
    0x78, 0x76, 0x78, 0x2f, 0x33, 0x34, 0x2e, 0x69, 0x68, 0x78, 0x07, 0x73, 
    0x27, 0x76, 0x3d, 0x3f, 0x2e, 0x7a, 0x39, 0x36, 0x3b, 0x29, 0x29, 0x1d, 
    0x3f, 0x2e, 0x1b, 0x28, 0x28, 0x3b, 0x23, 0x1f, 0x36, 0x3f, 0x37, 0x3f, 
    0x34, 0x2e, 0x09, 0x33, 0x20, 0x3f, 0x72, 0x73, 0x21, 0x28, 0x3f, 0x2e, 
    0x2f, 0x28, 0x34, 0x7a, 0x2e, 0x72, 0x78, 0x33, 0x36, 0x68, 0x39, 0x2a, 
    0x2a, 0x05, 0x39, 0x36, 0x3b, 0x29, 0x29, 0x05, 0x3b, 0x28, 0x28, 0x3b, 
    0x23, 0x05, 0x3f, 0x36, 0x3f, 0x37, 0x3f, 0x34, 0x2e, 0x05, 0x29, 0x33, 
    0x20, 0x3f, 0x78, 0x76, 0x78, 0x33, 0x34, 0x2e, 0x78, 0x76, 0x01, 0x78, 
    0x2a, 0x35, 0x33, 0x34, 0x2e, 0x3f, 0x28, 0x78, 0x07, 0x73, 0x27, 0x76, 
    0x3d, 0x3f, 0x2e, 0x7a, 0x39, 0x36, 0x3b, 0x29, 0x29, 0x1d, 0x3f, 0x2e, 
    0x1b, 0x29, 0x29, 0x3f, 0x37, 0x38, 0x36, 0x23, 0x14, 0x3b, 0x37, 0x3f, 
    0x72, 0x73, 0x21, 0x28, 0x3f, 0x2e, 0x2f, 0x28, 0x34, 0x7a, 0x2e, 0x72, 
    0x78, 0x33, 0x36, 0x68, 0x39, 0x2a, 0x2a, 0x05, 0x39, 0x36, 0x3b, 0x29, 
    0x29, 0x05, 0x3d, 0x3f, 0x2e, 0x05, 0x3b, 0x29, 0x29, 0x3f, 0x37, 0x38, 
    0x36, 0x23, 0x34, 0x3b, 0x37, 0x3f, 0x78, 0x76, 0x78, 0x2a, 0x35, 0x33, 
    0x34, 0x2e, 0x3f, 0x28, 0x78, 0x76, 0x01, 0x78, 0x2a, 0x35, 0x33, 0x34, 
    0x2e, 0x3f, 0x28, 0x78, 0x07, 0x73, 0x27, 0x76, 0x3d, 0x3f, 0x2e, 0x7a, 
    0x39, 0x36, 0x3b, 0x29, 0x29, 0x1d, 0x3f, 0x2e, 0x18, 0x3b, 0x29, 0x3f, 
    0x0e, 0x23, 0x2a, 0x3f, 0x72, 0x73, 0x21, 0x28, 0x3f, 0x2e, 0x2f, 0x28, 
    0x34, 0x7a, 0x2e, 0x72, 0x78, 0x33, 0x36, 0x68, 0x39, 0x2a, 0x2a, 0x05, 
    0x39, 0x36, 0x3b, 0x29, 0x29, 0x05, 0x3f, 0x34, 0x2f, 0x37, 0x05, 0x38, 
    0x3b, 0x29, 0x3f, 0x2e, 0x23, 0x2a, 0x3f, 0x78, 0x76, 0x78, 0x2a, 0x35, 
    0x33, 0x34, 0x2e, 0x3f, 0x28, 0x78, 0x76, 0x01, 0x78, 0x2a, 0x35, 0x33, 
    0x34, 0x2e, 0x3f, 0x28, 0x78, 0x07, 0x73, 0x27, 0x76, 0x3d, 0x3f, 0x2e, 
    0x7a, 0x39, 0x36, 0x3b, 0x29, 0x29, 0x1d, 0x3f, 0x2e, 0x1e, 0x3f, 0x39, 
    0x36, 0x3b, 0x28, 0x33, 0x34, 0x3d, 0x0e, 0x23, 0x2a, 0x3f, 0x72, 0x73, 
    0x21, 0x28, 0x3f, 0x2e, 0x2f, 0x28, 0x34, 0x7a, 0x2e, 0x72, 0x78, 0x33, 
    0x36, 0x68, 0x39, 0x2a, 0x2a, 0x05, 0x39, 0x36, 0x3b, 0x29, 0x29, 0x05, 
    0x3d, 0x3f, 0x2e, 0x05, 0x3e, 0x3f, 0x39, 0x36, 0x3b, 0x28, 0x33, 0x34, 
    0x3d, 0x05, 0x2e, 0x23, 0x2a, 0x3f, 0x78, 0x76, 0x78, 0x2a, 0x35, 0x33, 
    0x34, 0x2e, 0x3f, 0x28, 0x78, 0x76, 0x01, 0x78, 0x2a, 0x35, 0x33, 0x34, 
    0x2e, 0x3f, 0x28, 0x78, 0x07, 0x73, 0x27, 0x76, 0x3d, 0x3f, 0x2e, 0x7a, 
    0x39, 0x36, 0x3b, 0x29, 0x29, 0x1d, 0x3f, 0x2e, 0x1f, 0x36, 0x3f, 0x37, 
    0x3f, 0x34, 0x2e, 0x19, 0x36, 0x3b, 0x29, 0x29, 0x72, 0x73, 0x21, 0x28, 
    0x3f, 0x2e, 0x2f, 0x28, 0x34, 0x7a, 0x2e, 0x72, 0x78, 0x33, 0x36, 0x68, 
    0x39, 0x2a, 0x2a, 0x05, 0x39, 0x36, 0x3b, 0x29, 0x29, 0x05, 0x3d, 0x3f, 
    0x2e, 0x05, 0x3f, 0x36, 0x3f, 0x37, 0x3f, 0x34, 0x2e, 0x05, 0x39, 0x36, 
    0x3b, 0x29, 0x29, 0x78, 0x76, 0x78, 0x2a, 0x35, 0x33, 0x34, 0x2e, 0x3f, 
    0x28, 0x78, 0x76, 0x01, 0x78, 0x2a, 0x35, 0x33, 0x34, 0x2e, 0x3f, 0x28, 
    0x78, 0x07, 0x73, 0x27, 0x76, 0x3d, 0x3f, 0x2e, 0x7a, 0x39, 0x36, 0x3b, 
    0x29, 0x29, 0x1d, 0x3f, 0x2e, 0x1c, 0x33, 0x3f, 0x36, 0x3e, 0x1c, 0x28, 
    0x35, 0x37, 0x14, 0x3b, 0x37, 0x3f, 0x72, 0x73, 0x21, 0x28, 0x3f, 0x2e, 
    0x2f, 0x28, 0x34, 0x7a, 0x2e, 0x72, 0x78, 0x33, 0x36, 0x68, 0x39, 0x2a, 
    0x2a, 0x05, 0x39, 0x36, 0x3b, 0x29, 0x29, 0x05, 0x3d, 0x3f, 0x2e, 0x05, 
    0x3c, 0x33, 0x3f, 0x36, 0x3e, 0x05, 0x3c, 0x28, 0x35, 0x37, 0x05, 0x34, 
    0x3b, 0x37, 0x3f, 0x78, 0x76, 0x78, 0x2a, 0x35, 0x33, 0x34, 0x2e, 0x3f, 
    0x28, 0x78, 0x76, 0x01, 0x78, 0x2a, 0x35, 0x33, 0x34, 0x2e, 0x3f, 0x28, 
    0x78, 0x76, 0x78, 0x2a, 0x35, 0x33, 0x34, 0x2e, 0x3f, 0x28, 0x78, 0x07, 
    0x73, 0x27, 0x76, 0x3d, 0x3f, 0x2e, 0x7a, 0x39, 0x36, 0x3b, 0x29, 0x29, 
    0x1d, 0x3f, 0x2e, 0x1c, 0x33, 0x3f, 0x36, 0x3e, 0x29, 0x72, 0x73, 0x21, 
    0x28, 0x3f, 0x2e, 0x2f, 0x28, 0x34, 0x7a, 0x2e, 0x72, 0x78, 0x33, 0x36, 
    0x68, 0x39, 0x2a, 0x2a, 0x05, 0x39, 0x36, 0x3b, 0x29, 0x29, 0x05, 0x3d, 
    0x3f, 0x2e, 0x05, 0x3c, 0x33, 0x3f, 0x36, 0x3e, 0x29, 0x78, 0x76, 0x78, 
    0x2a, 0x35, 0x33, 0x34, 0x2e, 0x3f, 0x28, 0x78, 0x76, 0x01, 0x78, 0x2a, 
    0x35, 0x33, 0x34, 0x2e, 0x3f, 0x28, 0x78, 0x76, 0x78, 0x2a, 0x35, 0x33, 
    0x34, 0x2e, 0x3f, 0x28, 0x78, 0x07, 0x73, 0x27, 0x76, 0x3d, 0x3f, 0x2e, 
    0x7a, 0x39, 0x36, 0x3b, 0x29, 0x29, 0x1d, 0x3f, 0x2e, 0x1c, 0x36, 0x3b, 
    0x3d, 0x29, 0x72, 0x73, 0x21, 0x28, 0x3f, 0x2e, 0x2f, 0x28, 0x34, 0x7a, 
    0x2e, 0x72, 0x78, 0x33, 0x36, 0x68, 0x39, 0x2a, 0x2a, 0x05, 0x39, 0x36, 
    0x3b, 0x29, 0x29, 0x05, 0x3d, 0x3f, 0x2e, 0x05, 0x3c, 0x36, 0x3b, 0x3d, 
    0x29, 0x78, 0x76, 0x78, 0x33, 0x34, 0x2e, 0x78, 0x76, 0x01, 0x78, 0x2a, 
    0x35, 0x33, 0x34, 0x2e, 0x3f, 0x28, 0x78, 0x07, 0x73, 0x27, 0x76, 0x3d, 
    0x3f, 0x2e, 0x7a, 0x39, 0x36, 0x3b, 0x29, 0x29, 0x1d, 0x3f, 0x2e, 0x13, 
    0x37, 0x3b, 0x3d, 0x3f, 0x72, 0x73, 0x21, 0x28, 0x3f, 0x2e, 0x2f, 0x28, 
    0x34, 0x7a, 0x2e, 0x72, 0x78, 0x33, 0x36, 0x68, 0x39, 0x2a, 0x2a, 0x05, 
    0x39, 0x36, 0x3b, 0x29, 0x29, 0x05, 0x3d, 0x3f, 0x2e, 0x05, 0x33, 0x37, 
    0x3b, 0x3d, 0x3f, 0x78, 0x76, 0x78, 0x2a, 0x35, 0x33, 0x34, 0x2e, 0x3f, 
    0x28, 0x78, 0x76, 0x01, 0x78, 0x2a, 0x35, 0x33, 0x34, 0x2e, 0x3f, 0x28, 
    0x78, 0x07, 0x73, 0x27, 0x76, 0x3d, 0x3f, 0x2e, 0x7a, 0x39, 0x36, 0x3b, 
    0x29, 0x29, 0x1d, 0x3f, 0x2e, 0x13, 0x34, 0x29, 0x2e, 0x3b, 0x34, 0x39, 
    0x3f, 0x09, 0x33, 0x20, 0x3f, 0x72, 0x73, 0x21, 0x28, 0x3f, 0x2e, 0x2f, 
    0x28, 0x34, 0x7a, 0x2e, 0x72, 0x78, 0x33, 0x36, 0x68, 0x39, 0x2a, 0x2a, 
    0x05, 0x39, 0x36, 0x3b, 0x29, 0x29, 0x05, 0x33, 0x34, 0x29, 0x2e, 0x3b, 
    0x34, 0x39, 0x3f, 0x05, 0x29, 0x33, 0x20, 0x3f, 0x78, 0x76, 0x78, 0x33, 
    0x34, 0x2e, 0x69, 0x68, 0x78, 0x76, 0x01, 0x78, 0x2a, 0x35, 0x33, 0x34, 
    0x2e, 0x3f, 0x28, 0x78, 0x07, 0x73, 0x27, 0x76, 0x3d, 0x3f, 0x2e, 0x7a, 
    0x39, 0x36, 0x3b, 0x29, 0x29, 0x1d, 0x3f, 0x2e, 0x13, 0x34, 0x2e, 0x3f, 
    0x28, 0x3c, 0x3b, 0x39, 0x3f, 0x29, 0x72, 0x73, 0x21, 0x28, 0x3f, 0x2e, 
    0x2f, 0x28, 0x34, 0x7a, 0x2e, 0x72, 0x78, 0x33, 0x36, 0x68, 0x39, 0x2a, 
    0x2a, 0x05, 0x39, 0x36, 0x3b, 0x29, 0x29, 0x05, 0x3d, 0x3f, 0x2e, 0x05, 
    0x33, 0x34, 0x2e, 0x3f, 0x28, 0x3c, 0x3b, 0x39, 0x3f, 0x29, 0x78, 0x76, 
    0x78, 0x2a, 0x35, 0x33, 0x34, 0x2e, 0x3f, 0x28, 0x78, 0x76, 0x01, 0x78, 
    0x2a, 0x35, 0x33, 0x34, 0x2e, 0x3f, 0x28, 0x78, 0x76, 0x78, 0x2a, 0x35, 
    0x33, 0x34, 0x2e, 0x3f, 0x28, 0x78, 0x07, 0x73, 0x27, 0x76, 0x3d, 0x3f, 
    0x2e, 0x7a, 0x39, 0x36, 0x3b, 0x29, 0x29, 0x1d, 0x3f, 0x2e, 0x17, 0x3f, 
    0x2e, 0x32, 0x35, 0x3e, 0x1c, 0x28, 0x35, 0x37, 0x14, 0x3b, 0x37, 0x3f, 
    0x72, 0x73, 0x21, 0x28, 0x3f, 0x2e, 0x2f, 0x28, 0x34, 0x7a, 0x2e, 0x72, 
    0x78, 0x33, 0x36, 0x68, 0x39, 0x2a, 0x2a, 0x05, 0x39, 0x36, 0x3b, 0x29, 
    0x29, 0x05, 0x3d, 0x3f, 0x2e, 0x05, 0x37, 0x3f, 0x2e, 0x32, 0x35, 0x3e, 
    0x05, 0x3c, 0x28, 0x35, 0x37, 0x05, 0x34, 0x3b, 0x37, 0x3f, 0x78, 0x76, 
    0x78, 0x2a, 0x35, 0x33, 0x34, 0x2e, 0x3f, 0x28, 0x78, 0x76, 0x01, 0x78, 
    0x2a, 0x35, 0x33, 0x34, 0x2e, 0x3f, 0x28, 0x78, 0x76, 0x78, 0x2a, 0x35, 
    0x33, 0x34, 0x2e, 0x3f, 0x28, 0x78, 0x76, 0x78, 0x33, 0x34, 0x2e, 0x78, 
    0x07, 0x73, 0x27, 0x76, 0x3d, 0x3f, 0x2e, 0x7a, 0x39, 0x36, 0x3b, 0x29, 
    0x29, 0x1d, 0x3f, 0x2e, 0x17, 0x3f, 0x2e, 0x32, 0x35, 0x3e, 0x29, 0x72, 
    0x73, 0x21, 0x28, 0x3f, 0x2e, 0x2f, 0x28, 0x34, 0x7a, 0x2e, 0x72, 0x78, 
    0x33, 0x36, 0x68, 0x39, 0x2a, 0x2a, 0x05, 0x39, 0x36, 0x3b, 0x29, 0x29, 
    0x05, 0x3d, 0x3f, 0x2e, 0x05, 0x37, 0x3f, 0x2e, 0x32, 0x35, 0x3e, 0x29, 
    0x78, 0x76, 0x78, 0x2a, 0x35, 0x33, 0x34, 0x2e, 0x3f, 0x28, 0x78, 0x76, 
    0x01, 0x78, 0x2a, 0x35, 0x33, 0x34, 0x2e, 0x3f, 0x28, 0x78, 0x76, 0x78, 
    0x2a, 0x35, 0x33, 0x34, 0x2e, 0x3f, 0x28, 0x78, 0x07, 0x73, 0x27, 0x76, 
    0x3d, 0x3f, 0x2e, 0x7a, 0x39, 0x36, 0x3b, 0x29, 0x29, 0x1d, 0x3f, 0x2e, 
    0x14, 0x3b, 0x37, 0x3f, 0x72, 0x73, 0x21, 0x28, 0x3f, 0x2e, 0x2f, 0x28, 
    0x34, 0x7a, 0x2e, 0x72, 0x78, 0x33, 0x36, 0x68, 0x39, 0x2a, 0x2a, 0x05, 
    0x39, 0x36, 0x3b, 0x29, 0x29, 0x05, 0x3d, 0x3f, 0x2e, 0x05, 0x34, 0x3b, 
    0x37, 0x3f, 0x78, 0x76, 0x78, 0x2a, 0x35, 0x33, 0x34, 0x2e, 0x3f, 0x28, 
    0x78, 0x76, 0x01, 0x78, 0x2a, 0x35, 0x33, 0x34, 0x2e, 0x3f, 0x28, 0x78, 
    0x07, 0x73, 0x27, 0x76, 0x3d, 0x3f, 0x2e, 0x7a, 0x39, 0x36, 0x3b, 0x29, 
    0x29, 0x1d, 0x3f, 0x2e, 0x14, 0x3b, 0x37, 0x3f, 0x29, 0x2a, 0x3b, 0x39, 
    0x3f, 0x72, 0x73, 0x21, 0x28, 0x3f, 0x2e, 0x2f, 0x28, 0x34, 0x7a, 0x2e, 
    0x72, 0x78, 0x33, 0x36, 0x68, 0x39, 0x2a, 0x2a, 0x05, 0x39, 0x36, 0x3b, 
    0x29, 0x29, 0x05, 0x3d, 0x3f, 0x2e, 0x05, 0x34, 0x3b, 0x37, 0x3f, 0x29, 
    0x2a, 0x3b, 0x39, 0x3f, 0x78, 0x76, 0x78, 0x2a, 0x35, 0x33, 0x34, 0x2e, 
    0x3f, 0x28, 0x78, 0x76, 0x01, 0x78, 0x2a, 0x35, 0x33, 0x34, 0x2e, 0x3f, 
    0x28, 0x78, 0x07, 0x73, 0x27, 0x76, 0x3d, 0x3f, 0x2e, 0x7a, 0x39, 0x36, 
    0x3b, 0x29, 0x29, 0x1d, 0x3f, 0x2e, 0x14, 0x3f, 0x29, 0x2e, 0x3f, 0x3e, 
    0x19, 0x36, 0x3b, 0x29, 0x29, 0x3f, 0x29, 0x72, 0x73, 0x21, 0x28, 0x3f, 
    0x2e, 0x2f, 0x28, 0x34, 0x7a, 0x2e, 0x72, 0x78, 0x33, 0x36, 0x68, 0x39, 
    0x2a, 0x2a, 0x05, 0x39, 0x36, 0x3b, 0x29, 0x29, 0x05, 0x3d, 0x3f, 0x2e, 
    0x05, 0x34, 0x3f, 0x29, 0x2e, 0x3f, 0x3e, 0x05, 0x2e, 0x23, 0x2a, 0x3f, 
    0x29, 0x78, 0x76, 0x78, 0x2a, 0x35, 0x33, 0x34, 0x2e, 0x3f, 0x28, 0x78, 
    0x76, 0x01, 0x78, 0x2a, 0x35, 0x33, 0x34, 0x2e, 0x3f, 0x28, 0x78, 0x76, 
    0x78, 0x2a, 0x35, 0x33, 0x34, 0x2e, 0x3f, 0x28, 0x78, 0x07, 0x73, 0x27, 
    0x76, 0x3d, 0x3f, 0x2e, 0x7a, 0x39, 0x36, 0x3b, 0x29, 0x29, 0x1d, 0x3f, 
    0x2e, 0x0a, 0x3b, 0x28, 0x3f, 0x34, 0x2e, 0x72, 0x73, 0x21, 0x28, 0x3f, 
    0x2e, 0x2f, 0x28, 0x34, 0x7a, 0x2e, 0x72, 0x78, 0x33, 0x36, 0x68, 0x39, 
    0x2a, 0x2a, 0x05, 0x39, 0x36, 0x3b, 0x29, 0x29, 0x05, 0x3d, 0x3f, 0x2e, 
    0x05, 0x2a, 0x3b, 0x28, 0x3f, 0x34, 0x2e, 0x78, 0x76, 0x78, 0x2a, 0x35, 
    0x33, 0x34, 0x2e, 0x3f, 0x28, 0x78, 0x76, 0x01, 0x78, 0x2a, 0x35, 0x33, 
    0x34, 0x2e, 0x3f, 0x28, 0x78, 0x07, 0x73, 0x27, 0x76, 0x3d, 0x3f, 0x2e, 
    0x7a, 0x39, 0x36, 0x3b, 0x29, 0x29, 0x1d, 0x3f, 0x2e, 0x09, 0x2e, 0x3b, 
    0x2e, 0x33, 0x39, 0x1c, 0x33, 0x3f, 0x36, 0x3e, 0x1e, 0x3b, 0x2e, 0x3b, 
    0x72, 0x73, 0x21, 0x28, 0x3f, 0x2e, 0x2f, 0x28, 0x34, 0x7a, 0x2e, 0x72, 
    0x78, 0x33, 0x36, 0x68, 0x39, 0x2a, 0x2a, 0x05, 0x39, 0x36, 0x3b, 0x29, 
    0x29, 0x05, 0x3d, 0x3f, 0x2e, 0x05, 0x29, 0x2e, 0x3b, 0x2e, 0x33, 0x39, 
    0x05, 0x3c, 0x33, 0x3f, 0x36, 0x3e, 0x05, 0x3e, 0x3b, 0x2e, 0x3b, 0x78, 
    0x76, 0x78, 0x2a, 0x35, 0x33, 0x34, 0x2e, 0x3f, 0x28, 0x78, 0x76, 0x01, 
    0x78, 0x2a, 0x35, 0x33, 0x34, 0x2e, 0x3f, 0x28, 0x78, 0x07, 0x73, 0x27, 
    0x76, 0x3d, 0x3f, 0x2e, 0x7a, 0x39, 0x36, 0x3b, 0x29, 0x29, 0x1d, 0x3f, 
    0x2e, 0x0c, 0x3b, 0x36, 0x2f, 0x3f, 0x0e, 0x23, 0x2a, 0x3f, 0x09, 0x33, 
    0x20, 0x3f, 0x72, 0x73, 0x21, 0x28, 0x3f, 0x2e, 0x2f, 0x28, 0x34, 0x7a, 
    0x2e, 0x72, 0x78, 0x33, 0x36, 0x68, 0x39, 0x2a, 0x2a, 0x05, 0x39, 0x36, 
    0x3b, 0x29, 0x29, 0x05, 0x2c, 0x3b, 0x36, 0x2f, 0x3f, 0x05, 0x29, 0x33, 
    0x20, 0x3f, 0x78, 0x76, 0x78, 0x33, 0x34, 0x2e, 0x69, 0x68, 0x78, 0x76, 
    0x01, 0x78, 0x2a, 0x35, 0x33, 0x34, 0x2e, 0x3f, 0x28, 0x78, 0x76, 0x78, 
    0x2a, 0x35, 0x33, 0x34, 0x2e, 0x3f, 0x28, 0x78, 0x07, 0x73, 0x27, 0x76, 
    0x3d, 0x3f, 0x2e, 0x7a, 0x39, 0x36, 0x3b, 0x29, 0x29, 0x1d, 0x3f, 0x2e, 
    0x0e, 0x23, 0x2a, 0x3f, 0x72, 0x73, 0x21, 0x28, 0x3f, 0x2e, 0x2f, 0x28, 
    0x34, 0x7a, 0x2e, 0x72, 0x78, 0x33, 0x36, 0x68, 0x39, 0x2a, 0x2a, 0x05, 
    0x39, 0x36, 0x3b, 0x29, 0x29, 0x05, 0x3d, 0x3f, 0x2e, 0x05, 0x2e, 0x23, 
    0x2a, 0x3f, 0x78, 0x76, 0x78, 0x2a, 0x35, 0x33, 0x34, 0x2e, 0x3f, 0x28, 
    0x78, 0x76, 0x01, 0x78, 0x2a, 0x35, 0x33, 0x34, 0x2e, 0x3f, 0x28, 0x78, 
    0x07, 0x73, 0x27, 0x76, 0x3d, 0x3f, 0x2e, 0x7a, 0x39, 0x36, 0x3b, 0x29, 
    0x29, 0x12, 0x3b, 0x29, 0x08, 0x3f, 0x3c, 0x3f, 0x28, 0x3f, 0x34, 0x39, 
    0x3f, 0x29, 0x72, 0x73, 0x21, 0x28, 0x3f, 0x2e, 0x2f, 0x28, 0x34, 0x7a, 
    0x2e, 0x72, 0x78, 0x33, 0x36, 0x68, 0x39, 0x2a, 0x2a, 0x05, 0x39, 0x36, 
    0x3b, 0x29, 0x29, 0x05, 0x32, 0x3b, 0x29, 0x05, 0x28, 0x3f, 0x3c, 0x3f, 
    0x28, 0x3f, 0x34, 0x39, 0x3f, 0x29, 0x78, 0x76, 0x78, 0x38, 0x35, 0x35, 
    0x36, 0x78, 0x76, 0x01, 0x78, 0x2a, 0x35, 0x33, 0x34, 0x2e, 0x3f, 0x28, 
    0x78, 0x07, 0x73, 0x27, 0x76, 0x3d, 0x3f, 0x2e, 0x7a, 0x39, 0x36, 0x3b, 
    0x29, 0x29, 0x13, 0x34, 0x33, 0x2e, 0x33, 0x3b, 0x36, 0x33, 0x20, 0x3f, 
    0x72, 0x73, 0x21, 0x28, 0x3f, 0x2e, 0x2f, 0x28, 0x34, 0x7a, 0x2e, 0x72, 
    0x78, 0x33, 0x36, 0x68, 0x39, 0x2a, 0x2a, 0x05, 0x28, 0x2f, 0x34, 0x2e, 
    0x33, 0x37, 0x3f, 0x05, 0x39, 0x36, 0x3b, 0x29, 0x29, 0x05, 0x33, 0x34, 
    0x33, 0x2e, 0x78, 0x76, 0x78, 0x2c, 0x35, 0x33, 0x3e, 0x78, 0x76, 0x01, 
    0x78, 0x2a, 0x35, 0x33, 0x34, 0x2e, 0x3f, 0x28, 0x78, 0x07, 0x73, 0x27, 
    0x76, 0x3d, 0x3f, 0x2e, 0x7a, 0x39, 0x36, 0x3b, 0x29, 0x29, 0x13, 0x29, 
    0x1b, 0x38, 0x29, 0x2e, 0x28, 0x3b, 0x39, 0x2e, 0x72, 0x73, 0x21, 0x28, 
    0x3f, 0x2e, 0x2f, 0x28, 0x34, 0x7a, 0x2e, 0x72, 0x78, 0x33, 0x36, 0x68, 
    0x39, 0x2a, 0x2a, 0x05, 0x39, 0x36, 0x3b, 0x29, 0x29, 0x05, 0x33, 0x29, 
    0x05, 0x3b, 0x38, 0x29, 0x2e, 0x28, 0x3b, 0x39, 0x2e, 0x78, 0x76, 0x78, 
    0x38, 0x35, 0x35, 0x36, 0x78, 0x76, 0x01, 0x78, 0x2a, 0x35, 0x33, 0x34, 
    0x2e, 0x3f, 0x28, 0x78, 0x07, 0x73, 0x27, 0x76, 0x3d, 0x3f, 0x2e, 0x7a, 
    0x39, 0x36, 0x3b, 0x29, 0x29, 0x13, 0x29, 0x1b, 0x29, 0x29, 0x33, 0x3d, 
    0x34, 0x3b, 0x38, 0x36, 0x3f, 0x1c, 0x28, 0x35, 0x37, 0x72, 0x73, 0x21, 
    0x28, 0x3f, 0x2e, 0x2f, 0x28, 0x34, 0x7a, 0x2e, 0x72, 0x78, 0x33, 0x36, 
    0x68, 0x39, 0x2a, 0x2a, 0x05, 0x39, 0x36, 0x3b, 0x29, 0x29, 0x05, 0x33, 
    0x29, 0x05, 0x3b, 0x29, 0x29, 0x33, 0x3d, 0x34, 0x3b, 0x38, 0x36, 0x3f, 
    0x05, 0x3c, 0x28, 0x35, 0x37, 0x78, 0x76, 0x78, 0x38, 0x35, 0x35, 0x36, 
    0x78, 0x76, 0x01, 0x78, 0x2a, 0x35, 0x33, 0x34, 0x2e, 0x3f, 0x28, 0x78, 
    0x76, 0x78, 0x2a, 0x35, 0x33, 0x34, 0x2e, 0x3f, 0x28, 0x78, 0x07, 0x73, 
    0x27, 0x76, 0x3d, 0x3f, 0x2e, 0x7a, 0x39, 0x36, 0x3b, 0x29, 0x29, 0x13, 
    0x29, 0x18, 0x36, 0x33, 0x2e, 0x2e, 0x3b, 0x38, 0x36, 0x3f, 0x72, 0x73, 
    0x21, 0x28, 0x3f, 0x2e, 0x2f, 0x28, 0x34, 0x7a, 0x2e, 0x72, 0x78, 0x33, 
    0x36, 0x68, 0x39, 0x2a, 0x2a, 0x05, 0x39, 0x36, 0x3b, 0x29, 0x29, 0x05, 
    0x33, 0x29, 0x05, 0x38, 0x36, 0x33, 0x2e, 0x2e, 0x3b, 0x38, 0x36, 0x3f, 
    0x78, 0x76, 0x78, 0x38, 0x35, 0x35, 0x36, 0x78, 0x76, 0x01, 0x78, 0x2a, 
    0x35, 0x33, 0x34, 0x2e, 0x3f, 0x28, 0x78, 0x07, 0x73, 0x27, 0x76, 0x3d, 
    0x3f, 0x2e, 0x7a, 0x39, 0x36, 0x3b, 0x29, 0x29, 0x13, 0x29, 0x1f, 0x34, 
    0x2f, 0x37, 0x72, 0x73, 0x21, 0x28, 0x3f, 0x2e, 0x2f, 0x28, 0x34, 0x7a, 
    0x2e, 0x72, 0x78, 0x33, 0x36, 0x68, 0x39, 0x2a, 0x2a, 0x05, 0x39, 0x36, 
    0x3b, 0x29, 0x29, 0x05, 0x33, 0x29, 0x05, 0x3f, 0x34, 0x2f, 0x37, 0x78, 
    0x76, 0x78, 0x38, 0x35, 0x35, 0x36, 0x78, 0x76, 0x01, 0x78, 0x2a, 0x35, 
    0x33, 0x34, 0x2e, 0x3f, 0x28, 0x78, 0x07, 0x73, 0x27, 0x76, 0x3d, 0x3f, 
    0x2e, 0x7a, 0x39, 0x36, 0x3b, 0x29, 0x29, 0x13, 0x29, 0x1d, 0x3f, 0x34, 
    0x3f, 0x28, 0x33, 0x39, 0x72, 0x73, 0x21, 0x28, 0x3f, 0x2e, 0x2f, 0x28, 
    0x34, 0x7a, 0x2e, 0x72, 0x78, 0x33, 0x36, 0x68, 0x39, 0x2a, 0x2a, 0x05, 
    0x39, 0x36, 0x3b, 0x29, 0x29, 0x05, 0x33, 0x29, 0x05, 0x3d, 0x3f, 0x34, 
    0x3f, 0x28, 0x33, 0x39, 0x78, 0x76, 0x78, 0x38, 0x35, 0x35, 0x36, 0x78, 
    0x76, 0x01, 0x78, 0x2a, 0x35, 0x33, 0x34, 0x2e, 0x3f, 0x28, 0x78, 0x07, 
    0x73, 0x27, 0x76, 0x3d, 0x3f, 0x2e, 0x7a, 0x39, 0x36, 0x3b, 0x29, 0x29, 
    0x13, 0x29, 0x13, 0x34, 0x3c, 0x36, 0x3b, 0x2e, 0x3f, 0x3e, 0x72, 0x73, 
    0x21, 0x28, 0x3f, 0x2e, 0x2f, 0x28, 0x34, 0x7a, 0x2e, 0x72, 0x78, 0x33, 
    0x36, 0x68, 0x39, 0x2a, 0x2a, 0x05, 0x39, 0x36, 0x3b, 0x29, 0x29, 0x05, 
    0x33, 0x29, 0x05, 0x33, 0x34, 0x3c, 0x36, 0x3b, 0x2e, 0x3f, 0x3e, 0x78, 
    0x76, 0x78, 0x38, 0x35, 0x35, 0x36, 0x78, 0x76, 0x01, 0x78, 0x2a, 0x35, 
    0x33, 0x34, 0x2e, 0x3f, 0x28, 0x78, 0x07, 0x73, 0x27, 0x76, 0x3d, 0x3f, 
    0x2e, 0x7a, 0x39, 0x36, 0x3b, 0x29, 0x29, 0x13, 0x29, 0x13, 0x34, 0x2e, 
    0x3f, 0x28, 0x3c, 0x3b, 0x39, 0x3f, 0x72, 0x73, 0x21, 0x28, 0x3f, 0x2e, 
    0x2f, 0x28, 0x34, 0x7a, 0x2e, 0x72, 0x78, 0x33, 0x36, 0x68, 0x39, 0x2a, 
    0x2a, 0x05, 0x39, 0x36, 0x3b, 0x29, 0x29, 0x05, 0x33, 0x29, 0x05, 0x33, 
    0x34, 0x2e, 0x3f, 0x28, 0x3c, 0x3b, 0x39, 0x3f, 0x78, 0x76, 0x78, 0x38, 
    0x35, 0x35, 0x36, 0x78, 0x76, 0x01, 0x78, 0x2a, 0x35, 0x33, 0x34, 0x2e, 
    0x3f, 0x28, 0x78, 0x07, 0x73, 0x27, 0x76, 0x3d, 0x3f, 0x2e, 0x7a, 0x39, 
    0x36, 0x3b, 0x29, 0x29, 0x13, 0x29, 0x09, 0x2f, 0x38, 0x39, 0x36, 0x3b, 
    0x29, 0x29, 0x15, 0x3c, 0x72, 0x73, 0x21, 0x28, 0x3f, 0x2e, 0x2f, 0x28, 
    0x34, 0x7a, 0x2e, 0x72, 0x78, 0x33, 0x36, 0x68, 0x39, 0x2a, 0x2a, 0x05, 
    0x39, 0x36, 0x3b, 0x29, 0x29, 0x05, 0x33, 0x29, 0x05, 0x29, 0x2f, 0x38, 
    0x39, 0x36, 0x3b, 0x29, 0x29, 0x05, 0x35, 0x3c, 0x78, 0x76, 0x78, 0x38, 
    0x35, 0x35, 0x36, 0x78, 0x76, 0x01, 0x78, 0x2a, 0x35, 0x33, 0x34, 0x2e, 
    0x3f, 0x28, 0x78, 0x76, 0x78, 0x2a, 0x35, 0x33, 0x34, 0x2e, 0x3f, 0x28, 
    0x78, 0x76, 0x78, 0x38, 0x35, 0x35, 0x36, 0x78, 0x07, 0x73, 0x27, 0x76, 
    0x3d, 0x3f, 0x2e, 0x7a, 0x39, 0x36, 0x3b, 0x29, 0x29, 0x13, 0x29, 0x0c, 
    0x3b, 0x36, 0x2f, 0x3f, 0x0e, 0x23, 0x2a, 0x3f, 0x72, 0x73, 0x21, 0x28, 
    0x3f, 0x2e, 0x2f, 0x28, 0x34, 0x7a, 0x2e, 0x72, 0x78, 0x33, 0x36, 0x68, 
    0x39, 0x2a, 0x2a, 0x05, 0x39, 0x36, 0x3b, 0x29, 0x29, 0x05, 0x33, 0x29, 
    0x05, 0x2c, 0x3b, 0x36, 0x2f, 0x3f, 0x2e, 0x23, 0x2a, 0x3f, 0x78, 0x76, 
    0x78, 0x38, 0x35, 0x35, 0x36, 0x78, 0x76, 0x01, 0x78, 0x2a, 0x35, 0x33, 
    0x34, 0x2e, 0x3f, 0x28, 0x78, 0x07, 0x73, 0x27, 0x76, 0x3d, 0x3f, 0x2e, 
    0x7a, 0x3e, 0x35, 0x37, 0x3b, 0x33, 0x34, 0x1d, 0x3f, 0x2e, 0x1b, 0x29, 
    0x29, 0x3f, 0x37, 0x38, 0x36, 0x23, 0x1c, 0x28, 0x35, 0x37, 0x14, 0x3b, 
    0x37, 0x3f, 0x72, 0x73, 0x21, 0x28, 0x3f, 0x2e, 0x2f, 0x28, 0x34, 0x7a, 
    0x2e, 0x72, 0x78, 0x33, 0x36, 0x68, 0x39, 0x2a, 0x2a, 0x05, 0x3e, 0x35, 
    0x37, 0x3b, 0x33, 0x34, 0x05, 0x3b, 0x29, 0x29, 0x3f, 0x37, 0x38, 0x36, 
    0x23, 0x05, 0x35, 0x2a, 0x3f, 0x34, 0x78, 0x76, 0x78, 0x2a, 0x35, 0x33, 
    0x34, 0x2e, 0x3f, 0x28, 0x78, 0x76, 0x01, 0x78, 0x2a, 0x35, 0x33, 0x34, 
    0x2e, 0x3f, 0x28, 0x78, 0x76, 0x78, 0x2a, 0x35, 0x33, 0x34, 0x2e, 0x3f, 
    0x28, 0x78, 0x07, 0x73, 0x27, 0x76, 0x3d, 0x3f, 0x2e, 0x7a, 0x3e, 0x35, 
    0x37, 0x3b, 0x33, 0x34, 0x1d, 0x3f, 0x2e, 0x72, 0x73, 0x21, 0x28, 0x3f, 
    0x2e, 0x2f, 0x28, 0x34, 0x7a, 0x2e, 0x72, 0x78, 0x33, 0x36, 0x68, 0x39, 
    0x2a, 0x2a, 0x05, 0x3e, 0x35, 0x37, 0x3b, 0x33, 0x34, 0x05, 0x3d, 0x3f, 
    0x2e, 0x78, 0x76, 0x78, 0x2a, 0x35, 0x33, 0x34, 0x2e, 0x3f, 0x28, 0x78, 
    0x76, 0x01, 0x07, 0x73, 0x27, 0x76, 0x3d, 0x3f, 0x2e, 0x7a, 0x3e, 0x35, 
    0x37, 0x3b, 0x33, 0x34, 0x1d, 0x3f, 0x2e, 0x1b, 0x29, 0x29, 0x3f, 0x37, 
    0x38, 0x36, 0x33, 0x3f, 0x29, 0x72, 0x73, 0x21, 0x28, 0x3f, 0x2e, 0x2f, 
    0x28, 0x34, 0x7a, 0x2e, 0x72, 0x78, 0x33, 0x36, 0x68, 0x39, 0x2a, 0x2a, 
    0x05, 0x3e, 0x35, 0x37, 0x3b, 0x33, 0x34, 0x05, 0x3d, 0x3f, 0x2e, 0x05, 
    0x3b, 0x29, 0x29, 0x3f, 0x37, 0x38, 0x36, 0x33, 0x3f, 0x29, 0x78, 0x76, 
    0x78, 0x2a, 0x35, 0x33, 0x34, 0x2e, 0x3f, 0x28, 0x78, 0x76, 0x01, 0x78, 
    0x2a, 0x35, 0x33, 0x34, 0x2e, 0x3f, 0x28, 0x78, 0x76, 0x78, 0x2a, 0x35, 
    0x33, 0x34, 0x2e, 0x3f, 0x28, 0x78, 0x07, 0x73, 0x27, 0x76, 0x3d, 0x3f, 
    0x2e, 0x7a, 0x3c, 0x33, 0x3f, 0x36, 0x3e, 0x1d, 0x3f, 0x2e, 0x19, 0x36, 
    0x3b, 0x29, 0x29, 0x72, 0x73, 0x21, 0x28, 0x3f, 0x2e, 0x2f, 0x28, 0x34, 
    0x7a, 0x2e, 0x72, 0x78, 0x33, 0x36, 0x68, 0x39, 0x2a, 0x2a, 0x05, 0x3c, 
    0x33, 0x3f, 0x36, 0x3e, 0x05, 0x3d, 0x3f, 0x2e, 0x05, 0x2a, 0x3b, 0x28, 
    0x3f, 0x34, 0x2e, 0x78, 0x76, 0x78, 0x2a, 0x35, 0x33, 0x34, 0x2e, 0x3f, 
    0x28, 0x78, 0x76, 0x01, 0x78, 0x2a, 0x35, 0x33, 0x34, 0x2e, 0x3f, 0x28, 
    0x78, 0x07, 0x73, 0x27, 0x76, 0x3d, 0x3f, 0x2e, 0x7a, 0x3c, 0x33, 0x3f, 
    0x36, 0x3e, 0x1d, 0x3f, 0x2e, 0x1c, 0x36, 0x3b, 0x3d, 0x29, 0x72, 0x73, 
    0x21, 0x28, 0x3f, 0x2e, 0x2f, 0x28, 0x34, 0x7a, 0x2e, 0x72, 0x78, 0x33, 
    0x36, 0x68, 0x39, 0x2a, 0x2a, 0x05, 0x3c, 0x33, 0x3f, 0x36, 0x3e, 0x05, 
    0x3d, 0x3f, 0x2e, 0x05, 0x3c, 0x36, 0x3b, 0x3d, 0x29, 0x78, 0x76, 0x78, 
    0x33, 0x34, 0x2e, 0x78, 0x76, 0x01, 0x78, 0x2a, 0x35, 0x33, 0x34, 0x2e, 
    0x3f, 0x28, 0x78, 0x07, 0x73, 0x27, 0x76, 0x3d, 0x3f, 0x2e, 0x7a, 0x3c, 
    0x33, 0x3f, 0x36, 0x3e, 0x1d, 0x3f, 0x2e, 0x14, 0x3b, 0x37, 0x3f, 0x72, 
    0x73, 0x21, 0x28, 0x3f, 0x2e, 0x2f, 0x28, 0x34, 0x7a, 0x2e, 0x72, 0x78, 
    0x33, 0x36, 0x68, 0x39, 0x2a, 0x2a, 0x05, 0x3c, 0x33, 0x3f, 0x36, 0x3e, 
    0x05, 0x3d, 0x3f, 0x2e, 0x05, 0x34, 0x3b, 0x37, 0x3f, 0x78, 0x76, 0x78, 
    0x2a, 0x35, 0x33, 0x34, 0x2e, 0x3f, 0x28, 0x78, 0x76, 0x01, 0x78, 0x2a, 
    0x35, 0x33, 0x34, 0x2e, 0x3f, 0x28, 0x78, 0x07, 0x73, 0x27, 0x76, 0x3d, 
    0x3f, 0x2e, 0x7a, 0x3c, 0x33, 0x3f, 0x36, 0x3e, 0x1d, 0x3f, 0x2e, 0x15, 
    0x3c, 0x3c, 0x29, 0x3f, 0x2e, 0x72, 0x73, 0x21, 0x28, 0x3f, 0x2e, 0x2f, 
    0x28, 0x34, 0x7a, 0x2e, 0x72, 0x78, 0x33, 0x36, 0x68, 0x39, 0x2a, 0x2a, 
    0x05, 0x3c, 0x33, 0x3f, 0x36, 0x3e, 0x05, 0x3d, 0x3f, 0x2e, 0x05, 0x35, 
    0x3c, 0x3c, 0x29, 0x3f, 0x2e, 0x78, 0x76, 0x78, 0x33, 0x34, 0x2e, 0x69, 
    0x68, 0x78, 0x76, 0x01, 0x78, 0x2a, 0x35, 0x33, 0x34, 0x2e, 0x3f, 0x28, 
    0x78, 0x07, 0x73, 0x27, 0x76, 0x3d, 0x3f, 0x2e, 0x7a, 0x3c, 0x33, 0x3f, 
    0x36, 0x3e, 0x1d, 0x3f, 0x2e, 0x09, 0x2e, 0x3b, 0x2e, 0x33, 0x39, 0x0c, 
    0x3b, 0x36, 0x2f, 0x3f, 0x72, 0x73, 0x21, 0x28, 0x3f, 0x2e, 0x2f, 0x28, 
    0x34, 0x7a, 0x2e, 0x72, 0x78, 0x33, 0x36, 0x68, 0x39, 0x2a, 0x2a, 0x05, 
    0x3c, 0x33, 0x3f, 0x36, 0x3e, 0x05, 0x29, 0x2e, 0x3b, 0x2e, 0x33, 0x39, 
    0x05, 0x3d, 0x3f, 0x2e, 0x05, 0x2c, 0x3b, 0x36, 0x2f, 0x3f, 0x78, 0x76, 
    0x78, 0x2c, 0x35, 0x33, 0x3e, 0x78, 0x76, 0x01, 0x78, 0x2a, 0x35, 0x33, 
    0x34, 0x2e, 0x3f, 0x28, 0x78, 0x76, 0x78, 0x2a, 0x35, 0x33, 0x34, 0x2e, 
    0x3f, 0x28, 0x78, 0x07, 0x73, 0x27, 0x76, 0x3d, 0x3f, 0x2e, 0x7a, 0x3c, 
    0x33, 0x3f, 0x36, 0x3e, 0x1d, 0x3f, 0x2e, 0x0e, 0x23, 0x2a, 0x3f, 0x72, 
    0x73, 0x21, 0x28, 0x3f, 0x2e, 0x2f, 0x28, 0x34, 0x7a, 0x2e, 0x72, 0x78, 
    0x33, 0x36, 0x68, 0x39, 0x2a, 0x2a, 0x05, 0x3c, 0x33, 0x3f, 0x36, 0x3e, 
    0x05, 0x3d, 0x3f, 0x2e, 0x05, 0x2e, 0x23, 0x2a, 0x3f, 0x78, 0x76, 0x78, 
    0x2a, 0x35, 0x33, 0x34, 0x2e, 0x3f, 0x28, 0x78, 0x76, 0x01, 0x78, 0x2a, 
    0x35, 0x33, 0x34, 0x2e, 0x3f, 0x28, 0x78, 0x07, 0x73, 0x27, 0x76, 0x3d, 
    0x3f, 0x2e, 0x7a, 0x3c, 0x33, 0x3f, 0x36, 0x3e, 0x09, 0x3f, 0x2e, 0x09, 
    0x2e, 0x3b, 0x2e, 0x33, 0x39, 0x0c, 0x3b, 0x36, 0x2f, 0x3f, 0x72, 0x73, 
    0x21, 0x28, 0x3f, 0x2e, 0x2f, 0x28, 0x34, 0x7a, 0x2e, 0x72, 0x78, 0x33, 
    0x36, 0x68, 0x39, 0x2a, 0x2a, 0x05, 0x3c, 0x33, 0x3f, 0x36, 0x3e, 0x05, 
    0x29, 0x2e, 0x3b, 0x2e, 0x33, 0x39, 0x05, 0x29, 0x3f, 0x2e, 0x05, 0x2c, 
    0x3b, 0x36, 0x2f, 0x3f, 0x78, 0x76, 0x78, 0x2c, 0x35, 0x33, 0x3e, 0x78, 
    0x76, 0x01, 0x78, 0x2a, 0x35, 0x33, 0x34, 0x2e, 0x3f, 0x28, 0x78, 0x76, 
    0x78, 0x2a, 0x35, 0x33, 0x34, 0x2e, 0x3f, 0x28, 0x78, 0x07, 0x73, 0x27, 
    0x76, 0x3d, 0x3f, 0x2e, 0x7a, 0x3c, 0x28, 0x3f, 0x3f, 0x72, 0x73, 0x21, 
    0x28, 0x3f, 0x2e, 0x2f, 0x28, 0x34, 0x7a, 0x2e, 0x72, 0x78, 0x33, 0x36, 
    0x68, 0x39, 0x2a, 0x2a, 0x05, 0x3c, 0x28, 0x3f, 0x3f, 0x78, 0x76, 0x78, 
    0x2c, 0x35, 0x33, 0x3e, 0x78, 0x76, 0x01, 0x78, 0x2a, 0x35, 0x33, 0x34, 
    0x2e, 0x3f, 0x28, 0x78, 0x07, 0x73, 0x27, 0x76, 0x3d, 0x3f, 0x2e, 0x7a, 
    0x3d, 0x39, 0x19, 0x35, 0x36, 0x36, 0x3f, 0x39, 0x2e, 0x72, 0x73, 0x21, 
    0x28, 0x3f, 0x2e, 0x2f, 0x28, 0x34, 0x7a, 0x2e, 0x72, 0x78, 0x33, 0x36, 
    0x68, 0x39, 0x2a, 0x2a, 0x05, 0x3d, 0x39, 0x05, 0x39, 0x35, 0x36, 0x36, 
    0x3f, 0x39, 0x2e, 0x78, 0x76, 0x78, 0x2c, 0x35, 0x33, 0x3e, 0x78, 0x76, 
    0x01, 0x78, 0x33, 0x34, 0x2e, 0x78, 0x07, 0x73, 0x27, 0x76, 0x3d, 0x3f, 
    0x2e, 0x7a, 0x3d, 0x39, 0x19, 0x35, 0x36, 0x36, 0x3f, 0x39, 0x2e, 0x1b, 
    0x16, 0x33, 0x2e, 0x2e, 0x36, 0x3f, 0x72, 0x73, 0x21, 0x28, 0x3f, 0x2e, 
    0x2f, 0x28, 0x34, 0x7a, 0x2e, 0x72, 0x78, 0x33, 0x36, 0x68, 0x39, 0x2a, 
    0x2a, 0x05, 0x3d, 0x39, 0x05, 0x39, 0x35, 0x36, 0x36, 0x3f, 0x39, 0x2e, 
    0x05, 0x3b, 0x05, 0x36, 0x33, 0x2e, 0x2e, 0x36, 0x3f, 0x78, 0x76, 0x78, 
    0x2c, 0x35, 0x33, 0x3e, 0x78, 0x76, 0x01, 0x07, 0x73, 0x27, 0x76, 0x3d, 
    0x3f, 0x2e, 0x7a, 0x3d, 0x39, 0x1e, 0x33, 0x29, 0x3b, 0x38, 0x36, 0x3f, 
    0x72, 0x73, 0x21, 0x28, 0x3f, 0x2e, 0x2f, 0x28, 0x34, 0x7a, 0x2e, 0x72, 
    0x78, 0x33, 0x36, 0x68, 0x39, 0x2a, 0x2a, 0x05, 0x3d, 0x39, 0x05, 0x3e, 
    0x33, 0x29, 0x3b, 0x38, 0x36, 0x3f, 0x78, 0x76, 0x78, 0x2c, 0x35, 0x33, 
    0x3e, 0x78, 0x76, 0x01, 0x07, 0x73, 0x27, 0x76, 0x3d, 0x3f, 0x2e, 0x7a, 
    0x3d, 0x39, 0x1f, 0x34, 0x3b, 0x38, 0x36, 0x3f, 0x72, 0x73, 0x21, 0x28, 
    0x3f, 0x2e, 0x2f, 0x28, 0x34, 0x7a, 0x2e, 0x72, 0x78, 0x33, 0x36, 0x68, 
    0x39, 0x2a, 0x2a, 0x05, 0x3d, 0x39, 0x05, 0x3f, 0x34, 0x3b, 0x38, 0x36, 
    0x3f, 0x78, 0x76, 0x78, 0x2c, 0x35, 0x33, 0x3e, 0x78, 0x76, 0x01, 0x07, 
    0x73, 0x27, 0x76, 0x3d, 0x3f, 0x2e, 0x7a, 0x3d, 0x39, 0x1d, 0x3f, 0x2e, 
    0x12, 0x3f, 0x3b, 0x2a, 0x09, 0x33, 0x20, 0x3f, 0x72, 0x73, 0x21, 0x28, 
    0x3f, 0x2e, 0x2f, 0x28, 0x34, 0x7a, 0x2e, 0x72, 0x78, 0x33, 0x36, 0x68, 
    0x39, 0x2a, 0x2a, 0x05, 0x3d, 0x39, 0x05, 0x3d, 0x3f, 0x2e, 0x05, 0x32, 
    0x3f, 0x3b, 0x2a, 0x05, 0x29, 0x33, 0x20, 0x3f, 0x78, 0x76, 0x78, 0x33, 
    0x34, 0x2e, 0x6c, 0x6e, 0x78, 0x76, 0x01, 0x07, 0x73, 0x27, 0x76, 0x3d, 
    0x3f, 0x2e, 0x7a, 0x3d, 0x39, 0x1d, 0x3f, 0x2e, 0x17, 0x3b, 0x22, 0x0e, 
    0x33, 0x37, 0x3f, 0x09, 0x36, 0x33, 0x39, 0x3f, 0x72, 0x73, 0x21, 0x28, 
    0x3f, 0x2e, 0x2f, 0x28, 0x34, 0x7a, 0x2e, 0x72, 0x78, 0x33, 0x36, 0x68, 
    0x39, 0x2a, 0x2a, 0x05, 0x3d, 0x39, 0x05, 0x3d, 0x3f, 0x2e, 0x05, 0x37, 
    0x3b, 0x22, 0x05, 0x2e, 0x33, 0x37, 0x3f, 0x05, 0x29, 0x36, 0x33, 0x39, 
    0x3f, 0x05, 0x34, 0x29, 0x78, 0x76, 0x78, 0x33, 0x34, 0x2e, 0x6c, 0x6e, 
    0x78, 0x76, 0x01, 0x07, 0x73, 0x27, 0x76, 0x3d, 0x3f, 0x2e, 0x7a, 0x3d, 
    0x39, 0x1d, 0x3f, 0x2e, 0x0f, 0x29, 0x3f, 0x3e, 0x09, 0x33, 0x20, 0x3f, 
    0x72, 0x73, 0x21, 0x28, 0x3f, 0x2e, 0x2f, 0x28, 0x34, 0x7a, 0x2e, 0x72, 
    0x78, 0x33, 0x36, 0x68, 0x39, 0x2a, 0x2a, 0x05, 0x3d, 0x39, 0x05, 0x3d, 
    0x3f, 0x2e, 0x05, 0x2f, 0x29, 0x3f, 0x3e, 0x05, 0x29, 0x33, 0x20, 0x3f, 
    0x78, 0x76, 0x78, 0x33, 0x34, 0x2e, 0x6c, 0x6e, 0x78, 0x76, 0x01, 0x07, 
    0x73, 0x27, 0x76, 0x3d, 0x3f, 0x2e, 0x7a, 0x3d, 0x39, 0x12, 0x3b, 0x34, 
    0x3e, 0x36, 0x3f, 0x1d, 0x3f, 0x2e, 0x0e, 0x3b, 0x28, 0x3d, 0x3f, 0x2e, 
    0x72, 0x73, 0x21, 0x28, 0x3f, 0x2e, 0x2f, 0x28, 0x34, 0x7a, 0x2e, 0x72, 
    0x78, 0x33, 0x36, 0x68, 0x39, 0x2a, 0x2a, 0x05, 0x3d, 0x39, 0x32, 0x3b, 
    0x34, 0x3e, 0x36, 0x3f, 0x05, 0x3d, 0x3f, 0x2e, 0x05, 0x2e, 0x3b, 0x28, 
    0x3d, 0x3f, 0x2e, 0x78, 0x76, 0x78, 0x2a, 0x35, 0x33, 0x34, 0x2e, 0x3f, 
    0x28, 0x78, 0x76, 0x01, 0x78, 0x2f, 0x33, 0x34, 0x2e, 0x69, 0x68, 0x78, 
    0x07, 0x73, 0x27, 0x76, 0x3d, 0x3f, 0x2e, 0x7a, 0x3d, 0x39, 0x12, 0x3b, 
    0x34, 0x3e, 0x36, 0x3f, 0x1c, 0x28, 0x3f, 0x3f, 0x72, 0x73, 0x21, 0x28, 
    0x3f, 0x2e, 0x2f, 0x28, 0x34, 0x7a, 0x2e, 0x72, 0x78, 0x33, 0x36, 0x68, 
    0x39, 0x2a, 0x2a, 0x05, 0x3d, 0x39, 0x32, 0x3b, 0x34, 0x3e, 0x36, 0x3f, 
    0x05, 0x3c, 0x28, 0x3f, 0x3f, 0x78, 0x76, 0x78, 0x2c, 0x35, 0x33, 0x3e, 
    0x78, 0x76, 0x01, 0x78, 0x2f, 0x33, 0x34, 0x2e, 0x69, 0x68, 0x78, 0x07, 
    0x73, 0x27, 0x76, 0x3d, 0x3f, 0x2e, 0x7a, 0x3d, 0x39, 0x12, 0x3b, 0x34, 
    0x3e, 0x36, 0x3f, 0x14, 0x3f, 0x2d, 0x72, 0x73, 0x21, 0x28, 0x3f, 0x2e, 
    0x2f, 0x28, 0x34, 0x7a, 0x2e, 0x72, 0x78, 0x33, 0x36, 0x68, 0x39, 0x2a, 
    0x2a, 0x05, 0x3d, 0x39, 0x32, 0x3b, 0x34, 0x3e, 0x36, 0x3f, 0x05, 0x34, 
    0x3f, 0x2d, 0x78, 0x76, 0x78, 0x2f, 0x33, 0x34, 0x2e, 0x69, 0x68, 0x78, 
    0x76, 0x01, 0x78, 0x2a, 0x35, 0x33, 0x34, 0x2e, 0x3f, 0x28, 0x78, 0x76, 
    0x78, 0x38, 0x35, 0x35, 0x36, 0x78, 0x07, 0x73, 0x27, 0x76, 0x3d, 0x3f, 
    0x2e, 0x7a, 0x3d, 0x39, 0x12, 0x3b, 0x34, 0x3e, 0x36, 0x3f, 0x14, 0x3f, 
    0x2d, 0x0d, 0x3f, 0x3b, 0x31, 0x08, 0x3f, 0x3c, 0x72, 0x73, 0x21, 0x28, 
    0x3f, 0x2e, 0x2f, 0x28, 0x34, 0x7a, 0x2e, 0x72, 0x78, 0x33, 0x36, 0x68, 
    0x39, 0x2a, 0x2a, 0x05, 0x3d, 0x39, 0x32, 0x3b, 0x34, 0x3e, 0x36, 0x3f, 
    0x05, 0x34, 0x3f, 0x2d, 0x05, 0x2d, 0x3f, 0x3b, 0x31, 0x28, 0x3f, 0x3c, 
    0x78, 0x76, 0x78, 0x2f, 0x33, 0x34, 0x2e, 0x69, 0x68, 0x78, 0x76, 0x01, 
    0x78, 0x2a, 0x35, 0x33, 0x34, 0x2e, 0x3f, 0x28, 0x78, 0x76, 0x78, 0x38, 
    0x35, 0x35, 0x36, 0x78, 0x07, 0x73, 0x27, 0x76, 0x3d, 0x3f, 0x2e, 0x7a, 
    0x3d, 0x39, 0x13, 0x29, 0x1e, 0x33, 0x29, 0x3b, 0x38, 0x36, 0x3f, 0x3e, 
    0x72, 0x73, 0x21, 0x28, 0x3f, 0x2e, 0x2f, 0x28, 0x34, 0x7a, 0x2e, 0x72, 
    0x78, 0x33, 0x36, 0x68, 0x39, 0x2a, 0x2a, 0x05, 0x3d, 0x39, 0x05, 0x33, 
    0x29, 0x05, 0x3e, 0x33, 0x29, 0x3b, 0x38, 0x36, 0x3f, 0x3e, 0x78, 0x76, 
    0x78, 0x38, 0x35, 0x35, 0x36, 0x78, 0x76, 0x01, 0x07, 0x73, 0x27, 0x76, 
    0x3d, 0x3f, 0x2e, 0x7a, 0x3d, 0x39, 0x13, 0x29, 0x13, 0x34, 0x39, 0x28, 
    0x3f, 0x37, 0x3f, 0x34, 0x2e, 0x3b, 0x36, 0x72, 0x73, 0x21, 0x28, 0x3f, 
    0x2e, 0x2f, 0x28, 0x34, 0x7a, 0x2e, 0x72, 0x78, 0x33, 0x36, 0x68, 0x39, 
    0x2a, 0x2a, 0x05, 0x3d, 0x39, 0x05, 0x33, 0x29, 0x05, 0x33, 0x34, 0x39, 
    0x28, 0x3f, 0x37, 0x3f, 0x34, 0x2e, 0x3b, 0x36, 0x78, 0x76, 0x78, 0x38, 
    0x35, 0x35, 0x36, 0x78, 0x76, 0x01, 0x07, 0x73, 0x27, 0x76, 0x3d, 0x3f, 
    0x2e, 0x7a, 0x3d, 0x39, 0x09, 0x3f, 0x2e, 0x17, 0x3b, 0x22, 0x0e, 0x33, 
    0x37, 0x3f, 0x09, 0x36, 0x33, 0x39, 0x3f, 0x72, 0x73, 0x21, 0x28, 0x3f, 
    0x2e, 0x2f, 0x28, 0x34, 0x7a, 0x2e, 0x72, 0x78, 0x33, 0x36, 0x68, 0x39, 
    0x2a, 0x2a, 0x05, 0x3d, 0x39, 0x05, 0x29, 0x3f, 0x2e, 0x05, 0x37, 0x3b, 
    0x22, 0x05, 0x2e, 0x33, 0x37, 0x3f, 0x05, 0x29, 0x36, 0x33, 0x39, 0x3f, 
    0x05, 0x34, 0x29, 0x78, 0x76, 0x78, 0x2c, 0x35, 0x33, 0x3e, 0x78, 0x76, 
    0x01, 0x78, 0x33, 0x34, 0x2e, 0x6c, 0x6e, 0x78, 0x07, 0x73, 0x27, 0x76, 
    0x3d, 0x3f, 0x2e, 0x7a, 0x3d, 0x39, 0x09, 0x2e, 0x3b, 0x28, 0x2e, 0x13, 
    0x34, 0x39, 0x28, 0x3f, 0x37, 0x3f, 0x34, 0x2e, 0x3b, 0x36, 0x19, 0x35, 
    0x36, 0x36, 0x3f, 0x39, 0x2e, 0x33, 0x35, 0x34, 0x72, 0x73, 0x21, 0x28, 
    0x3f, 0x2e, 0x2f, 0x28, 0x34, 0x7a, 0x2e, 0x72, 0x78, 0x33, 0x36, 0x68, 
    0x39, 0x2a, 0x2a, 0x05, 0x3d, 0x39, 0x05, 0x29, 0x2e, 0x3b, 0x28, 0x2e, 
    0x05, 0x33, 0x34, 0x39, 0x28, 0x3f, 0x37, 0x3f, 0x34, 0x2e, 0x3b, 0x36, 
    0x05, 0x39, 0x35, 0x36, 0x36, 0x3f, 0x39, 0x2e, 0x33, 0x35, 0x34, 0x78, 
    0x76, 0x78, 0x2c, 0x35, 0x33, 0x3e, 0x78, 0x76, 0x01, 0x07, 0x73, 0x27, 
    0x76, 0x3d, 0x3f, 0x2e, 0x7a, 0x3d, 0x39, 0x09, 0x2e, 0x3b, 0x28, 0x2e, 
    0x0d, 0x35, 0x28, 0x36, 0x3e, 0x72, 0x73, 0x21, 0x28, 0x3f, 0x2e, 0x2f, 
    0x28, 0x34, 0x7a, 0x2e, 0x72, 0x78, 0x33, 0x36, 0x68, 0x39, 0x2a, 0x2a, 
    0x05, 0x29, 0x2e, 0x3b, 0x28, 0x2e, 0x05, 0x3d, 0x39, 0x05, 0x2d, 0x35, 
    0x28, 0x36, 0x3e, 0x78, 0x76, 0x78, 0x2c, 0x35, 0x33, 0x3e, 0x78, 0x76, 
    0x01, 0x07, 0x73, 0x27, 0x76, 0x3d, 0x3f, 0x2e, 0x7a, 0x3d, 0x39, 0x09, 
    0x2e, 0x35, 0x2a, 0x0d, 0x35, 0x28, 0x36, 0x3e, 0x72, 0x73, 0x21, 0x28, 
    0x3f, 0x2e, 0x2f, 0x28, 0x34, 0x7a, 0x2e, 0x72, 0x78, 0x33, 0x36, 0x68, 
    0x39, 0x2a, 0x2a, 0x05, 0x29, 0x2e, 0x35, 0x2a, 0x05, 0x3d, 0x39, 0x05, 
    0x2d, 0x35, 0x28, 0x36, 0x3e, 0x78, 0x76, 0x78, 0x2c, 0x35, 0x33, 0x3e, 
    0x78, 0x76, 0x01, 0x07, 0x73, 0x27, 0x76, 0x3d, 0x3f, 0x2e, 0x7a, 0x3d, 
    0x3f, 0x2e, 0x19, 0x35, 0x28, 0x36, 0x33, 0x38, 0x72, 0x73, 0x21, 0x28, 
    0x3f, 0x2e, 0x2f, 0x28, 0x34, 0x7a, 0x2e, 0x72, 0x78, 0x33, 0x36, 0x68, 
    0x39, 0x2a, 0x2a, 0x05, 0x3d, 0x3f, 0x2e, 0x05, 0x39, 0x35, 0x28, 0x36, 
    0x33, 0x38, 0x78, 0x76, 0x78, 0x2a, 0x35, 0x33, 0x34, 0x2e, 0x3f, 0x28, 
    0x78, 0x76, 0x01, 0x07, 0x73, 0x27, 0x76, 0x3d, 0x3f, 0x2e, 0x7a, 0x33, 
    0x37, 0x3b, 0x3d, 0x3f, 0x1d, 0x3f, 0x2e, 0x1b, 0x29, 0x29, 0x3f, 0x37, 
    0x38, 0x36, 0x23, 0x72, 0x73, 0x21, 0x28, 0x3f, 0x2e, 0x2f, 0x28, 0x34, 
    0x7a, 0x2e, 0x72, 0x78, 0x33, 0x36, 0x68, 0x39, 0x2a, 0x2a, 0x05, 0x33, 
    0x37, 0x3b, 0x3d, 0x3f, 0x05, 0x3d, 0x3f, 0x2e, 0x05, 0x3b, 0x29, 0x29, 
    0x3f, 0x37, 0x38, 0x36, 0x23, 0x78, 0x76, 0x78, 0x2a, 0x35, 0x33, 0x34, 
    0x2e, 0x3f, 0x28, 0x78, 0x76, 0x01, 0x78, 0x2a, 0x35, 0x33, 0x34, 0x2e, 
    0x3f, 0x28, 0x78, 0x07, 0x73, 0x27, 0x76, 0x3d, 0x3f, 0x2e, 0x7a, 0x33, 
    0x37, 0x3b, 0x3d, 0x3f, 0x1d, 0x3f, 0x2e, 0x19, 0x36, 0x3b, 0x29, 0x29, 
    0x72, 0x73, 0x21, 0x28, 0x3f, 0x2e, 0x2f, 0x28, 0x34, 0x7a, 0x2e, 0x72, 
    0x78, 0x33, 0x36, 0x68, 0x39, 0x2a, 0x2a, 0x05, 0x33, 0x37, 0x3b, 0x3d, 
    0x3f, 0x05, 0x3d, 0x3f, 0x2e, 0x05, 0x39, 0x36, 0x3b, 0x29, 0x29, 0x78, 
    0x76, 0x78, 0x2a, 0x35, 0x33, 0x34, 0x2e, 0x3f, 0x28, 0x78, 0x76, 0x01, 
    0x78, 0x2a, 0x35, 0x33, 0x34, 0x2e, 0x3f, 0x28, 0x78, 0x76, 0x78, 0x2f, 
    0x33, 0x34, 0x2e, 0x78, 0x07, 0x73, 0x27, 0x76, 0x3d, 0x3f, 0x2e, 0x7a, 
    0x33, 0x37, 0x3b, 0x3d, 0x3f, 0x1d, 0x3f, 0x2e, 0x19, 0x36, 0x3b, 0x29, 
    0x29, 0x19, 0x35, 0x2f, 0x34, 0x2e, 0x72, 0x73, 0x21, 0x28, 0x3f, 0x2e, 
    0x2f, 0x28, 0x34, 0x7a, 0x2e, 0x72, 0x78, 0x33, 0x36, 0x68, 0x39, 0x2a, 
    0x2a, 0x05, 0x33, 0x37, 0x3b, 0x3d, 0x3f, 0x05, 0x3d, 0x3f, 0x2e, 0x05, 
    0x39, 0x36, 0x3b, 0x29, 0x29, 0x05, 0x39, 0x35, 0x2f, 0x34, 0x2e, 0x78, 
    0x76, 0x78, 0x2f, 0x33, 0x34, 0x2e, 0x69, 0x68, 0x78, 0x76, 0x01, 0x78, 
    0x2a, 0x35, 0x33, 0x34, 0x2e, 0x3f, 0x28, 0x78, 0x07, 0x73, 0x27, 0x76, 
    0x3d, 0x3f, 0x2e, 0x7a, 0x33, 0x37, 0x3b, 0x3d, 0x3f, 0x1d, 0x3f, 0x2e, 
    0x14, 0x3b, 0x37, 0x3f, 0x72, 0x73, 0x21, 0x28, 0x3f, 0x2e, 0x2f, 0x28, 
    0x34, 0x7a, 0x2e, 0x72, 0x78, 0x33, 0x36, 0x68, 0x39, 0x2a, 0x2a, 0x05, 
    0x33, 0x37, 0x3b, 0x3d, 0x3f, 0x05, 0x3d, 0x3f, 0x2e, 0x05, 0x34, 0x3b, 
    0x37, 0x3f, 0x78, 0x76, 0x78, 0x2a, 0x35, 0x33, 0x34, 0x2e, 0x3f, 0x28, 
    0x78, 0x76, 0x01, 0x78, 0x2a, 0x35, 0x33, 0x34, 0x2e, 0x3f, 0x28, 0x78, 
    0x07, 0x73, 0x27, 0x76, 0x3d, 0x3f, 0x2e, 0x7a, 0x33, 0x34, 0x33, 0x2e, 
    0x33, 0x3b, 0x36, 0x33, 0x20, 0x3f, 0x72, 0x73, 0x21, 0x28, 0x3f, 0x2e, 
    0x2f, 0x28, 0x34, 0x7a, 0x2e, 0x72, 0x78, 0x33, 0x36, 0x68, 0x39, 0x2a, 
    0x2a, 0x05, 0x33, 0x34, 0x33, 0x2e, 0x78, 0x76, 0x78, 0x2c, 0x35, 0x33, 
    0x3e, 0x78, 0x76, 0x01, 0x78, 0x2a, 0x35, 0x33, 0x34, 0x2e, 0x3f, 0x28, 
    0x78, 0x07, 0x73, 0x27, 0x76, 0x3d, 0x3f, 0x2e, 0x7a, 0x36, 0x33, 0x2c, 
    0x3f, 0x34, 0x3f, 0x29, 0x29, 0x1b, 0x36, 0x36, 0x35, 0x39, 0x3b, 0x2e, 
    0x3f, 0x09, 0x2e, 0x28, 0x2f, 0x39, 0x2e, 0x72, 0x73, 0x21, 0x28, 0x3f, 
    0x2e, 0x2f, 0x28, 0x34, 0x7a, 0x2e, 0x72, 0x78, 0x33, 0x36, 0x68, 0x39, 
    0x2a, 0x2a, 0x05, 0x2f, 0x34, 0x33, 0x2e, 0x23, 0x05, 0x36, 0x33, 0x2c, 
    0x3f, 0x34, 0x3f, 0x29, 0x29, 0x05, 0x3b, 0x36, 0x36, 0x35, 0x39, 0x3b, 
    0x2e, 0x3f, 0x05, 0x29, 0x2e, 0x28, 0x2f, 0x39, 0x2e, 0x78, 0x76, 0x78, 
    0x2a, 0x35, 0x33, 0x34, 0x2e, 0x3f, 0x28, 0x78, 0x76, 0x01, 0x78, 0x2a, 
    0x35, 0x33, 0x34, 0x2e, 0x3f, 0x28, 0x78, 0x76, 0x78, 0x33, 0x34, 0x2e, 
    0x78, 0x76, 0x78, 0x2a, 0x35, 0x33, 0x34, 0x2e, 0x3f, 0x28, 0x78, 0x76, 
    0x78, 0x2a, 0x35, 0x33, 0x34, 0x2e, 0x3f, 0x28, 0x78, 0x76, 0x78, 0x2a, 
    0x35, 0x33, 0x34, 0x2e, 0x3f, 0x28, 0x78, 0x07, 0x73, 0x27, 0x76, 0x3d, 
    0x3f, 0x2e, 0x7a, 0x36, 0x33, 0x2c, 0x3f, 0x34, 0x3f, 0x29, 0x29, 0x19, 
    0x3b, 0x36, 0x39, 0x2f, 0x36, 0x3b, 0x2e, 0x33, 0x35, 0x34, 0x18, 0x3f, 
    0x3d, 0x33, 0x34, 0x72, 0x73, 0x21, 0x28, 0x3f, 0x2e, 0x2f, 0x28, 0x34, 
    0x7a, 0x2e, 0x72, 0x78, 0x33, 0x36, 0x68, 0x39, 0x2a, 0x2a, 0x05, 0x2f, 
    0x34, 0x33, 0x2e, 0x23, 0x05, 0x36, 0x33, 0x2c, 0x3f, 0x34, 0x3f, 0x29, 
    0x29, 0x05, 0x39, 0x3b, 0x36, 0x39, 0x2f, 0x36, 0x3b, 0x2e, 0x33, 0x35, 
    0x34, 0x05, 0x38, 0x3f, 0x3d, 0x33, 0x34, 0x78, 0x76, 0x78, 0x2a, 0x35, 
    0x33, 0x34, 0x2e, 0x3f, 0x28, 0x78, 0x76, 0x01, 0x78, 0x2a, 0x35, 0x33, 
    0x34, 0x2e, 0x3f, 0x28, 0x78, 0x76, 0x78, 0x33, 0x34, 0x2e, 0x78, 0x76, 
    0x78, 0x2a, 0x35, 0x33, 0x34, 0x2e, 0x3f, 0x28, 0x78, 0x76, 0x78, 0x2a, 
    0x35, 0x33, 0x34, 0x2e, 0x3f, 0x28, 0x78, 0x76, 0x78, 0x2a, 0x35, 0x33, 
    0x34, 0x2e, 0x3f, 0x28, 0x78, 0x76, 0x78, 0x2a, 0x35, 0x33, 0x34, 0x2e, 
    0x3f, 0x28, 0x78, 0x07, 0x73, 0x27, 0x76, 0x3d, 0x3f, 0x2e, 0x7a, 0x36, 
    0x33, 0x2c, 0x3f, 0x34, 0x3f, 0x29, 0x29, 0x19, 0x3b, 0x36, 0x39, 0x2f, 
    0x36, 0x3b, 0x2e, 0x33, 0x35, 0x34, 0x1f, 0x34, 0x3e, 0x72, 0x73, 0x21, 
    0x28, 0x3f, 0x2e, 0x2f, 0x28, 0x34, 0x7a, 0x2e, 0x72, 0x78, 0x33, 0x36, 
    0x68, 0x39, 0x2a, 0x2a, 0x05, 0x2f, 0x34, 0x33, 0x2e, 0x23, 0x05, 0x36, 
    0x33, 0x2c, 0x3f, 0x34, 0x3f, 0x29, 0x29, 0x05, 0x39, 0x3b, 0x36, 0x39, 
    0x2f, 0x36, 0x3b, 0x2e, 0x33, 0x35, 0x34, 0x05, 0x3f, 0x34, 0x3e, 0x78, 
    0x76, 0x78, 0x2c, 0x35, 0x33, 0x3e, 0x78, 0x76, 0x01, 0x78, 0x2a, 0x35, 
    0x33, 0x34, 0x2e, 0x3f, 0x28, 0x78, 0x07, 0x73, 0x27, 0x76, 0x3d, 0x3f, 
    0x2e, 0x7a, 0x36, 0x33, 0x2c, 0x3f, 0x34, 0x3f, 0x29, 0x29, 0x19, 0x3b, 
    0x36, 0x39, 0x2f, 0x36, 0x3b, 0x2e, 0x33, 0x35, 0x34, 0x1c, 0x28, 0x35, 
    0x37, 0x09, 0x2e, 0x3b, 0x2e, 0x33, 0x39, 0x29, 0x72, 0x73, 0x21, 0x28, 
    0x3f, 0x2e, 0x2f, 0x28, 0x34, 0x7a, 0x2e, 0x72, 0x78, 0x33, 0x36, 0x68, 
    0x39, 0x2a, 0x2a, 0x05, 0x2f, 0x34, 0x33, 0x2e, 0x23, 0x05, 0x36, 0x33, 
    0x2c, 0x3f, 0x34, 0x3f, 0x29, 0x29, 0x05, 0x39, 0x3b, 0x36, 0x39, 0x2f, 
    0x36, 0x3b, 0x2e, 0x33, 0x35, 0x34, 0x05, 0x3c, 0x28, 0x35, 0x37, 0x05, 
    0x29, 0x2e, 0x3b, 0x2e, 0x33, 0x39, 0x29, 0x78, 0x76, 0x78, 0x2c, 0x35, 
    0x33, 0x3e, 0x78, 0x76, 0x01, 0x78, 0x2a, 0x35, 0x33, 0x34, 0x2e, 0x3f, 
    0x28, 0x78, 0x07, 0x73, 0x27, 0x76, 0x3d, 0x3f, 0x2e, 0x7a, 0x36, 0x33, 
    0x2c, 0x3f, 0x34, 0x3f, 0x29, 0x29, 0x1c, 0x33, 0x34, 0x3b, 0x36, 0x33, 
    0x20, 0x3f, 0x72, 0x73, 0x21, 0x28, 0x3f, 0x2e, 0x2f, 0x28, 0x34, 0x7a, 
    0x2e, 0x72, 0x78, 0x33, 0x36, 0x68, 0x39, 0x2a, 0x2a, 0x05, 0x2f, 0x34, 
    0x33, 0x2e, 0x23, 0x05, 0x36, 0x33, 0x2c, 0x3f, 0x34, 0x3f, 0x29, 0x29, 
    0x05, 0x3c, 0x33, 0x34, 0x3b, 0x36, 0x33, 0x20, 0x3f, 0x78, 0x76, 0x78, 
    0x2c, 0x35, 0x33, 0x3e, 0x78, 0x76, 0x01, 0x78, 0x2a, 0x35, 0x33, 0x34, 
    0x2e, 0x3f, 0x28, 0x78, 0x07, 0x73, 0x27, 0x76, 0x3d, 0x3f, 0x2e, 0x7a, 
    0x36, 0x33, 0x2c, 0x3f, 0x34, 0x3f, 0x29, 0x29, 0x1c, 0x28, 0x3f, 0x3f, 
    0x09, 0x2e, 0x28, 0x2f, 0x39, 0x2e, 0x72, 0x73, 0x21, 0x28, 0x3f, 0x2e, 
    0x2f, 0x28, 0x34, 0x7a, 0x2e, 0x72, 0x78, 0x33, 0x36, 0x68, 0x39, 0x2a, 
    0x2a, 0x05, 0x2f, 0x34, 0x33, 0x2e, 0x23, 0x05, 0x36, 0x33, 0x2c, 0x3f, 
    0x34, 0x3f, 0x29, 0x29, 0x05, 0x3c, 0x28, 0x3f, 0x3f, 0x05, 0x29, 0x2e, 
    0x28, 0x2f, 0x39, 0x2e, 0x78, 0x76, 0x78, 0x2c, 0x35, 0x33, 0x3e, 0x78, 
    0x76, 0x01, 0x78, 0x2a, 0x35, 0x33, 0x34, 0x2e, 0x3f, 0x28, 0x78, 0x07, 
    0x73, 0x27, 0x76, 0x3d, 0x3f, 0x2e, 0x7a, 0x37, 0x3f, 0x37, 0x35, 0x28, 
    0x23, 0x09, 0x34, 0x3b, 0x2a, 0x29, 0x32, 0x35, 0x2e, 0x19, 0x3b, 0x2a, 
    0x2e, 0x2f, 0x28, 0x3f, 0x72, 0x73, 0x21, 0x28, 0x3f, 0x2e, 0x2f, 0x28, 
    0x34, 0x7a, 0x2e, 0x72, 0x78, 0x33, 0x36, 0x68, 0x39, 0x2a, 0x2a, 0x05, 
    0x39, 0x3b, 0x2a, 0x2e, 0x2f, 0x28, 0x3f, 0x05, 0x37, 0x3f, 0x37, 0x35, 
    0x28, 0x23, 0x05, 0x29, 0x34, 0x3b, 0x2a, 0x29, 0x32, 0x35, 0x2e, 0x78, 
    0x76, 0x78, 0x2a, 0x35, 0x33, 0x34, 0x2e, 0x3f, 0x28, 0x78, 0x76, 0x01, 
    0x07, 0x73, 0x27, 0x76, 0x3d, 0x3f, 0x2e, 0x7a, 0x37, 0x3f, 0x37, 0x35, 
    0x28, 0x23, 0x09, 0x34, 0x3b, 0x2a, 0x29, 0x32, 0x35, 0x2e, 0x1c, 0x28, 
    0x3f, 0x3f, 0x72, 0x73, 0x21, 0x28, 0x3f, 0x2e, 0x2f, 0x28, 0x34, 0x7a, 
    0x2e, 0x72, 0x78, 0x33, 0x36, 0x68, 0x39, 0x2a, 0x2a, 0x05, 0x3c, 0x28, 
    0x3f, 0x3f, 0x05, 0x39, 0x3b, 0x2a, 0x2e, 0x2f, 0x28, 0x3f, 0x3e, 0x05, 
    0x37, 0x3f, 0x37, 0x35, 0x28, 0x23, 0x05, 0x29, 0x34, 0x3b, 0x2a, 0x29, 
    0x32, 0x35, 0x2e, 0x78, 0x76, 0x78, 0x2c, 0x35, 0x33, 0x3e, 0x78, 0x76, 
    0x01, 0x78, 0x2a, 0x35, 0x33, 0x34, 0x2e, 0x3f, 0x28, 0x78, 0x07, 0x73, 
    0x27, 0x76, 0x3d, 0x3f, 0x2e, 0x7a, 0x37, 0x3f, 0x37, 0x35, 0x28, 0x23, 
    0x09, 0x34, 0x3b, 0x2a, 0x29, 0x32, 0x35, 0x2e, 0x1d, 0x3f, 0x2e, 0x19, 
    0x36, 0x3b, 0x29, 0x29, 0x3f, 0x29, 0x72, 0x73, 0x21, 0x28, 0x3f, 0x2e, 
    0x2f, 0x28, 0x34, 0x7a, 0x2e, 0x72, 0x78, 0x33, 0x36, 0x68, 0x39, 0x2a, 
    0x2a, 0x05, 0x37, 0x3f, 0x37, 0x35, 0x28, 0x23, 0x05, 0x29, 0x34, 0x3b, 
    0x2a, 0x29, 0x32, 0x35, 0x2e, 0x05, 0x3d, 0x3f, 0x2e, 0x05, 0x39, 0x36, 
    0x3b, 0x29, 0x29, 0x3f, 0x29, 0x78, 0x76, 0x78, 0x2a, 0x35, 0x33, 0x34, 
    0x2e, 0x3f, 0x28, 0x78, 0x76, 0x01, 0x78, 0x2a, 0x35, 0x33, 0x34, 0x2e, 
    0x3f, 0x28, 0x78, 0x76, 0x78, 0x2a, 0x35, 0x33, 0x34, 0x2e, 0x3f, 0x28, 
    0x78, 0x07, 0x73, 0x27, 0x76, 0x3d, 0x3f, 0x2e, 0x7a, 0x37, 0x3f, 0x37, 
    0x35, 0x28, 0x23, 0x09, 0x34, 0x3b, 0x2a, 0x29, 0x32, 0x35, 0x2e, 0x1d, 
    0x3f, 0x2e, 0x15, 0x38, 0x30, 0x3f, 0x39, 0x2e, 0x29, 0x72, 0x73, 0x21, 
    0x28, 0x3f, 0x2e, 0x2f, 0x28, 0x34, 0x7a, 0x2e, 0x72, 0x78, 0x33, 0x36, 
    0x68, 0x39, 0x2a, 0x2a, 0x05, 0x37, 0x3f, 0x37, 0x35, 0x28, 0x23, 0x05, 
    0x29, 0x34, 0x3b, 0x2a, 0x29, 0x32, 0x35, 0x2e, 0x05, 0x3d, 0x3f, 0x2e, 
    0x05, 0x35, 0x38, 0x30, 0x3f, 0x39, 0x2e, 0x29, 0x78, 0x76, 0x78, 0x2a, 
    0x35, 0x33, 0x34, 0x2e, 0x3f, 0x28, 0x78, 0x76, 0x01, 0x78, 0x2a, 0x35, 
    0x33, 0x34, 0x2e, 0x3f, 0x28, 0x78, 0x76, 0x78, 0x2a, 0x35, 0x33, 0x34, 
    0x2e, 0x3f, 0x28, 0x78, 0x07, 0x73, 0x27, 0x76, 0x3d, 0x3f, 0x2e, 0x7a, 
    0x37, 0x3f, 0x2e, 0x32, 0x35, 0x3e, 0x1d, 0x3f, 0x2e, 0x19, 0x36, 0x3b, 
    0x29, 0x29, 0x72, 0x73, 0x21, 0x28, 0x3f, 0x2e, 0x2f, 0x28, 0x34, 0x7a, 
    0x2e, 0x72, 0x78, 0x33, 0x36, 0x68, 0x39, 0x2a, 0x2a, 0x05, 0x37, 0x3f, 
    0x2e, 0x32, 0x35, 0x3e, 0x05, 0x3d, 0x3f, 0x2e, 0x05, 0x39, 0x36, 0x3b, 
    0x29, 0x29, 0x78, 0x76, 0x78, 0x2a, 0x35, 0x33, 0x34, 0x2e, 0x3f, 0x28, 
    0x78, 0x76, 0x01, 0x78, 0x2a, 0x35, 0x33, 0x34, 0x2e, 0x3f, 0x28, 0x78, 
    0x07, 0x73, 0x27, 0x76, 0x3d, 0x3f, 0x2e, 0x7a, 0x37, 0x3f, 0x2e, 0x32, 
    0x35, 0x3e, 0x1d, 0x3f, 0x2e, 0x1c, 0x36, 0x3b, 0x3d, 0x29, 0x72, 0x73, 
    0x21, 0x28, 0x3f, 0x2e, 0x2f, 0x28, 0x34, 0x7a, 0x2e, 0x72, 0x78, 0x33, 
    0x36, 0x68, 0x39, 0x2a, 0x2a, 0x05, 0x37, 0x3f, 0x2e, 0x32, 0x35, 0x3e, 
    0x05, 0x3d, 0x3f, 0x2e, 0x05, 0x3c, 0x36, 0x3b, 0x3d, 0x29, 0x78, 0x76, 
    0x78, 0x2f, 0x33, 0x34, 0x2e, 0x69, 0x68, 0x78, 0x76, 0x01, 0x78, 0x2a, 
    0x35, 0x33, 0x34, 0x2e, 0x3f, 0x28, 0x78, 0x76, 0x78, 0x2a, 0x35, 0x33, 
    0x34, 0x2e, 0x3f, 0x28, 0x78, 0x07, 0x73, 0x27, 0x76, 0x3d, 0x3f, 0x2e, 
    0x7a, 0x37, 0x3f, 0x2e, 0x32, 0x35, 0x3e, 0x1d, 0x3f, 0x2e, 0x14, 0x3b, 
    0x37, 0x3f, 0x72, 0x73, 0x21, 0x28, 0x3f, 0x2e, 0x2f, 0x28, 0x34, 0x7a, 
    0x2e, 0x72, 0x78, 0x33, 0x36, 0x68, 0x39, 0x2a, 0x2a, 0x05, 0x37, 0x3f, 
    0x2e, 0x32, 0x35, 0x3e, 0x05, 0x3d, 0x3f, 0x2e, 0x05, 0x34, 0x3b, 0x37, 
    0x3f, 0x78, 0x76, 0x78, 0x2a, 0x35, 0x33, 0x34, 0x2e, 0x3f, 0x28, 0x78, 
    0x76, 0x01, 0x78, 0x2a, 0x35, 0x33, 0x34, 0x2e, 0x3f, 0x28, 0x78, 0x07, 
    0x73, 0x27, 0x76, 0x3d, 0x3f, 0x2e, 0x7a, 0x37, 0x3f, 0x2e, 0x32, 0x35, 
    0x3e, 0x1d, 0x3f, 0x2e, 0x15, 0x38, 0x30, 0x3f, 0x39, 0x2e, 0x72, 0x73, 
    0x21, 0x28, 0x3f, 0x2e, 0x2f, 0x28, 0x34, 0x7a, 0x2e, 0x72, 0x78, 0x33, 
    0x36, 0x68, 0x39, 0x2a, 0x2a, 0x05, 0x37, 0x3f, 0x2e, 0x32, 0x35, 0x3e, 
    0x05, 0x3d, 0x3f, 0x2e, 0x05, 0x35, 0x38, 0x30, 0x3f, 0x39, 0x2e, 0x78, 
    0x76, 0x78, 0x2a, 0x35, 0x33, 0x34, 0x2e, 0x3f, 0x28, 0x78, 0x76, 0x01, 
    0x78, 0x2a, 0x35, 0x33, 0x34, 0x2e, 0x3f, 0x28, 0x78, 0x76, 0x78, 0x2a, 
    0x35, 0x33, 0x34, 0x2e, 0x3f, 0x28, 0x78, 0x07, 0x73, 0x27, 0x76, 0x3d, 
    0x3f, 0x2e, 0x7a, 0x37, 0x3f, 0x2e, 0x32, 0x35, 0x3e, 0x1d, 0x3f, 0x2e, 
    0x0a, 0x3b, 0x28, 0x3b, 0x37, 0x3f, 0x2e, 0x3f, 0x28, 0x19, 0x35, 0x2f, 
    0x34, 0x2e, 0x72, 0x73, 0x21, 0x28, 0x3f, 0x2e, 0x2f, 0x28, 0x34, 0x7a, 
    0x2e, 0x72, 0x78, 0x33, 0x36, 0x68, 0x39, 0x2a, 0x2a, 0x05, 0x37, 0x3f, 
    0x2e, 0x32, 0x35, 0x3e, 0x05, 0x3d, 0x3f, 0x2e, 0x05, 0x2a, 0x3b, 0x28, 
    0x3b, 0x37, 0x05, 0x39, 0x35, 0x2f, 0x34, 0x2e, 0x78, 0x76, 0x78, 0x2f, 
    0x33, 0x34, 0x2e, 0x62, 0x78, 0x76, 0x01, 0x78, 0x2a, 0x35, 0x33, 0x34, 
    0x2e, 0x3f, 0x28, 0x78, 0x07, 0x73, 0x27, 0x76, 0x3d, 0x3f, 0x2e, 0x7a, 
    0x37, 0x3f, 0x2e, 0x32, 0x35, 0x3e, 0x1d, 0x3f, 0x2e, 0x0a, 0x3b, 0x28, 
    0x3b, 0x37, 0x3f, 0x2e, 0x3f, 0x28, 0x14, 0x3b, 0x37, 0x3f, 0x72, 0x73, 
    0x21, 0x28, 0x3f, 0x2e, 0x2f, 0x28, 0x34, 0x7a, 0x2e, 0x72, 0x78, 0x33, 
    0x36, 0x68, 0x39, 0x2a, 0x2a, 0x05, 0x37, 0x3f, 0x2e, 0x32, 0x35, 0x3e, 
    0x05, 0x3d, 0x3f, 0x2e, 0x05, 0x2a, 0x3b, 0x28, 0x3b, 0x37, 0x05, 0x34, 
    0x3b, 0x37, 0x3f, 0x78, 0x76, 0x78, 0x2a, 0x35, 0x33, 0x34, 0x2e, 0x3f, 
    0x28, 0x78, 0x76, 0x01, 0x78, 0x2a, 0x35, 0x33, 0x34, 0x2e, 0x3f, 0x28, 
    0x78, 0x76, 0x78, 0x2f, 0x33, 0x34, 0x2e, 0x69, 0x68, 0x78, 0x07, 0x73, 
    0x27, 0x76, 0x3d, 0x3f, 0x2e, 0x7a, 0x37, 0x3f, 0x2e, 0x32, 0x35, 0x3e, 
    0x1d, 0x3f, 0x2e, 0x0a, 0x3b, 0x28, 0x3b, 0x37, 0x3f, 0x2e, 0x3f, 0x28, 
    0x29, 0x72, 0x73, 0x21, 0x28, 0x3f, 0x2e, 0x2f, 0x28, 0x34, 0x7a, 0x2e, 
    0x72, 0x78, 0x33, 0x36, 0x68, 0x39, 0x2a, 0x2a, 0x05, 0x37, 0x3f, 0x2e, 
    0x32, 0x35, 0x3e, 0x05, 0x3d, 0x3f, 0x2e, 0x05, 0x2a, 0x3b, 0x28, 0x3b, 
    0x37, 0x3f, 0x2e, 0x3f, 0x28, 0x29, 0x78, 0x76, 0x78, 0x2a, 0x35, 0x33, 
    0x34, 0x2e, 0x3f, 0x28, 0x78, 0x76, 0x01, 0x78, 0x2a, 0x35, 0x33, 0x34, 
    0x2e, 0x3f, 0x28, 0x78, 0x76, 0x78, 0x2a, 0x35, 0x33, 0x34, 0x2e, 0x3f, 
    0x28, 0x78, 0x07, 0x73, 0x27, 0x76, 0x3d, 0x3f, 0x2e, 0x7a, 0x37, 0x3f, 
    0x2e, 0x32, 0x35, 0x3e, 0x1d, 0x3f, 0x2e, 0x0a, 0x3b, 0x28, 0x3b, 0x37, 
    0x3f, 0x2e, 0x3f, 0x28, 0x0e, 0x23, 0x2a, 0x3f, 0x72, 0x73, 0x21, 0x28, 
    0x3f, 0x2e, 0x2f, 0x28, 0x34, 0x7a, 0x2e, 0x72, 0x78, 0x33, 0x36, 0x68, 
    0x39, 0x2a, 0x2a, 0x05, 0x37, 0x3f, 0x2e, 0x32, 0x35, 0x3e, 0x05, 0x3d, 
    0x3f, 0x2e, 0x05, 0x2a, 0x3b, 0x28, 0x3b, 0x37, 0x78, 0x76, 0x78, 0x2a, 
    0x35, 0x33, 0x34, 0x2e, 0x3f, 0x28, 0x78, 0x76, 0x01, 0x78, 0x2a, 0x35, 
    0x33, 0x34, 0x2e, 0x3f, 0x28, 0x78, 0x76, 0x78, 0x2f, 0x33, 0x34, 0x2e, 
    0x69, 0x68, 0x78, 0x07, 0x73, 0x27, 0x76, 0x3d, 0x3f, 0x2e, 0x7a, 0x37, 
    0x3f, 0x2e, 0x32, 0x35, 0x3e, 0x1d, 0x3f, 0x2e, 0x08, 0x3f, 0x2e, 0x2f, 
    0x28, 0x34, 0x0e, 0x23, 0x2a, 0x3f, 0x72, 0x73, 0x21, 0x28, 0x3f, 0x2e, 
    0x2f, 0x28, 0x34, 0x7a, 0x2e, 0x72, 0x78, 0x33, 0x36, 0x68, 0x39, 0x2a, 
    0x2a, 0x05, 0x37, 0x3f, 0x2e, 0x32, 0x35, 0x3e, 0x05, 0x3d, 0x3f, 0x2e, 
    0x05, 0x28, 0x3f, 0x2e, 0x2f, 0x28, 0x34, 0x05, 0x2e, 0x23, 0x2a, 0x3f, 
    0x78, 0x76, 0x78, 0x2a, 0x35, 0x33, 0x34, 0x2e, 0x3f, 0x28, 0x78, 0x76, 
    0x01, 0x78, 0x2a, 0x35, 0x33, 0x34, 0x2e, 0x3f, 0x28, 0x78, 0x07, 0x73, 
    0x27, 0x76, 0x3d, 0x3f, 0x2e, 0x7a, 0x37, 0x3f, 0x2e, 0x32, 0x35, 0x3e, 
    0x13, 0x29, 0x1d, 0x3f, 0x34, 0x3f, 0x28, 0x33, 0x39, 0x72, 0x73, 0x21, 
    0x28, 0x3f, 0x2e, 0x2f, 0x28, 0x34, 0x7a, 0x2e, 0x72, 0x78, 0x33, 0x36, 
    0x68, 0x39, 0x2a, 0x2a, 0x05, 0x37, 0x3f, 0x2e, 0x32, 0x35, 0x3e, 0x05, 
    0x33, 0x29, 0x05, 0x3d, 0x3f, 0x34, 0x3f, 0x28, 0x33, 0x39, 0x78, 0x76, 
    0x78, 0x38, 0x35, 0x35, 0x36, 0x78, 0x76, 0x01, 0x78, 0x2a, 0x35, 0x33, 
    0x34, 0x2e, 0x3f, 0x28, 0x78, 0x07, 0x73, 0x27, 0x76, 0x3d, 0x3f, 0x2e, 
    0x7a, 0x37, 0x3f, 0x2e, 0x32, 0x35, 0x3e, 0x13, 0x29, 0x13, 0x34, 0x3c, 
    0x36, 0x3b, 0x2e, 0x3f, 0x3e, 0x72, 0x73, 0x21, 0x28, 0x3f, 0x2e, 0x2f, 
    0x28, 0x34, 0x7a, 0x2e, 0x72, 0x78, 0x33, 0x36, 0x68, 0x39, 0x2a, 0x2a, 
    0x05, 0x37, 0x3f, 0x2e, 0x32, 0x35, 0x3e, 0x05, 0x33, 0x29, 0x05, 0x33, 
    0x34, 0x3c, 0x36, 0x3b, 0x2e, 0x3f, 0x3e, 0x78, 0x76, 0x78, 0x38, 0x35, 
    0x35, 0x36, 0x78, 0x76, 0x01, 0x78, 0x2a, 0x35, 0x33, 0x34, 0x2e, 0x3f, 
    0x28, 0x78, 0x07, 0x73, 0x27, 0x76, 0x3d, 0x3f, 0x2e, 0x7a, 0x37, 0x3f, 
    0x2e, 0x32, 0x35, 0x3e, 0x13, 0x29, 0x13, 0x34, 0x29, 0x2e, 0x3b, 0x34, 
    0x39, 0x3f, 0x72, 0x73, 0x21, 0x28, 0x3f, 0x2e, 0x2f, 0x28, 0x34, 0x7a, 
    0x2e, 0x72, 0x78, 0x33, 0x36, 0x68, 0x39, 0x2a, 0x2a, 0x05, 0x37, 0x3f, 
    0x2e, 0x32, 0x35, 0x3e, 0x05, 0x33, 0x29, 0x05, 0x33, 0x34, 0x29, 0x2e, 
    0x3b, 0x34, 0x39, 0x3f, 0x78, 0x76, 0x78, 0x38, 0x35, 0x35, 0x36, 0x78, 
    0x76, 0x01, 0x78, 0x2a, 0x35, 0x33, 0x34, 0x2e, 0x3f, 0x28, 0x78, 0x07, 
    0x73, 0x27, 0x76, 0x3d, 0x3f, 0x2e, 0x7a, 0x37, 0x35, 0x34, 0x33, 0x2e, 
    0x35, 0x28, 0x1f, 0x34, 0x2e, 0x3f, 0x28, 0x72, 0x73, 0x21, 0x28, 0x3f, 
    0x2e, 0x2f, 0x28, 0x34, 0x7a, 0x2e, 0x72, 0x78, 0x33, 0x36, 0x68, 0x39, 
    0x2a, 0x2a, 0x05, 0x37, 0x35, 0x34, 0x33, 0x2e, 0x35, 0x28, 0x05, 0x3f, 
    0x34, 0x2e, 0x3f, 0x28, 0x78, 0x76, 0x78, 0x2c, 0x35, 0x33, 0x3e, 0x78, 
    0x76, 0x01, 0x78, 0x2a, 0x35, 0x33, 0x34, 0x2e, 0x3f, 0x28, 0x78, 0x07, 
    0x73, 0x27, 0x76, 0x3d, 0x3f, 0x2e, 0x7a, 0x37, 0x35, 0x34, 0x33, 0x2e, 
    0x35, 0x28, 0x1f, 0x22, 0x33, 0x2e, 0x72, 0x73, 0x21, 0x28, 0x3f, 0x2e, 
    0x2f, 0x28, 0x34, 0x7a, 0x2e, 0x72, 0x78, 0x33, 0x36, 0x68, 0x39, 0x2a, 
    0x2a, 0x05, 0x37, 0x35, 0x34, 0x33, 0x2e, 0x35, 0x28, 0x05, 0x3f, 0x22, 
    0x33, 0x2e, 0x78, 0x76, 0x78, 0x2c, 0x35, 0x33, 0x3e, 0x78, 0x76, 0x01, 
    0x78, 0x2a, 0x35, 0x33, 0x34, 0x2e, 0x3f, 0x28, 0x78, 0x07, 0x73, 0x27, 
    0x76, 0x3d, 0x3f, 0x2e, 0x7a, 0x37, 0x35, 0x34, 0x33, 0x2e, 0x35, 0x28, 
    0x0a, 0x2f, 0x36, 0x29, 0x3f, 0x72, 0x73, 0x21, 0x28, 0x3f, 0x2e, 0x2f, 
    0x28, 0x34, 0x7a, 0x2e, 0x72, 0x78, 0x33, 0x36, 0x68, 0x39, 0x2a, 0x2a, 
    0x05, 0x37, 0x35, 0x34, 0x33, 0x2e, 0x35, 0x28, 0x05, 0x2a, 0x2f, 0x36, 
    0x29, 0x3f, 0x78, 0x76, 0x78, 0x2c, 0x35, 0x33, 0x3e, 0x78, 0x76, 0x01, 
    0x78, 0x2a, 0x35, 0x33, 0x34, 0x2e, 0x3f, 0x28, 0x78, 0x07, 0x73, 0x27, 
    0x76, 0x3d, 0x3f, 0x2e, 0x7a, 0x37, 0x35, 0x34, 0x33, 0x2e, 0x35, 0x28, 
    0x0a, 0x2f, 0x36, 0x29, 0x3f, 0x1b, 0x36, 0x36, 0x72, 0x73, 0x21, 0x28, 
    0x3f, 0x2e, 0x2f, 0x28, 0x34, 0x7a, 0x2e, 0x72, 0x78, 0x33, 0x36, 0x68, 
    0x39, 0x2a, 0x2a, 0x05, 0x37, 0x35, 0x34, 0x33, 0x2e, 0x35, 0x28, 0x05, 
    0x2a, 0x2f, 0x36, 0x29, 0x3f, 0x05, 0x3b, 0x36, 0x36, 0x78, 0x76, 0x78, 
    0x2c, 0x35, 0x33, 0x3e, 0x78, 0x76, 0x01, 0x78, 0x2a, 0x35, 0x33, 0x34, 
    0x2e, 0x3f, 0x28, 0x78, 0x07, 0x73, 0x27, 0x76, 0x3d, 0x3f, 0x2e, 0x7a, 
    0x37, 0x35, 0x34, 0x33, 0x2e, 0x35, 0x28, 0x0e, 0x28, 0x23, 0x1f, 0x34, 
    0x2e, 0x3f, 0x28, 0x72, 0x73, 0x21, 0x28, 0x3f, 0x2e, 0x2f, 0x28, 0x34, 
    0x7a, 0x2e, 0x72, 0x78, 0x33, 0x36, 0x68, 0x39, 0x2a, 0x2a, 0x05, 0x37, 
    0x35, 0x34, 0x33, 0x2e, 0x35, 0x28, 0x05, 0x2e, 0x28, 0x23, 0x05, 0x3f, 
    0x34, 0x2e, 0x3f, 0x28, 0x78, 0x76, 0x78, 0x38, 0x35, 0x35, 0x36, 0x78, 
    0x76, 0x01, 0x78, 0x2a, 0x35, 0x33, 0x34, 0x2e, 0x3f, 0x28, 0x78, 0x76, 
    0x78, 0x2f, 0x33, 0x34, 0x2e, 0x69, 0x68, 0x78, 0x07, 0x73, 0x27, 0x76, 
    0x3d, 0x3f, 0x2e, 0x7a, 0x37, 0x35, 0x34, 0x33, 0x2e, 0x35, 0x28, 0x0e, 
    0x28, 0x23, 0x0d, 0x3b, 0x33, 0x2e, 0x72, 0x73, 0x21, 0x28, 0x3f, 0x2e, 
    0x2f, 0x28, 0x34, 0x7a, 0x2e, 0x72, 0x78, 0x33, 0x36, 0x68, 0x39, 0x2a, 
    0x2a, 0x05, 0x37, 0x35, 0x34, 0x33, 0x2e, 0x35, 0x28, 0x05, 0x2e, 0x28, 
    0x23, 0x05, 0x2d, 0x3b, 0x33, 0x2e, 0x78, 0x76, 0x78, 0x38, 0x35, 0x35, 
    0x36, 0x78, 0x76, 0x01, 0x78, 0x2a, 0x35, 0x33, 0x34, 0x2e, 0x3f, 0x28, 
    0x78, 0x76, 0x78, 0x2f, 0x33, 0x34, 0x2e, 0x69, 0x68, 0x78, 0x07, 0x73, 
    0x27, 0x76, 0x3d, 0x3f, 0x2e, 0x7a, 0x37, 0x35, 0x34, 0x33, 0x2e, 0x35, 
    0x28, 0x0d, 0x3b, 0x33, 0x2e, 0x72, 0x73, 0x21, 0x28, 0x3f, 0x2e, 0x2f, 
    0x28, 0x34, 0x7a, 0x2e, 0x72, 0x78, 0x33, 0x36, 0x68, 0x39, 0x2a, 0x2a, 
    0x05, 0x37, 0x35, 0x34, 0x33, 0x2e, 0x35, 0x28, 0x05, 0x2d, 0x3b, 0x33, 
    0x2e, 0x78, 0x76, 0x78, 0x2c, 0x35, 0x33, 0x3e, 0x78, 0x76, 0x01, 0x78, 
    0x2a, 0x35, 0x33, 0x34, 0x2e, 0x3f, 0x28, 0x78, 0x07, 0x73, 0x27, 0x76, 
    0x3d, 0x3f, 0x2e, 0x7a, 0x35, 0x38, 0x30, 0x3f, 0x39, 0x2e, 0x1d, 0x3f, 
    0x2e, 0x19, 0x36, 0x3b, 0x29, 0x29, 0x72, 0x73, 0x21, 0x28, 0x3f, 0x2e, 
    0x2f, 0x28, 0x34, 0x7a, 0x2e, 0x72, 0x78, 0x33, 0x36, 0x68, 0x39, 0x2a, 
    0x2a, 0x05, 0x35, 0x38, 0x30, 0x3f, 0x39, 0x2e, 0x05, 0x3d, 0x3f, 0x2e, 
    0x05, 0x39, 0x36, 0x3b, 0x29, 0x29, 0x78, 0x76, 0x78, 0x2a, 0x35, 0x33, 
    0x34, 0x2e, 0x3f, 0x28, 0x78, 0x76, 0x01, 0x78, 0x2a, 0x35, 0x33, 0x34, 
    0x2e, 0x3f, 0x28, 0x78, 0x07, 0x73, 0x27, 0x76, 0x3d, 0x3f, 0x2e, 0x7a, 
    0x35, 0x38, 0x30, 0x3f, 0x39, 0x2e, 0x1d, 0x3f, 0x2e, 0x0c, 0x33, 0x28, 
    0x2e, 0x2f, 0x3b, 0x36, 0x17, 0x3f, 0x2e, 0x32, 0x35, 0x3e, 0x72, 0x73, 
    0x21, 0x28, 0x3f, 0x2e, 0x2f, 0x28, 0x34, 0x7a, 0x2e, 0x72, 0x78, 0x33, 
    0x36, 0x68, 0x39, 0x2a, 0x2a, 0x05, 0x35, 0x38, 0x30, 0x3f, 0x39, 0x2e, 
    0x05, 0x3d, 0x3f, 0x2e, 0x05, 0x2c, 0x33, 0x28, 0x2e, 0x2f, 0x3b, 0x36, 
    0x05, 0x37, 0x3f, 0x2e, 0x32, 0x35, 0x3e, 0x78, 0x76, 0x78, 0x2a, 0x35, 
    0x33, 0x34, 0x2e, 0x3f, 0x28, 0x78, 0x76, 0x01, 0x78, 0x2a, 0x35, 0x33, 
    0x34, 0x2e, 0x3f, 0x28, 0x78, 0x76, 0x78, 0x2a, 0x35, 0x33, 0x34, 0x2e, 
    0x3f, 0x28, 0x78, 0x07, 0x73, 0x27, 0x76, 0x3d, 0x3f, 0x2e, 0x7a, 0x35, 
    0x38, 0x30, 0x3f, 0x39, 0x2e, 0x13, 0x34, 0x33, 0x2e, 0x33, 0x3b, 0x36, 
    0x33, 0x20, 0x3f, 0x72, 0x73, 0x21, 0x28, 0x3f, 0x2e, 0x2f, 0x28, 0x34, 
    0x7a, 0x2e, 0x72, 0x78, 0x33, 0x36, 0x68, 0x39, 0x2a, 0x2a, 0x05, 0x28, 
    0x2f, 0x34, 0x2e, 0x33, 0x37, 0x3f, 0x05, 0x35, 0x38, 0x30, 0x3f, 0x39, 
    0x2e, 0x05, 0x33, 0x34, 0x33, 0x2e, 0x05, 0x3f, 0x22, 0x39, 0x3f, 0x2a, 
    0x2e, 0x33, 0x35, 0x34, 0x78, 0x76, 0x78, 0x2c, 0x35, 0x33, 0x3e, 0x78, 
    0x76, 0x01, 0x78, 0x2a, 0x35, 0x33, 0x34, 0x2e, 0x3f, 0x28, 0x78, 0x76, 
    0x78, 0x2a, 0x35, 0x33, 0x34, 0x2e, 0x3f, 0x28, 0x78, 0x07, 0x73, 0x27, 
    0x76, 0x3d, 0x3f, 0x2e, 0x7a, 0x35, 0x38, 0x30, 0x3f, 0x39, 0x2e, 0x14, 
    0x3f, 0x2d, 0x72, 0x73, 0x21, 0x28, 0x3f, 0x2e, 0x2f, 0x28, 0x34, 0x7a, 
    0x2e, 0x72, 0x78, 0x33, 0x36, 0x68, 0x39, 0x2a, 0x2a, 0x05, 0x35, 0x38, 
    0x30, 0x3f, 0x39, 0x2e, 0x05, 0x34, 0x3f, 0x2d, 0x78, 0x76, 0x78, 0x2a, 
    0x35, 0x33, 0x34, 0x2e, 0x3f, 0x28, 0x78, 0x76, 0x01, 0x78, 0x2a, 0x35, 
    0x33, 0x34, 0x2e, 0x3f, 0x28, 0x78, 0x07, 0x73, 0x27, 0x76, 0x3d, 0x3f, 
    0x2e, 0x7a, 0x35, 0x38, 0x30, 0x3f, 0x39, 0x2e, 0x1d, 0x3f, 0x2e, 0x09, 
    0x33, 0x20, 0x3f, 0x72, 0x73, 0x21, 0x28, 0x3f, 0x2e, 0x2f, 0x28, 0x34, 
    0x7a, 0x2e, 0x72, 0x78, 0x33, 0x36, 0x68, 0x39, 0x2a, 0x2a, 0x05, 0x35, 
    0x38, 0x30, 0x3f, 0x39, 0x2e, 0x05, 0x3d, 0x3f, 0x2e, 0x05, 0x29, 0x33, 
    0x20, 0x3f, 0x78, 0x76, 0x78, 0x2f, 0x33, 0x34, 0x2e, 0x69, 0x68, 0x78, 
    0x76, 0x01, 0x78, 0x2a, 0x35, 0x33, 0x34, 0x2e, 0x3f, 0x28, 0x78, 0x07, 
    0x73, 0x27, 0x76, 0x3d, 0x3f, 0x2e, 0x7a, 0x35, 0x38, 0x30, 0x3f, 0x39, 
    0x2e, 0x0f, 0x34, 0x38, 0x35, 0x22, 0x72, 0x73, 0x21, 0x28, 0x3f, 0x2e, 
    0x2f, 0x28, 0x34, 0x7a, 0x2e, 0x72, 0x78, 0x33, 0x36, 0x68, 0x39, 0x2a, 
    0x2a, 0x05, 0x35, 0x38, 0x30, 0x3f, 0x39, 0x2e, 0x05, 0x2f, 0x34, 0x38, 
    0x35, 0x22, 0x78, 0x76, 0x78, 0x2a, 0x35, 0x33, 0x34, 0x2e, 0x3f, 0x28, 
    0x78, 0x76, 0x01, 0x78, 0x2a, 0x35, 0x33, 0x34, 0x2e, 0x3f, 0x28, 0x78, 
    0x07, 0x73, 0x27, 0x76, 0x3d, 0x3f, 0x2e, 0x7a, 0x28, 0x3f, 0x29, 0x35, 
    0x36, 0x2c, 0x3f, 0x13, 0x34, 0x2e, 0x3f, 0x28, 0x34, 0x3b, 0x36, 0x19, 
    0x3b, 0x36, 0x36, 0x72, 0x73, 0x21, 0x28, 0x3f, 0x2e, 0x2f, 0x28, 0x34, 
    0x7a, 0x2e, 0x72, 0x78, 0x33, 0x36, 0x68, 0x39, 0x2a, 0x2a, 0x05, 0x28, 
    0x3f, 0x29, 0x35, 0x36, 0x2c, 0x3f, 0x05, 0x33, 0x39, 0x3b, 0x36, 0x36, 
    0x78, 0x76, 0x78, 0x2a, 0x35, 0x33, 0x34, 0x2e, 0x3f, 0x28, 0x78, 0x76, 
    0x01, 0x78, 0x2a, 0x35, 0x33, 0x34, 0x2e, 0x3f, 0x28, 0x78, 0x07, 0x73, 
    0x27, 0x76, 0x3d, 0x3f, 0x2e, 0x7a, 0x29, 0x2e, 0x28, 0x33, 0x34, 0x3d, 
    0x1d, 0x3f, 0x2e, 0x19, 0x32, 0x3b, 0x28, 0x29, 0x72, 0x73, 0x21, 0x28, 
    0x3f, 0x2e, 0x2f, 0x28, 0x34, 0x7a, 0x2e, 0x72, 0x78, 0x33, 0x36, 0x68, 
    0x39, 0x2a, 0x2a, 0x05, 0x29, 0x2e, 0x28, 0x33, 0x34, 0x3d, 0x05, 0x39, 
    0x32, 0x3b, 0x28, 0x29, 0x78, 0x76, 0x78, 0x2a, 0x35, 0x33, 0x34, 0x2e, 
    0x3f, 0x28, 0x78, 0x76, 0x01, 0x78, 0x2a, 0x35, 0x33, 0x34, 0x2e, 0x3f, 
    0x28, 0x78, 0x07, 0x73, 0x27, 0x76, 0x3d, 0x3f, 0x2e, 0x7a, 0x29, 0x2e, 
    0x28, 0x33, 0x34, 0x3d, 0x1d, 0x3f, 0x2e, 0x16, 0x3f, 0x34, 0x3d, 0x2e, 
    0x32, 0x72, 0x73, 0x21, 0x28, 0x3f, 0x2e, 0x2f, 0x28, 0x34, 0x7a, 0x2e, 
    0x72, 0x78, 0x33, 0x36, 0x68, 0x39, 0x2a, 0x2a, 0x05, 0x29, 0x2e, 0x28, 
    0x33, 0x34, 0x3d, 0x05, 0x36, 0x3f, 0x34, 0x3d, 0x2e, 0x32, 0x78, 0x76, 
    0x78, 0x33, 0x34, 0x2e, 0x69, 0x68, 0x78, 0x76, 0x01, 0x78, 0x2a, 0x35, 
    0x33, 0x34, 0x2e, 0x3f, 0x28, 0x78, 0x07, 0x73, 0x27, 0x76, 0x3d, 0x3f, 
    0x2e, 0x7a, 0x29, 0x2e, 0x28, 0x33, 0x34, 0x3d, 0x14, 0x3f, 0x2d, 0x72, 
    0x73, 0x21, 0x28, 0x3f, 0x2e, 0x2f, 0x28, 0x34, 0x7a, 0x2e, 0x72, 0x78, 
    0x33, 0x36, 0x68, 0x39, 0x2a, 0x2a, 0x05, 0x29, 0x2e, 0x28, 0x33, 0x34, 
    0x3d, 0x05, 0x34, 0x3f, 0x2d, 0x78, 0x76, 0x78, 0x2a, 0x35, 0x33, 0x34, 
    0x2e, 0x3f, 0x28, 0x78, 0x76, 0x01, 0x78, 0x2a, 0x35, 0x33, 0x34, 0x2e, 
    0x3f, 0x28, 0x78, 0x07, 0x73, 0x27, 0x76, 0x3d, 0x3f, 0x2e, 0x7a, 0x2c, 
    0x3b, 0x36, 0x2f, 0x3f, 0x0e, 0x23, 0x2a, 0x3f, 0x18, 0x35, 0x22, 0x72, 
    0x73, 0x21, 0x28, 0x3f, 0x2e, 0x2f, 0x28, 0x34, 0x7a, 0x2e, 0x72, 0x78, 
    0x33, 0x36, 0x68, 0x39, 0x2a, 0x2a, 0x05, 0x2c, 0x3b, 0x36, 0x2f, 0x3f, 
    0x05, 0x38, 0x35, 0x22, 0x78, 0x76, 0x78, 0x2a, 0x35, 0x33, 0x34, 0x2e, 
    0x3f, 0x28, 0x78, 0x76, 0x01, 0x78, 0x2a, 0x35, 0x33, 0x34, 0x2e, 0x3f, 
    0x28, 0x78, 0x76, 0x78, 0x2a, 0x35, 0x33, 0x34, 0x2e, 0x3f, 0x28, 0x78, 
    0x07, 0x73, 0x27, 0x76, 0x3d, 0x3f, 0x2e, 0x7a, 0x2e, 0x32, 0x28, 0x3f, 
    0x3b, 0x3e, 0x1b, 0x2e, 0x2e, 0x3b, 0x39, 0x32, 0x72, 0x73, 0x21, 0x28, 
    0x3f, 0x2e, 0x2f, 0x28, 0x34, 0x7a, 0x2e, 0x72, 0x78, 0x33, 0x36, 0x68, 
    0x39, 0x2a, 0x2a, 0x05, 0x2e, 0x32, 0x28, 0x3f, 0x3b, 0x3e, 0x05, 0x3b, 
    0x2e, 0x2e, 0x3b, 0x39, 0x32, 0x78, 0x76, 0x78, 0x2a, 0x35, 0x33, 0x34, 
    0x2e, 0x3f, 0x28, 0x78, 0x76, 0x01, 0x78, 0x2a, 0x35, 0x33, 0x34, 0x2e, 
    0x3f, 0x28, 0x78, 0x07, 0x73, 0x27, 0x76, 0x3d, 0x3f, 0x2e, 0x7a, 0x2e, 
    0x32, 0x28, 0x3f, 0x3b, 0x3e, 0x1e, 0x3f, 0x2e, 0x3b, 0x39, 0x32, 0x72, 
    0x73, 0x21, 0x28, 0x3f, 0x2e, 0x2f, 0x28, 0x34, 0x7a, 0x2e, 0x72, 0x78, 
    0x33, 0x36, 0x68, 0x39, 0x2a, 0x2a, 0x05, 0x2e, 0x32, 0x28, 0x3f, 0x3b, 
    0x3e, 0x05, 0x3e, 0x3f, 0x2e, 0x3b, 0x39, 0x32, 0x78, 0x76, 0x78, 0x2c, 
    0x35, 0x33, 0x3e, 0x78, 0x76, 0x01, 0x78, 0x2a, 0x35, 0x33, 0x34, 0x2e, 
    0x3f, 0x28, 0x78, 0x07, 0x73, 0x27, 0x76, 0x3d, 0x3f, 0x2e, 0x7a, 0x2e, 
    0x32, 0x28, 0x3f, 0x3b, 0x3e, 0x1d, 0x3f, 0x2e, 0x1b, 0x2e, 0x2e, 0x3b, 
    0x39, 0x32, 0x3f, 0x3e, 0x0e, 0x32, 0x28, 0x3f, 0x3b, 0x3e, 0x29, 0x72, 
    0x73, 0x21, 0x28, 0x3f, 0x2e, 0x2f, 0x28, 0x34, 0x7a, 0x2e, 0x72, 0x78, 
    0x33, 0x36, 0x68, 0x39, 0x2a, 0x2a, 0x05, 0x2e, 0x32, 0x28, 0x3f, 0x3b, 
    0x3e, 0x05, 0x3d, 0x3f, 0x2e, 0x05, 0x3b, 0x36, 0x36, 0x05, 0x3b, 0x2e, 
    0x2e, 0x3b, 0x39, 0x32, 0x3f, 0x3e, 0x05, 0x2e, 0x32, 0x28, 0x3f, 0x3b, 
    0x3e, 0x29, 0x78, 0x76, 0x78, 0x2a, 0x35, 0x33, 0x34, 0x2e, 0x3f, 0x28, 
    0x78, 0x76, 0x01, 0x78, 0x2a, 0x35, 0x33, 0x34, 0x2e, 0x3f, 0x28, 0x78, 
    0x07, 0x73, 0x27, 0x76, 0x3d, 0x3f, 0x2e, 0x7a, 0x2e, 0x32, 0x28, 0x3f, 
    0x3b, 0x3e, 0x1d, 0x3f, 0x2e, 0x19, 0x2f, 0x28, 0x28, 0x3f, 0x34, 0x2e, 
    0x72, 0x73, 0x21, 0x28, 0x3f, 0x2e, 0x2f, 0x28, 0x34, 0x7a, 0x2e, 0x72, 
    0x78, 0x33, 0x36, 0x68, 0x39, 0x2a, 0x2a, 0x05, 0x2e, 0x32, 0x28, 0x3f, 
    0x3b, 0x3e, 0x05, 0x39, 0x2f, 0x28, 0x28, 0x3f, 0x34, 0x2e, 0x78, 0x76, 
    0x78, 0x2a, 0x35, 0x33, 0x34, 0x2e, 0x3f, 0x28, 0x78, 0x76, 0x01, 0x07, 
    0x73, 0x27, 0x76, 0x3d, 0x3f, 0x2e, 0x7a, 0x2e, 0x32, 0x28, 0x3f, 0x3b, 
    0x3e, 0x13, 0x29, 0x0c, 0x37, 0x72, 0x73, 0x21, 0x28, 0x3f, 0x2e, 0x2f, 
    0x28, 0x34, 0x7a, 0x2e, 0x72, 0x78, 0x33, 0x36, 0x68, 0x39, 0x2a, 0x2a, 
    0x05, 0x33, 0x29, 0x05, 0x2c, 0x37, 0x05, 0x2e, 0x32, 0x28, 0x3f, 0x3b, 
    0x3e, 0x78, 0x76, 0x78, 0x38, 0x35, 0x35, 0x36, 0x78, 0x76, 0x01, 0x78, 
    0x2a, 0x35, 0x33, 0x34, 0x2e, 0x3f, 0x28, 0x78, 0x07, 0x73, 0x27, 0x76, 
    0x3d, 0x3f, 0x2e, 0x7a, 0x2e, 0x23, 0x2a, 0x3f, 0x1f, 0x2b, 0x2f, 0x3b, 
    0x36, 0x29, 0x72, 0x73, 0x21, 0x28, 0x3f, 0x2e, 0x2f, 0x28, 0x34, 0x7a, 
    0x2e, 0x72, 0x78, 0x33, 0x36, 0x68, 0x39, 0x2a, 0x2a, 0x05, 0x2e, 0x23, 
    0x2a, 0x3f, 0x05, 0x3f, 0x2b, 0x2f, 0x3b, 0x36, 0x29, 0x78, 0x76, 0x78, 
    0x38, 0x35, 0x35, 0x36, 0x78, 0x76, 0x01, 0x78, 0x2a, 0x35, 0x33, 0x34, 
    0x2e, 0x3f, 0x28, 0x78, 0x76, 0x78, 0x2a, 0x35, 0x33, 0x34, 0x2e, 0x3f, 
    0x28, 0x78, 0x07, 0x73, 0x27, 0x76, 0x3d, 0x3f, 0x2e, 0x7a, 0x2e, 0x23, 
    0x2a, 0x3f, 0x1d, 0x3f, 0x2e, 0x19, 0x36, 0x3b, 0x29, 0x29, 0x72, 0x73, 
    0x21, 0x28, 0x3f, 0x2e, 0x2f, 0x28, 0x34, 0x7a, 0x2e, 0x72, 0x78, 0x33, 
    0x36, 0x68, 0x39, 0x2a, 0x2a, 0x05, 0x39, 0x36, 0x3b, 0x29, 0x29, 0x05, 
    0x3c, 0x28, 0x35, 0x37, 0x05, 0x2e, 0x23, 0x2a, 0x3f, 0x78, 0x76, 0x78, 
    0x2a, 0x35, 0x33, 0x34, 0x2e, 0x3f, 0x28, 0x78, 0x76, 0x01, 0x78, 0x2a, 
    0x35, 0x33, 0x34, 0x2e, 0x3f, 0x28, 0x78, 0x07, 0x73, 0x27, 0x76, 0x3d, 
    0x3f, 0x2e, 0x7a, 0x2e, 0x23, 0x2a, 0x3f, 0x1d, 0x3f, 0x2e, 0x14, 0x3b, 
    0x37, 0x3f, 0x72, 0x73, 0x21, 0x28, 0x3f, 0x2e, 0x2f, 0x28, 0x34, 0x7a, 
    0x2e, 0x72, 0x78, 0x33, 0x36, 0x68, 0x39, 0x2a, 0x2a, 0x05, 0x2e, 0x23, 
    0x2a, 0x3f, 0x05, 0x3d, 0x3f, 0x2e, 0x05, 0x34, 0x3b, 0x37, 0x3f, 0x78, 
    0x76, 0x78, 0x2a, 0x35, 0x33, 0x34, 0x2e, 0x3f, 0x28, 0x78, 0x76, 0x01, 
    0x78, 0x2a, 0x35, 0x33, 0x34, 0x2e, 0x3f, 0x28, 0x78, 0x07, 0x73, 0x27, 
    0x76, 0x3d, 0x3f, 0x2e, 0x7a, 0x2e, 0x23, 0x2a, 0x3f, 0x1d, 0x3f, 0x2e, 
    0x15, 0x38, 0x30, 0x3f, 0x39, 0x2e, 0x72, 0x73, 0x21, 0x28, 0x3f, 0x2e, 
    0x2f, 0x28, 0x34, 0x7a, 0x2e, 0x72, 0x78, 0x33, 0x36, 0x68, 0x39, 0x2a, 
    0x2a, 0x05, 0x2e, 0x23, 0x2a, 0x3f, 0x05, 0x3d, 0x3f, 0x2e, 0x05, 0x35, 
    0x38, 0x30, 0x3f, 0x39, 0x2e, 0x78, 0x76, 0x78, 0x2a, 0x35, 0x33, 0x34, 
    0x2e, 0x3f, 0x28, 0x78, 0x76, 0x01, 0x78, 0x2a, 0x35, 0x33, 0x34, 0x2e, 
    0x3f, 0x28, 0x78, 0x07, 0x73, 0x27, 0x76, 0x3d, 0x3f, 0x2e, 0x7a, 0x2e, 
    0x23, 0x2a, 0x3f, 0x1d, 0x3f, 0x2e, 0x0e, 0x23, 0x2a, 0x3f, 0x1f, 0x34, 
    0x2f, 0x37, 0x72, 0x73, 0x21, 0x28, 0x3f, 0x2e, 0x2f, 0x28, 0x34, 0x7a, 
    0x2e, 0x72, 0x78, 0x33, 0x36, 0x68, 0x39, 0x2a, 0x2a, 0x05, 0x2e, 0x23, 
    0x2a, 0x3f, 0x05, 0x3d, 0x3f, 0x2e, 0x05, 0x2e, 0x23, 0x2a, 0x3f, 0x78, 
    0x76, 0x78, 0x33, 0x34, 0x2e, 0x78, 0x76, 0x01, 0x78, 0x2a, 0x35, 0x33, 
    0x34, 0x2e, 0x3f, 0x28, 0x78, 0x07, 0x73, 0x27, 0x27, 0x76, 0x10, 0x3f, 
    0x72, 0x3f, 0x74, 0x3f, 0x22, 0x2a, 0x35, 0x28, 0x2e, 0x29, 0x76, 0x36, 
    0x73, 0x76, 0x1c, 0x72, 0x3f, 0x76, 0x78, 0x37, 0x3f, 0x37, 0x35, 0x28, 
    0x23, 0x09, 0x34, 0x3b, 0x2a, 0x29, 0x32, 0x35, 0x2e, 0x1f, 0x22, 0x2a, 
    0x35, 0x28, 0x2e, 0x29, 0x78, 0x76, 0x72, 0x73, 0x67, 0x64, 0x34, 0x3f, 
    0x2d, 0x7a, 0x19, 0x17, 0x35, 0x3e, 0x2f, 0x36, 0x3f, 0x72, 0x3a, 0x79, 
    0x33, 0x34, 0x39, 0x36, 0x2f, 0x3e, 0x3f, 0x7a, 0x66, 0x29, 0x2e, 0x3e, 
    0x33, 0x34, 0x2e, 0x74, 0x32, 0x64, 0x50, 0x79, 0x33, 0x34, 0x39, 0x36, 
    0x2f, 0x3e, 0x3f, 0x7a, 0x66, 0x29, 0x2e, 0x28, 0x33, 0x34, 0x3d, 0x74, 
    0x32, 0x64, 0x50, 0x50, 0x2e, 0x23, 0x2a, 0x3f, 0x3e, 0x3f, 0x3c, 0x7a, 
    0x29, 0x2e, 0x28, 0x2f, 0x39, 0x2e, 0x7a, 0x13, 0x36, 0x68, 0x19, 0x2a, 
    0x2a, 0x17, 0x3b, 0x34, 0x3b, 0x3d, 0x3f, 0x3e, 0x17, 0x3f, 0x37, 0x35, 
    0x28, 0x23, 0x09, 0x34, 0x3b, 0x2a, 0x29, 0x32, 0x35, 0x2e, 0x7a, 0x13, 
    0x36, 0x68, 0x19, 0x2a, 0x2a, 0x17, 0x3b, 0x34, 0x3b, 0x3d, 0x3f, 0x3e, 
    0x17, 0x3f, 0x37, 0x35, 0x28, 0x23, 0x09, 0x34, 0x3b, 0x2a, 0x29, 0x32, 
    0x35, 0x2e, 0x61, 0x50, 0x2e, 0x23, 0x2a, 0x3f, 0x3e, 0x3f, 0x3c, 0x7a, 
    0x29, 0x2e, 0x28, 0x2f, 0x39, 0x2e, 0x7a, 0x13, 0x36, 0x68, 0x19, 0x2a, 
    0x2a, 0x17, 0x3f, 0x2e, 0x3b, 0x3e, 0x3b, 0x2e, 0x3b, 0x0e, 0x23, 0x2a, 
    0x3f, 0x7a, 0x13, 0x36, 0x68, 0x19, 0x2a, 0x2a, 0x17, 0x3f, 0x2e, 0x3b, 
    0x3e, 0x3b, 0x2e, 0x3b, 0x0e, 0x23, 0x2a, 0x3f, 0x61, 0x50, 0x50, 0x29, 
    0x2e, 0x28, 0x2f, 0x39, 0x2e, 0x7a, 0x13, 0x36, 0x68, 0x19, 0x2a, 0x2a, 
    0x17, 0x3b, 0x34, 0x3b, 0x3d, 0x3f, 0x3e, 0x17, 0x3f, 0x37, 0x35, 0x28, 
    0x23, 0x09, 0x34, 0x3b, 0x2a, 0x29, 0x32, 0x35, 0x2e, 0x50, 0x21, 0x50, 
    0x7a, 0x7a, 0x29, 0x2e, 0x28, 0x2f, 0x39, 0x2e, 0x7a, 0x13, 0x36, 0x68, 
    0x19, 0x2a, 0x2a, 0x17, 0x3b, 0x34, 0x3b, 0x3d, 0x3f, 0x3e, 0x12, 0x3f, 
    0x3b, 0x2a, 0x50, 0x7a, 0x7a, 0x21, 0x50, 0x7a, 0x7a, 0x7a, 0x7a, 0x2f, 
    0x33, 0x34, 0x2e, 0x69, 0x68, 0x05, 0x2e, 0x7a, 0x29, 0x3f, 0x39, 0x2e, 
    0x33, 0x35, 0x34, 0x05, 0x39, 0x35, 0x2f, 0x34, 0x2e, 0x61, 0x50, 0x7a, 
    0x7a, 0x7a, 0x7a, 0x2c, 0x35, 0x33, 0x3e, 0x7a, 0x70, 0x7a, 0x29, 0x3f, 
    0x39, 0x2e, 0x33, 0x35, 0x34, 0x29, 0x61, 0x50, 0x7a, 0x7a, 0x27, 0x7a, 
    0x32, 0x3f, 0x3b, 0x2a, 0x61, 0x50, 0x7a, 0x7a, 0x29, 0x2e, 0x28, 0x2f, 
    0x39, 0x2e, 0x7a, 0x13, 0x36, 0x68, 0x19, 0x2a, 0x2a, 0x09, 0x2e, 0x3b, 
    0x39, 0x31, 0x29, 0x50, 0x7a, 0x7a, 0x21, 0x50, 0x7a, 0x7a, 0x7a, 0x7a, 
    0x2f, 0x33, 0x34, 0x2e, 0x69, 0x68, 0x05, 0x2e, 0x7a, 0x29, 0x2e, 0x3b, 
    0x39, 0x31, 0x05, 0x39, 0x35, 0x2f, 0x34, 0x2e, 0x61, 0x50, 0x7a, 0x7a, 
    0x7a, 0x7a, 0x2c, 0x35, 0x33, 0x3e, 0x7a, 0x70, 0x7a, 0x29, 0x2e, 0x3b, 
    0x39, 0x31, 0x29, 0x61, 0x50, 0x7a, 0x7a, 0x27, 0x7a, 0x29, 0x2e, 0x3b, 
    0x39, 0x31, 0x29, 0x61, 0x50, 0x7a, 0x7a, 0x29, 0x2e, 0x28, 0x2f, 0x39, 
    0x2e, 0x7a, 0x13, 0x36, 0x68, 0x19, 0x2a, 0x2a, 0x17, 0x3f, 0x2e, 0x3b, 
    0x3e, 0x3b, 0x2e, 0x3b, 0x09, 0x34, 0x3b, 0x2a, 0x29, 0x32, 0x35, 0x2e, 
    0x50, 0x7a, 0x7a, 0x21, 0x50, 0x7a, 0x7a, 0x7a, 0x7a, 0x2f, 0x33, 0x34, 
    0x2e, 0x69, 0x68, 0x05, 0x2e, 0x7a, 0x2e, 0x23, 0x2a, 0x3f, 0x05, 0x39, 
    0x35, 0x2f, 0x34, 0x2e, 0x61, 0x50, 0x7a, 0x7a, 0x7a, 0x7a, 0x13, 0x36, 
    0x68, 0x19, 0x2a, 0x2a, 0x17, 0x3f, 0x2e, 0x3b, 0x3e, 0x3b, 0x2e, 0x3b, 
    0x0e, 0x23, 0x2a, 0x3f, 0x7a, 0x70, 0x7a, 0x2e, 0x23, 0x2a, 0x3f, 0x29, 
    0x61, 0x50, 0x7a, 0x7a, 0x27, 0x7a, 0x37, 0x3f, 0x2e, 0x3b, 0x3e, 0x3b, 
    0x2e, 0x3b, 0x05, 0x29, 0x34, 0x3b, 0x2a, 0x29, 0x32, 0x35, 0x2e, 0x61, 
    0x50, 0x7a, 0x7a, 0x29, 0x2e, 0x28, 0x2f, 0x39, 0x2e, 0x7a, 0x13, 0x36, 
    0x68, 0x19, 0x2a, 0x2a, 0x1d, 0x19, 0x12, 0x3b, 0x34, 0x3e, 0x36, 0x3f, 
    0x29, 0x50, 0x7a, 0x7a, 0x21, 0x50, 0x7a, 0x7a, 0x7a, 0x7a, 0x2f, 0x33, 
    0x34, 0x2e, 0x69, 0x68, 0x05, 0x2e, 0x7a, 0x2e, 0x28, 0x3b, 0x39, 0x31, 
    0x3f, 0x3e, 0x05, 0x35, 0x38, 0x30, 0x3f, 0x39, 0x2e, 0x05, 0x39, 0x35, 
    0x2f, 0x34, 0x2e, 0x61, 0x50, 0x7a, 0x7a, 0x7a, 0x7a, 0x2c, 0x35, 0x33, 
    0x3e, 0x7a, 0x70, 0x70, 0x7a, 0x2a, 0x35, 0x33, 0x34, 0x2e, 0x3f, 0x28, 
    0x29, 0x05, 0x2e, 0x35, 0x05, 0x35, 0x38, 0x30, 0x3f, 0x39, 0x2e, 0x29, 
    0x61, 0x50, 0x7a, 0x7a, 0x27, 0x7a, 0x3d, 0x39, 0x05, 0x32, 0x3b, 0x34, 
    0x3e, 0x36, 0x3f, 0x29, 0x61, 0x50, 0x7a, 0x7a, 0x29, 0x2e, 0x28, 0x2f, 
    0x39, 0x2e, 0x7a, 0x13, 0x36, 0x68, 0x19, 0x2a, 0x2a, 0x08, 0x2f, 0x34, 
    0x2e, 0x33, 0x37, 0x3f, 0x13, 0x34, 0x3c, 0x35, 0x28, 0x37, 0x3b, 0x2e, 
    0x33, 0x35, 0x34, 0x50, 0x7a, 0x7a, 0x21, 0x50, 0x7a, 0x7a, 0x7a, 0x7a, 
    0x2f, 0x33, 0x34, 0x2e, 0x69, 0x68, 0x05, 0x2e, 0x7a, 0x2a, 0x35, 0x33, 
    0x34, 0x2e, 0x3f, 0x28, 0x05, 0x29, 0x33, 0x20, 0x3f, 0x61, 0x50, 0x7a, 
    0x7a, 0x7a, 0x7a, 0x2f, 0x33, 0x34, 0x2e, 0x69, 0x68, 0x05, 0x2e, 0x7a, 
    0x35, 0x38, 0x30, 0x3f, 0x39, 0x2e, 0x05, 0x32, 0x3f, 0x3b, 0x3e, 0x3f, 
    0x28, 0x05, 0x29, 0x33, 0x20, 0x3f, 0x61, 0x50, 0x7a, 0x7a, 0x7a, 0x7a, 
    0x2f, 0x33, 0x34, 0x2e, 0x69, 0x68, 0x05, 0x2e, 0x7a, 0x3b, 0x28, 0x28, 
    0x3b, 0x23, 0x05, 0x32, 0x3f, 0x3b, 0x3e, 0x3f, 0x28, 0x05, 0x29, 0x33, 
    0x20, 0x3f, 0x61, 0x50, 0x7a, 0x7a, 0x7a, 0x7a, 0x2f, 0x33, 0x34, 0x2e, 
    0x69, 0x68, 0x05, 0x2e, 0x7a, 0x3b, 0x28, 0x28, 0x3b, 0x23, 0x05, 0x38, 
    0x35, 0x2f, 0x34, 0x3e, 0x29, 0x05, 0x35, 0x3c, 0x3c, 0x29, 0x3f, 0x2e, 
    0x05, 0x33, 0x34, 0x05, 0x32, 0x3f, 0x3b, 0x3e, 0x3f, 0x28, 0x61, 0x50, 
    0x7a, 0x7a, 0x7a, 0x7a, 0x2f, 0x33, 0x34, 0x2e, 0x69, 0x68, 0x05, 0x2e, 
    0x7a, 0x3b, 0x28, 0x28, 0x3b, 0x23, 0x05, 0x29, 0x33, 0x20, 0x3f, 0x05, 
    0x35, 0x3c, 0x3c, 0x29, 0x3f, 0x2e, 0x05, 0x33, 0x34, 0x05, 0x32, 0x3f, 
    0x3b, 0x3e, 0x3f, 0x28, 0x61, 0x50, 0x7a, 0x7a, 0x7a, 0x7a, 0x2f, 0x33, 
    0x34, 0x2e, 0x69, 0x68, 0x05, 0x2e, 0x7a, 0x3b, 0x36, 0x36, 0x35, 0x39, 
    0x3b, 0x2e, 0x33, 0x35, 0x34, 0x05, 0x3d, 0x28, 0x3b, 0x34, 0x2f, 0x36, 
    0x3b, 0x28, 0x33, 0x2e, 0x23, 0x61, 0x50, 0x7a, 0x7a, 0x27, 0x7a, 0x28, 
    0x2f, 0x34, 0x2e, 0x33, 0x37, 0x3f, 0x05, 0x33, 0x34, 0x3c, 0x35, 0x28, 
    0x37, 0x3b, 0x2e, 0x33, 0x35, 0x34, 0x61, 0x50, 0x7a, 0x7a, 0x2c, 0x35, 
    0x33, 0x3e, 0x7a, 0x70, 0x7a, 0x3b, 0x3e, 0x3e, 0x33, 0x2e, 0x33, 0x35, 
    0x34, 0x3b, 0x36, 0x05, 0x2f, 0x29, 0x3f, 0x28, 0x05, 0x33, 0x34, 0x3c, 
    0x35, 0x28, 0x37, 0x3b, 0x2e, 0x33, 0x35, 0x34, 0x61, 0x50, 0x27, 0x61, 
    0x50, 0x50, 0x29, 0x2e, 0x28, 0x2f, 0x39, 0x2e, 0x7a, 0x13, 0x36, 0x68, 
    0x19, 0x2a, 0x2a, 0x17, 0x3f, 0x2e, 0x3b, 0x3e, 0x3b, 0x2e, 0x3b, 0x0e, 
    0x23, 0x2a, 0x3f, 0x50, 0x21, 0x50, 0x7a, 0x7a, 0x2f, 0x33, 0x34, 0x2e, 
    0x69, 0x68, 0x05, 0x2e, 0x7a, 0x3c, 0x36, 0x3b, 0x3d, 0x29, 0x61, 0x50, 
    0x7a, 0x7a, 0x2c, 0x35, 0x33, 0x3e, 0x7a, 0x70, 0x7a, 0x3c, 0x33, 0x3f, 
    0x36, 0x3e, 0x29, 0x61, 0x50, 0x7a, 0x7a, 0x2f, 0x33, 0x34, 0x2e, 0x69, 
    0x68, 0x05, 0x2e, 0x7a, 0x3c, 0x33, 0x3f, 0x36, 0x3e, 0x05, 0x39, 0x35, 
    0x2f, 0x34, 0x2e, 0x61, 0x50, 0x7a, 0x7a, 0x2f, 0x33, 0x34, 0x2e, 0x69, 
    0x68, 0x05, 0x2e, 0x7a, 0x29, 0x2e, 0x3b, 0x2e, 0x33, 0x39, 0x29, 0x05, 
    0x29, 0x33, 0x20, 0x3f, 0x61, 0x50, 0x7a, 0x7a, 0x2f, 0x33, 0x34, 0x2e, 
    0x62, 0x05, 0x2e, 0x7a, 0x70, 0x7a, 0x29, 0x2e, 0x3b, 0x2e, 0x33, 0x39, 
    0x29, 0x61, 0x50, 0x7a, 0x7a, 0x2f, 0x33, 0x34, 0x2e, 0x69, 0x68, 0x05, 
    0x2e, 0x7a, 0x38, 0x3b, 0x29, 0x3f, 0x05, 0x35, 0x28, 0x05, 0x3f, 0x36, 
    0x3f, 0x37, 0x3f, 0x34, 0x2e, 0x05, 0x2e, 0x23, 0x2a, 0x3f, 0x05, 0x33, 
    0x34, 0x3e, 0x3f, 0x22, 0x61, 0x50, 0x7a, 0x7a, 0x39, 0x32, 0x3b, 0x28, 
    0x7a, 0x70, 0x7a, 0x34, 0x3b, 0x37, 0x3f, 0x61, 0x50, 0x7a, 0x7a, 0x39, 
    0x35, 0x34, 0x29, 0x2e, 0x7a, 0x39, 0x32, 0x3b, 0x28, 0x7a, 0x70, 0x7a, 
    0x3b, 0x29, 0x29, 0x3f, 0x37, 0x38, 0x36, 0x23, 0x05, 0x34, 0x3b, 0x37, 
    0x3f, 0x61, 0x50, 0x7a, 0x7a, 0x2f, 0x33, 0x34, 0x2e, 0x6c, 0x6e, 0x05, 
    0x2e, 0x7a, 0x2e, 0x23, 0x2a, 0x3f, 0x05, 0x33, 0x34, 0x3c, 0x35, 0x05, 
    0x3b, 0x3e, 0x3e, 0x28, 0x3f, 0x29, 0x29, 0x61, 0x50, 0x7a, 0x7a, 0x2f, 
    0x33, 0x34, 0x2e, 0x69, 0x68, 0x05, 0x2e, 0x7a, 0x29, 0x33, 0x20, 0x3f, 
    0x61, 0x50, 0x27, 0x61, 0x50, 0x50, 0x2f, 0x33, 0x34, 0x2e, 0x2a, 0x2e, 
    0x28, 0x05, 0x2e, 0x50, 0x33, 0x36, 0x68, 0x39, 0x2a, 0x2a, 0x05, 0x37, 
    0x3f, 0x37, 0x35, 0x28, 0x23, 0x05, 0x29, 0x34, 0x3b, 0x2a, 0x29, 0x32, 
    0x35, 0x2e, 0x05, 0x3d, 0x3f, 0x2e, 0x05, 0x39, 0x36, 0x3b, 0x29, 0x29, 
    0x3f, 0x29, 0x7a, 0x72, 0x50, 0x7a, 0x7a, 0x7a, 0x7a, 0x39, 0x35, 0x34, 
    0x29, 0x2e, 0x7a, 0x13, 0x36, 0x68, 0x19, 0x2a, 0x2a, 0x17, 0x3b, 0x34, 
    0x3b, 0x3d, 0x3f, 0x3e, 0x17, 0x3f, 0x37, 0x35, 0x28, 0x23, 0x09, 0x34, 
    0x3b, 0x2a, 0x29, 0x32, 0x35, 0x2e, 0x7a, 0x70, 0x7a, 0x29, 0x34, 0x3b, 
    0x2a, 0x29, 0x32, 0x35, 0x2e, 0x76, 0x7a, 0x13, 0x36, 0x68, 0x19, 0x2a, 
    0x2a, 0x17, 0x3f, 0x2e, 0x3b, 0x3e, 0x3b, 0x2e, 0x3b, 0x0e, 0x23, 0x2a, 
    0x3f, 0x7a, 0x70, 0x70, 0x7a, 0x33, 0x2e, 0x3f, 0x28, 0x73, 0x50, 0x21, 
    0x50, 0x7a, 0x7a, 0x39, 0x35, 0x34, 0x29, 0x2e, 0x7a, 0x33, 0x34, 0x2e, 
    0x7a, 0x20, 0x3f, 0x28, 0x35, 0x7a, 0x67, 0x7a, 0x6a, 0x61, 0x50, 0x7a, 
    0x7a, 0x39, 0x35, 0x34, 0x29, 0x2e, 0x7a, 0x2c, 0x35, 0x33, 0x3e, 0x7a, 
    0x70, 0x7a, 0x34, 0x2f, 0x36, 0x36, 0x7a, 0x67, 0x7a, 0x6a, 0x61, 0x50, 
    0x50, 0x7a, 0x7a, 0x33, 0x3c, 0x7a, 0x72, 0x33, 0x2e, 0x3f, 0x28, 0x7a, 
    0x7b, 0x67, 0x7a, 0x14, 0x0f, 0x16, 0x16, 0x7a, 0x7c, 0x7c, 0x7a, 0x29, 
    0x34, 0x3b, 0x2a, 0x29, 0x32, 0x35, 0x2e, 0x77, 0x64, 0x37, 0x3f, 0x2e, 
    0x3b, 0x3e, 0x3b, 0x2e, 0x3b, 0x05, 0x29, 0x34, 0x3b, 0x2a, 0x29, 0x32, 
    0x35, 0x2e, 0x74, 0x2e, 0x23, 0x2a, 0x3f, 0x05, 0x39, 0x35, 0x2f, 0x34, 
    0x2e, 0x7a, 0x64, 0x7a, 0x20, 0x3f, 0x28, 0x35, 0x73, 0x50, 0x7a, 0x7a, 
    0x21, 0x50, 0x7a, 0x7a, 0x7a, 0x7a, 0x33, 0x3c, 0x7a, 0x72, 0x70, 0x33, 
    0x2e, 0x3f, 0x28, 0x7a, 0x67, 0x67, 0x7a, 0x34, 0x2f, 0x36, 0x36, 0x73, 
    0x50, 0x7a, 0x7a, 0x7a, 0x7a, 0x21, 0x50, 0x7a, 0x7a, 0x7a, 0x7a, 0x7a, 
    0x7a, 0x70, 0x33, 0x2e, 0x3f, 0x28, 0x7a, 0x67, 0x7a, 0x29, 0x34, 0x3b, 
    0x2a, 0x29, 0x32, 0x35, 0x2e, 0x77, 0x64, 0x37, 0x3f, 0x2e, 0x3b, 0x3e, 
    0x3b, 0x2e, 0x3b, 0x05, 0x29, 0x34, 0x3b, 0x2a, 0x29, 0x32, 0x35, 0x2e, 
    0x74, 0x2e, 0x23, 0x2a, 0x3f, 0x29, 0x61, 0x50, 0x7a, 0x7a, 0x7a, 0x7a, 
    0x7a, 0x7a, 0x28, 0x3f, 0x2e, 0x2f, 0x28, 0x34, 0x7a, 0x72, 0x2f, 0x33, 
    0x34, 0x2e, 0x2a, 0x2e, 0x28, 0x05, 0x2e, 0x73, 0x7a, 0x72, 0x70, 0x33, 
    0x2e, 0x3f, 0x28, 0x73, 0x77, 0x64, 0x2e, 0x23, 0x2a, 0x3f, 0x05, 0x33, 
    0x34, 0x3c, 0x35, 0x05, 0x3b, 0x3e, 0x3e, 0x28, 0x3f, 0x29, 0x29, 0x61, 
    0x50, 0x7a, 0x7a, 0x7a, 0x7a, 0x27, 0x50, 0x7a, 0x7a, 0x7a, 0x7a, 0x3f, 
    0x36, 0x29, 0x3f, 0x50, 0x7a, 0x7a, 0x7a, 0x7a, 0x21, 0x50, 0x7a, 0x7a, 
    0x7a, 0x7a, 0x7a, 0x7a, 0x13, 0x36, 0x68, 0x19, 0x2a, 0x2a, 0x17, 0x3f, 
    0x2e, 0x3b, 0x3e, 0x3b, 0x2e, 0x3b, 0x0e, 0x23, 0x2a, 0x3f, 0x7a, 0x70, 
    0x7a, 0x37, 0x3f, 0x2e, 0x3b, 0x3e, 0x3b, 0x2e, 0x3b, 0x05, 0x2e, 0x23, 
    0x2a, 0x3f, 0x7a, 0x67, 0x7a, 0x70, 0x33, 0x2e, 0x3f, 0x28, 0x7a, 0x71, 
    0x7a, 0x6b, 0x61, 0x50, 0x50, 0x7a, 0x7a, 0x7a, 0x7a, 0x7a, 0x7a, 0x33, 
    0x3c, 0x7a, 0x72, 0x37, 0x3f, 0x2e, 0x3b, 0x3e, 0x3b, 0x2e, 0x3b, 0x05, 
    0x2e, 0x23, 0x2a, 0x3f, 0x7a, 0x66, 0x7a, 0x29, 0x34, 0x3b, 0x2a, 0x29, 
    0x32, 0x35, 0x2e, 0x77, 0x64, 0x37, 0x3f, 0x2e, 0x3b, 0x3e, 0x3b, 0x2e, 
    0x3b, 0x05, 0x29, 0x34, 0x3b, 0x2a, 0x29, 0x32, 0x35, 0x2e, 0x74, 0x2e, 
    0x23, 0x2a, 0x3f, 0x29, 0x7a, 0x71, 0x50, 0x7a, 0x7a, 0x7a, 0x7a, 0x7a, 
    0x7a, 0x7a, 0x7a, 0x7a, 0x7a, 0x7a, 0x7a, 0x7a, 0x7a, 0x7a, 0x7a, 0x7a, 
    0x7a, 0x7a, 0x7a, 0x7a, 0x7a, 0x7a, 0x7a, 0x7a, 0x7a, 0x7a, 0x7a, 0x7a, 
    0x7a, 0x29, 0x34, 0x3b, 0x2a, 0x29, 0x32, 0x35, 0x2e, 0x77, 0x64, 0x37, 
    0x3f, 0x2e, 0x3b, 0x3e, 0x3b, 0x2e, 0x3b, 0x05, 0x29, 0x34, 0x3b, 0x2a, 
    0x29, 0x32, 0x35, 0x2e, 0x74, 0x2e, 0x23, 0x2a, 0x3f, 0x05, 0x39, 0x35, 
    0x2f, 0x34, 0x2e, 0x73, 0x50, 0x7a, 0x7a, 0x7a, 0x7a, 0x7a, 0x7a, 0x21, 
    0x50, 0x7a, 0x7a, 0x7a, 0x7a, 0x7a, 0x7a, 0x7a, 0x7a, 0x70, 0x33, 0x2e, 
    0x3f, 0x28, 0x7a, 0x67, 0x7a, 0x37, 0x3f, 0x2e, 0x3b, 0x3e, 0x3b, 0x2e, 
    0x3b, 0x05, 0x2e, 0x23, 0x2a, 0x3f, 0x61, 0x50, 0x7a, 0x7a, 0x7a, 0x7a, 
    0x7a, 0x7a, 0x7a, 0x7a, 0x28, 0x3f, 0x2e, 0x2f, 0x28, 0x34, 0x7a, 0x72, 
    0x2f, 0x33, 0x34, 0x2e, 0x2a, 0x2e, 0x28, 0x05, 0x2e, 0x73, 0x7a, 0x72, 
    0x70, 0x33, 0x2e, 0x3f, 0x28, 0x73, 0x77, 0x64, 0x2e, 0x23, 0x2a, 0x3f, 
    0x05, 0x33, 0x34, 0x3c, 0x35, 0x05, 0x3b, 0x3e, 0x3e, 0x28, 0x3f, 0x29, 
    0x29, 0x61, 0x50, 0x7a, 0x7a, 0x7a, 0x7a, 0x7a, 0x7a, 0x27, 0x50, 0x7a, 
    0x7a, 0x7a, 0x7a, 0x27, 0x50, 0x7a, 0x7a, 0x27, 0x50, 0x7a, 0x7a, 0x28, 
    0x3f, 0x2e, 0x2f, 0x28, 0x34, 0x7a, 0x6a, 0x61, 0x50, 0x27, 0x50, 0x50, 
    0x2c, 0x35, 0x33, 0x3e, 0x7a, 0x70, 0x70, 0x50, 0x33, 0x36, 0x68, 0x39, 
    0x2a, 0x2a, 0x05, 0x37, 0x3f, 0x37, 0x35, 0x28, 0x23, 0x05, 0x29, 0x34, 
    0x3b, 0x2a, 0x29, 0x32, 0x35, 0x2e, 0x05, 0x3d, 0x3f, 0x2e, 0x05, 0x35, 
    0x38, 0x30, 0x3f, 0x39, 0x2e, 0x29, 0x7a, 0x72, 0x50, 0x7a, 0x7a, 0x7a, 
    0x7a, 0x39, 0x35, 0x34, 0x29, 0x2e, 0x7a, 0x13, 0x36, 0x68, 0x19, 0x2a, 
    0x2a, 0x17, 0x3b, 0x34, 0x3b, 0x3d, 0x3f, 0x3e, 0x17, 0x3f, 0x37, 0x35, 
    0x28, 0x23, 0x09, 0x34, 0x3b, 0x2a, 0x29, 0x32, 0x35, 0x2e, 0x7a, 0x70, 
    0x7a, 0x29, 0x34, 0x3b, 0x2a, 0x29, 0x32, 0x35, 0x2e, 0x76, 0x7a, 0x2f, 
    0x33, 0x34, 0x2e, 0x69, 0x68, 0x05, 0x2e, 0x7a, 0x70, 0x7a, 0x29, 0x33, 
    0x20, 0x3f, 0x73, 0x50, 0x21, 0x50, 0x7a, 0x7a, 0x70, 0x29, 0x33, 0x20, 
    0x3f, 0x7a, 0x67, 0x7a, 0x29, 0x34, 0x3b, 0x2a, 0x29, 0x32, 0x35, 0x2e, 
    0x77, 0x64, 0x3d, 0x39, 0x05, 0x32, 0x3b, 0x34, 0x3e, 0x36, 0x3f, 0x29, 
    0x74, 0x2e, 0x28, 0x3b, 0x39, 0x31, 0x3f, 0x3e, 0x05, 0x35, 0x38, 0x30, 
    0x3f, 0x39, 0x2e, 0x05, 0x39, 0x35, 0x2f, 0x34, 0x2e, 0x61, 0x50, 0x7a, 
    0x7a, 0x28, 0x3f, 0x2e, 0x2f, 0x28, 0x34, 0x7a, 0x29, 0x34, 0x3b, 0x2a, 
    0x29, 0x32, 0x35, 0x2e, 0x77, 0x64, 0x3d, 0x39, 0x05, 0x32, 0x3b, 0x34, 
    0x3e, 0x36, 0x3f, 0x29, 0x74, 0x2a, 0x35, 0x33, 0x34, 0x2e, 0x3f, 0x28, 
    0x29, 0x05, 0x2e, 0x35, 0x05, 0x35, 0x38, 0x30, 0x3f, 0x39, 0x2e, 0x29, 
    0x61, 0x50, 0x27, 0x50, 0x3a, 0x73, 0x76, 0x36, 0x73, 0x61, 0x3c, 0x2f, 
    0x34, 0x39, 0x2e, 0x33, 0x35, 0x34, 0x7a, 0x2e, 0x72, 0x33, 0x76, 0x34, 
    0x76, 0x28, 0x73, 0x21, 0x36, 0x3f, 0x2e, 0x7a, 0x29, 0x67, 0x3f, 0x74, 
    0x7e, 0x39, 0x35, 0x34, 0x3c, 0x33, 0x3d, 0x74, 0x3f, 0x22, 0x2a, 0x35, 
    0x28, 0x2e, 0x29, 0x65, 0x74, 0x01, 0x33, 0x07, 0x65, 0x74, 0x72, 0x73, 
    0x65, 0x65, 0x3f, 0x74, 0x37, 0x35, 0x3e, 0x2f, 0x36, 0x3f, 0x74, 0x3c, 
    0x33, 0x34, 0x3e, 0x1f, 0x22, 0x2a, 0x35, 0x28, 0x2e, 0x18, 0x23, 0x14, 
    0x3b, 0x37, 0x3f, 0x72, 0x33, 0x73, 0x65, 0x65, 0x3f, 0x74, 0x37, 0x3f, 
    0x37, 0x35, 0x28, 0x23, 0x09, 0x34, 0x3b, 0x2a, 0x29, 0x32, 0x35, 0x2e, 
    0x1f, 0x22, 0x2a, 0x35, 0x28, 0x2e, 0x29, 0x01, 0x33, 0x07, 0x76, 0x3b, 
    0x67, 0x34, 0x3f, 0x2d, 0x7a, 0x14, 0x3b, 0x2e, 0x33, 0x2c, 0x3f, 0x1c, 
    0x2f, 0x34, 0x39, 0x2e, 0x33, 0x35, 0x34, 0x72, 0x29, 0x65, 0x65, 0x14, 
    0x0f, 0x16, 0x16, 0x76, 0x34, 0x76, 0x28, 0x73, 0x61, 0x28, 0x3f, 0x2e, 
    0x2f, 0x28, 0x34, 0x7a, 0x3b, 0x74, 0x33, 0x29, 0x14, 0x2f, 0x36, 0x36, 
    0x72, 0x73, 0x65, 0x34, 0x3f, 0x2d, 0x7a, 0x0a, 0x28, 0x35, 0x22, 0x23, 
    0x72, 0x3b, 0x76, 0x21, 0x3d, 0x3f, 0x2e, 0x72, 0x35, 0x76, 0x39, 0x73, 
    0x21, 0x36, 0x3f, 0x2e, 0x7a, 0x2f, 0x67, 0x35, 0x01, 0x39, 0x07, 0x61, 
    0x28, 0x3f, 0x2e, 0x2f, 0x28, 0x34, 0x7a, 0x2e, 0x23, 0x2a, 0x3f, 0x35, 
    0x3c, 0x7a, 0x2f, 0x67, 0x67, 0x78, 0x3c, 0x2f, 0x34, 0x39, 0x2e, 0x33, 
    0x35, 0x34, 0x78, 0x65, 0x2f, 0x74, 0x38, 0x33, 0x34, 0x3e, 0x72, 0x35, 
    0x73, 0x60, 0x2f, 0x27, 0x76, 0x3b, 0x2a, 0x2a, 0x36, 0x23, 0x72, 0x73, 
    0x21, 0x29, 0x67, 0x67, 0x34, 0x2f, 0x36, 0x36, 0x65, 0x38, 0x72, 0x3a, 
    0x39, 0x35, 0x2f, 0x36, 0x3e, 0x34, 0x7d, 0x2e, 0x7a, 0x28, 0x3f, 0x29, 
    0x35, 0x36, 0x2c, 0x3f, 0x7a, 0x3f, 0x22, 0x2a, 0x35, 0x28, 0x2e, 0x7a, 
    0x7e, 0x21, 0x33, 0x27, 0x3a, 0x73, 0x60, 0x29, 0x74, 0x33, 0x29, 0x14, 
    0x2f, 0x36, 0x36, 0x72, 0x73, 0x7c, 0x7c, 0x38, 0x72, 0x3a, 0x3f, 0x22, 
    0x2a, 0x35, 0x28, 0x2e, 0x7a, 0x7e, 0x21, 0x33, 0x27, 0x7a, 0x2a, 0x35, 
    0x33, 0x34, 0x2e, 0x29, 0x7a, 0x2e, 0x35, 0x7a, 0x14, 0x0f, 0x16, 0x16, 
    0x7a, 0x13, 0x16, 0x68, 0x19, 0x0a, 0x0a, 0x7a, 0x36, 0x33, 0x38, 0x28, 
    0x3b, 0x28, 0x23, 0x7a, 0x32, 0x3b, 0x29, 0x7a, 0x36, 0x33, 0x31, 0x3f, 
    0x36, 0x23, 0x7a, 0x38, 0x3f, 0x3f, 0x34, 0x7a, 0x29, 0x2e, 0x28, 0x33, 
    0x2a, 0x2a, 0x3f, 0x3e, 0x76, 0x7a, 0x35, 0x38, 0x3c, 0x2f, 0x29, 0x39, 
    0x3b, 0x2e, 0x3f, 0x3e, 0x76, 0x7a, 0x35, 0x28, 0x7a, 0x39, 0x2f, 0x29, 
    0x2e, 0x35, 0x37, 0x33, 0x20, 0x3f, 0x3e, 0x3a, 0x73, 0x27, 0x27, 0x73, 
    0x60, 0x3b, 0x27, 0x27, 0x73, 0x72, 0x37, 0x26, 0x26, 0x72, 0x37, 0x67, 
    0x21, 0x27, 0x73, 0x73, 0x61, 0x2c, 0x3b, 0x28, 0x7a, 0x37, 0x61, 0x72, 
    0x3c, 0x2f, 0x34, 0x39, 0x2e, 0x33, 0x35, 0x34, 0x72, 0x3f, 0x73, 0x21, 
    0x3c, 0x2f, 0x34, 0x39, 0x2e, 0x33, 0x35, 0x34, 0x7a, 0x2e, 0x72, 0x34, 
    0x73, 0x21, 0x28, 0x3f, 0x2e, 0x2f, 0x28, 0x34, 0x7a, 0x28, 0x67, 0x64, 
    0x28, 0x7a, 0x33, 0x34, 0x29, 0x2e, 0x3b, 0x34, 0x39, 0x3f, 0x35, 0x3c, 
    0x7a, 0x3f, 0x74, 0x19, 0x36, 0x3b, 0x29, 0x29, 0x65, 0x34, 0x74, 0x33, 
    0x29, 0x1b, 0x29, 0x29, 0x33, 0x3d, 0x34, 0x3b, 0x38, 0x36, 0x3f, 0x1c, 
    0x28, 0x35, 0x37, 0x72, 0x28, 0x73, 0x60, 0x34, 0x74, 0x33, 0x29, 0x1b, 
    0x29, 0x29, 0x33, 0x3d, 0x34, 0x3b, 0x38, 0x36, 0x3f, 0x1c, 0x28, 0x35, 
    0x37, 0x72, 0x28, 0x74, 0x39, 0x36, 0x3b, 0x29, 0x29, 0x73, 0x27, 0x3f, 
    0x74, 0x33, 0x29, 0x67, 0x2e, 0x61, 0x3c, 0x2f, 0x34, 0x39, 0x2e, 0x33, 
    0x35, 0x34, 0x7a, 0x33, 0x72, 0x34, 0x73, 0x21, 0x28, 0x3f, 0x2e, 0x2f, 
    0x28, 0x34, 0x7a, 0x28, 0x67, 0x64, 0x28, 0x7a, 0x33, 0x34, 0x29, 0x2e, 
    0x3b, 0x34, 0x39, 0x3f, 0x35, 0x3c, 0x7a, 0x3f, 0x74, 0x19, 0x36, 0x3b, 
    0x29, 0x29, 0x65, 0x28, 0x74, 0x3f, 0x2b, 0x2f, 0x3b, 0x36, 0x29, 0x72, 
    0x34, 0x73, 0x60, 0x28, 0x74, 0x39, 0x36, 0x3b, 0x29, 0x29, 0x74, 0x3f, 
    0x2b, 0x2f, 0x3b, 0x36, 0x29, 0x72, 0x34, 0x73, 0x27, 0x3f, 0x74, 0x33, 
    0x29, 0x1f, 0x22, 0x3b, 0x39, 0x2e, 0x36, 0x23, 0x67, 0x33, 0x27, 0x73, 
    0x72, 0x37, 0x26, 0x26, 0x72, 0x37, 0x67, 0x21, 0x27, 0x73, 0x73, 0x61, 
    0x2c, 0x3b, 0x28, 0x7a, 0x37, 0x61, 0x72, 0x3c, 0x2f, 0x34, 0x39, 0x2e, 
    0x33, 0x35, 0x34, 0x72, 0x3f, 0x73, 0x21, 0x3f, 0x74, 0x3d, 0x39, 0x67, 
    0x21, 0x3d, 0x3f, 0x2e, 0x7a, 0x32, 0x3f, 0x3b, 0x2a, 0x09, 0x33, 0x20, 
    0x3f, 0x72, 0x73, 0x21, 0x28, 0x3f, 0x2e, 0x2f, 0x28, 0x34, 0x7a, 0x3f, 
    0x74, 0x3f, 0x22, 0x2a, 0x35, 0x28, 0x2e, 0x29, 0x74, 0x3d, 0x39, 0x1d, 
    0x3f, 0x2e, 0x12, 0x3f, 0x3b, 0x2a, 0x09, 0x33, 0x20, 0x3f, 0x72, 0x73, 
    0x27, 0x76, 0x3d, 0x3f, 0x2e, 0x7a, 0x33, 0x29, 0x1f, 0x34, 0x3b, 0x38, 
    0x36, 0x3f, 0x3e, 0x72, 0x73, 0x21, 0x28, 0x3f, 0x2e, 0x2f, 0x28, 0x34, 
    0x7b, 0x3f, 0x74, 0x3f, 0x22, 0x2a, 0x35, 0x28, 0x2e, 0x29, 0x74, 0x3d, 
    0x39, 0x13, 0x29, 0x1e, 0x33, 0x29, 0x3b, 0x38, 0x36, 0x3f, 0x3e, 0x72, 
    0x73, 0x27, 0x76, 0x3d, 0x3f, 0x2e, 0x7a, 0x33, 0x29, 0x13, 0x34, 0x39, 
    0x28, 0x3f, 0x37, 0x3f, 0x34, 0x2e, 0x3b, 0x36, 0x72, 0x73, 0x21, 0x28, 
    0x3f, 0x2e, 0x2f, 0x28, 0x34, 0x7b, 0x7b, 0x3f, 0x74, 0x3f, 0x22, 0x2a, 
    0x35, 0x28, 0x2e, 0x29, 0x74, 0x3d, 0x39, 0x13, 0x29, 0x13, 0x34, 0x39, 
    0x28, 0x3f, 0x37, 0x3f, 0x34, 0x2e, 0x3b, 0x36, 0x72, 0x73, 0x27, 0x76, 
    0x3d, 0x3f, 0x2e, 0x7a, 0x37, 0x3b, 0x22, 0x0e, 0x33, 0x37, 0x3f, 0x09, 
    0x36, 0x33, 0x39, 0x3f, 0x72, 0x73, 0x21, 0x28, 0x3f, 0x2e, 0x2f, 0x28, 
    0x34, 0x7a, 0x3f, 0x74, 0x3f, 0x22, 0x2a, 0x35, 0x28, 0x2e, 0x29, 0x74, 
    0x3d, 0x39, 0x1d, 0x3f, 0x2e, 0x17, 0x3b, 0x22, 0x0e, 0x33, 0x37, 0x3f, 
    0x09, 0x36, 0x33, 0x39, 0x3f, 0x72, 0x73, 0x27, 0x76, 0x3d, 0x3f, 0x2e, 
    0x7a, 0x2f, 0x29, 0x3f, 0x3e, 0x12, 0x3f, 0x3b, 0x2a, 0x09, 0x33, 0x20, 
    0x3f, 0x72, 0x73, 0x21, 0x28, 0x3f, 0x2e, 0x2f, 0x28, 0x34, 0x7a, 0x3f, 
    0x74, 0x3f, 0x22, 0x2a, 0x35, 0x28, 0x2e, 0x29, 0x74, 0x3d, 0x39, 0x1d, 
    0x3f, 0x2e, 0x0f, 0x29, 0x3f, 0x3e, 0x09, 0x33, 0x20, 0x3f, 0x72, 0x73, 
    0x27, 0x76, 0x29, 0x3f, 0x2e, 0x7a, 0x33, 0x29, 0x1f, 0x34, 0x3b, 0x38, 
    0x36, 0x3f, 0x3e, 0x72, 0x2e, 0x73, 0x21, 0x2e, 0x65, 0x3f, 0x74, 0x3f, 
    0x22, 0x2a, 0x35, 0x28, 0x2e, 0x29, 0x74, 0x3d, 0x39, 0x1f, 0x34, 0x3b, 
    0x38, 0x36, 0x3f, 0x72, 0x73, 0x60, 0x3f, 0x74, 0x3f, 0x22, 0x2a, 0x35, 
    0x28, 0x2e, 0x29, 0x74, 0x3d, 0x39, 0x1e, 0x33, 0x29, 0x3b, 0x38, 0x36, 
    0x3f, 0x72, 0x73, 0x27, 0x76, 0x29, 0x3f, 0x2e, 0x7a, 0x37, 0x3b, 0x22, 
    0x0e, 0x33, 0x37, 0x3f, 0x09, 0x36, 0x33, 0x39, 0x3f, 0x72, 0x2e, 0x73, 
    0x21, 0x3f, 0x74, 0x3f, 0x22, 0x2a, 0x35, 0x28, 0x2e, 0x29, 0x74, 0x3d, 
    0x39, 0x09, 0x3f, 0x2e, 0x17, 0x3b, 0x22, 0x0e, 0x33, 0x37, 0x3f, 0x09, 
    0x36, 0x33, 0x39, 0x3f, 0x72, 0x2e, 0x73, 0x27, 0x76, 0x39, 0x32, 0x35, 
    0x35, 0x29, 0x3f, 0x72, 0x2e, 0x73, 0x21, 0x36, 0x3f, 0x2e, 0x7a, 0x33, 
    0x67, 0x01, 0x07, 0x76, 0x34, 0x67, 0x72, 0x29, 0x76, 0x3b, 0x73, 0x67, 
    0x64, 0x21, 0x3c, 0x35, 0x28, 0x72, 0x36, 0x3f, 0x2e, 0x7a, 0x35, 0x67, 
    0x6a, 0x61, 0x35, 0x66, 0x3b, 0x61, 0x35, 0x71, 0x71, 0x73, 0x33, 0x74, 
    0x2a, 0x2f, 0x29, 0x32, 0x72, 0x34, 0x3f, 0x2d, 0x7a, 0x3f, 0x74, 0x15, 
    0x38, 0x30, 0x3f, 0x39, 0x2e, 0x72, 0x29, 0x74, 0x3b, 0x3e, 0x3e, 0x72, 
    0x35, 0x70, 0x0a, 0x28, 0x35, 0x39, 0x3f, 0x29, 0x29, 0x74, 0x2a, 0x35, 
    0x33, 0x34, 0x2e, 0x3f, 0x28, 0x09, 0x33, 0x20, 0x3f, 0x73, 0x74, 0x28, 
    0x3f, 0x3b, 0x3e, 0x0a, 0x35, 0x33, 0x34, 0x2e, 0x3f, 0x28, 0x72, 0x73, 
    0x73, 0x73, 0x27, 0x76, 0x28, 0x67, 0x34, 0x3f, 0x2d, 0x7a, 0x14, 0x3b, 
    0x2e, 0x33, 0x2c, 0x3f, 0x19, 0x3b, 0x36, 0x36, 0x38, 0x3b, 0x39, 0x31, 
    0x72, 0x34, 0x76, 0x78, 0x2c, 0x35, 0x33, 0x3e, 0x78, 0x76, 0x01, 0x78, 
    0x2a, 0x35, 0x33, 0x34, 0x2e, 0x3f, 0x28, 0x78, 0x76, 0x78, 0x33, 0x34, 
    0x2e, 0x78, 0x76, 0x78, 0x2a, 0x35, 0x33, 0x34, 0x2e, 0x3f, 0x28, 0x78, 
    0x07, 0x73, 0x61, 0x33, 0x3c, 0x72, 0x3f, 0x74, 0x2f, 0x34, 0x33, 0x2e, 
    0x23, 0x0c, 0x3f, 0x28, 0x29, 0x33, 0x35, 0x34, 0x13, 0x29, 0x18, 0x3f, 
    0x36, 0x35, 0x2d, 0x68, 0x6a, 0x68, 0x6b, 0x68, 0x6a, 0x73, 0x21, 0x36, 
    0x3f, 0x2e, 0x7a, 0x29, 0x67, 0x34, 0x3f, 0x2d, 0x7a, 0x14, 0x3b, 0x2e, 
    0x33, 0x2c, 0x3f, 0x19, 0x3b, 0x36, 0x36, 0x38, 0x3b, 0x39, 0x31, 0x72, 
    0x72, 0x73, 0x67, 0x64, 0x21, 0x27, 0x76, 0x78, 0x2c, 0x35, 0x33, 0x3e, 
    0x78, 0x76, 0x01, 0x07, 0x73, 0x76, 0x3b, 0x67, 0x3f, 0x74, 0x3f, 0x22, 
    0x2a, 0x35, 0x28, 0x2e, 0x29, 0x74, 0x36, 0x33, 0x2c, 0x3f, 0x34, 0x3f, 
    0x29, 0x29, 0x19, 0x3b, 0x36, 0x39, 0x2f, 0x36, 0x3b, 0x2e, 0x33, 0x35, 
    0x34, 0x18, 0x3f, 0x3d, 0x33, 0x34, 0x72, 0x2e, 0x76, 0x6a, 0x76, 0x28, 
    0x76, 0x14, 0x0f, 0x16, 0x16, 0x76, 0x29, 0x76, 0x29, 0x73, 0x61, 0x3f, 
    0x74, 0x3f, 0x22, 0x2a, 0x35, 0x28, 0x2e, 0x29, 0x74, 0x36, 0x33, 0x2c, 
    0x3f, 0x34, 0x3f, 0x29, 0x29, 0x19, 0x3b, 0x36, 0x39, 0x2f, 0x36, 0x3b, 
    0x2e, 0x33, 0x35, 0x34, 0x1c, 0x28, 0x35, 0x37, 0x09, 0x2e, 0x3b, 0x2e, 
    0x33, 0x39, 0x29, 0x72, 0x3b, 0x73, 0x76, 0x3f, 0x74, 0x3f, 0x22, 0x2a, 
    0x35, 0x28, 0x2e, 0x29, 0x74, 0x36, 0x33, 0x2c, 0x3f, 0x34, 0x3f, 0x29, 
    0x29, 0x19, 0x3b, 0x36, 0x39, 0x2f, 0x36, 0x3b, 0x2e, 0x33, 0x35, 0x34, 
    0x1f, 0x34, 0x3e, 0x72, 0x3b, 0x73, 0x27, 0x3f, 0x36, 0x29, 0x3f, 0x21, 
    0x36, 0x3f, 0x2e, 0x7a, 0x29, 0x67, 0x72, 0x39, 0x76, 0x2f, 0x73, 0x67, 
    0x64, 0x7b, 0x39, 0x74, 0x33, 0x29, 0x14, 0x2f, 0x36, 0x36, 0x72, 0x73, 
    0x7c, 0x7c, 0x2f, 0x74, 0x39, 0x35, 0x37, 0x2a, 0x3b, 0x28, 0x3f, 0x72, 
    0x6a, 0x73, 0x67, 0x67, 0x6a, 0x65, 0x72, 0x3f, 0x74, 0x3c, 0x28, 0x3f, 
    0x3f, 0x72, 0x39, 0x73, 0x76, 0x14, 0x0f, 0x16, 0x16, 0x73, 0x60, 0x3f, 
    0x74, 0x3b, 0x36, 0x36, 0x35, 0x39, 0x72, 0x2f, 0x73, 0x76, 0x3b, 0x67, 
    0x34, 0x3f, 0x2d, 0x7a, 0x14, 0x3b, 0x2e, 0x33, 0x2c, 0x3f, 0x19, 0x3b, 
    0x36, 0x36, 0x38, 0x3b, 0x39, 0x31, 0x72, 0x29, 0x76, 0x78, 0x2a, 0x35, 
    0x33, 0x34, 0x2e, 0x3f, 0x28, 0x78, 0x76, 0x01, 0x78, 0x2a, 0x35, 0x33, 
    0x34, 0x2e, 0x3f, 0x28, 0x78, 0x76, 0x78, 0x29, 0x33, 0x20, 0x3f, 0x05, 
    0x2e, 0x78, 0x76, 0x78, 0x2a, 0x35, 0x33, 0x34, 0x2e, 0x3f, 0x28, 0x78, 
    0x07, 0x73, 0x61, 0x2e, 0x32, 0x33, 0x29, 0x74, 0x29, 0x2e, 0x35, 0x2a, 
    0x0d, 0x35, 0x28, 0x36, 0x3e, 0x72, 0x73, 0x61, 0x36, 0x3f, 0x2e, 0x7a, 
    0x35, 0x67, 0x3f, 0x74, 0x3f, 0x22, 0x2a, 0x35, 0x28, 0x2e, 0x29, 0x74, 
    0x36, 0x33, 0x2c, 0x3f, 0x34, 0x3f, 0x29, 0x29, 0x1b, 0x36, 0x36, 0x35, 
    0x39, 0x3b, 0x2e, 0x3f, 0x09, 0x2e, 0x28, 0x2f, 0x39, 0x2e, 0x72, 0x2e, 
    0x76, 0x6a, 0x76, 0x28, 0x76, 0x14, 0x0f, 0x16, 0x16, 0x76, 0x3b, 0x73, 
    0x61, 0x3f, 0x74, 0x3f, 0x22, 0x2a, 0x35, 0x28, 0x2e, 0x29, 0x74, 0x36, 
    0x33, 0x2c, 0x3f, 0x34, 0x3f, 0x29, 0x29, 0x19, 0x3b, 0x36, 0x39, 0x2f, 
    0x36, 0x3b, 0x2e, 0x33, 0x35, 0x34, 0x1c, 0x28, 0x35, 0x37, 0x09, 0x2e, 
    0x3b, 0x2e, 0x33, 0x39, 0x29, 0x72, 0x35, 0x73, 0x76, 0x3f, 0x74, 0x3f, 
    0x22, 0x2a, 0x35, 0x28, 0x2e, 0x29, 0x74, 0x36, 0x33, 0x2c, 0x3f, 0x34, 
    0x3f, 0x29, 0x29, 0x1c, 0x33, 0x34, 0x3b, 0x36, 0x33, 0x20, 0x3f, 0x72, 
    0x35, 0x73, 0x76, 0x2e, 0x32, 0x33, 0x29, 0x74, 0x29, 0x2e, 0x3b, 0x28, 
    0x2e, 0x0d, 0x35, 0x28, 0x36, 0x3e, 0x72, 0x73, 0x76, 0x3f, 0x74, 0x3f, 
    0x22, 0x2a, 0x35, 0x28, 0x2e, 0x29, 0x74, 0x36, 0x33, 0x2c, 0x3f, 0x34, 
    0x3f, 0x29, 0x29, 0x1c, 0x28, 0x3f, 0x3f, 0x09, 0x2e, 0x28, 0x2f, 0x39, 
    0x2e, 0x72, 0x35, 0x73, 0x27, 0x28, 0x3f, 0x2e, 0x2f, 0x28, 0x34, 0x7a, 
    0x33, 0x27, 0x76, 0x39, 0x35, 0x36, 0x36, 0x3f, 0x39, 0x2e, 0x72, 0x2e, 
    0x73, 0x21, 0x3f, 0x74, 0x3f, 0x22, 0x2a, 0x35, 0x28, 0x2e, 0x29, 0x74, 
    0x3d, 0x39, 0x19, 0x35, 0x36, 0x36, 0x3f, 0x39, 0x2e, 0x72, 0x2e, 0x66, 
    0x6a, 0x65, 0x6a, 0x60, 0x2e, 0x64, 0x68, 0x65, 0x68, 0x60, 0x2e, 0x73, 
    0x27, 0x76, 0x39, 0x35, 0x36, 0x36, 0x3f, 0x39, 0x2e, 0x1b, 0x16, 0x33, 
    0x2e, 0x2e, 0x36, 0x3f, 0x72, 0x73, 0x21, 0x3f, 0x74, 0x3f, 0x22, 0x2a, 
    0x35, 0x28, 0x2e, 0x29, 0x74, 0x3d, 0x39, 0x19, 0x35, 0x36, 0x36, 0x3f, 
    0x39, 0x2e, 0x1b, 0x16, 0x33, 0x2e, 0x2e, 0x36, 0x3f, 0x72, 0x73, 0x27, 
    0x76, 0x29, 0x2e, 0x3b, 0x28, 0x2e, 0x0d, 0x35, 0x28, 0x36, 0x3e, 0x72, 
    0x73, 0x21, 0x28, 0x3f, 0x2e, 0x2f, 0x28, 0x34, 0x7a, 0x3f, 0x74, 0x3f, 
    0x22, 0x2a, 0x35, 0x28, 0x2e, 0x29, 0x74, 0x3d, 0x39, 0x09, 0x2e, 0x3b, 
    0x28, 0x2e, 0x0d, 0x35, 0x28, 0x36, 0x3e, 0x72, 0x73, 0x27, 0x76, 0x29, 
    0x2e, 0x3b, 0x28, 0x2e, 0x13, 0x34, 0x39, 0x28, 0x3f, 0x37, 0x3f, 0x34, 
    0x2e, 0x3b, 0x36, 0x19, 0x35, 0x36, 0x36, 0x3f, 0x39, 0x2e, 0x33, 0x35, 
    0x34, 0x72, 0x73, 0x21, 0x28, 0x3f, 0x2e, 0x2f, 0x28, 0x34, 0x7a, 0x3f, 
    0x74, 0x3f, 0x22, 0x2a, 0x35, 0x28, 0x2e, 0x29, 0x74, 0x3d, 0x39, 0x09, 
    0x2e, 0x3b, 0x28, 0x2e, 0x13, 0x34, 0x39, 0x28, 0x3f, 0x37, 0x3f, 0x34, 
    0x2e, 0x3b, 0x36, 0x19, 0x35, 0x36, 0x36, 0x3f, 0x39, 0x2e, 0x33, 0x35, 
    0x34, 0x72, 0x73, 0x27, 0x76, 0x29, 0x2e, 0x35, 0x2a, 0x0d, 0x35, 0x28, 
    0x36, 0x3e, 0x72, 0x73, 0x21, 0x28, 0x3f, 0x2e, 0x2f, 0x28, 0x34, 0x7a, 
    0x3f, 0x74, 0x3f, 0x22, 0x2a, 0x35, 0x28, 0x2e, 0x29, 0x74, 0x3d, 0x39, 
    0x09, 0x2e, 0x35, 0x2a, 0x0d, 0x35, 0x28, 0x36, 0x3e, 0x72, 0x73, 0x27, 
    0x27, 0x27, 0x73, 0x72, 0x37, 0x26, 0x26, 0x72, 0x37, 0x67, 0x21, 0x27, 
    0x73, 0x73, 0x61, 0x2c, 0x3b, 0x28, 0x7a, 0x3c, 0x3f, 0x61, 0x72, 0x3c, 
    0x2f, 0x34, 0x39, 0x2e, 0x33, 0x35, 0x34, 0x72, 0x3f, 0x73, 0x21, 0x1c, 
    0x72, 0x3f, 0x76, 0x78, 0x3b, 0x2a, 0x33, 0x16, 0x3f, 0x2c, 0x3f, 0x36, 
    0x78, 0x76, 0x72, 0x73, 0x67, 0x64, 0x21, 0x36, 0x3f, 0x2e, 0x7a, 0x33, 
    0x67, 0x2e, 0x72, 0x78, 0x28, 0x35, 0x74, 0x38, 0x2f, 0x33, 0x36, 0x3e, 
    0x74, 0x2c, 0x3f, 0x28, 0x29, 0x33, 0x35, 0x34, 0x74, 0x29, 0x3e, 0x31, 
    0x78, 0x73, 0x61, 0x28, 0x3f, 0x2e, 0x2f, 0x28, 0x34, 0x7a, 0x33, 0x65, 
    0x2a, 0x3b, 0x28, 0x29, 0x3f, 0x13, 0x34, 0x2e, 0x72, 0x33, 0x73, 0x60, 
    0x34, 0x2f, 0x36, 0x36, 0x27, 0x76, 0x36, 0x73, 0x61, 0x3c, 0x2f, 0x34, 
    0x39, 0x2e, 0x33, 0x35, 0x34, 0x7a, 0x2e, 0x72, 0x33, 0x73, 0x21, 0x36, 
    0x3f, 0x2e, 0x7a, 0x34, 0x67, 0x0a, 0x28, 0x35, 0x39, 0x3f, 0x29, 0x29, 
    0x74, 0x3c, 0x33, 0x34, 0x3e, 0x17, 0x35, 0x3e, 0x2f, 0x36, 0x3f, 0x18, 
    0x23, 0x14, 0x3b, 0x37, 0x3f, 0x72, 0x78, 0x36, 0x33, 0x38, 0x39, 0x74, 
    0x29, 0x35, 0x78, 0x73, 0x65, 0x74, 0x3c, 0x33, 0x34, 0x3e, 0x1f, 0x22, 
    0x2a, 0x35, 0x28, 0x2e, 0x18, 0x23, 0x14, 0x3b, 0x37, 0x3f, 0x72, 0x78, 
    0x05, 0x05, 0x29, 0x23, 0x29, 0x2e, 0x3f, 0x37, 0x05, 0x2a, 0x28, 0x35, 
    0x2a, 0x3f, 0x28, 0x2e, 0x23, 0x05, 0x3d, 0x3f, 0x2e, 0x78, 0x73, 0x61, 
    0x33, 0x3c, 0x72, 0x34, 0x73, 0x21, 0x36, 0x3f, 0x2e, 0x7a, 0x28, 0x67, 
    0x34, 0x3f, 0x2d, 0x7a, 0x14, 0x3b, 0x2e, 0x33, 0x2c, 0x3f, 0x1c, 0x2f, 
    0x34, 0x39, 0x2e, 0x33, 0x35, 0x34, 0x72, 0x34, 0x76, 0x78, 0x2c, 0x35, 
    0x33, 0x3e, 0x78, 0x76, 0x01, 0x78, 0x2a, 0x35, 0x33, 0x34, 0x2e, 0x3f, 
    0x28, 0x78, 0x76, 0x78, 0x2a, 0x35, 0x33, 0x34, 0x2e, 0x3f, 0x28, 0x78, 
    0x07, 0x73, 0x76, 0x29, 0x67, 0x17, 0x3f, 0x37, 0x35, 0x28, 0x23, 0x74, 
    0x3b, 0x36, 0x36, 0x35, 0x39, 0x72, 0x63, 0x68, 0x73, 0x74, 0x2d, 0x28, 
    0x33, 0x2e, 0x3f, 0x0a, 0x35, 0x33, 0x34, 0x2e, 0x3f, 0x28, 0x72, 0x14, 
    0x0f, 0x16, 0x16, 0x73, 0x61, 0x28, 0x3f, 0x2e, 0x2f, 0x28, 0x34, 0x7a, 
    0x28, 0x72, 0x17, 0x3f, 0x37, 0x35, 0x28, 0x23, 0x74, 0x3b, 0x36, 0x36, 
    0x35, 0x39, 0x0f, 0x2e, 0x3c, 0x62, 0x09, 0x2e, 0x28, 0x33, 0x34, 0x3d, 
    0x72, 0x33, 0x73, 0x76, 0x29, 0x73, 0x76, 0x29, 0x74, 0x28, 0x3f, 0x3b, 
    0x3e, 0x19, 0x09, 0x2e, 0x28, 0x33, 0x34, 0x3d, 0x72, 0x73, 0x65, 0x65, 
    0x2c, 0x35, 0x33, 0x3e, 0x7a, 0x6a, 0x27, 0x27, 0x27, 0x73, 0x72, 0x3c, 
    0x3f, 0x26, 0x26, 0x72, 0x3c, 0x3f, 0x67, 0x21, 0x27, 0x73, 0x73, 0x61, 
    0x3c, 0x2f, 0x34, 0x39, 0x2e, 0x33, 0x35, 0x34, 0x7a, 0x38, 0x72, 0x3f, 
    0x73, 0x21, 0x36, 0x3f, 0x2e, 0x7a, 0x2e, 0x67, 0x34, 0x3f, 0x2d, 0x7a, 
    0x1f, 0x28, 0x28, 0x35, 0x28, 0x72, 0x3f, 0x73, 0x61, 0x2e, 0x32, 0x28, 
    0x35, 0x2d, 0x7a, 0x2e, 0x74, 0x34, 0x3b, 0x37, 0x3f, 0x67, 0x78, 0x13, 
    0x36, 0x68, 0x19, 0x2a, 0x2a, 0x1f, 0x28, 0x28, 0x35, 0x28, 0x78, 0x76, 
    0x2e, 0x74, 0x29, 0x2e, 0x3b, 0x39, 0x31, 0x67, 0x2e, 0x74, 0x29, 0x2e, 
    0x3b, 0x39, 0x31, 0x65, 0x74, 0x28, 0x3f, 0x2a, 0x36, 0x3b, 0x39, 0x3f, 
    0x72, 0x75, 0x04, 0x72, 0x13, 0x36, 0x68, 0x19, 0x2a, 0x2a, 0x73, 0x65, 
    0x1f, 0x28, 0x28, 0x35, 0x28, 0x75, 0x76, 0x78, 0x06, 0x22, 0x6b, 0x18, 
    0x01, 0x6a, 0x37, 0x06, 0x22, 0x6b, 0x18, 0x01, 0x69, 0x62, 0x61, 0x6f, 
    0x61, 0x63, 0x37, 0x33, 0x36, 0x68, 0x39, 0x2a, 0x2a, 0x06, 0x22, 0x6b, 
    0x18, 0x01, 0x6a, 0x37, 0x78, 0x73, 0x65, 0x74, 0x28, 0x3f, 0x2a, 0x36, 
    0x3b, 0x39, 0x3f, 0x72, 0x75, 0x06, 0x34, 0x7a, 0x7a, 0x7a, 0x7a, 0x3b, 
    0x2e, 0x7a, 0x72, 0x74, 0x71, 0x73, 0x7a, 0x06, 0x72, 0x72, 0x74, 0x71, 
    0x73, 0x60, 0x72, 0x74, 0x71, 0x73, 0x06, 0x73, 0x75, 0x76, 0x78, 0x06, 
    0x22, 0x6b, 0x18, 0x01, 0x69, 0x37, 0x06, 0x22, 0x6b, 0x18, 0x01, 0x68, 
    0x37, 0x78, 0x73, 0x65, 0x74, 0x39, 0x35, 0x34, 0x39, 0x3b, 0x2e, 0x72, 
    0x78, 0x06, 0x22, 0x6b, 0x18, 0x01, 0x6a, 0x37, 0x78, 0x73, 0x76, 0x2e, 
    0x27, 0x3c, 0x2f, 0x34, 0x39, 0x2e, 0x33, 0x35, 0x34, 0x7a, 0x34, 0x3f, 
    0x72, 0x3f, 0x73, 0x21, 0x3d, 0x36, 0x35, 0x38, 0x3b, 0x36, 0x0e, 0x32, 
    0x33, 0x29, 0x74, 0x39, 0x35, 0x34, 0x29, 0x35, 0x36, 0x3f, 0x74, 0x36, 
    0x35, 0x3d, 0x72, 0x3a, 0x06, 0x22, 0x6b, 0x18, 0x01, 0x69, 0x62, 0x61, 
    0x6f, 0x61, 0x6b, 0x6b, 0x37, 0x33, 0x36, 0x68, 0x39, 0x2a, 0x2a, 0x06, 
    0x22, 0x6b, 0x18, 0x01, 0x6a, 0x37, 0x60, 0x7a, 0x7e, 0x21, 0x3f, 0x27, 
    0x3a, 0x73, 0x27, 0x3c, 0x2f, 0x34, 0x39, 0x2e, 0x33, 0x35, 0x34, 0x7a, 
    0x09, 0x3f, 0x72, 0x3f, 0x73, 0x21, 0x3d, 0x36, 0x35, 0x38, 0x3b, 0x36, 
    0x0e, 0x32, 0x33, 0x29, 0x74, 0x39, 0x35, 0x34, 0x29, 0x35, 0x36, 0x3f, 
    0x74, 0x36, 0x35, 0x3d, 0x72, 0x3a, 0x06, 0x22, 0x6b, 0x18, 0x01, 0x69, 
    0x62, 0x61, 0x6f, 0x61, 0x6b, 0x6a, 0x37, 0x33, 0x36, 0x68, 0x39, 0x2a, 
    0x2a, 0x06, 0x22, 0x6b, 0x18, 0x01, 0x6a, 0x37, 0x60, 0x7a, 0x7e, 0x21, 
    0x3f, 0x27, 0x3a, 0x73, 0x27, 0x3c, 0x2f, 0x34, 0x39, 0x2e, 0x33, 0x35, 
    0x34, 0x7a, 0x28, 0x3f, 0x72, 0x3f, 0x73, 0x21, 0x3d, 0x36, 0x35, 0x38, 
    0x3b, 0x36, 0x0e, 0x32, 0x33, 0x29, 0x74, 0x39, 0x35, 0x34, 0x29, 0x35, 
    0x36, 0x3f, 0x74, 0x36, 0x35, 0x3d, 0x72, 0x3a, 0x06, 0x22, 0x6b, 0x18, 
    0x01, 0x69, 0x62, 0x61, 0x6f, 0x61, 0x6b, 0x68, 0x37, 0x33, 0x36, 0x68, 
    0x39, 0x2a, 0x2a, 0x06, 0x22, 0x6b, 0x18, 0x01, 0x6a, 0x37, 0x60, 0x7a, 
    0x7e, 0x21, 0x3f, 0x27, 0x3a, 0x73, 0x27, 0x3c, 0x2f, 0x34, 0x39, 0x2e, 
    0x33, 0x35, 0x34, 0x7a, 0x10, 0x3f, 0x72, 0x3f, 0x76, 0x2e, 0x76, 0x33, 
    0x67, 0x15, 0x38, 0x30, 0x3f, 0x39, 0x2e, 0x74, 0x3d, 0x3f, 0x2e, 0x15, 
    0x2d, 0x34, 0x0a, 0x28, 0x35, 0x2a, 0x3f, 0x28, 0x2e, 0x23, 0x1e, 0x3f, 
    0x29, 0x39, 0x28, 0x33, 0x2a, 0x2e, 0x35, 0x28, 0x29, 0x72, 0x3f, 0x73, 
    0x73, 0x21, 0x3c, 0x35, 0x28, 0x72, 0x36, 0x3f, 0x2e, 0x7a, 0x34, 0x7a, 
    0x33, 0x34, 0x7a, 0x33, 0x73, 0x33, 0x01, 0x34, 0x07, 0x67, 0x2e, 0x72, 
    0x3f, 0x76, 0x34, 0x76, 0x33, 0x01, 0x34, 0x07, 0x73, 0x61, 0x28, 0x3f, 
    0x2e, 0x2f, 0x28, 0x34, 0x7a, 0x15, 0x38, 0x30, 0x3f, 0x39, 0x2e, 0x74, 
    0x3e, 0x3f, 0x3c, 0x33, 0x34, 0x3f, 0x0a, 0x28, 0x35, 0x2a, 0x3f, 0x28, 
    0x2e, 0x33, 0x3f, 0x29, 0x72, 0x3f, 0x76, 0x33, 0x73, 0x76, 0x3f, 0x27, 
    0x3c, 0x2f, 0x34, 0x39, 0x2e, 0x33, 0x35, 0x34, 0x7a, 0x1c, 0x72, 0x3f, 
    0x76, 0x2e, 0x76, 0x33, 0x76, 0x34, 0x73, 0x21, 0x3d, 0x36, 0x35, 0x38, 
    0x3b, 0x36, 0x0e, 0x32, 0x33, 0x29, 0x74, 0x15, 0x38, 0x30, 0x3f, 0x39, 
    0x2e, 0x74, 0x3e, 0x3f, 0x3c, 0x33, 0x34, 0x3f, 0x0a, 0x28, 0x35, 0x2a, 
    0x3f, 0x28, 0x2e, 0x23, 0x72, 0x3f, 0x76, 0x2e, 0x76, 0x34, 0x65, 0x74, 
    0x72, 0x3f, 0x76, 0x2e, 0x76, 0x21, 0x3d, 0x3f, 0x2e, 0x60, 0x33, 0x76, 
    0x39, 0x35, 0x34, 0x3c, 0x33, 0x3d, 0x2f, 0x28, 0x3b, 0x38, 0x36, 0x3f, 
    0x60, 0x7b, 0x6a, 0x27, 0x73, 0x65, 0x65, 0x21, 0x3d, 0x3f, 0x2e, 0x60, 
    0x33, 0x76, 0x39, 0x35, 0x34, 0x3c, 0x33, 0x3d, 0x2f, 0x28, 0x3b, 0x38, 
    0x36, 0x3f, 0x60, 0x7b, 0x6a, 0x27, 0x73, 0x27, 0x3c, 0x2f, 0x34, 0x39, 
    0x2e, 0x33, 0x35, 0x34, 0x7a, 0x0e, 0x3f, 0x72, 0x3f, 0x73, 0x21, 0x36, 
    0x3f, 0x2e, 0x7a, 0x2e, 0x67, 0x69, 0x6d, 0x69, 0x6f, 0x63, 0x68, 0x62, 
    0x6f, 0x6f, 0x63, 0x76, 0x33, 0x67, 0x6b, 0x6b, 0x6a, 0x69, 0x6f, 0x6e, 
    0x6d, 0x63, 0x63, 0x6b, 0x61, 0x3c, 0x35, 0x28, 0x72, 0x36, 0x3f, 0x2e, 
    0x7a, 0x34, 0x67, 0x6a, 0x76, 0x28, 0x61, 0x34, 0x66, 0x3f, 0x74, 0x36, 
    0x3f, 0x34, 0x3d, 0x2e, 0x32, 0x61, 0x34, 0x71, 0x71, 0x73, 0x28, 0x67, 
    0x3f, 0x74, 0x39, 0x32, 0x3b, 0x28, 0x19, 0x35, 0x3e, 0x3f, 0x1b, 0x2e, 
    0x72, 0x34, 0x73, 0x76, 0x2e, 0x67, 0x17, 0x3b, 0x2e, 0x32, 0x74, 0x33, 
    0x37, 0x2f, 0x36, 0x72, 0x2e, 0x04, 0x28, 0x76, 0x68, 0x6c, 0x6f, 0x6e, 
    0x6e, 0x69, 0x6f, 0x6d, 0x6c, 0x6b, 0x73, 0x76, 0x33, 0x67, 0x17, 0x3b, 
    0x2e, 0x32, 0x74, 0x33, 0x37, 0x2f, 0x36, 0x72, 0x33, 0x04, 0x28, 0x76, 
    0x6b, 0x6f, 0x63, 0x6d, 0x69, 0x69, 0x6e, 0x6c, 0x6d, 0x6d, 0x73, 0x61, 
    0x28, 0x3f, 0x2e, 0x2f, 0x28, 0x34, 0x7a, 0x2e, 0x67, 0x17, 0x3b, 0x2e, 
    0x32, 0x74, 0x33, 0x37, 0x2f, 0x36, 0x72, 0x2e, 0x04, 0x2e, 0x64, 0x64, 
    0x64, 0x6b, 0x6c, 0x76, 0x68, 0x68, 0x6e, 0x6c, 0x62, 0x68, 0x68, 0x6f, 
    0x6a, 0x6d, 0x73, 0x76, 0x2e, 0x04, 0x67, 0x17, 0x3b, 0x2e, 0x32, 0x74, 
    0x33, 0x37, 0x2f, 0x36, 0x72, 0x33, 0x04, 0x33, 0x64, 0x64, 0x64, 0x6b, 
    0x69, 0x76, 0x69, 0x68, 0x6c, 0x6c, 0x6e, 0x62, 0x63, 0x63, 0x6a, 0x63, 
    0x73, 0x76, 0x33, 0x67, 0x17, 0x3b, 0x2e, 0x32, 0x74, 0x33, 0x37, 0x2f, 
    0x36, 0x72, 0x33, 0x04, 0x33, 0x64, 0x64, 0x64, 0x6b, 0x6c, 0x76, 0x68, 
    0x68, 0x6e, 0x6c, 0x62, 0x68, 0x68, 0x6f, 0x6a, 0x6d, 0x73, 0x76, 0x33, 
    0x04, 0x67, 0x17, 0x3b, 0x2e, 0x32, 0x74, 0x33, 0x37, 0x2f, 0x36, 0x72, 
    0x2e, 0x04, 0x2e, 0x64, 0x64, 0x64, 0x6b, 0x69, 0x76, 0x69, 0x68, 0x6c, 
    0x6c, 0x6e, 0x62, 0x63, 0x63, 0x6a, 0x63, 0x73, 0x76, 0x6e, 0x68, 0x63, 
    0x6e, 0x63, 0x6c, 0x6d, 0x68, 0x63, 0x6c, 0x70, 0x72, 0x68, 0x6a, 0x63, 
    0x6d, 0x6b, 0x6f, 0x6b, 0x7c, 0x33, 0x73, 0x71, 0x72, 0x2e, 0x64, 0x64, 
    0x64, 0x6a, 0x73, 0x27, 0x3c, 0x2f, 0x34, 0x39, 0x2e, 0x33, 0x35, 0x34, 
    0x7a, 0x0d, 0x3f, 0x72, 0x3f, 0x73, 0x21, 0x28, 0x3f, 0x2e, 0x2f, 0x28, 
    0x34, 0x7a, 0x0e, 0x3f, 0x72, 0x3f, 0x74, 0x3f, 0x34, 0x2f, 0x37, 0x3f, 
    0x28, 0x3b, 0x2e, 0x3f, 0x1f, 0x22, 0x2a, 0x35, 0x28, 0x2e, 0x29, 0x72, 
    0x73, 0x74, 0x29, 0x35, 0x28, 0x2e, 0x72, 0x72, 0x2e, 0x76, 0x33, 0x73, 
    0x67, 0x64, 0x2e, 0x74, 0x34, 0x3b, 0x37, 0x3f, 0x74, 0x36, 0x35, 0x39, 
    0x3b, 0x36, 0x3f, 0x19, 0x35, 0x37, 0x2a, 0x3b, 0x28, 0x3f, 0x72, 0x33, 
    0x74, 0x34, 0x3b, 0x37, 0x3f, 0x73, 0x73, 0x74, 0x37, 0x3b, 0x2a, 0x72, 
    0x2e, 0x67, 0x64, 0x2e, 0x74, 0x34, 0x3b, 0x37, 0x3f, 0x71, 0x2e, 0x74, 
    0x3b, 0x3e, 0x3e, 0x28, 0x3f, 0x29, 0x29, 0x74, 0x29, 0x2f, 0x38, 0x72, 
    0x3f, 0x74, 0x38, 0x3b, 0x29, 0x3f, 0x73, 0x73, 0x74, 0x30, 0x35, 0x33, 
    0x34, 0x72, 0x78, 0x78, 0x73, 0x73, 0x27, 0x3c, 0x2f, 0x34, 0x39, 0x2e, 
    0x33, 0x35, 0x34, 0x7a, 0x36, 0x72, 0x3f, 0x76, 0x2e, 0x76, 0x33, 0x73, 
    0x21, 0x36, 0x3f, 0x2e, 0x7a, 0x34, 0x67, 0x33, 0x74, 0x3d, 0x3f, 0x2e, 
    0x61, 0x33, 0x3c, 0x72, 0x7b, 0x34, 0x73, 0x2e, 0x32, 0x28, 0x35, 0x2d, 
    0x7a, 0x34, 0x3f, 0x2d, 0x7a, 0x1f, 0x28, 0x28, 0x35, 0x28, 0x72, 0x78, 
    0x1a, 0x36, 0x3b, 0x20, 0x23, 0x7a, 0x39, 0x3b, 0x34, 0x7a, 0x35, 0x34, 
    0x36, 0x23, 0x7a, 0x38, 0x3f, 0x7a, 0x3b, 0x2a, 0x2a, 0x36, 0x33, 0x3f, 
    0x3e, 0x7a, 0x2e, 0x35, 0x7a, 0x3d, 0x3f, 0x2e, 0x2e, 0x3f, 0x28, 0x7a, 
    0x3b, 0x39, 0x39, 0x3f, 0x29, 0x29, 0x35, 0x28, 0x29, 0x78, 0x73, 0x61, 
    0x28, 0x3f, 0x2e, 0x2f, 0x28, 0x34, 0x7a, 0x33, 0x74, 0x3d, 0x3f, 0x2e, 
    0x67, 0x3c, 0x2f, 0x34, 0x39, 0x2e, 0x33, 0x35, 0x34, 0x72, 0x73, 0x21, 
    0x36, 0x3f, 0x2e, 0x7a, 0x28, 0x67, 0x34, 0x74, 0x39, 0x3b, 0x36, 0x36, 
    0x72, 0x2e, 0x32, 0x33, 0x29, 0x73, 0x61, 0x28, 0x3f, 0x2e, 0x2f, 0x28, 
    0x34, 0x7a, 0x15, 0x38, 0x30, 0x3f, 0x39, 0x2e, 0x74, 0x3e, 0x3f, 0x3c, 
    0x33, 0x34, 0x3f, 0x0a, 0x28, 0x35, 0x2a, 0x3f, 0x28, 0x2e, 0x23, 0x72, 
    0x2e, 0x32, 0x33, 0x29, 0x76, 0x2e, 0x76, 0x21, 0x2c, 0x3b, 0x36, 0x2f, 
    0x3f, 0x60, 0x28, 0x76, 0x39, 0x35, 0x34, 0x3c, 0x33, 0x3d, 0x2f, 0x28, 
    0x3b, 0x38, 0x36, 0x3f, 0x60, 0x33, 0x74, 0x39, 0x35, 0x34, 0x3c, 0x33, 
    0x3d, 0x2f, 0x28, 0x3b, 0x38, 0x36, 0x3f, 0x76, 0x3f, 0x34, 0x2f, 0x37, 
    0x3f, 0x28, 0x3b, 0x38, 0x36, 0x3f, 0x60, 0x33, 0x74, 0x3f, 0x34, 0x2f, 
    0x37, 0x3f, 0x28, 0x3b, 0x38, 0x36, 0x3f, 0x76, 0x2d, 0x28, 0x33, 0x2e, 
    0x3b, 0x38, 0x36, 0x3f, 0x60, 0x7b, 0x6b, 0x27, 0x73, 0x76, 0x28, 0x27, 
    0x76, 0x33, 0x27, 0x2c, 0x3b, 0x28, 0x7a, 0x15, 0x67, 0x39, 0x36, 0x3b, 
    0x29, 0x29, 0x21, 0x32, 0x3b, 0x34, 0x3e, 0x36, 0x3f, 0x61, 0x39, 0x35, 
    0x34, 0x29, 0x2e, 0x28, 0x2f, 0x39, 0x2e, 0x35, 0x28, 0x72, 0x2e, 0x73, 
    0x21, 0x2e, 0x7a, 0x33, 0x34, 0x29, 0x2e, 0x3b, 0x34, 0x39, 0x3f, 0x35, 
    0x3c, 0x7a, 0x14, 0x3b, 0x2e, 0x33, 0x2c, 0x3f, 0x0a, 0x35, 0x33, 0x34, 
    0x2e, 0x3f, 0x28, 0x65, 0x2e, 0x32, 0x33, 0x29, 0x74, 0x32, 0x3b, 0x34, 
    0x3e, 0x36, 0x3f, 0x67, 0x2e, 0x60, 0x2e, 0x32, 0x33, 0x29, 0x74, 0x32, 
    0x3b, 0x34, 0x3e, 0x36, 0x3f, 0x67, 0x2e, 0x74, 0x32, 0x3b, 0x34, 0x3e, 
    0x36, 0x3f, 0x27, 0x3f, 0x2b, 0x2f, 0x3b, 0x36, 0x29, 0x72, 0x2e, 0x73, 
    0x21, 0x28, 0x3f, 0x2e, 0x2f, 0x28, 0x34, 0x7a, 0x2e, 0x32, 0x33, 0x29, 
    0x74, 0x32, 0x3b, 0x34, 0x3e, 0x36, 0x3f, 0x74, 0x3f, 0x2b, 0x2f, 0x3b, 
    0x36, 0x29, 0x72, 0x2e, 0x74, 0x32, 0x3b, 0x34, 0x3e, 0x36, 0x3f, 0x73, 
    0x27, 0x33, 0x29, 0x14, 0x2f, 0x36, 0x36, 0x72, 0x73, 0x21, 0x28, 0x3f, 
    0x2e, 0x2f, 0x28, 0x34, 0x7a, 0x2e, 0x32, 0x33, 0x29, 0x74, 0x32, 0x3b, 
    0x34, 0x3e, 0x36, 0x3f, 0x74, 0x33, 0x29, 0x14, 0x2f, 0x36, 0x36, 0x72, 
    0x73, 0x27, 0x3b, 0x29, 0x14, 0x2f, 0x36, 0x36, 0x3b, 0x38, 0x36, 0x3f, 
    0x72, 0x73, 0x21, 0x28, 0x3f, 0x2e, 0x2f, 0x28, 0x34, 0x7a, 0x2e, 0x32, 
    0x33, 0x29, 0x74, 0x33, 0x29, 0x14, 0x2f, 0x36, 0x36, 0x72, 0x73, 0x65, 
    0x34, 0x2f, 0x36, 0x36, 0x60, 0x2e, 0x32, 0x33, 0x29, 0x27, 0x27, 0x61, 
    0x3c, 0x2f, 0x34, 0x39, 0x2e, 0x33, 0x35, 0x34, 0x7a, 0x2b, 0x3f, 0x72, 
    0x3f, 0x73, 0x21, 0x28, 0x3f, 0x2e, 0x2f, 0x28, 0x34, 0x7a, 0x15, 0x38, 
    0x30, 0x3f, 0x39, 0x2e, 0x74, 0x31, 0x3f, 0x23, 0x29, 0x72, 0x3f, 0x73, 
    0x74, 0x28, 0x3f, 0x3e, 0x2f, 0x39, 0x3f, 0x72, 0x72, 0x2e, 0x76, 0x33, 
    0x73, 0x67, 0x64, 0x72, 0x2e, 0x01, 0x2e, 0x01, 0x33, 0x07, 0x07, 0x67, 
    0x33, 0x76, 0x2e, 0x73, 0x76, 0x3f, 0x73, 0x27, 0x14, 0x3b, 0x2e, 0x33, 
    0x2c, 0x3f, 0x0a, 0x35, 0x33, 0x34, 0x2e, 0x3f, 0x28, 0x74, 0x2a, 0x28, 
    0x35, 0x2e, 0x35, 0x2e, 0x23, 0x2a, 0x3f, 0x74, 0x35, 0x3c, 0x3c, 0x29, 
    0x3f, 0x2e, 0x15, 0x3c, 0x67, 0x3c, 0x2f, 0x34, 0x39, 0x2e, 0x33, 0x35, 
    0x34, 0x72, 0x3f, 0x76, 0x2e, 0x73, 0x21, 0x2e, 0x65, 0x65, 0x67, 0x6f, 
    0x6b, 0x68, 0x61, 0x3c, 0x35, 0x28, 0x72, 0x36, 0x3f, 0x2e, 0x7a, 0x33, 
    0x67, 0x6a, 0x61, 0x2e, 0x64, 0x6a, 0x65, 0x33, 0x66, 0x2e, 0x60, 0x33, 
    0x66, 0x77, 0x2e, 0x61, 0x33, 0x71, 0x71, 0x73, 0x33, 0x3c, 0x72, 0x3f, 
    0x72, 0x2e, 0x64, 0x6a, 0x65, 0x2e, 0x32, 0x33, 0x29, 0x74, 0x3b, 0x3e, 
    0x3e, 0x72, 0x33, 0x73, 0x60, 0x2e, 0x32, 0x33, 0x29, 0x74, 0x29, 0x2f, 
    0x38, 0x72, 0x33, 0x73, 0x73, 0x73, 0x28, 0x3f, 0x2e, 0x2f, 0x28, 0x34, 
    0x7a, 0x33, 0x61, 0x28, 0x3f, 0x2e, 0x2f, 0x28, 0x34, 0x7a, 0x34, 0x2f, 
    0x36, 0x36, 0x27, 0x61, 0x3c, 0x2f, 0x34, 0x39, 0x2e, 0x33, 0x35, 0x34, 
    0x7a, 0x3f, 0x3f, 0x72, 0x3f, 0x73, 0x21, 0x36, 0x3f, 0x2e, 0x7a, 0x2e, 
    0x67, 0x01, 0x07, 0x76, 0x33, 0x67, 0x17, 0x3f, 0x37, 0x35, 0x28, 0x23, 
    0x74, 0x3b, 0x36, 0x36, 0x35, 0x39, 0x72, 0x0a, 0x28, 0x35, 0x39, 0x3f, 
    0x29, 0x29, 0x74, 0x2a, 0x35, 0x33, 0x34, 0x2e, 0x3f, 0x28, 0x09, 0x33, 
    0x20, 0x3f, 0x73, 0x76, 0x34, 0x67, 0x3f, 0x72, 0x33, 0x73, 0x61, 0x3c, 
    0x35, 0x28, 0x72, 0x61, 0x7b, 0x34, 0x74, 0x33, 0x29, 0x14, 0x2f, 0x36, 
    0x36, 0x72, 0x73, 0x61, 0x73, 0x2e, 0x74, 0x2a, 0x2f, 0x29, 0x32, 0x72, 
    0x34, 0x73, 0x76, 0x34, 0x67, 0x3f, 0x72, 0x33, 0x73, 0x61, 0x28, 0x3f, 
    0x2e, 0x2f, 0x28, 0x34, 0x7a, 0x2e, 0x27, 0x3c, 0x2f, 0x34, 0x39, 0x2e, 
    0x33, 0x35, 0x34, 0x7a, 0x2a, 0x3f, 0x72, 0x3f, 0x73, 0x21, 0x36, 0x3f, 
    0x2e, 0x7a, 0x2e, 0x67, 0x17, 0x3f, 0x37, 0x35, 0x28, 0x23, 0x74, 0x3b, 
    0x36, 0x36, 0x35, 0x39, 0x72, 0x0a, 0x28, 0x35, 0x39, 0x3f, 0x29, 0x29, 
    0x74, 0x2a, 0x35, 0x33, 0x34, 0x2e, 0x3f, 0x28, 0x09, 0x33, 0x20, 0x3f, 
    0x73, 0x76, 0x33, 0x67, 0x3f, 0x72, 0x2e, 0x73, 0x61, 0x33, 0x3c, 0x72, 
    0x33, 0x74, 0x33, 0x29, 0x14, 0x2f, 0x36, 0x36, 0x72, 0x73, 0x73, 0x28, 
    0x3f, 0x2e, 0x2f, 0x28, 0x34, 0x01, 0x07, 0x61, 0x36, 0x3f, 0x2e, 0x7a, 
    0x34, 0x67, 0x34, 0x3f, 0x2d, 0x7a, 0x1b, 0x28, 0x28, 0x3b, 0x23, 0x72, 
    0x2e, 0x74, 0x28, 0x3f, 0x3b, 0x3e, 0x13, 0x34, 0x2e, 0x72, 0x73, 0x73, 
    0x61, 0x3c, 0x35, 0x28, 0x72, 0x36, 0x3f, 0x2e, 0x7a, 0x28, 0x67, 0x6a, 
    0x61, 0x28, 0x66, 0x34, 0x74, 0x36, 0x3f, 0x34, 0x3d, 0x2e, 0x32, 0x61, 
    0x28, 0x71, 0x71, 0x73, 0x34, 0x01, 0x28, 0x07, 0x67, 0x33, 0x74, 0x3b, 
    0x3e, 0x3e, 0x72, 0x28, 0x70, 0x0a, 0x28, 0x35, 0x39, 0x3f, 0x29, 0x29, 
    0x74, 0x2a, 0x35, 0x33, 0x34, 0x2e, 0x3f, 0x28, 0x09, 0x33, 0x20, 0x3f, 
    0x73, 0x74, 0x28, 0x3f, 0x3b, 0x3e, 0x0a, 0x35, 0x33, 0x34, 0x2e, 0x3f, 
    0x28, 0x72, 0x73, 0x61, 0x28, 0x3f, 0x2e, 0x2f, 0x28, 0x34, 0x7a, 0x34, 
    0x27, 0x3c, 0x2f, 0x34, 0x39, 0x2e, 0x33, 0x35, 0x34, 0x7a, 0x29, 0x3f, 
    0x72, 0x3f, 0x73, 0x21, 0x28, 0x3f, 0x2e, 0x2f, 0x28, 0x34, 0x7a, 0x34, 
    0x3f, 0x2d, 0x7a, 0x0a, 0x28, 0x35, 0x22, 0x23, 0x72, 0x3f, 0x76, 0x21, 
    0x39, 0x3b, 0x39, 0x32, 0x3f, 0x60, 0x34, 0x3f, 0x2d, 0x7a, 0x17, 0x3b, 
    0x2a, 0x76, 0x39, 0x35, 0x34, 0x29, 0x2e, 0x28, 0x2f, 0x39, 0x2e, 0x72, 
    0x2e, 0x76, 0x33, 0x73, 0x21, 0x36, 0x3f, 0x2e, 0x7a, 0x34, 0x67, 0x33, 
    0x01, 0x6a, 0x07, 0x74, 0x2e, 0x35, 0x0f, 0x13, 0x34, 0x2e, 0x69, 0x68, 
    0x72, 0x73, 0x61, 0x28, 0x3f, 0x2e, 0x2f, 0x28, 0x34, 0x7a, 0x2e, 0x32, 
    0x33, 0x29, 0x74, 0x39, 0x3b, 0x39, 0x32, 0x3f, 0x74, 0x32, 0x3b, 0x29, 
    0x72, 0x34, 0x73, 0x26, 0x26, 0x2e, 0x32, 0x33, 0x29, 0x74, 0x39, 0x3b, 
    0x39, 0x32, 0x3f, 0x74, 0x29, 0x3f, 0x2e, 0x72, 0x34, 0x76, 0x34, 0x3f, 
    0x2d, 0x7a, 0x2e, 0x72, 0x33, 0x01, 0x6a, 0x07, 0x73, 0x73, 0x76, 0x2e, 
    0x32, 0x33, 0x29, 0x74, 0x39, 0x3b, 0x39, 0x32, 0x3f, 0x74, 0x3d, 0x3f, 
    0x2e, 0x72, 0x34, 0x73, 0x27, 0x27, 0x73, 0x27, 0x2c, 0x3b, 0x28, 0x7a, 
    0x2e, 0x3f, 0x61, 0x72, 0x3c, 0x2f, 0x34, 0x39, 0x2e, 0x33, 0x35, 0x34, 
    0x72, 0x3f, 0x73, 0x21, 0x36, 0x3f, 0x2e, 0x7a, 0x2e, 0x67, 0x75, 0x72, 
    0x6c, 0x06, 0x3e, 0x21, 0x69, 0x27, 0x26, 0x68, 0x6a, 0x06, 0x3e, 0x21, 
    0x68, 0x27, 0x26, 0x06, 0x3e, 0x73, 0x06, 0x74, 0x72, 0x06, 0x3e, 0x73, 
    0x06, 0x74, 0x72, 0x06, 0x3e, 0x21, 0x6b, 0x76, 0x68, 0x27, 0x73, 0x72, 
    0x65, 0x60, 0x01, 0x3b, 0x38, 0x39, 0x3c, 0x2a, 0x07, 0x26, 0x28, 0x39, 
    0x73, 0x21, 0x6a, 0x76, 0x68, 0x27, 0x06, 0x3e, 0x65, 0x75, 0x61, 0x3c, 
    0x2f, 0x34, 0x39, 0x2e, 0x33, 0x35, 0x34, 0x7a, 0x33, 0x72, 0x3b, 0x73, 
    0x21, 0x28, 0x3f, 0x2e, 0x2f, 0x28, 0x34, 0x7a, 0x3b, 0x65, 0x74, 0x37, 
    0x3b, 0x2e, 0x39, 0x32, 0x72, 0x2e, 0x73, 0x65, 0x74, 0x01, 0x6a, 0x07, 
    0x27, 0x3f, 0x74, 0x3c, 0x33, 0x34, 0x3e, 0x67, 0x33, 0x61, 0x3c, 0x2f, 
    0x34, 0x39, 0x2e, 0x33, 0x35, 0x34, 0x7a, 0x34, 0x72, 0x3b, 0x76, 0x35, 
    0x73, 0x21, 0x28, 0x3f, 0x2e, 0x2f, 0x28, 0x34, 0x7a, 0x29, 0x72, 0x3b, 
    0x76, 0x35, 0x73, 0x64, 0x67, 0x6a, 0x27, 0x3f, 0x74, 0x3d, 0x2e, 0x3f, 
    0x67, 0x34, 0x61, 0x3c, 0x2f, 0x34, 0x39, 0x2e, 0x33, 0x35, 0x34, 0x7a, 
    0x28, 0x72, 0x3b, 0x76, 0x35, 0x73, 0x21, 0x28, 0x3f, 0x2e, 0x2f, 0x28, 
    0x34, 0x7a, 0x29, 0x72, 0x3b, 0x76, 0x35, 0x73, 0x66, 0x6a, 0x27, 0x3f, 
    0x74, 0x36, 0x2e, 0x67, 0x28, 0x61, 0x3c, 0x2f, 0x34, 0x39, 0x2e, 0x33, 
    0x35, 0x34, 0x7a, 0x29, 0x72, 0x3b, 0x76, 0x35, 0x73, 0x21, 0x36, 0x3f, 
    0x2e, 0x7a, 0x39, 0x67, 0x3b, 0x74, 0x37, 0x3b, 0x2e, 0x39, 0x32, 0x72, 
    0x2e, 0x73, 0x76, 0x2f, 0x67, 0x35, 0x74, 0x37, 0x3b, 0x2e, 0x39, 0x32, 
    0x72, 0x2e, 0x73, 0x61, 0x3c, 0x35, 0x28, 0x72, 0x36, 0x3f, 0x2e, 0x7a, 
    0x32, 0x67, 0x6b, 0x61, 0x32, 0x66, 0x67, 0x69, 0x61, 0x32, 0x71, 0x71, 
    0x73, 0x21, 0x36, 0x3f, 0x2e, 0x7a, 0x2a, 0x67, 0x14, 0x2f, 0x37, 0x38, 
    0x3f, 0x28, 0x72, 0x39, 0x65, 0x74, 0x01, 0x32, 0x07, 0x65, 0x65, 0x77, 
    0x6b, 0x73, 0x76, 0x3d, 0x67, 0x14, 0x2f, 0x37, 0x38, 0x3f, 0x28, 0x72, 
    0x2f, 0x65, 0x74, 0x01, 0x32, 0x07, 0x65, 0x65, 0x77, 0x6b, 0x73, 0x61, 
    0x33, 0x3c, 0x72, 0x2a, 0x64, 0x3d, 0x73, 0x28, 0x3f, 0x2e, 0x2f, 0x28, 
    0x34, 0x7a, 0x6b, 0x61, 0x33, 0x3c, 0x72, 0x2a, 0x66, 0x3d, 0x73, 0x28, 
    0x3f, 0x2e, 0x2f, 0x28, 0x34, 0x77, 0x6b, 0x27, 0x28, 0x3f, 0x2e, 0x2f, 
    0x28, 0x34, 0x7a, 0x6a, 0x27, 0x27, 0x73, 0x72, 0x2e, 0x3f, 0x26, 0x26, 
    0x72, 0x2e, 0x3f, 0x67, 0x21, 0x27, 0x73, 0x73, 0x61, 0x2c, 0x3b, 0x28, 
    0x7a, 0x37, 0x61, 0x72, 0x3c, 0x2f, 0x34, 0x39, 0x2e, 0x33, 0x35, 0x34, 
    0x72, 0x3f, 0x73, 0x21, 0x3c, 0x2f, 0x34, 0x39, 0x2e, 0x33, 0x35, 0x34, 
    0x7a, 0x2e, 0x72, 0x35, 0x67, 0x0a, 0x28, 0x35, 0x39, 0x3f, 0x29, 0x29, 
    0x74, 0x2a, 0x35, 0x33, 0x34, 0x2e, 0x3f, 0x28, 0x09, 0x33, 0x20, 0x3f, 
    0x73, 0x21, 0x28, 0x3f, 0x2e, 0x2f, 0x28, 0x34, 0x7a, 0x3f, 0x74, 0x3f, 
    0x22, 0x2a, 0x35, 0x28, 0x2e, 0x29, 0x74, 0x3b, 0x36, 0x36, 0x35, 0x39, 
    0x72, 0x35, 0x73, 0x27, 0x3f, 0x74, 0x3b, 0x36, 0x36, 0x35, 0x39, 0x67, 
    0x2e, 0x61, 0x3c, 0x2f, 0x34, 0x39, 0x2e, 0x33, 0x35, 0x34, 0x7a, 0x33, 
    0x72, 0x35, 0x73, 0x21, 0x28, 0x3f, 0x2e, 0x2f, 0x28, 0x34, 0x7a, 0x3f, 
    0x74, 0x3f, 0x22, 0x2a, 0x35, 0x28, 0x2e, 0x29, 0x74, 0x3c, 0x28, 0x3f, 
    0x3f, 0x72, 0x35, 0x73, 0x27, 0x3f, 0x74, 0x3c, 0x28, 0x3f, 0x3f, 0x67, 
    0x33, 0x61, 0x3c, 0x2f, 0x34, 0x39, 0x2e, 0x33, 0x35, 0x34, 0x7a, 0x34, 
    0x72, 0x35, 0x76, 0x39, 0x73, 0x21, 0x29, 0x2d, 0x33, 0x2e, 0x39, 0x32, 
    0x72, 0x39, 0x74, 0x3f, 0x34, 0x2f, 0x37, 0x0c, 0x3b, 0x36, 0x2f, 0x3f, 
    0x73, 0x21, 0x39, 0x3b, 0x29, 0x3f, 0x7a, 0x3f, 0x74, 0x0e, 0x23, 0x2a, 
    0x3f, 0x74, 0x1f, 0x34, 0x2f, 0x37, 0x74, 0x18, 0x15, 0x15, 0x16, 0x1f, 
    0x1b, 0x14, 0x60, 0x28, 0x3f, 0x2e, 0x2f, 0x28, 0x34, 0x7b, 0x7b, 0x35, 
    0x74, 0x28, 0x3f, 0x3b, 0x3e, 0x09, 0x62, 0x72, 0x73, 0x61, 0x39, 0x3b, 
    0x29, 0x3f, 0x7a, 0x3f, 0x74, 0x0e, 0x23, 0x2a, 0x3f, 0x74, 0x1f, 0x34, 
    0x2f, 0x37, 0x74, 0x18, 0x03, 0x0e, 0x1f, 0x60, 0x28, 0x3f, 0x2e, 0x2f, 
    0x28, 0x34, 0x7a, 0x35, 0x74, 0x28, 0x3f, 0x3b, 0x3e, 0x09, 0x62, 0x72, 
    0x73, 0x61, 0x39, 0x3b, 0x29, 0x3f, 0x7a, 0x3f, 0x74, 0x0e, 0x23, 0x2a, 
    0x3f, 0x74, 0x1f, 0x34, 0x2f, 0x37, 0x74, 0x0f, 0x18, 0x03, 0x0e, 0x1f, 
    0x60, 0x28, 0x3f, 0x2e, 0x2f, 0x28, 0x34, 0x7a, 0x35, 0x74, 0x28, 0x3f, 
    0x3b, 0x3e, 0x0f, 0x62, 0x72, 0x73, 0x61, 0x39, 0x3b, 0x29, 0x3f, 0x7a, 
    0x3f, 0x74, 0x0e, 0x23, 0x2a, 0x3f, 0x74, 0x1f, 0x34, 0x2f, 0x37, 0x74, 
    0x09, 0x12, 0x15, 0x08, 0x0e, 0x60, 0x28, 0x3f, 0x2e, 0x2f, 0x28, 0x34, 
    0x7a, 0x35, 0x74, 0x28, 0x3f, 0x3b, 0x3e, 0x09, 0x6b, 0x6c, 0x72, 0x73, 
    0x61, 0x39, 0x3b, 0x29, 0x3f, 0x7a, 0x3f, 0x74, 0x0e, 0x23, 0x2a, 0x3f, 
    0x74, 0x1f, 0x34, 0x2f, 0x37, 0x74, 0x0f, 0x09, 0x12, 0x15, 0x08, 0x0e, 
    0x60, 0x28, 0x3f, 0x2e, 0x2f, 0x28, 0x34, 0x7a, 0x35, 0x74, 0x28, 0x3f, 
    0x3b, 0x3e, 0x0f, 0x6b, 0x6c, 0x72, 0x73, 0x61, 0x39, 0x3b, 0x29, 0x3f, 
    0x7a, 0x3f, 0x74, 0x0e, 0x23, 0x2a, 0x3f, 0x74, 0x1f, 0x34, 0x2f, 0x37, 
    0x74, 0x13, 0x14, 0x0e, 0x60, 0x28, 0x3f, 0x2e, 0x2f, 0x28, 0x34, 0x7a, 
    0x35, 0x74, 0x28, 0x3f, 0x3b, 0x3e, 0x09, 0x69, 0x68, 0x72, 0x73, 0x61, 
    0x39, 0x3b, 0x29, 0x3f, 0x7a, 0x3f, 0x74, 0x0e, 0x23, 0x2a, 0x3f, 0x74, 
    0x1f, 0x34, 0x2f, 0x37, 0x74, 0x0f, 0x13, 0x14, 0x0e, 0x60, 0x28, 0x3f, 
    0x2e, 0x2f, 0x28, 0x34, 0x7a, 0x35, 0x74, 0x28, 0x3f, 0x3b, 0x3e, 0x0f, 
    0x69, 0x68, 0x72, 0x73, 0x61, 0x39, 0x3b, 0x29, 0x3f, 0x7a, 0x3f, 0x74, 
    0x0e, 0x23, 0x2a, 0x3f, 0x74, 0x1f, 0x34, 0x2f, 0x37, 0x74, 0x19, 0x12, 
    0x1b, 0x08, 0x60, 0x28, 0x3f, 0x2e, 0x2f, 0x28, 0x34, 0x7a, 0x35, 0x74, 
    0x28, 0x3f, 0x3b, 0x3e, 0x0f, 0x6b, 0x6c, 0x72, 0x73, 0x61, 0x39, 0x3b, 
    0x29, 0x3f, 0x7a, 0x3f, 0x74, 0x0e, 0x23, 0x2a, 0x3f, 0x74, 0x1f, 0x34, 
    0x2f, 0x37, 0x74, 0x16, 0x15, 0x14, 0x1d, 0x60, 0x28, 0x3f, 0x2e, 0x2f, 
    0x28, 0x34, 0x7a, 0x35, 0x74, 0x28, 0x3f, 0x3b, 0x3e, 0x09, 0x6c, 0x6e, 
    0x72, 0x73, 0x61, 0x39, 0x3b, 0x29, 0x3f, 0x7a, 0x3f, 0x74, 0x0e, 0x23, 
    0x2a, 0x3f, 0x74, 0x1f, 0x34, 0x2f, 0x37, 0x74, 0x0f, 0x16, 0x15, 0x14, 
    0x1d, 0x60, 0x28, 0x3f, 0x2e, 0x2f, 0x28, 0x34, 0x7a, 0x35, 0x74, 0x28, 
    0x3f, 0x3b, 0x3e, 0x0f, 0x6c, 0x6e, 0x72, 0x73, 0x61, 0x39, 0x3b, 0x29, 
    0x3f, 0x7a, 0x3f, 0x74, 0x0e, 0x23, 0x2a, 0x3f, 0x74, 0x1f, 0x34, 0x2f, 
    0x37, 0x74, 0x1c, 0x16, 0x15, 0x1b, 0x0e, 0x60, 0x28, 0x3f, 0x2e, 0x2f, 
    0x28, 0x34, 0x7a, 0x35, 0x74, 0x28, 0x3f, 0x3b, 0x3e, 0x1c, 0x36, 0x35, 
    0x3b, 0x2e, 0x72, 0x73, 0x61, 0x39, 0x3b, 0x29, 0x3f, 0x7a, 0x3f, 0x74, 
    0x0e, 0x23, 0x2a, 0x3f, 0x74, 0x1f, 0x34, 0x2f, 0x37, 0x74, 0x1e, 0x15, 
    0x0f, 0x18, 0x16, 0x1f, 0x60, 0x28, 0x3f, 0x2e, 0x2f, 0x28, 0x34, 0x7a, 
    0x35, 0x74, 0x28, 0x3f, 0x3b, 0x3e, 0x1e, 0x35, 0x2f, 0x38, 0x36, 0x3f, 
    0x72, 0x73, 0x61, 0x39, 0x3b, 0x29, 0x3f, 0x7a, 0x3f, 0x74, 0x0e, 0x23, 
    0x2a, 0x3f, 0x74, 0x1f, 0x34, 0x2f, 0x37, 0x74, 0x14, 0x13, 0x14, 0x0e, 
    0x60, 0x39, 0x3b, 0x29, 0x3f, 0x7a, 0x3f, 0x74, 0x0e, 0x23, 0x2a, 0x3f, 
    0x74, 0x1f, 0x34, 0x2f, 0x37, 0x74, 0x14, 0x0f, 0x13, 0x14, 0x0e, 0x60, 
    0x28, 0x3f, 0x2e, 0x2f, 0x28, 0x34, 0x7a, 0x35, 0x74, 0x28, 0x3f, 0x3b, 
    0x3e, 0x0a, 0x35, 0x33, 0x34, 0x2e, 0x3f, 0x28, 0x72, 0x73, 0x61, 0x39, 
    0x3b, 0x29, 0x3f, 0x7a, 0x3f, 0x74, 0x0e, 0x23, 0x2a, 0x3f, 0x74, 0x1f, 
    0x34, 0x2f, 0x37, 0x74, 0x0a, 0x15, 0x13, 0x14, 0x0e, 0x1f, 0x08, 0x60, 
    0x28, 0x3f, 0x2e, 0x2f, 0x28, 0x34, 0x7a, 0x34, 0x3f, 0x2d, 0x7a, 0x3f, 
    0x74, 0x0a, 0x35, 0x33, 0x34, 0x2e, 0x3f, 0x28, 0x72, 0x35, 0x74, 0x28, 
    0x3f, 0x3b, 0x3e, 0x0a, 0x35, 0x33, 0x34, 0x2e, 0x3f, 0x28, 0x72, 0x73, 
    0x76, 0x39, 0x74, 0x39, 0x36, 0x3b, 0x29, 0x29, 0x74, 0x38, 0x3b, 0x29, 
    0x3f, 0x0e, 0x23, 0x2a, 0x3f, 0x73, 0x61, 0x39, 0x3b, 0x29, 0x3f, 0x7a, 
    0x3f, 0x74, 0x0e, 0x23, 0x2a, 0x3f, 0x74, 0x1f, 0x34, 0x2f, 0x37, 0x74, 
    0x0c, 0x1b, 0x16, 0x0f, 0x1f, 0x05, 0x0e, 0x03, 0x0a, 0x1f, 0x60, 0x28, 
    0x3f, 0x2e, 0x2f, 0x28, 0x34, 0x7a, 0x34, 0x3f, 0x2d, 0x7a, 0x3f, 0x74, 
    0x0c, 0x3b, 0x36, 0x2f, 0x3f, 0x0e, 0x23, 0x2a, 0x3f, 0x72, 0x35, 0x76, 
    0x39, 0x73, 0x61, 0x39, 0x3b, 0x29, 0x3f, 0x7a, 0x3f, 0x74, 0x0e, 0x23, 
    0x2a, 0x3f, 0x74, 0x1f, 0x34, 0x2f, 0x37, 0x74, 0x15, 0x18, 0x10, 0x1f, 
    0x19, 0x0e, 0x60, 0x39, 0x3b, 0x29, 0x3f, 0x7a, 0x3f, 0x74, 0x0e, 0x23, 
    0x2a, 0x3f, 0x74, 0x1f, 0x34, 0x2f, 0x37, 0x74, 0x19, 0x16, 0x1b, 0x09, 
    0x09, 0x60, 0x28, 0x3f, 0x2e, 0x2f, 0x28, 0x34, 0x7a, 0x34, 0x3f, 0x2d, 
    0x7a, 0x3f, 0x74, 0x15, 0x38, 0x30, 0x3f, 0x39, 0x2e, 0x72, 0x35, 0x74, 
    0x28, 0x3f, 0x3b, 0x3e, 0x0a, 0x35, 0x33, 0x34, 0x2e, 0x3f, 0x28, 0x72, 
    0x73, 0x73, 0x61, 0x39, 0x3b, 0x29, 0x3f, 0x7a, 0x3f, 0x74, 0x0e, 0x23, 
    0x2a, 0x3f, 0x74, 0x1f, 0x34, 0x2f, 0x37, 0x74, 0x1d, 0x1f, 0x14, 0x1f, 
    0x08, 0x13, 0x19, 0x05, 0x13, 0x14, 0x09, 0x0e, 0x1b, 0x14, 0x19, 0x1f, 
    0x60, 0x28, 0x3f, 0x2e, 0x2f, 0x28, 0x34, 0x7a, 0x39, 0x74, 0x39, 0x36, 
    0x3b, 0x29, 0x29, 0x74, 0x33, 0x29, 0x0c, 0x3b, 0x36, 0x2f, 0x3f, 0x0e, 
    0x23, 0x2a, 0x3f, 0x65, 0x34, 0x3f, 0x2d, 0x7a, 0x3f, 0x74, 0x0c, 0x3b, 
    0x36, 0x2f, 0x3f, 0x0e, 0x23, 0x2a, 0x3f, 0x72, 0x35, 0x76, 0x39, 0x73, 
    0x60, 0x34, 0x3f, 0x2d, 0x7a, 0x3f, 0x74, 0x15, 0x38, 0x30, 0x3f, 0x39, 
    0x2e, 0x72, 0x35, 0x74, 0x28, 0x3f, 0x3b, 0x3e, 0x0a, 0x35, 0x33, 0x34, 
    0x2e, 0x3f, 0x28, 0x72, 0x73, 0x73, 0x61, 0x39, 0x3b, 0x29, 0x3f, 0x7a, 
    0x3f, 0x74, 0x0e, 0x23, 0x2a, 0x3f, 0x74, 0x1f, 0x34, 0x2f, 0x37, 0x74, 
    0x09, 0x0e, 0x08, 0x13, 0x14, 0x1d, 0x60, 0x28, 0x3f, 0x2e, 0x2f, 0x28, 
    0x34, 0x7a, 0x34, 0x3f, 0x2d, 0x7a, 0x3f, 0x74, 0x09, 0x2e, 0x28, 0x33, 
    0x34, 0x3d, 0x72, 0x35, 0x74, 0x28, 0x3f, 0x3b, 0x3e, 0x0a, 0x35, 0x33, 
    0x34, 0x2e, 0x3f, 0x28, 0x72, 0x73, 0x73, 0x61, 0x39, 0x3b, 0x29, 0x3f, 
    0x7a, 0x3f, 0x74, 0x0e, 0x23, 0x2a, 0x3f, 0x74, 0x1f, 0x34, 0x2f, 0x37, 
    0x74, 0x1b, 0x08, 0x08, 0x1b, 0x03, 0x60, 0x39, 0x3b, 0x29, 0x3f, 0x7a, 
    0x3f, 0x74, 0x0e, 0x23, 0x2a, 0x3f, 0x74, 0x1f, 0x34, 0x2f, 0x37, 0x74, 
    0x14, 0x1b, 0x08, 0x08, 0x1b, 0x03, 0x60, 0x28, 0x3f, 0x2e, 0x2f, 0x28, 
    0x34, 0x7a, 0x34, 0x3f, 0x2d, 0x7a, 0x3f, 0x74, 0x1b, 0x28, 0x28, 0x3b, 
    0x23, 0x72, 0x35, 0x74, 0x28, 0x3f, 0x3b, 0x3e, 0x0a, 0x35, 0x33, 0x34, 
    0x2e, 0x3f, 0x28, 0x72, 0x73, 0x73, 0x27, 0x38, 0x72, 0x3a, 0x39, 0x35, 
    0x2f, 0x36, 0x3e, 0x34, 0x7d, 0x2e, 0x7a, 0x28, 0x3f, 0x3b, 0x3e, 0x7a, 
    0x2e, 0x32, 0x3f, 0x7a, 0x2c, 0x3b, 0x36, 0x2f, 0x3f, 0x7a, 0x3c, 0x28, 
    0x35, 0x37, 0x7a, 0x7e, 0x21, 0x35, 0x27, 0x7a, 0x2f, 0x29, 0x33, 0x34, 
    0x3d, 0x7a, 0x3b, 0x34, 0x7a, 0x2f, 0x34, 0x32, 0x3b, 0x34, 0x3e, 0x36, 
    0x3f, 0x3e, 0x7a, 0x35, 0x28, 0x7a, 0x2f, 0x34, 0x31, 0x34, 0x35, 0x2d, 
    0x34, 0x7a, 0x2e, 0x23, 0x2a, 0x3f, 0x7a, 0x7e, 0x21, 0x39, 0x74, 0x34, 
    0x3b, 0x37, 0x3f, 0x27, 0x7a, 0x72, 0x7e, 0x21, 0x39, 0x74, 0x3f, 0x34, 
    0x2f, 0x37, 0x0c, 0x3b, 0x36, 0x2f, 0x3f, 0x27, 0x73, 0x76, 0x7a, 0x2a, 
    0x36, 0x3f, 0x3b, 0x29, 0x3f, 0x7a, 0x3c, 0x33, 0x36, 0x3f, 0x7a, 0x3b, 
    0x34, 0x7a, 0x33, 0x29, 0x29, 0x2f, 0x3f, 0x3a, 0x73, 0x27, 0x3f, 0x74, 
    0x28, 0x3f, 0x3b, 0x3e, 0x67, 0x34, 0x61, 0x3c, 0x2f, 0x34, 0x39, 0x2e, 
    0x33, 0x35, 0x34, 0x7a, 0x28, 0x72, 0x35, 0x76, 0x39, 0x76, 0x2f, 0x73, 
    0x21, 0x29, 0x2d, 0x33, 0x2e, 0x39, 0x32, 0x72, 0x2f, 0x74, 0x3f, 0x34, 
    0x2f, 0x37, 0x0c, 0x3b, 0x36, 0x2f, 0x3f, 0x73, 0x21, 0x39, 0x3b, 0x29, 
    0x3f, 0x7a, 0x3f, 0x74, 0x0e, 0x23, 0x2a, 0x3f, 0x74, 0x1f, 0x34, 0x2f, 
    0x37, 0x74, 0x18, 0x15, 0x15, 0x16, 0x1f, 0x1b, 0x14, 0x60, 0x28, 0x3f, 
    0x2e, 0x2f, 0x28, 0x34, 0x7a, 0x35, 0x74, 0x2d, 0x28, 0x33, 0x2e, 0x3f, 
    0x09, 0x62, 0x72, 0x71, 0x39, 0x73, 0x61, 0x39, 0x3b, 0x29, 0x3f, 0x7a, 
    0x3f, 0x74, 0x0e, 0x23, 0x2a, 0x3f, 0x74, 0x1f, 0x34, 0x2f, 0x37, 0x74, 
    0x18, 0x03, 0x0e, 0x1f, 0x60, 0x28, 0x3f, 0x2e, 0x2f, 0x28, 0x34, 0x7a, 
    0x35, 0x74, 0x2d, 0x28, 0x33, 0x2e, 0x3f, 0x09, 0x62, 0x72, 0x39, 0x73, 
    0x61, 0x39, 0x3b, 0x29, 0x3f, 0x7a, 0x3f, 0x74, 0x0e, 0x23, 0x2a, 0x3f, 
    0x74, 0x1f, 0x34, 0x2f, 0x37, 0x74, 0x0f, 0x18, 0x03, 0x0e, 0x1f, 0x60, 
    0x28, 0x3f, 0x2e, 0x2f, 0x28, 0x34, 0x7a, 0x35, 0x74, 0x2d, 0x28, 0x33, 
    0x2e, 0x3f, 0x0f, 0x62, 0x72, 0x39, 0x73, 0x61, 0x39, 0x3b, 0x29, 0x3f, 
    0x7a, 0x3f, 0x74, 0x0e, 0x23, 0x2a, 0x3f, 0x74, 0x1f, 0x34, 0x2f, 0x37, 
    0x74, 0x09, 0x12, 0x15, 0x08, 0x0e, 0x60, 0x28, 0x3f, 0x2e, 0x2f, 0x28, 
    0x34, 0x7a, 0x35, 0x74, 0x2d, 0x28, 0x33, 0x2e, 0x3f, 0x09, 0x6b, 0x6c, 
    0x72, 0x39, 0x73, 0x61, 0x39, 0x3b, 0x29, 0x3f, 0x7a, 0x3f, 0x74, 0x0e, 
    0x23, 0x2a, 0x3f, 0x74, 0x1f, 0x34, 0x2f, 0x37, 0x74, 0x0f, 0x09, 0x12, 
    0x15, 0x08, 0x0e, 0x60, 0x28, 0x3f, 0x2e, 0x2f, 0x28, 0x34, 0x7a, 0x35, 
    0x74, 0x2d, 0x28, 0x33, 0x2e, 0x3f, 0x0f, 0x6b, 0x6c, 0x72, 0x39, 0x73, 
    0x61, 0x39, 0x3b, 0x29, 0x3f, 0x7a, 0x3f, 0x74, 0x0e, 0x23, 0x2a, 0x3f, 
    0x74, 0x1f, 0x34, 0x2f, 0x37, 0x74, 0x13, 0x14, 0x0e, 0x60, 0x28, 0x3f, 
    0x2e, 0x2f, 0x28, 0x34, 0x7a, 0x35, 0x74, 0x2d, 0x28, 0x33, 0x2e, 0x3f, 
    0x09, 0x69, 0x68, 0x72, 0x39, 0x73, 0x61, 0x39, 0x3b, 0x29, 0x3f, 0x7a, 
    0x3f, 0x74, 0x0e, 0x23, 0x2a, 0x3f, 0x74, 0x1f, 0x34, 0x2f, 0x37, 0x74, 
    0x0f, 0x13, 0x14, 0x0e, 0x60, 0x28, 0x3f, 0x2e, 0x2f, 0x28, 0x34, 0x7a, 
    0x35, 0x74, 0x2d, 0x28, 0x33, 0x2e, 0x3f, 0x0f, 0x69, 0x68, 0x72, 0x39, 
    0x73, 0x61, 0x39, 0x3b, 0x29, 0x3f, 0x7a, 0x3f, 0x74, 0x0e, 0x23, 0x2a, 
    0x3f, 0x74, 0x1f, 0x34, 0x2f, 0x37, 0x74, 0x19, 0x12, 0x1b, 0x08, 0x60, 
    0x28, 0x3f, 0x2e, 0x2f, 0x28, 0x34, 0x7a, 0x35, 0x74, 0x2d, 0x28, 0x33, 
    0x2e, 0x3f, 0x0f, 0x6b, 0x6c, 0x72, 0x39, 0x73, 0x61, 0x39, 0x3b, 0x29, 
    0x3f, 0x7a, 0x3f, 0x74, 0x0e, 0x23, 0x2a, 0x3f, 0x74, 0x1f, 0x34, 0x2f, 
    0x37, 0x74, 0x16, 0x15, 0x14, 0x1d, 0x60, 0x28, 0x3f, 0x2e, 0x2f, 0x28, 
    0x34, 0x7a, 0x35, 0x74, 0x2d, 0x28, 0x33, 0x2e, 0x3f, 0x09, 0x6c, 0x6e, 
    0x72, 0x39, 0x73, 0x61, 0x39, 0x3b, 0x29, 0x3f, 0x7a, 0x3f, 0x74, 0x0e, 
    0x23, 0x2a, 0x3f, 0x74, 0x1f, 0x34, 0x2f, 0x37, 0x74, 0x0f, 0x16, 0x15, 
    0x14, 0x1d, 0x60, 0x28, 0x3f, 0x2e, 0x2f, 0x28, 0x34, 0x7a, 0x35, 0x74, 
    0x2d, 0x28, 0x33, 0x2e, 0x3f, 0x0f, 0x6c, 0x6e, 0x72, 0x39, 0x73, 0x61, 
    0x39, 0x3b, 0x29, 0x3f, 0x7a, 0x3f, 0x74, 0x0e, 0x23, 0x2a, 0x3f, 0x74, 
    0x1f, 0x34, 0x2f, 0x37, 0x74, 0x1c, 0x16, 0x15, 0x1b, 0x0e, 0x60, 0x28, 
    0x3f, 0x2e, 0x2f, 0x28, 0x34, 0x7a, 0x35, 0x74, 0x2d, 0x28, 0x33, 0x2e, 
    0x3f, 0x1c, 0x36, 0x35, 0x3b, 0x2e, 0x72, 0x39, 0x73, 0x61, 0x39, 0x3b, 
    0x29, 0x3f, 0x7a, 0x3f, 0x74, 0x0e, 0x23, 0x2a, 0x3f, 0x74, 0x1f, 0x34, 
    0x2f, 0x37, 0x74, 0x1e, 0x15, 0x0f, 0x18, 0x16, 0x1f, 0x60, 0x28, 0x3f, 
    0x2e, 0x2f, 0x28, 0x34, 0x7a, 0x35, 0x74, 0x2d, 0x28, 0x33, 0x2e, 0x3f, 
    0x1e, 0x35, 0x2f, 0x38, 0x36, 0x3f, 0x72, 0x39, 0x73, 0x61, 0x39, 0x3b, 
    0x29, 0x3f, 0x7a, 0x3f, 0x74, 0x0e, 0x23, 0x2a, 0x3f, 0x74, 0x1f, 0x34, 
    0x2f, 0x37, 0x74, 0x14, 0x13, 0x14, 0x0e, 0x60, 0x39, 0x3b, 0x29, 0x3f, 
    0x7a, 0x3f, 0x74, 0x0e, 0x23, 0x2a, 0x3f, 0x74, 0x1f, 0x34, 0x2f, 0x37, 
    0x74, 0x14, 0x0f, 0x13, 0x14, 0x0e, 0x60, 0x39, 0x3b, 0x29, 0x3f, 0x7a, 
    0x3f, 0x74, 0x0e, 0x23, 0x2a, 0x3f, 0x74, 0x1f, 0x34, 0x2f, 0x37, 0x74, 
    0x0a, 0x15, 0x13, 0x14, 0x0e, 0x1f, 0x08, 0x60, 0x39, 0x3b, 0x29, 0x3f, 
    0x7a, 0x3f, 0x74, 0x0e, 0x23, 0x2a, 0x3f, 0x74, 0x1f, 0x34, 0x2f, 0x37, 
    0x74, 0x09, 0x0e, 0x08, 0x13, 0x14, 0x1d, 0x60, 0x39, 0x3b, 0x29, 0x3f, 
    0x7a, 0x3f, 0x74, 0x0e, 0x23, 0x2a, 0x3f, 0x74, 0x1f, 0x34, 0x2f, 0x37, 
    0x74, 0x1b, 0x08, 0x08, 0x1b, 0x03, 0x60, 0x39, 0x3b, 0x29, 0x3f, 0x7a, 
    0x3f, 0x74, 0x0e, 0x23, 0x2a, 0x3f, 0x74, 0x1f, 0x34, 0x2f, 0x37, 0x74, 
    0x14, 0x1b, 0x08, 0x08, 0x1b, 0x03, 0x60, 0x28, 0x3f, 0x2e, 0x2f, 0x28, 
    0x34, 0x7a, 0x35, 0x74, 0x2d, 0x28, 0x33, 0x2e, 0x3f, 0x0a, 0x35, 0x33, 
    0x34, 0x2e, 0x3f, 0x28, 0x72, 0x39, 0x73, 0x61, 0x39, 0x3b, 0x29, 0x3f, 
    0x7a, 0x3f, 0x74, 0x0e, 0x23, 0x2a, 0x3f, 0x74, 0x1f, 0x34, 0x2f, 0x37, 
    0x74, 0x0c, 0x1b, 0x16, 0x0f, 0x1f, 0x05, 0x0e, 0x03, 0x0a, 0x1f, 0x60, 
    0x28, 0x3f, 0x2e, 0x2f, 0x28, 0x34, 0x7a, 0x17, 0x3f, 0x37, 0x35, 0x28, 
    0x23, 0x74, 0x39, 0x35, 0x2a, 0x23, 0x72, 0x35, 0x76, 0x39, 0x76, 0x2f, 
    0x74, 0x39, 0x36, 0x3b, 0x29, 0x29, 0x74, 0x2c, 0x3b, 0x36, 0x2f, 0x3f, 
    0x0e, 0x23, 0x2a, 0x3f, 0x09, 0x33, 0x20, 0x3f, 0x73, 0x76, 0x35, 0x61, 
    0x39, 0x3b, 0x29, 0x3f, 0x7a, 0x3f, 0x74, 0x0e, 0x23, 0x2a, 0x3f, 0x74, 
    0x1f, 0x34, 0x2f, 0x37, 0x74, 0x15, 0x18, 0x10, 0x1f, 0x19, 0x0e, 0x60, 
    0x39, 0x3b, 0x29, 0x3f, 0x7a, 0x3f, 0x74, 0x0e, 0x23, 0x2a, 0x3f, 0x74, 
    0x1f, 0x34, 0x2f, 0x37, 0x74, 0x19, 0x16, 0x1b, 0x09, 0x09, 0x60, 0x39, 
    0x3b, 0x29, 0x3f, 0x7a, 0x3f, 0x74, 0x0e, 0x23, 0x2a, 0x3f, 0x74, 0x1f, 
    0x34, 0x2f, 0x37, 0x74, 0x1d, 0x1f, 0x14, 0x1f, 0x08, 0x13, 0x19, 0x05, 
    0x13, 0x14, 0x09, 0x0e, 0x1b, 0x14, 0x19, 0x1f, 0x60, 0x28, 0x3f, 0x2e, 
    0x2f, 0x28, 0x34, 0x7a, 0x39, 0x7a, 0x33, 0x34, 0x29, 0x2e, 0x3b, 0x34, 
    0x39, 0x3f, 0x35, 0x3c, 0x7a, 0x3f, 0x74, 0x0c, 0x3b, 0x36, 0x2f, 0x3f, 
    0x0e, 0x23, 0x2a, 0x3f, 0x65, 0x72, 0x17, 0x3f, 0x37, 0x35, 0x28, 0x23, 
    0x74, 0x39, 0x35, 0x2a, 0x23, 0x72, 0x35, 0x76, 0x39, 0x76, 0x2f, 0x74, 
    0x39, 0x36, 0x3b, 0x29, 0x29, 0x74, 0x2c, 0x3b, 0x36, 0x2f, 0x3f, 0x0e, 
    0x23, 0x2a, 0x3f, 0x09, 0x33, 0x20, 0x3f, 0x73, 0x76, 0x35, 0x73, 0x60, 
    0x35, 0x74, 0x2d, 0x28, 0x33, 0x2e, 0x3f, 0x0a, 0x35, 0x33, 0x34, 0x2e, 
    0x3f, 0x28, 0x72, 0x39, 0x73, 0x27, 0x38, 0x72, 0x3a, 0x39, 0x35, 0x2f, 
    0x36, 0x3e, 0x34, 0x7d, 0x2e, 0x7a, 0x2d, 0x28, 0x33, 0x2e, 0x3f, 0x7a, 
    0x2c, 0x3b, 0x36, 0x2f, 0x3f, 0x7a, 0x7e, 0x21, 0x39, 0x27, 0x7a, 0x2e, 
    0x35, 0x7a, 0x7e, 0x21, 0x35, 0x27, 0x7a, 0x2f, 0x29, 0x33, 0x34, 0x3d, 
    0x7a, 0x3b, 0x34, 0x7a, 0x2f, 0x34, 0x32, 0x3b, 0x34, 0x3e, 0x36, 0x3f, 
    0x3e, 0x7a, 0x35, 0x28, 0x7a, 0x2f, 0x34, 0x31, 0x34, 0x35, 0x2d, 0x34, 
    0x7a, 0x2e, 0x23, 0x2a, 0x3f, 0x7a, 0x7e, 0x21, 0x2f, 0x74, 0x34, 0x3b, 
    0x37, 0x3f, 0x27, 0x7a, 0x72, 0x7e, 0x21, 0x2f, 0x74, 0x3f, 0x34, 0x2f, 
    0x37, 0x0c, 0x3b, 0x36, 0x2f, 0x3f, 0x27, 0x73, 0x76, 0x7a, 0x2a, 0x36, 
    0x3f, 0x3b, 0x29, 0x3f, 0x7a, 0x3c, 0x33, 0x36, 0x3f, 0x7a, 0x3b, 0x34, 
    0x7a, 0x33, 0x29, 0x29, 0x2f, 0x3f, 0x3a, 0x73, 0x27, 0x3f, 0x74, 0x2d, 
    0x28, 0x33, 0x2e, 0x3f, 0x67, 0x28, 0x61, 0x3c, 0x2f, 0x34, 0x39, 0x2e, 
    0x33, 0x35, 0x34, 0x7a, 0x29, 0x72, 0x35, 0x76, 0x39, 0x73, 0x21, 0x33, 
    0x3c, 0x72, 0x3d, 0x36, 0x35, 0x38, 0x3b, 0x36, 0x0e, 0x32, 0x33, 0x29, 
    0x74, 0x1b, 0x28, 0x28, 0x3b, 0x23, 0x74, 0x33, 0x29, 0x1b, 0x28, 0x28, 
    0x3b, 0x23, 0x72, 0x35, 0x73, 0x73, 0x21, 0x36, 0x3f, 0x2e, 0x7a, 0x2f, 
    0x67, 0x17, 0x3f, 0x37, 0x35, 0x28, 0x23, 0x74, 0x3b, 0x36, 0x36, 0x35, 
    0x39, 0x72, 0x39, 0x74, 0x39, 0x36, 0x3b, 0x29, 0x29, 0x74, 0x2c, 0x3b, 
    0x36, 0x2f, 0x3f, 0x0e, 0x23, 0x2a, 0x3f, 0x09, 0x33, 0x20, 0x3f, 0x73, 
    0x76, 0x32, 0x67, 0x39, 0x74, 0x39, 0x36, 0x3b, 0x29, 0x29, 0x74, 0x3c, 
    0x33, 0x3f, 0x36, 0x3e, 0x29, 0x74, 0x3c, 0x33, 0x36, 0x2e, 0x3f, 0x28, 
    0x72, 0x2a, 0x67, 0x64, 0x7b, 0x2a, 0x74, 0x33, 0x29, 0x09, 0x2e, 0x3b, 
    0x2e, 0x33, 0x39, 0x73, 0x61, 0x3c, 0x35, 0x28, 0x72, 0x36, 0x3f, 0x2e, 
    0x7a, 0x2a, 0x67, 0x6a, 0x61, 0x2a, 0x66, 0x32, 0x74, 0x36, 0x3f, 0x34, 
    0x3d, 0x2e, 0x32, 0x61, 0x2a, 0x71, 0x71, 0x73, 0x21, 0x36, 0x3f, 0x2e, 
    0x7a, 0x3d, 0x67, 0x29, 0x72, 0x35, 0x01, 0x2a, 0x07, 0x76, 0x32, 0x01, 
    0x2a, 0x07, 0x74, 0x2e, 0x23, 0x2a, 0x3f, 0x73, 0x61, 0x28, 0x72, 0x2f, 
    0x74, 0x3b, 0x3e, 0x3e, 0x72, 0x32, 0x01, 0x2a, 0x07, 0x74, 0x35, 0x3c, 
    0x3c, 0x29, 0x3f, 0x2e, 0x73, 0x74, 0x29, 0x2f, 0x38, 0x72, 0x3f, 0x74, 
    0x15, 0x38, 0x30, 0x3f, 0x39, 0x2e, 0x74, 0x32, 0x3f, 0x3b, 0x3e, 0x3f, 
    0x28, 0x09, 0x33, 0x20, 0x3f, 0x73, 0x76, 0x3d, 0x76, 0x32, 0x01, 0x2a, 
    0x07, 0x74, 0x2e, 0x23, 0x2a, 0x3f, 0x73, 0x27, 0x28, 0x3f, 0x2e, 0x2f, 
    0x28, 0x34, 0x7a, 0x34, 0x3f, 0x2d, 0x7a, 0x3f, 0x74, 0x0c, 0x3b, 0x36, 
    0x2f, 0x3f, 0x0e, 0x23, 0x2a, 0x3f, 0x72, 0x2f, 0x76, 0x39, 0x73, 0x27, 
    0x3f, 0x36, 0x29, 0x3f, 0x7a, 0x33, 0x3c, 0x72, 0x35, 0x7a, 0x33, 0x34, 
    0x29, 0x2e, 0x3b, 0x34, 0x39, 0x3f, 0x35, 0x3c, 0x7a, 0x14, 0x3b, 0x2e, 
    0x33, 0x2c, 0x3f, 0x0a, 0x35, 0x33, 0x34, 0x2e, 0x3f, 0x28, 0x73, 0x21, 
    0x33, 0x3c, 0x72, 0x39, 0x74, 0x33, 0x29, 0x18, 0x23, 0x08, 0x3f, 0x3c, 
    0x3f, 0x28, 0x3f, 0x34, 0x39, 0x3f, 0x73, 0x28, 0x3f, 0x2e, 0x2f, 0x28, 
    0x34, 0x7a, 0x34, 0x3f, 0x2d, 0x7a, 0x3f, 0x74, 0x08, 0x3f, 0x3c, 0x3f, 
    0x28, 0x3f, 0x34, 0x39, 0x3f, 0x72, 0x35, 0x76, 0x39, 0x73, 0x61, 0x29, 
    0x2d, 0x33, 0x2e, 0x39, 0x32, 0x72, 0x39, 0x74, 0x3f, 0x34, 0x2f, 0x37, 
    0x0c, 0x3b, 0x36, 0x2f, 0x3f, 0x73, 0x21, 0x39, 0x3b, 0x29, 0x3f, 0x7a, 
    0x3f, 0x74, 0x0e, 0x23, 0x2a, 0x3f, 0x74, 0x1f, 0x34, 0x2f, 0x37, 0x74, 
    0x0a, 0x15, 0x13, 0x14, 0x0e, 0x1f, 0x08, 0x60, 0x28, 0x3f, 0x2e, 0x2f, 
    0x28, 0x34, 0x7a, 0x34, 0x3f, 0x2d, 0x7a, 0x3f, 0x74, 0x0a, 0x35, 0x33, 
    0x34, 0x2e, 0x3f, 0x28, 0x72, 0x35, 0x76, 0x39, 0x74, 0x39, 0x36, 0x3b, 
    0x29, 0x29, 0x74, 0x38, 0x3b, 0x29, 0x3f, 0x0e, 0x23, 0x2a, 0x3f, 0x73, 
    0x61, 0x39, 0x3b, 0x29, 0x3f, 0x7a, 0x3f, 0x74, 0x0e, 0x23, 0x2a, 0x3f, 
    0x74, 0x1f, 0x34, 0x2f, 0x37, 0x74, 0x09, 0x0e, 0x08, 0x13, 0x14, 0x1d, 
    0x60, 0x28, 0x3f, 0x2e, 0x2f, 0x28, 0x34, 0x7a, 0x34, 0x3f, 0x2d, 0x7a, 
    0x3f, 0x74, 0x09, 0x2e, 0x28, 0x33, 0x34, 0x3d, 0x72, 0x35, 0x73, 0x61, 
    0x39, 0x3b, 0x29, 0x3f, 0x7a, 0x3f, 0x74, 0x0e, 0x23, 0x2a, 0x3f, 0x74, 
    0x1f, 0x34, 0x2f, 0x37, 0x74, 0x19, 0x16, 0x1b, 0x09, 0x09, 0x60, 0x39, 
    0x3b, 0x29, 0x3f, 0x7a, 0x3f, 0x74, 0x0e, 0x23, 0x2a, 0x3f, 0x74, 0x1f, 
    0x34, 0x2f, 0x37, 0x74, 0x1d, 0x1f, 0x14, 0x1f, 0x08, 0x13, 0x19, 0x05, 
    0x13, 0x14, 0x09, 0x0e, 0x1b, 0x14, 0x19, 0x1f, 0x60, 0x39, 0x3b, 0x29, 
    0x3f, 0x7a, 0x3f, 0x74, 0x0e, 0x23, 0x2a, 0x3f, 0x74, 0x1f, 0x34, 0x2f, 
    0x37, 0x74, 0x15, 0x18, 0x10, 0x1f, 0x19, 0x0e, 0x60, 0x28, 0x3f, 0x2e, 
    0x2f, 0x28, 0x34, 0x7a, 0x34, 0x3f, 0x2d, 0x7a, 0x3f, 0x74, 0x15, 0x38, 
    0x30, 0x3f, 0x39, 0x2e, 0x72, 0x35, 0x73, 0x61, 0x39, 0x3b, 0x29, 0x3f, 
    0x7a, 0x3f, 0x74, 0x0e, 0x23, 0x2a, 0x3f, 0x74, 0x1f, 0x34, 0x2f, 0x37, 
    0x74, 0x1b, 0x08, 0x08, 0x1b, 0x03, 0x60, 0x39, 0x3b, 0x29, 0x3f, 0x7a, 
    0x3f, 0x74, 0x0e, 0x23, 0x2a, 0x3f, 0x74, 0x1f, 0x34, 0x2f, 0x37, 0x74, 
    0x14, 0x1b, 0x08, 0x08, 0x1b, 0x03, 0x60, 0x28, 0x3f, 0x2e, 0x2f, 0x28, 
    0x34, 0x7a, 0x34, 0x3f, 0x2d, 0x7a, 0x3f, 0x74, 0x1b, 0x28, 0x28, 0x3b, 
    0x23, 0x72, 0x35, 0x73, 0x61, 0x3e, 0x3f, 0x3c, 0x3b, 0x2f, 0x36, 0x2e, 
    0x60, 0x28, 0x3f, 0x2e, 0x2f, 0x28, 0x34, 0x7a, 0x35, 0x27, 0x27, 0x3f, 
    0x36, 0x29, 0x3f, 0x7a, 0x28, 0x3f, 0x2e, 0x2f, 0x28, 0x34, 0x7a, 0x39, 
    0x74, 0x3f, 0x34, 0x2f, 0x37, 0x0c, 0x3b, 0x36, 0x2f, 0x3f, 0x67, 0x67, 
    0x3f, 0x74, 0x0e, 0x23, 0x2a, 0x3f, 0x74, 0x1f, 0x34, 0x2f, 0x37, 0x74, 
    0x18, 0x15, 0x15, 0x16, 0x1f, 0x1b, 0x14, 0x65, 0x7b, 0x7b, 0x35, 0x60, 
    0x39, 0x74, 0x3f, 0x34, 0x2f, 0x37, 0x0c, 0x3b, 0x36, 0x2f, 0x3f, 0x67, 
    0x67, 0x3f, 0x74, 0x0e, 0x23, 0x2a, 0x3f, 0x74, 0x1f, 0x34, 0x2f, 0x37, 
    0x74, 0x0c, 0x1b, 0x16, 0x0f, 0x1f, 0x05, 0x0e, 0x03, 0x0a, 0x1f, 0x7c, 
    0x7c, 0x39, 0x74, 0x39, 0x36, 0x3b, 0x29, 0x29, 0x74, 0x33, 0x29, 0x1f, 
    0x34, 0x2f, 0x37, 0x65, 0x29, 0x72, 0x01, 0x35, 0x07, 0x76, 0x39, 0x73, 
    0x60, 0x35, 0x27, 0x3f, 0x74, 0x3c, 0x28, 0x35, 0x37, 0x1c, 0x28, 0x33, 
    0x3e, 0x3b, 0x0c, 0x3b, 0x36, 0x2f, 0x3f, 0x67, 0x29, 0x61, 0x3c, 0x2f, 
    0x34, 0x39, 0x2e, 0x33, 0x35, 0x34, 0x7a, 0x3b, 0x72, 0x35, 0x73, 0x21, 
    0x33, 0x3c, 0x72, 0x2e, 0x23, 0x2a, 0x3f, 0x35, 0x3c, 0x7a, 0x35, 0x67, 
    0x67, 0x78, 0x38, 0x35, 0x35, 0x36, 0x3f, 0x3b, 0x34, 0x78, 0x73, 0x28, 
    0x3f, 0x2e, 0x2f, 0x28, 0x34, 0x71, 0x35, 0x61, 0x33, 0x3c, 0x72, 0x35, 
    0x7a, 0x33, 0x34, 0x29, 0x2e, 0x3b, 0x34, 0x39, 0x3f, 0x35, 0x3c, 0x7a, 
    0x3f, 0x74, 0x0c, 0x3b, 0x36, 0x2f, 0x3f, 0x0e, 0x23, 0x2a, 0x3f, 0x73, 
    0x21, 0x33, 0x3c, 0x72, 0x35, 0x74, 0x2e, 0x23, 0x2a, 0x3f, 0x74, 0x39, 
    0x36, 0x3b, 0x29, 0x29, 0x74, 0x33, 0x29, 0x1f, 0x34, 0x2f, 0x37, 0x73, 
    0x28, 0x3f, 0x2e, 0x2f, 0x28, 0x34, 0x7a, 0x35, 0x74, 0x3c, 0x33, 0x3f, 
    0x36, 0x3e, 0x72, 0x78, 0x2c, 0x3b, 0x36, 0x2f, 0x3f, 0x05, 0x05, 0x78, 
    0x73, 0x74, 0x2c, 0x3b, 0x36, 0x2f, 0x3f, 0x61, 0x21, 0x36, 0x3f, 0x2e, 
    0x7a, 0x39, 0x67, 0x35, 0x74, 0x2e, 0x23, 0x2a, 0x3f, 0x74, 0x39, 0x36, 
    0x3b, 0x29, 0x29, 0x74, 0x3c, 0x33, 0x3f, 0x36, 0x3e, 0x29, 0x74, 0x3c, 
    0x33, 0x36, 0x2e, 0x3f, 0x28, 0x72, 0x2f, 0x67, 0x64, 0x7b, 0x2f, 0x74, 
    0x33, 0x29, 0x09, 0x2e, 0x3b, 0x2e, 0x33, 0x39, 0x73, 0x74, 0x37, 0x3b, 
    0x2a, 0x72, 0x2f, 0x67, 0x64, 0x3b, 0x72, 0x2f, 0x74, 0x38, 0x33, 0x34, 
    0x3e, 0x72, 0x35, 0x73, 0x74, 0x2c, 0x3b, 0x36, 0x2f, 0x3f, 0x73, 0x73, 
    0x61, 0x28, 0x3f, 0x2e, 0x2f, 0x28, 0x34, 0x7a, 0x39, 0x74, 0x36, 0x3f, 
    0x34, 0x3d, 0x2e, 0x32, 0x67, 0x67, 0x6a, 0x65, 0x01, 0x6a, 0x07, 0x60, 
    0x39, 0x27, 0x27, 0x3f, 0x36, 0x29, 0x3f, 0x7a, 0x28, 0x3f, 0x2e, 0x2f, 
    0x28, 0x34, 0x7a, 0x35, 0x27, 0x3f, 0x74, 0x2e, 0x35, 0x1c, 0x28, 0x33, 
    0x3e, 0x3b, 0x0c, 0x3b, 0x36, 0x2f, 0x3f, 0x67, 0x3b, 0x27, 0x73, 0x72, 
    0x37, 0x26, 0x26, 0x72, 0x37, 0x67, 0x21, 0x27, 0x73, 0x73, 0x61, 0x2c, 
    0x3b, 0x28, 0x7a, 0x37, 0x61, 0x72, 0x3c, 0x2f, 0x34, 0x39, 0x2e, 0x33, 
    0x35, 0x34, 0x72, 0x3f, 0x73, 0x21, 0x1c, 0x72, 0x3f, 0x76, 0x78, 0x37, 
    0x35, 0x3e, 0x2f, 0x36, 0x3f, 0x78, 0x76, 0x72, 0x73, 0x67, 0x64, 0x33, 
    0x72, 0x73, 0x65, 0x65, 0x38, 0x72, 0x78, 0x19, 0x35, 0x2f, 0x36, 0x3e, 
    0x7a, 0x34, 0x35, 0x2e, 0x7a, 0x3c, 0x33, 0x34, 0x3e, 0x7a, 0x13, 0x16, 
    0x68, 0x19, 0x0a, 0x0a, 0x7a, 0x37, 0x35, 0x3e, 0x2f, 0x36, 0x3f, 0x78, 
    0x73, 0x73, 0x61, 0x3b, 0x29, 0x23, 0x34, 0x39, 0x7a, 0x3c, 0x2f, 0x34, 
    0x39, 0x2e, 0x33, 0x35, 0x34, 0x7a, 0x2e, 0x72, 0x28, 0x67, 0x7b, 0x6b, 
    0x73, 0x21, 0x36, 0x3f, 0x2e, 0x7a, 0x29, 0x67, 0x33, 0x72, 0x73, 0x65, 
    0x65, 0x3b, 0x2d, 0x3b, 0x33, 0x2e, 0x7a, 0x34, 0x3f, 0x2d, 0x7a, 0x0a, 
    0x28, 0x35, 0x37, 0x33, 0x29, 0x3f, 0x72, 0x3b, 0x67, 0x64, 0x21, 0x36, 
    0x3f, 0x2e, 0x01, 0x35, 0x76, 0x39, 0x07, 0x67, 0x34, 0x72, 0x73, 0x76, 
    0x2f, 0x67, 0x29, 0x3f, 0x2e, 0x0e, 0x33, 0x37, 0x3f, 0x35, 0x2f, 0x2e, 
    0x72, 0x72, 0x73, 0x67, 0x64, 0x21, 0x34, 0x3f, 0x72, 0x3a, 0x3b, 0x3c, 
    0x2e, 0x3f, 0x28, 0x7a, 0x6b, 0x6a, 0x7a, 0x29, 0x3f, 0x39, 0x35, 0x34, 
    0x3e, 0x29, 0x76, 0x7a, 0x13, 0x16, 0x68, 0x19, 0x0a, 0x0a, 0x7a, 0x37, 
    0x35, 0x3e, 0x2f, 0x36, 0x3f, 0x7a, 0x7d, 0x7e, 0x21, 0x35, 0x27, 0x7d, 
    0x7a, 0x32, 0x3b, 0x29, 0x7a, 0x34, 0x35, 0x2e, 0x7a, 0x38, 0x3f, 0x3f, 
    0x34, 0x7a, 0x36, 0x35, 0x3b, 0x3e, 0x3f, 0x3e, 0x7a, 0x23, 0x3f, 0x2e, 
    0x76, 0x7a, 0x33, 0x29, 0x7a, 0x2e, 0x32, 0x3f, 0x7a, 0x3b, 0x2a, 0x2a, 
    0x7a, 0x28, 0x2f, 0x34, 0x34, 0x33, 0x34, 0x3d, 0x65, 0x3a, 0x73, 0x27, 
    0x76, 0x6b, 0x3f, 0x6e, 0x73, 0x76, 0x32, 0x67, 0x0a, 0x28, 0x35, 0x39, 
    0x3f, 0x29, 0x29, 0x74, 0x3b, 0x2e, 0x2e, 0x3b, 0x39, 0x32, 0x17, 0x35, 
    0x3e, 0x2f, 0x36, 0x3f, 0x15, 0x38, 0x29, 0x3f, 0x28, 0x2c, 0x3f, 0x28, 
    0x72, 0x21, 0x35, 0x34, 0x1b, 0x3e, 0x3e, 0x3f, 0x3e, 0x72, 0x2a, 0x73, 
    0x21, 0x72, 0x2a, 0x74, 0x34, 0x3b, 0x37, 0x3f, 0x67, 0x67, 0x35, 0x26, 
    0x26, 0x39, 0x7c, 0x7c, 0x2a, 0x74, 0x34, 0x3b, 0x37, 0x3f, 0x67, 0x67, 
    0x39, 0x73, 0x7c, 0x7c, 0x72, 0x39, 0x36, 0x3f, 0x3b, 0x28, 0x0e, 0x33, 
    0x37, 0x3f, 0x35, 0x2f, 0x2e, 0x72, 0x2f, 0x73, 0x76, 0x29, 0x3f, 0x2e, 
    0x13, 0x37, 0x37, 0x3f, 0x3e, 0x33, 0x3b, 0x2e, 0x3f, 0x72, 0x72, 0x73, 
    0x67, 0x64, 0x21, 0x3b, 0x72, 0x2a, 0x73, 0x76, 0x32, 0x74, 0x3e, 0x3f, 
    0x2e, 0x3b, 0x39, 0x32, 0x72, 0x73, 0x27, 0x73, 0x73, 0x27, 0x27, 0x73, 
    0x27, 0x73, 0x61, 0x28, 0x3f, 0x2e, 0x2f, 0x28, 0x34, 0x7a, 0x08, 0x3f, 
    0x3c, 0x36, 0x3f, 0x39, 0x2e, 0x74, 0x3e, 0x3f, 0x3c, 0x33, 0x34, 0x3f, 
    0x0a, 0x28, 0x35, 0x2a, 0x3f, 0x28, 0x2e, 0x23, 0x72, 0x3f, 0x76, 0x78, 
    0x37, 0x35, 0x3e, 0x2f, 0x36, 0x3f, 0x78, 0x76, 0x21, 0x2c, 0x3b, 0x36, 
    0x2f, 0x3f, 0x60, 0x29, 0x27, 0x73, 0x76, 0x3f, 0x74, 0x3f, 0x22, 0x2a, 
    0x35, 0x28, 0x2e, 0x29, 0x74, 0x3d, 0x3f, 0x2e, 0x19, 0x35, 0x28, 0x36, 
    0x33, 0x38, 0x72, 0x73, 0x74, 0x33, 0x29, 0x14, 0x2f, 0x36, 0x36, 0x72, 
    0x73, 0x65, 0x3b, 0x2d, 0x3b, 0x33, 0x2e, 0x7a, 0x34, 0x3f, 0x2d, 0x7a, 
    0x0a, 0x28, 0x35, 0x37, 0x33, 0x29, 0x3f, 0x72, 0x3b, 0x67, 0x64, 0x21, 
    0x36, 0x3f, 0x2e, 0x7a, 0x35, 0x67, 0x29, 0x3f, 0x2e, 0x0e, 0x33, 0x37, 
    0x3f, 0x35, 0x2f, 0x2e, 0x72, 0x72, 0x73, 0x67, 0x64, 0x21, 0x3f, 0x74, 
    0x3f, 0x22, 0x2a, 0x35, 0x28, 0x2e, 0x29, 0x74, 0x3d, 0x3f, 0x2e, 0x19, 
    0x35, 0x28, 0x36, 0x33, 0x38, 0x72, 0x73, 0x74, 0x33, 0x29, 0x14, 0x2f, 
    0x36, 0x36, 0x72, 0x73, 0x26, 0x26, 0x72, 0x34, 0x3f, 0x72, 0x78, 0x28, 
    0x3f, 0x29, 0x2f, 0x37, 0x33, 0x34, 0x3d, 0x7a, 0x3f, 0x22, 0x3f, 0x39, 
    0x2f, 0x2e, 0x33, 0x35, 0x34, 0x7a, 0x3e, 0x3f, 0x29, 0x2a, 0x33, 0x2e, 
    0x3f, 0x7a, 0x13, 0x16, 0x68, 0x19, 0x0a, 0x0a, 0x7a, 0x33, 0x34, 0x33, 
    0x2e, 0x33, 0x3b, 0x36, 0x33, 0x20, 0x3b, 0x2e, 0x33, 0x35, 0x34, 0x7a, 
    0x34, 0x35, 0x2e, 0x7a, 0x38, 0x3f, 0x33, 0x34, 0x3d, 0x7a, 0x39, 0x3b, 
    0x2a, 0x2e, 0x2f, 0x28, 0x3f, 0x3e, 0x7a, 0x33, 0x34, 0x7a, 0x2e, 0x33, 
    0x37, 0x3f, 0x76, 0x7a, 0x2a, 0x36, 0x3f, 0x3b, 0x29, 0x3f, 0x7a, 0x35, 
    0x2a, 0x3f, 0x34, 0x7a, 0x3b, 0x34, 0x7a, 0x33, 0x29, 0x29, 0x2f, 0x3f, 
    0x7a, 0x3b, 0x29, 0x7a, 0x2e, 0x32, 0x33, 0x29, 0x7a, 0x33, 0x29, 0x7a, 
    0x29, 0x2f, 0x38, 0x35, 0x2a, 0x2e, 0x33, 0x37, 0x3b, 0x36, 0x78, 0x73, 
    0x76, 0x39, 0x74, 0x3e, 0x3f, 0x2e, 0x3b, 0x39, 0x32, 0x72, 0x73, 0x76, 
    0x3b, 0x72, 0x7b, 0x6b, 0x73, 0x73, 0x27, 0x76, 0x6b, 0x3f, 0x69, 0x73, 
    0x76, 0x39, 0x67, 0x13, 0x34, 0x2e, 0x3f, 0x28, 0x39, 0x3f, 0x2a, 0x2e, 
    0x35, 0x28, 0x74, 0x3b, 0x2e, 0x2e, 0x3b, 0x39, 0x32, 0x72, 0x3f, 0x74, 
    0x3f, 0x22, 0x2a, 0x35, 0x28, 0x2e, 0x29, 0x74, 0x33, 0x34, 0x33, 0x2e, 
    0x33, 0x3b, 0x36, 0x33, 0x20, 0x3f, 0x76, 0x21, 0x35, 0x34, 0x1f, 0x34, 
    0x2e, 0x3f, 0x28, 0x72, 0x73, 0x21, 0x39, 0x36, 0x3f, 0x3b, 0x28, 0x0e, 
    0x33, 0x37, 0x3f, 0x35, 0x2f, 0x2e, 0x72, 0x35, 0x73, 0x27, 0x76, 0x35, 
    0x34, 0x16, 0x3f, 0x3b, 0x2c, 0x3f, 0x72, 0x73, 0x21, 0x39, 0x74, 0x3e, 
    0x3f, 0x2e, 0x3b, 0x39, 0x32, 0x72, 0x73, 0x76, 0x28, 0x65, 0x3b, 0x72, 
    0x7b, 0x6a, 0x73, 0x60, 0x29, 0x3f, 0x2e, 0x13, 0x37, 0x37, 0x3f, 0x3e, 
    0x33, 0x3b, 0x2e, 0x3f, 0x72, 0x72, 0x73, 0x67, 0x64, 0x3b, 0x72, 0x7b, 
    0x6b, 0x73, 0x73, 0x27, 0x27, 0x73, 0x27, 0x73, 0x60, 0x7b, 0x6b, 0x27, 
    0x3f, 0x74, 0x33, 0x34, 0x33, 0x2e, 0x33, 0x3b, 0x36, 0x33, 0x20, 0x3f, 
    0x67, 0x2e, 0x61, 0x3c, 0x2f, 0x34, 0x39, 0x2e, 0x33, 0x35, 0x34, 0x7a, 
    0x33, 0x72, 0x73, 0x21, 0x36, 0x3f, 0x2e, 0x01, 0x28, 0x76, 0x29, 0x07, 
    0x67, 0x34, 0x72, 0x73, 0x61, 0x28, 0x3f, 0x2e, 0x2f, 0x28, 0x34, 0x7a, 
    0x0a, 0x28, 0x35, 0x39, 0x3f, 0x29, 0x29, 0x74, 0x3c, 0x33, 0x34, 0x3e, 
    0x17, 0x35, 0x3e, 0x2f, 0x36, 0x3f, 0x18, 0x23, 0x14, 0x3b, 0x37, 0x3f, 
    0x72, 0x28, 0x73, 0x65, 0x65, 0x0a, 0x28, 0x35, 0x39, 0x3f, 0x29, 0x29, 
    0x74, 0x3c, 0x33, 0x34, 0x3e, 0x17, 0x35, 0x3e, 0x2f, 0x36, 0x3f, 0x18, 
    0x23, 0x14, 0x3b, 0x37, 0x3f, 0x72, 0x29, 0x65, 0x65, 0x28, 0x73, 0x65, 
    0x65, 0x72, 0x0a, 0x28, 0x35, 0x39, 0x3f, 0x29, 0x29, 0x74, 0x2a, 0x36, 
    0x3b, 0x2e, 0x3c, 0x35, 0x28, 0x37, 0x67, 0x67, 0x78, 0x3e, 0x3b, 0x28, 
    0x2d, 0x33, 0x34, 0x78, 0x65, 0x0a, 0x28, 0x35, 0x39, 0x3f, 0x29, 0x29, 
    0x74, 0x3c, 0x33, 0x34, 0x3e, 0x17, 0x35, 0x3e, 0x2f, 0x36, 0x3f, 0x18, 
    0x23, 0x1b, 0x3e, 0x3e, 0x28, 0x3f, 0x29, 0x29, 0x72, 0x1e, 0x3f, 0x38, 
    0x2f, 0x3d, 0x09, 0x23, 0x37, 0x38, 0x35, 0x36, 0x74, 0x3c, 0x28, 0x35, 
    0x37, 0x14, 0x3b, 0x37, 0x3f, 0x72, 0x78, 0x33, 0x36, 0x68, 0x39, 0x2a, 
    0x2a, 0x05, 0x33, 0x34, 0x33, 0x2e, 0x78, 0x73, 0x74, 0x3b, 0x3e, 0x3e, 
    0x28, 0x3f, 0x29, 0x29, 0x73, 0x60, 0x2c, 0x35, 0x33, 0x3e, 0x7a, 0x6a, 
    0x73, 0x65, 0x65, 0x2c, 0x35, 0x33, 0x3e, 0x7a, 0x6a, 0x27, 0x3c, 0x2f, 
    0x34, 0x39, 0x2e, 0x33, 0x35, 0x34, 0x7a, 0x34, 0x72, 0x73, 0x21, 0x33, 
    0x3c, 0x72, 0x3f, 0x74, 0x7e, 0x39, 0x35, 0x34, 0x3c, 0x33, 0x3d, 0x74, 
    0x37, 0x35, 0x3e, 0x2f, 0x36, 0x3f, 0x14, 0x3b, 0x37, 0x3f, 0x73, 0x28, 
    0x3f, 0x2e, 0x2f, 0x28, 0x34, 0x01, 0x3f, 0x74, 0x7e, 0x39, 0x35, 0x34, 
    0x3c, 0x33, 0x3d, 0x74, 0x37, 0x35, 0x3e, 0x2f, 0x36, 0x3f, 0x14, 0x3b, 
    0x37, 0x3f, 0x07, 0x61, 0x29, 0x2d, 0x33, 0x2e, 0x39, 0x32, 0x72, 0x0a, 
    0x28, 0x35, 0x39, 0x3f, 0x29, 0x29, 0x74, 0x2a, 0x36, 0x3b, 0x2e, 0x3c, 
    0x35, 0x28, 0x37, 0x73, 0x21, 0x39, 0x3b, 0x29, 0x3f, 0x78, 0x36, 0x33, 
    0x34, 0x2f, 0x22, 0x78, 0x60, 0x28, 0x3f, 0x2e, 0x2f, 0x28, 0x34, 0x01, 
    0x3c, 0x3f, 0x74, 0x3b, 0x2a, 0x33, 0x16, 0x3f, 0x2c, 0x3f, 0x36, 0x65, 
    0x78, 0x36, 0x33, 0x38, 0x33, 0x36, 0x68, 0x39, 0x2a, 0x2a, 0x74, 0x29, 
    0x35, 0x78, 0x60, 0x78, 0x1d, 0x3b, 0x37, 0x3f, 0x1b, 0x29, 0x29, 0x3f, 
    0x37, 0x38, 0x36, 0x23, 0x74, 0x29, 0x35, 0x78, 0x07, 0x61, 0x39, 0x3b, 
    0x29, 0x3f, 0x78, 0x2d, 0x33, 0x34, 0x3e, 0x35, 0x2d, 0x29, 0x78, 0x60, 
    0x28, 0x3f, 0x2e, 0x2f, 0x28, 0x34, 0x01, 0x78, 0x1d, 0x3b, 0x37, 0x3f, 
    0x1b, 0x29, 0x29, 0x3f, 0x37, 0x38, 0x36, 0x23, 0x74, 0x3e, 0x36, 0x36, 
    0x78, 0x07, 0x61, 0x39, 0x3b, 0x29, 0x3f, 0x78, 0x3e, 0x3b, 0x28, 0x2d, 
    0x33, 0x34, 0x78, 0x60, 0x28, 0x3f, 0x2e, 0x2f, 0x28, 0x34, 0x01, 0x78, 
    0x0f, 0x34, 0x33, 0x2e, 0x23, 0x1c, 0x28, 0x3b, 0x37, 0x3f, 0x2d, 0x35, 
    0x28, 0x31, 0x78, 0x76, 0x78, 0x1d, 0x3b, 0x37, 0x3f, 0x1b, 0x29, 0x29, 
    0x3f, 0x37, 0x38, 0x36, 0x23, 0x74, 0x3e, 0x23, 0x36, 0x33, 0x38, 0x78, 
    0x07, 0x27, 0x38, 0x72, 0x3a, 0x7e, 0x21, 0x0a, 0x28, 0x35, 0x39, 0x3f, 
    0x29, 0x29, 0x74, 0x2a, 0x36, 0x3b, 0x2e, 0x3c, 0x35, 0x28, 0x37, 0x27, 
    0x7a, 0x33, 0x29, 0x7a, 0x34, 0x35, 0x2e, 0x7a, 0x29, 0x2f, 0x2a, 0x2a, 
    0x35, 0x28, 0x2e, 0x3f, 0x3e, 0x7a, 0x23, 0x3f, 0x2e, 0x3a, 0x73, 0x27, 
    0x27, 0x73, 0x72, 0x37, 0x26, 0x26, 0x72, 0x37, 0x67, 0x21, 0x27, 0x73, 
    0x73, 0x61, 0x2c, 0x3b, 0x28, 0x7a, 0x37, 0x61, 0x72, 0x3c, 0x2f, 0x34, 
    0x39, 0x2e, 0x33, 0x35, 0x34, 0x72, 0x3f, 0x73, 0x21, 0x3c, 0x2f, 0x34, 
    0x39, 0x2e, 0x33, 0x35, 0x34, 0x7a, 0x2e, 0x72, 0x33, 0x76, 0x34, 0x73, 
    0x21, 0x36, 0x3f, 0x2e, 0x7a, 0x28, 0x67, 0x2e, 0x23, 0x2a, 0x3f, 0x35, 
    0x3c, 0x7a, 0x33, 0x67, 0x67, 0x78, 0x38, 0x35, 0x35, 0x36, 0x3f, 0x3b, 
    0x34, 0x78, 0x65, 0x3f, 0x74, 0x39, 0x35, 0x28, 0x36, 0x33, 0x38, 0x74, 
    0x39, 0x36, 0x3b, 0x29, 0x29, 0x72, 0x78, 0x09, 0x23, 0x29, 0x2e, 0x3f, 
    0x37, 0x74, 0x18, 0x35, 0x35, 0x36, 0x3f, 0x3b, 0x34, 0x78, 0x73, 0x60, 
    0x2e, 0x23, 0x2a, 0x3f, 0x35, 0x3c, 0x7a, 0x33, 0x67, 0x67, 0x78, 0x34, 
    0x2f, 0x37, 0x38, 0x3f, 0x28, 0x78, 0x65, 0x34, 0x65, 0x65, 0x3f, 0x74, 
    0x39, 0x35, 0x28, 0x36, 0x33, 0x38, 0x74, 0x39, 0x36, 0x3b, 0x29, 0x29, 
    0x72, 0x78, 0x09, 0x23, 0x29, 0x2e, 0x3f, 0x37, 0x74, 0x13, 0x34, 0x2e, 
    0x69, 0x68, 0x78, 0x73, 0x60, 0x33, 0x7a, 0x33, 0x34, 0x29, 0x2e, 0x3b, 
    0x34, 0x39, 0x3f, 0x35, 0x3c, 0x7a, 0x13, 0x34, 0x2e, 0x6c, 0x6e, 0x65, 
    0x3f, 0x74, 0x39, 0x35, 0x28, 0x36, 0x33, 0x38, 0x74, 0x39, 0x36, 0x3b, 
    0x29, 0x29, 0x72, 0x78, 0x09, 0x23, 0x29, 0x2e, 0x3f, 0x37, 0x74, 0x13, 
    0x34, 0x2e, 0x6c, 0x6e, 0x78, 0x73, 0x60, 0x33, 0x7a, 0x33, 0x34, 0x29, 
    0x2e, 0x3b, 0x34, 0x39, 0x3f, 0x35, 0x3c, 0x7a, 0x0f, 0x13, 0x34, 0x2e, 
    0x6c, 0x6e, 0x65, 0x3f, 0x74, 0x39, 0x35, 0x28, 0x36, 0x33, 0x38, 0x74, 
    0x39, 0x36, 0x3b, 0x29, 0x29, 0x72, 0x78, 0x09, 0x23, 0x29, 0x2e, 0x3f, 
    0x37, 0x74, 0x0f, 0x13, 0x34, 0x2e, 0x6c, 0x6e, 0x78, 0x73, 0x60, 0x33, 
    0x7a, 0x33, 0x34, 0x29, 0x2e, 0x3b, 0x34, 0x39, 0x3f, 0x35, 0x3c, 0x7a, 
    0x14, 0x3b, 0x2e, 0x33, 0x2c, 0x3f, 0x0a, 0x35, 0x33, 0x34, 0x2e, 0x3f, 
    0x28, 0x65, 0x34, 0x65, 0x65, 0x3f, 0x74, 0x39, 0x35, 0x28, 0x36, 0x33, 
    0x38, 0x74, 0x39, 0x36, 0x3b, 0x29, 0x29, 0x72, 0x78, 0x09, 0x23, 0x29, 
    0x2e, 0x3f, 0x37, 0x74, 0x13, 0x34, 0x2e, 0x0a, 0x2e, 0x28, 0x78, 0x73, 
    0x60, 0x33, 0x7a, 0x33, 0x34, 0x29, 0x2e, 0x3b, 0x34, 0x39, 0x3f, 0x35, 
    0x3c, 0x7a, 0x3f, 0x74, 0x0c, 0x3b, 0x36, 0x2f, 0x3f, 0x0e, 0x23, 0x2a, 
    0x3f, 0x65, 0x33, 0x74, 0x2e, 0x23, 0x2a, 0x3f, 0x74, 0x39, 0x36, 0x3b, 
    0x29, 0x29, 0x60, 0x34, 0x65, 0x65, 0x38, 0x72, 0x3a, 0x1b, 0x7a, 0x39, 
    0x36, 0x3b, 0x29, 0x29, 0x7a, 0x37, 0x2f, 0x29, 0x2e, 0x7a, 0x38, 0x3f, 
    0x7a, 0x29, 0x2a, 0x3f, 0x39, 0x33, 0x3c, 0x33, 0x3f, 0x3e, 0x7a, 0x2d, 
    0x32, 0x3f, 0x34, 0x7a, 0x39, 0x35, 0x34, 0x29, 0x2e, 0x28, 0x2f, 0x39, 
    0x2e, 0x33, 0x34, 0x3d, 0x7a, 0x3b, 0x7a, 0x34, 0x2f, 0x36, 0x36, 0x3b, 
    0x38, 0x36, 0x3f, 0x7a, 0x3c, 0x35, 0x28, 0x7a, 0x2c, 0x3b, 0x36, 0x2f, 
    0x3f, 0x7a, 0x7d, 0x7e, 0x21, 0x33, 0x27, 0x7d, 0x3a, 0x73, 0x61, 0x28, 
    0x74, 0x33, 0x29, 0x0c, 0x3b, 0x36, 0x2f, 0x3f, 0x0e, 0x23, 0x2a, 0x3f, 
    0x67, 0x67, 0x7b, 0x6b, 0x7c, 0x7c, 0x38, 0x72, 0x3a, 0x19, 0x3b, 0x34, 
    0x34, 0x35, 0x2e, 0x7a, 0x39, 0x28, 0x3f, 0x3b, 0x2e, 0x3f, 0x7a, 0x34, 
    0x2f, 0x36, 0x36, 0x3b, 0x38, 0x36, 0x3f, 0x7a, 0x2c, 0x3b, 0x36, 0x2f, 
    0x3f, 0x7a, 0x2e, 0x23, 0x2a, 0x3f, 0x7a, 0x35, 0x2f, 0x2e, 0x7a, 0x35, 
    0x3c, 0x7a, 0x3b, 0x7a, 0x28, 0x3f, 0x3c, 0x3f, 0x28, 0x3f, 0x34, 0x39, 
    0x3f, 0x7a, 0x2e, 0x23, 0x2a, 0x3f, 0x7a, 0x7d, 0x7e, 0x21, 0x28, 0x74, 
    0x2e, 0x23, 0x2a, 0x3f, 0x74, 0x34, 0x3b, 0x37, 0x3f, 0x27, 0x7d, 0x3a, 
    0x73, 0x61, 0x36, 0x3f, 0x2e, 0x7a, 0x29, 0x67, 0x3f, 0x74, 0x39, 0x35, 
    0x28, 0x36, 0x33, 0x38, 0x74, 0x39, 0x36, 0x3b, 0x29, 0x29, 0x72, 0x78, 
    0x09, 0x23, 0x29, 0x2e, 0x3f, 0x37, 0x74, 0x14, 0x2f, 0x36, 0x36, 0x3b, 
    0x38, 0x36, 0x3f, 0x3a, 0x6b, 0x78, 0x73, 0x74, 0x33, 0x34, 0x3c, 0x36, 
    0x3b, 0x2e, 0x3f, 0x72, 0x28, 0x73, 0x76, 0x3b, 0x67, 0x34, 0x3f, 0x2d, 
    0x7a, 0x3f, 0x74, 0x0c, 0x3b, 0x36, 0x2f, 0x3f, 0x0e, 0x23, 0x2a, 0x3f, 
    0x72, 0x17, 0x3f, 0x37, 0x35, 0x28, 0x23, 0x74, 0x3b, 0x36, 0x36, 0x35, 
    0x39, 0x72, 0x29, 0x74, 0x2c, 0x3b, 0x36, 0x2f, 0x3f, 0x0e, 0x23, 0x2a, 
    0x3f, 0x09, 0x33, 0x20, 0x3f, 0x73, 0x76, 0x29, 0x74, 0x2e, 0x23, 0x2a, 
    0x3f, 0x73, 0x61, 0x28, 0x3f, 0x2e, 0x2f, 0x28, 0x34, 0x72, 0x3b, 0x74, 
    0x2e, 0x28, 0x23, 0x1c, 0x33, 0x3f, 0x36, 0x3e, 0x72, 0x78, 0x32, 0x3b, 
    0x29, 0x0c, 0x3b, 0x36, 0x2f, 0x3f, 0x78, 0x73, 0x65, 0x65, 0x3b, 0x74, 
    0x3c, 0x33, 0x3f, 0x36, 0x3e, 0x72, 0x78, 0x32, 0x3b, 0x29, 0x05, 0x2c, 
    0x3b, 0x36, 0x2f, 0x3f, 0x78, 0x73, 0x73, 0x74, 0x2c, 0x3b, 0x36, 0x2f, 
    0x3f, 0x67, 0x33, 0x7b, 0x67, 0x34, 0x2f, 0x36, 0x36, 0x76, 0x33, 0x7b, 
    0x67, 0x34, 0x2f, 0x36, 0x36, 0x7c, 0x7c, 0x72, 0x3b, 0x74, 0x3c, 0x33, 
    0x3f, 0x36, 0x3e, 0x72, 0x78, 0x2c, 0x3b, 0x36, 0x2f, 0x3f, 0x78, 0x73, 
    0x74, 0x2c, 0x3b, 0x36, 0x2f, 0x3f, 0x67, 0x33, 0x73, 0x76, 0x3b, 0x27, 
    0x3f, 0x74, 0x34, 0x2f, 0x36, 0x36, 0x3b, 0x38, 0x36, 0x3f, 0x67, 0x2e, 
    0x27, 0x73, 0x72, 0x37, 0x26, 0x26, 0x72, 0x37, 0x67, 0x21, 0x27, 0x73, 
    0x73, 0x61, 0x2c, 0x3b, 0x28, 0x7a, 0x37, 0x61, 0x72, 0x3c, 0x2f, 0x34, 
    0x39, 0x2e, 0x33, 0x35, 0x34, 0x72, 0x3f, 0x73, 0x21, 0x3b, 0x29, 0x23, 
    0x34, 0x39, 0x7a, 0x3c, 0x2f, 0x34, 0x39, 0x2e, 0x33, 0x35, 0x34, 0x7a, 
    0x2e, 0x72, 0x33, 0x76, 0x34, 0x67, 0x78, 0x38, 0x33, 0x34, 0x3e, 0x78, 
    0x73, 0x21, 0x36, 0x3f, 0x2e, 0x7a, 0x28, 0x67, 0x34, 0x2f, 0x36, 0x36, 
    0x61, 0x2e, 0x28, 0x23, 0x21, 0x36, 0x3f, 0x2e, 0x7a, 0x29, 0x67, 0x3b, 
    0x2d, 0x3b, 0x33, 0x2e, 0x7a, 0x3f, 0x74, 0x33, 0x34, 0x33, 0x2e, 0x33, 
    0x3b, 0x36, 0x33, 0x20, 0x3f, 0x72, 0x34, 0x67, 0x67, 0x78, 0x37, 0x3b, 
    0x33, 0x34, 0x78, 0x73, 0x61, 0x33, 0x3c, 0x72, 0x34, 0x67, 0x67, 0x78, 
    0x37, 0x3b, 0x33, 0x34, 0x78, 0x7c, 0x7c, 0x7b, 0x29, 0x73, 0x28, 0x3f, 
    0x2e, 0x2f, 0x28, 0x34, 0x7a, 0x2e, 0x72, 0x72, 0x73, 0x67, 0x64, 0x3f, 
    0x74, 0x37, 0x3b, 0x33, 0x34, 0x0e, 0x32, 0x28, 0x3f, 0x3b, 0x3e, 0x74, 
    0x29, 0x39, 0x32, 0x3f, 0x3e, 0x2f, 0x36, 0x3f, 0x72, 0x33, 0x73, 0x76, 
    0x78, 0x3c, 0x28, 0x3f, 0x3f, 0x78, 0x73, 0x61, 0x3f, 0x74, 0x39, 0x2f, 
    0x28, 0x28, 0x3f, 0x34, 0x2e, 0x0e, 0x32, 0x28, 0x3f, 0x3b, 0x3e, 0x67, 
    0x67, 0x34, 0x2f, 0x36, 0x36, 0x7c, 0x7c, 0x72, 0x28, 0x67, 0x3f, 0x74, 
    0x3e, 0x35, 0x37, 0x3b, 0x33, 0x34, 0x74, 0x3b, 0x2e, 0x2e, 0x3b, 0x39, 
    0x32, 0x72, 0x73, 0x73, 0x76, 0x34, 0x67, 0x67, 0x78, 0x38, 0x33, 0x34, 
    0x3e, 0x78, 0x7c, 0x7c, 0x28, 0x7b, 0x67, 0x34, 0x2f, 0x36, 0x36, 0x7c, 
    0x7c, 0x09, 0x39, 0x28, 0x33, 0x2a, 0x2e, 0x74, 0x38, 0x33, 0x34, 0x3e, 
    0x0d, 0x3f, 0x3b, 0x31, 0x72, 0x3d, 0x36, 0x35, 0x38, 0x3b, 0x36, 0x0e, 
    0x32, 0x33, 0x29, 0x76, 0x72, 0x73, 0x67, 0x64, 0x28, 0x65, 0x74, 0x3e, 
    0x3f, 0x2e, 0x3b, 0x39, 0x32, 0x72, 0x73, 0x73, 0x61, 0x36, 0x3f, 0x2e, 
    0x7a, 0x3b, 0x67, 0x33, 0x72, 0x73, 0x61, 0x28, 0x3f, 0x2e, 0x2f, 0x28, 
    0x34, 0x7a, 0x3b, 0x7a, 0x33, 0x34, 0x29, 0x2e, 0x3b, 0x34, 0x39, 0x3f, 
    0x35, 0x3c, 0x7a, 0x0a, 0x28, 0x35, 0x37, 0x33, 0x29, 0x3f, 0x65, 0x3b, 
    0x2d, 0x3b, 0x33, 0x2e, 0x7a, 0x3b, 0x60, 0x3b, 0x27, 0x39, 0x3b, 0x2e, 
    0x39, 0x32, 0x72, 0x29, 0x73, 0x21, 0x28, 0x3f, 0x2e, 0x2f, 0x28, 0x34, 
    0x7a, 0x09, 0x39, 0x28, 0x33, 0x2a, 0x2e, 0x74, 0x34, 0x3f, 0x22, 0x2e, 
    0x0e, 0x33, 0x39, 0x31, 0x72, 0x3b, 0x67, 0x64, 0x21, 0x2e, 0x32, 0x28, 
    0x35, 0x2d, 0x7a, 0x3b, 0x27, 0x76, 0x29, 0x73, 0x76, 0x0a, 0x28, 0x35, 
    0x37, 0x33, 0x29, 0x3f, 0x74, 0x28, 0x3f, 0x30, 0x3f, 0x39, 0x2e, 0x72, 
    0x29, 0x73, 0x27, 0x3c, 0x33, 0x34, 0x3b, 0x36, 0x36, 0x23, 0x21, 0x34, 
    0x67, 0x67, 0x78, 0x3c, 0x28, 0x3f, 0x3f, 0x78, 0x7c, 0x7c, 0x28, 0x7b, 
    0x67, 0x34, 0x2f, 0x36, 0x36, 0x7c, 0x7c, 0x28, 0x74, 0x3e, 0x3f, 0x2e, 
    0x3b, 0x39, 0x32, 0x72, 0x73, 0x27, 0x27, 0x3f, 0x74, 0x2a, 0x3f, 0x28, 
    0x3c, 0x35, 0x28, 0x37, 0x67, 0x2e, 0x27, 0x73, 0x72, 0x37, 0x26, 0x26, 
    0x72, 0x37, 0x67, 0x21, 0x27, 0x73, 0x73, 0x61, 0x2c, 0x3b, 0x28, 0x7a, 
    0x37, 0x61, 0x72, 0x3c, 0x2f, 0x34, 0x39, 0x2e, 0x33, 0x35, 0x34, 0x72, 
    0x3f, 0x73, 0x21, 0x39, 0x36, 0x3b, 0x29, 0x29, 0x7a, 0x2e, 0x21, 0x79, 
    0x3f, 0x67, 0x21, 0x3e, 0x3f, 0x2a, 0x2e, 0x32, 0x60, 0x6a, 0x76, 0x38, 
    0x2f, 0x3c, 0x3c, 0x3f, 0x28, 0x60, 0x01, 0x07, 0x76, 0x32, 0x33, 0x29, 
    0x2e, 0x35, 0x28, 0x23, 0x60, 0x34, 0x3f, 0x2d, 0x7a, 0x09, 0x3f, 0x2e, 
    0x76, 0x3c, 0x36, 0x2f, 0x29, 0x32, 0x60, 0x72, 0x73, 0x67, 0x64, 0x21, 
    0x33, 0x3c, 0x72, 0x2e, 0x32, 0x33, 0x29, 0x74, 0x79, 0x3f, 0x74, 0x3e, 
    0x3f, 0x2a, 0x2e, 0x32, 0x67, 0x67, 0x6a, 0x73, 0x21, 0x36, 0x3f, 0x2e, 
    0x7a, 0x29, 0x67, 0x3a, 0x50, 0x7e, 0x21, 0x2e, 0x32, 0x33, 0x29, 0x74, 
    0x79, 0x3f, 0x74, 0x38, 0x2f, 0x3c, 0x3c, 0x3f, 0x28, 0x74, 0x30, 0x35, 
    0x33, 0x34, 0x72, 0x3a, 0x50, 0x3a, 0x73, 0x27, 0x50, 0x3a, 0x61, 0x33, 
    0x3c, 0x72, 0x2e, 0x32, 0x33, 0x29, 0x74, 0x79, 0x3e, 0x73, 0x28, 0x3f, 
    0x72, 0x29, 0x73, 0x61, 0x3f, 0x36, 0x29, 0x3f, 0x21, 0x36, 0x3f, 0x2e, 
    0x7a, 0x3b, 0x67, 0x0e, 0x3f, 0x72, 0x29, 0x73, 0x61, 0x2e, 0x32, 0x33, 
    0x29, 0x74, 0x79, 0x3f, 0x74, 0x32, 0x33, 0x29, 0x2e, 0x35, 0x28, 0x23, 
    0x74, 0x32, 0x3b, 0x29, 0x72, 0x3b, 0x73, 0x26, 0x26, 0x72, 0x2e, 0x32, 
    0x33, 0x29, 0x74, 0x79, 0x3f, 0x74, 0x32, 0x33, 0x29, 0x2e, 0x35, 0x28, 
    0x23, 0x74, 0x3b, 0x3e, 0x3e, 0x72, 0x3b, 0x73, 0x76, 0x28, 0x3f, 0x72, 
    0x29, 0x73, 0x73, 0x27, 0x2e, 0x32, 0x33, 0x29, 0x74, 0x79, 0x3f, 0x74, 
    0x38, 0x2f, 0x3c, 0x3c, 0x3f, 0x28, 0x74, 0x36, 0x3f, 0x34, 0x3d, 0x2e, 
    0x32, 0x67, 0x6a, 0x27, 0x27, 0x27, 0x61, 0x79, 0x2f, 0x67, 0x3f, 0x74, 
    0x37, 0x3b, 0x33, 0x34, 0x0e, 0x32, 0x28, 0x3f, 0x3b, 0x3e, 0x74, 0x33, 
    0x3e, 0x61, 0x79, 0x3e, 0x67, 0x7b, 0x6b, 0x61, 0x79, 0x37, 0x61, 0x79, 
    0x39, 0x67, 0x01, 0x07, 0x61, 0x79, 0x36, 0x61, 0x79, 0x2e, 0x61, 0x79, 
    0x34, 0x61, 0x79, 0x28, 0x61, 0x79, 0x29, 0x61, 0x79, 0x33, 0x61, 0x79, 
    0x3b, 0x61, 0x79, 0x35, 0x61, 0x39, 0x35, 0x34, 0x29, 0x2e, 0x28, 0x2f, 
    0x39, 0x2e, 0x35, 0x28, 0x72, 0x29, 0x73, 0x21, 0x2e, 0x32, 0x33, 0x29, 
    0x74, 0x79, 0x37, 0x67, 0x29, 0x27, 0x2e, 0x32, 0x28, 0x3f, 0x3b, 0x3e, 
    0x72, 0x29, 0x73, 0x21, 0x28, 0x3f, 0x2e, 0x2f, 0x28, 0x34, 0x7a, 0x2e, 
    0x32, 0x33, 0x29, 0x74, 0x79, 0x2f, 0x67, 0x29, 0x74, 0x33, 0x3e, 0x76, 
    0x2e, 0x32, 0x33, 0x29, 0x27, 0x2c, 0x3f, 0x28, 0x38, 0x35, 0x29, 0x3f, 
    0x72, 0x29, 0x73, 0x21, 0x28, 0x3f, 0x2e, 0x2f, 0x28, 0x34, 0x7a, 0x2e, 
    0x32, 0x33, 0x29, 0x74, 0x79, 0x3e, 0x67, 0x29, 0x76, 0x2e, 0x32, 0x33, 
    0x29, 0x27, 0x3e, 0x35, 0x37, 0x3b, 0x33, 0x34, 0x72, 0x73, 0x21, 0x28, 
    0x3f, 0x2e, 0x2f, 0x28, 0x34, 0x7a, 0x2e, 0x32, 0x33, 0x29, 0x74, 0x79, 
    0x36, 0x67, 0x3f, 0x74, 0x3e, 0x35, 0x37, 0x3b, 0x33, 0x34, 0x76, 0x2e, 
    0x32, 0x33, 0x29, 0x27, 0x3b, 0x29, 0x29, 0x3f, 0x37, 0x38, 0x36, 0x33, 
    0x3f, 0x29, 0x72, 0x74, 0x74, 0x74, 0x29, 0x73, 0x21, 0x28, 0x3f, 0x2e, 
    0x2f, 0x28, 0x34, 0x7a, 0x2e, 0x32, 0x33, 0x29, 0x74, 0x79, 0x2e, 0x67, 
    0x29, 0x76, 0x2e, 0x32, 0x33, 0x29, 0x27, 0x39, 0x36, 0x3b, 0x29, 0x29, 
    0x3f, 0x29, 0x72, 0x74, 0x74, 0x74, 0x29, 0x73, 0x21, 0x28, 0x3f, 0x2e, 
    0x2f, 0x28, 0x34, 0x7a, 0x2e, 0x32, 0x33, 0x29, 0x74, 0x79, 0x34, 0x67, 
    0x29, 0x76, 0x2e, 0x32, 0x33, 0x29, 0x27, 0x37, 0x3f, 0x2e, 0x32, 0x35, 
    0x3e, 0x29, 0x72, 0x74, 0x74, 0x74, 0x29, 0x73, 0x21, 0x28, 0x3f, 0x2e, 
    0x2f, 0x28, 0x34, 0x7a, 0x2e, 0x32, 0x33, 0x29, 0x74, 0x79, 0x28, 0x67, 
    0x29, 0x76, 0x2e, 0x32, 0x33, 0x29, 0x27, 0x3c, 0x33, 0x36, 0x2e, 0x3f, 
    0x28, 0x1b, 0x29, 0x29, 0x3f, 0x37, 0x38, 0x36, 0x33, 0x3f, 0x29, 0x72, 
    0x29, 0x73, 0x21, 0x28, 0x3f, 0x2e, 0x2f, 0x28, 0x34, 0x7a, 0x2e, 0x32, 
    0x33, 0x29, 0x74, 0x79, 0x29, 0x67, 0x29, 0x76, 0x2e, 0x32, 0x33, 0x29, 
    0x27, 0x3c, 0x33, 0x36, 0x2e, 0x3f, 0x28, 0x19, 0x36, 0x3b, 0x29, 0x29, 
    0x3f, 0x29, 0x72, 0x29, 0x73, 0x21, 0x28, 0x3f, 0x2e, 0x2f, 0x28, 0x34, 
    0x7a, 0x2e, 0x32, 0x33, 0x29, 0x74, 0x79, 0x33, 0x67, 0x29, 0x76, 0x2e, 
    0x32, 0x33, 0x29, 0x27, 0x3c, 0x33, 0x36, 0x2e, 0x3f, 0x28, 0x17, 0x3f, 
    0x2e, 0x32, 0x35, 0x3e, 0x29, 0x72, 0x29, 0x73, 0x21, 0x28, 0x3f, 0x2e, 
    0x2f, 0x28, 0x34, 0x7a, 0x2e, 0x32, 0x33, 0x29, 0x74, 0x79, 0x3b, 0x67, 
    0x29, 0x76, 0x2e, 0x32, 0x33, 0x29, 0x27, 0x3c, 0x33, 0x36, 0x2e, 0x3f, 
    0x28, 0x0a, 0x3b, 0x28, 0x3b, 0x37, 0x3f, 0x2e, 0x3f, 0x28, 0x29, 0x72, 
    0x29, 0x73, 0x21, 0x28, 0x3f, 0x2e, 0x2f, 0x28, 0x34, 0x7a, 0x2e, 0x32, 
    0x33, 0x29, 0x74, 0x79, 0x35, 0x67, 0x29, 0x76, 0x2e, 0x32, 0x33, 0x29, 
    0x27, 0x3b, 0x34, 0x3e, 0x72, 0x73, 0x21, 0x36, 0x3f, 0x2e, 0x7a, 0x29, 
    0x67, 0x3d, 0x67, 0x64, 0x21, 0x33, 0x3c, 0x72, 0x2e, 0x32, 0x33, 0x29, 
    0x74, 0x79, 0x35, 0x67, 0x67, 0x34, 0x2f, 0x36, 0x36, 0x73, 0x21, 0x2e, 
    0x32, 0x33, 0x29, 0x74, 0x79, 0x39, 0x74, 0x2a, 0x2f, 0x29, 0x32, 0x72, 
    0x3d, 0x73, 0x61, 0x28, 0x3f, 0x2e, 0x2f, 0x28, 0x34, 0x27, 0x3c, 0x35, 
    0x28, 0x72, 0x36, 0x3f, 0x2e, 0x7a, 0x05, 0x7a, 0x35, 0x3c, 0x7a, 0x3d, 
    0x74, 0x2a, 0x3b, 0x28, 0x3b, 0x37, 0x3f, 0x2e, 0x3f, 0x28, 0x29, 0x73, 
    0x33, 0x3c, 0x72, 0x2e, 0x32, 0x33, 0x29, 0x74, 0x79, 0x35, 0x72, 0x05, 
    0x73, 0x73, 0x21, 0x2e, 0x32, 0x33, 0x29, 0x74, 0x79, 0x39, 0x74, 0x2a, 
    0x2f, 0x29, 0x32, 0x72, 0x3d, 0x73, 0x61, 0x38, 0x28, 0x3f, 0x3b, 0x31, 
    0x27, 0x27, 0x76, 0x3b, 0x67, 0x3d, 0x67, 0x64, 0x21, 0x3c, 0x35, 0x28, 
    0x72, 0x36, 0x3f, 0x2e, 0x7a, 0x05, 0x7a, 0x35, 0x3c, 0x7a, 0x3d, 0x73, 
    0x29, 0x72, 0x05, 0x73, 0x27, 0x76, 0x35, 0x67, 0x3d, 0x67, 0x64, 0x21, 
    0x33, 0x3c, 0x72, 0x2e, 0x32, 0x33, 0x29, 0x74, 0x79, 0x3b, 0x67, 0x67, 
    0x34, 0x2f, 0x36, 0x36, 0x73, 0x21, 0x3b, 0x72, 0x3d, 0x74, 0x37, 0x3f, 
    0x2e, 0x32, 0x35, 0x3e, 0x29, 0x73, 0x61, 0x28, 0x3f, 0x2e, 0x2f, 0x28, 
    0x34, 0x27, 0x3c, 0x35, 0x28, 0x72, 0x36, 0x3f, 0x2e, 0x7a, 0x05, 0x7a, 
    0x35, 0x3c, 0x7a, 0x3d, 0x74, 0x37, 0x3f, 0x2e, 0x32, 0x35, 0x3e, 0x29, 
    0x73, 0x2e, 0x32, 0x33, 0x29, 0x74, 0x79, 0x3b, 0x72, 0x05, 0x73, 0x7c, 
    0x7c, 0x29, 0x72, 0x05, 0x73, 0x27, 0x76, 0x39, 0x67, 0x3d, 0x67, 0x64, 
    0x21, 0x3c, 0x35, 0x28, 0x72, 0x36, 0x3f, 0x2e, 0x7a, 0x05, 0x7a, 0x35, 
    0x3c, 0x7a, 0x3d, 0x73, 0x35, 0x72, 0x05, 0x73, 0x27, 0x76, 0x2f, 0x67, 
    0x3d, 0x67, 0x64, 0x21, 0x33, 0x3c, 0x72, 0x2e, 0x32, 0x33, 0x29, 0x74, 
    0x79, 0x33, 0x67, 0x67, 0x34, 0x2f, 0x36, 0x36, 0x73, 0x21, 0x39, 0x72, 
    0x3d, 0x74, 0x33, 0x37, 0x3b, 0x3d, 0x3f, 0x74, 0x39, 0x36, 0x3b, 0x29, 
    0x29, 0x3f, 0x29, 0x73, 0x61, 0x28, 0x3f, 0x2e, 0x2f, 0x28, 0x34, 0x27, 
    0x3c, 0x35, 0x28, 0x72, 0x36, 0x3f, 0x2e, 0x7a, 0x05, 0x7a, 0x35, 0x3c, 
    0x7a, 0x3d, 0x74, 0x33, 0x37, 0x3b, 0x3d, 0x3f, 0x74, 0x39, 0x36, 0x3b, 
    0x29, 0x29, 0x3f, 0x29, 0x73, 0x2e, 0x32, 0x33, 0x29, 0x74, 0x79, 0x33, 
    0x72, 0x05, 0x73, 0x7c, 0x7c, 0x35, 0x72, 0x05, 0x73, 0x27, 0x76, 0x32, 
    0x67, 0x3d, 0x67, 0x64, 0x21, 0x3c, 0x35, 0x28, 0x72, 0x36, 0x3f, 0x2e, 
    0x7a, 0x05, 0x7a, 0x35, 0x3c, 0x7a, 0x3d, 0x73, 0x2f, 0x72, 0x05, 0x73, 
    0x27, 0x76, 0x2a, 0x67, 0x3d, 0x67, 0x64, 0x21, 0x33, 0x3c, 0x72, 0x2e, 
    0x32, 0x33, 0x29, 0x74, 0x79, 0x29, 0x67, 0x67, 0x34, 0x2f, 0x36, 0x36, 
    0x73, 0x21, 0x32, 0x72, 0x3d, 0x74, 0x3b, 0x29, 0x29, 0x3f, 0x37, 0x38, 
    0x36, 0x33, 0x3f, 0x29, 0x73, 0x61, 0x28, 0x3f, 0x2e, 0x2f, 0x28, 0x34, 
    0x27, 0x3c, 0x35, 0x28, 0x72, 0x36, 0x3f, 0x2e, 0x7a, 0x05, 0x7a, 0x35, 
    0x3c, 0x7a, 0x3d, 0x74, 0x3b, 0x29, 0x29, 0x3f, 0x37, 0x38, 0x36, 0x33, 
    0x3f, 0x29, 0x73, 0x2e, 0x32, 0x33, 0x29, 0x74, 0x79, 0x29, 0x72, 0x05, 
    0x73, 0x7c, 0x7c, 0x2f, 0x72, 0x05, 0x73, 0x27, 0x61, 0x28, 0x3f, 0x2e, 
    0x2f, 0x28, 0x34, 0x7a, 0x2e, 0x32, 0x33, 0x29, 0x74, 0x79, 0x28, 0x65, 
    0x3b, 0x72, 0x2e, 0x32, 0x33, 0x29, 0x74, 0x79, 0x28, 0x73, 0x60, 0x2e, 
    0x32, 0x33, 0x29, 0x74, 0x79, 0x34, 0x65, 0x39, 0x72, 0x2e, 0x32, 0x33, 
    0x29, 0x74, 0x79, 0x34, 0x73, 0x60, 0x2e, 0x32, 0x33, 0x29, 0x74, 0x79, 
    0x2e, 0x65, 0x32, 0x72, 0x2e, 0x32, 0x33, 0x29, 0x74, 0x79, 0x2e, 0x73, 
    0x60, 0x2e, 0x32, 0x33, 0x29, 0x74, 0x79, 0x36, 0x7c, 0x7c, 0x2a, 0x72, 
    0x2e, 0x32, 0x33, 0x29, 0x74, 0x79, 0x36, 0x73, 0x76, 0x2e, 0x32, 0x33, 
    0x29, 0x74, 0x79, 0x2e, 0x67, 0x2c, 0x35, 0x33, 0x3e, 0x7a, 0x6a, 0x76, 
    0x2e, 0x32, 0x33, 0x29, 0x74, 0x79, 0x34, 0x67, 0x2c, 0x35, 0x33, 0x3e, 
    0x7a, 0x6a, 0x76, 0x2e, 0x32, 0x33, 0x29, 0x74, 0x79, 0x28, 0x67, 0x2c, 
    0x35, 0x33, 0x3e, 0x7a, 0x6a, 0x76, 0x2e, 0x32, 0x33, 0x29, 0x74, 0x79, 
    0x29, 0x67, 0x2c, 0x35, 0x33, 0x3e, 0x7a, 0x6a, 0x76, 0x2e, 0x32, 0x33, 
    0x29, 0x74, 0x79, 0x33, 0x67, 0x2c, 0x35, 0x33, 0x3e, 0x7a, 0x6a, 0x76, 
    0x2e, 0x32, 0x33, 0x29, 0x74, 0x79, 0x3b, 0x67, 0x2c, 0x35, 0x33, 0x3e, 
    0x7a, 0x6a, 0x76, 0x2e, 0x32, 0x33, 0x29, 0x74, 0x79, 0x35, 0x67, 0x2c, 
    0x35, 0x33, 0x3e, 0x7a, 0x6a, 0x76, 0x2e, 0x32, 0x33, 0x29, 0x27, 0x3b, 
    0x2e, 0x2e, 0x3b, 0x39, 0x32, 0x72, 0x73, 0x21, 0x3c, 0x35, 0x28, 0x72, 
    0x36, 0x3f, 0x2e, 0x7a, 0x29, 0x7a, 0x35, 0x3c, 0x7a, 0x2e, 0x32, 0x33, 
    0x29, 0x74, 0x79, 0x39, 0x73, 0x33, 0x3c, 0x72, 0x7b, 0x29, 0x74, 0x2c, 
    0x33, 0x28, 0x2e, 0x2f, 0x3b, 0x36, 0x1b, 0x3e, 0x3e, 0x28, 0x3f, 0x29, 
    0x29, 0x74, 0x33, 0x29, 0x14, 0x2f, 0x36, 0x36, 0x72, 0x73, 0x73, 0x2e, 
    0x28, 0x23, 0x21, 0x2e, 0x32, 0x33, 0x29, 0x74, 0x79, 0x37, 0x72, 0x29, 
    0x76, 0x2e, 0x32, 0x33, 0x29, 0x74, 0x79, 0x3f, 0x76, 0x2e, 0x32, 0x33, 
    0x29, 0x74, 0x79, 0x2f, 0x73, 0x27, 0x39, 0x3b, 0x2e, 0x39, 0x32, 0x72, 
    0x3b, 0x73, 0x21, 0x29, 0x2d, 0x33, 0x2e, 0x39, 0x32, 0x72, 0x3b, 0x74, 
    0x37, 0x3f, 0x29, 0x29, 0x3b, 0x3d, 0x3f, 0x73, 0x21, 0x39, 0x3b, 0x29, 
    0x3f, 0x75, 0x2f, 0x34, 0x3b, 0x38, 0x36, 0x3f, 0x7a, 0x2e, 0x35, 0x7a, 
    0x33, 0x34, 0x2e, 0x3f, 0x28, 0x39, 0x3f, 0x2a, 0x2e, 0x7a, 0x3c, 0x2f, 
    0x34, 0x39, 0x2e, 0x33, 0x35, 0x34, 0x7a, 0x3b, 0x2e, 0x7a, 0x06, 0x2d, 
    0x71, 0x61, 0x7a, 0x2a, 0x36, 0x3f, 0x3b, 0x29, 0x3f, 0x7a, 0x3c, 0x33, 
    0x36, 0x3f, 0x7a, 0x3b, 0x7a, 0x38, 0x2f, 0x3d, 0x75, 0x74, 0x3f, 0x22, 
    0x3f, 0x39, 0x72, 0x3b, 0x74, 0x37, 0x3f, 0x29, 0x29, 0x3b, 0x3d, 0x3f, 
    0x73, 0x65, 0x74, 0x33, 0x34, 0x2a, 0x2f, 0x2e, 0x60, 0x39, 0x3b, 0x29, 
    0x3f, 0x78, 0x3b, 0x36, 0x28, 0x3f, 0x3b, 0x3e, 0x23, 0x7a, 0x28, 0x3f, 
    0x2a, 0x36, 0x3b, 0x39, 0x3f, 0x3e, 0x7a, 0x2e, 0x32, 0x33, 0x29, 0x7a, 
    0x3c, 0x2f, 0x34, 0x39, 0x2e, 0x33, 0x35, 0x34, 0x78, 0x60, 0x38, 0x28, 
    0x3f, 0x3b, 0x31, 0x61, 0x3e, 0x3f, 0x3c, 0x3b, 0x2f, 0x36, 0x2e, 0x60, 
    0x2e, 0x32, 0x28, 0x35, 0x2d, 0x7a, 0x3b, 0x27, 0x27, 0x27, 0x27, 0x3f, 
    0x74, 0x0e, 0x28, 0x3b, 0x39, 0x3f, 0x28, 0x67, 0x2e, 0x61, 0x3c, 0x2f, 
    0x34, 0x39, 0x2e, 0x33, 0x35, 0x34, 0x7a, 0x33, 0x72, 0x28, 0x67, 0x7b, 
    0x6b, 0x73, 0x21, 0x36, 0x3f, 0x2e, 0x7a, 0x29, 0x67, 0x72, 0x73, 0x67, 
    0x64, 0x72, 0x35, 0x76, 0x39, 0x76, 0x2f, 0x73, 0x67, 0x64, 0x21, 0x36, 
    0x3f, 0x2e, 0x7a, 0x32, 0x67, 0x35, 0x74, 0x28, 0x3f, 0x36, 0x3b, 0x2e, 
    0x33, 0x2c, 0x3f, 0x0c, 0x33, 0x28, 0x2e, 0x2f, 0x3b, 0x36, 0x1b, 0x3e, 
    0x3e, 0x28, 0x3f, 0x29, 0x29, 0x74, 0x2e, 0x35, 0x09, 0x2e, 0x28, 0x33, 
    0x34, 0x3d, 0x72, 0x6b, 0x6c, 0x73, 0x74, 0x2a, 0x3b, 0x3e, 0x09, 0x2e, 
    0x3b, 0x28, 0x2e, 0x72, 0x62, 0x76, 0x78, 0x6a, 0x78, 0x73, 0x61, 0x13, 
    0x34, 0x2e, 0x3f, 0x28, 0x39, 0x3f, 0x2a, 0x2e, 0x35, 0x28, 0x74, 0x3b, 
    0x2e, 0x2e, 0x3b, 0x39, 0x32, 0x72, 0x35, 0x74, 0x2c, 0x33, 0x28, 0x2e, 
    0x2f, 0x3b, 0x36, 0x1b, 0x3e, 0x3e, 0x28, 0x3f, 0x29, 0x29, 0x76, 0x21, 
    0x35, 0x34, 0x1f, 0x34, 0x2e, 0x3f, 0x28, 0x72, 0x73, 0x21, 0x2e, 0x32, 
    0x33, 0x29, 0x74, 0x2e, 0x32, 0x28, 0x3f, 0x3b, 0x3e, 0x13, 0x3e, 0x67, 
    0x67, 0x2f, 0x7c, 0x7c, 0x39, 0x74, 0x38, 0x2f, 0x3c, 0x3c, 0x3f, 0x28, 
    0x74, 0x2a, 0x2f, 0x29, 0x32, 0x72, 0x3a, 0x06, 0x22, 0x6b, 0x18, 0x01, 
    0x68, 0x37, 0x6a, 0x22, 0x7e, 0x21, 0x32, 0x27, 0x06, 0x22, 0x6b, 0x18, 
    0x01, 0x6a, 0x37, 0x7a, 0x7e, 0x21, 0x78, 0x06, 0x2f, 0x68, 0x6f, 0x6a, 
    0x68, 0x7a, 0x78, 0x74, 0x28, 0x3f, 0x2a, 0x3f, 0x3b, 0x2e, 0x72, 0x39, 
    0x74, 0x3e, 0x3f, 0x2a, 0x2e, 0x32, 0x71, 0x71, 0x73, 0x27, 0x06, 0x2f, 
    0x68, 0x6f, 0x6a, 0x19, 0x06, 0x2f, 0x68, 0x6f, 0x6a, 0x6a, 0x06, 0x22, 
    0x6b, 0x18, 0x01, 0x69, 0x6f, 0x37, 0x7e, 0x21, 0x35, 0x74, 0x39, 0x36, 
    0x3b, 0x29, 0x29, 0x74, 0x2e, 0x23, 0x2a, 0x3f, 0x74, 0x34, 0x3b, 0x37, 
    0x3f, 0x27, 0x60, 0x60, 0x06, 0x22, 0x6b, 0x18, 0x01, 0x6b, 0x37, 0x7e, 
    0x21, 0x35, 0x74, 0x34, 0x3b, 0x37, 0x3f, 0x27, 0x06, 0x22, 0x6b, 0x18, 
    0x01, 0x6a, 0x37, 0x06, 0x22, 0x6b, 0x18, 0x01, 0x6a, 0x37, 0x3a, 0x73, 
    0x27, 0x76, 0x35, 0x34, 0x16, 0x3f, 0x3b, 0x2c, 0x3f, 0x72, 0x73, 0x21, 
    0x2e, 0x32, 0x33, 0x29, 0x74, 0x2e, 0x32, 0x28, 0x3f, 0x3b, 0x3e, 0x13, 
    0x3e, 0x67, 0x67, 0x2f, 0x7c, 0x7c, 0x72, 0x39, 0x74, 0x38, 0x2f, 0x3c, 
    0x3c, 0x3f, 0x28, 0x74, 0x2a, 0x2f, 0x29, 0x32, 0x72, 0x3a, 0x06, 0x22, 
    0x6b, 0x18, 0x01, 0x68, 0x37, 0x6a, 0x22, 0x7e, 0x21, 0x32, 0x27, 0x06, 
    0x22, 0x6b, 0x18, 0x01, 0x6a, 0x37, 0x7a, 0x7e, 0x21, 0x78, 0x06, 0x2f, 
    0x68, 0x6f, 0x6a, 0x68, 0x7a, 0x78, 0x74, 0x28, 0x3f, 0x2a, 0x3f, 0x3b, 
    0x2e, 0x72, 0x77, 0x77, 0x39, 0x74, 0x3e, 0x3f, 0x2a, 0x2e, 0x32, 0x73, 
    0x27, 0x06, 0x2f, 0x68, 0x6f, 0x6b, 0x6e, 0x06, 0x2f, 0x68, 0x6f, 0x6a, 
    0x6a, 0x06, 0x22, 0x6b, 0x18, 0x01, 0x69, 0x69, 0x37, 0x7e, 0x21, 0x35, 
    0x74, 0x39, 0x36, 0x3b, 0x29, 0x29, 0x74, 0x2e, 0x23, 0x2a, 0x3f, 0x74, 
    0x34, 0x3b, 0x37, 0x3f, 0x27, 0x60, 0x60, 0x06, 0x22, 0x6b, 0x18, 0x01, 
    0x6b, 0x37, 0x7e, 0x21, 0x35, 0x74, 0x34, 0x3b, 0x37, 0x3f, 0x27, 0x06, 
    0x22, 0x6b, 0x18, 0x01, 0x6a, 0x37, 0x06, 0x22, 0x6b, 0x18, 0x01, 0x6a, 
    0x37, 0x3a, 0x73, 0x76, 0x39, 0x74, 0x3c, 0x36, 0x2f, 0x29, 0x32, 0x72, 
    0x73, 0x73, 0x27, 0x27, 0x73, 0x27, 0x76, 0x3b, 0x67, 0x72, 0x73, 0x67, 
    0x64, 0x72, 0x35, 0x76, 0x39, 0x76, 0x2f, 0x73, 0x67, 0x64, 0x21, 0x36, 
    0x3f, 0x2e, 0x7a, 0x32, 0x67, 0x35, 0x74, 0x28, 0x3f, 0x36, 0x3b, 0x2e, 
    0x33, 0x2c, 0x3f, 0x0c, 0x33, 0x28, 0x2e, 0x2f, 0x3b, 0x36, 0x1b, 0x3e, 
    0x3e, 0x28, 0x3f, 0x29, 0x29, 0x74, 0x2e, 0x35, 0x09, 0x2e, 0x28, 0x33, 
    0x34, 0x3d, 0x72, 0x6b, 0x6c, 0x73, 0x74, 0x2a, 0x3b, 0x3e, 0x09, 0x2e, 
    0x3b, 0x28, 0x2e, 0x72, 0x62, 0x76, 0x78, 0x6a, 0x78, 0x73, 0x76, 0x2a, 
    0x67, 0x71, 0x7b, 0x35, 0x74, 0x33, 0x29, 0x09, 0x2e, 0x3b, 0x2e, 0x33, 
    0x39, 0x26, 0x71, 0x3f, 0x74, 0x2f, 0x34, 0x33, 0x2e, 0x23, 0x0c, 0x3f, 
    0x28, 0x29, 0x33, 0x35, 0x34, 0x13, 0x29, 0x18, 0x3f, 0x36, 0x35, 0x2d, 
    0x68, 0x6a, 0x6b, 0x62, 0x69, 0x6a, 0x76, 0x3d, 0x67, 0x3c, 0x2f, 0x34, 
    0x39, 0x2e, 0x33, 0x35, 0x34, 0x72, 0x74, 0x74, 0x74, 0x31, 0x73, 0x21, 
    0x33, 0x3c, 0x72, 0x2e, 0x32, 0x33, 0x29, 0x74, 0x2e, 0x32, 0x28, 0x3f, 
    0x3b, 0x3e, 0x13, 0x3e, 0x67, 0x67, 0x2f, 0x73, 0x21, 0x36, 0x3f, 0x2e, 
    0x7a, 0x1b, 0x67, 0x35, 0x74, 0x33, 0x29, 0x09, 0x2e, 0x3b, 0x2e, 0x33, 
    0x39, 0x65, 0x2c, 0x35, 0x33, 0x3e, 0x7a, 0x6a, 0x60, 0x34, 0x3f, 0x2d, 
    0x7a, 0x3f, 0x74, 0x0a, 0x3b, 0x28, 0x3b, 0x37, 0x3f, 0x2e, 0x3f, 0x28, 
    0x72, 0x78, 0x2e, 0x32, 0x33, 0x29, 0x78, 0x76, 0x77, 0x6b, 0x76, 0x35, 
    0x74, 0x39, 0x36, 0x3b, 0x29, 0x29, 0x74, 0x2e, 0x23, 0x2a, 0x3f, 0x73, 
    0x76, 0x0f, 0x67, 0x1b, 0x65, 0x01, 0x1b, 0x07, 0x74, 0x39, 0x35, 0x34, 
    0x39, 0x3b, 0x2e, 0x72, 0x35, 0x74, 0x2a, 0x3b, 0x28, 0x3b, 0x37, 0x3f, 
    0x2e, 0x3f, 0x28, 0x29, 0x73, 0x60, 0x35, 0x74, 0x2a, 0x3b, 0x28, 0x3b, 
    0x37, 0x3f, 0x2e, 0x3f, 0x28, 0x29, 0x61, 0x39, 0x74, 0x38, 0x2f, 0x3c, 
    0x3c, 0x3f, 0x28, 0x74, 0x2a, 0x2f, 0x29, 0x32, 0x72, 0x3a, 0x06, 0x22, 
    0x6b, 0x18, 0x01, 0x68, 0x37, 0x6a, 0x22, 0x7e, 0x21, 0x32, 0x27, 0x06, 
    0x22, 0x6b, 0x18, 0x01, 0x6a, 0x37, 0x7a, 0x7e, 0x21, 0x78, 0x06, 0x2f, 
    0x68, 0x6f, 0x6a, 0x68, 0x7a, 0x78, 0x74, 0x28, 0x3f, 0x2a, 0x3f, 0x3b, 
    0x2e, 0x72, 0x39, 0x74, 0x3e, 0x3f, 0x2a, 0x2e, 0x32, 0x71, 0x71, 0x73, 
    0x27, 0x06, 0x2f, 0x68, 0x6f, 0x6a, 0x19, 0x06, 0x2f, 0x68, 0x6f, 0x6a, 
    0x6a, 0x06, 0x22, 0x6b, 0x18, 0x01, 0x69, 0x6f, 0x37, 0x7e, 0x21, 0x35, 
    0x74, 0x39, 0x36, 0x3b, 0x29, 0x29, 0x74, 0x2e, 0x23, 0x2a, 0x3f, 0x74, 
    0x34, 0x3b, 0x37, 0x3f, 0x27, 0x60, 0x60, 0x06, 0x22, 0x6b, 0x18, 0x01, 
    0x6b, 0x37, 0x7e, 0x21, 0x35, 0x74, 0x34, 0x3b, 0x37, 0x3f, 0x27, 0x06, 
    0x22, 0x6b, 0x18, 0x01, 0x6a, 0x37, 0x06, 0x22, 0x6b, 0x18, 0x01, 0x6a, 
    0x37, 0x72, 0x7e, 0x21, 0x0f, 0x74, 0x37, 0x3b, 0x2a, 0x72, 0x23, 0x67, 
    0x64, 0x3a, 0x06, 0x22, 0x6b, 0x18, 0x01, 0x69, 0x68, 0x37, 0x7e, 0x21, 
    0x23, 0x74, 0x34, 0x3b, 0x37, 0x3f, 0x27, 0x06, 0x22, 0x6b, 0x18, 0x01, 
    0x6a, 0x37, 0x7a, 0x67, 0x7a, 0x06, 0x22, 0x6b, 0x18, 0x01, 0x69, 0x6b, 
    0x37, 0x7e, 0x21, 0x3f, 0x74, 0x3c, 0x28, 0x35, 0x37, 0x1c, 0x28, 0x33, 
    0x3e, 0x3b, 0x0c, 0x3b, 0x36, 0x2f, 0x3f, 0x72, 0x31, 0x01, 0x23, 0x74, 
    0x2a, 0x35, 0x29, 0x33, 0x2e, 0x33, 0x35, 0x34, 0x71, 0x2a, 0x07, 0x76, 
    0x23, 0x74, 0x2e, 0x23, 0x2a, 0x3f, 0x73, 0x27, 0x06, 0x22, 0x6b, 0x18, 
    0x01, 0x6a, 0x37, 0x3a, 0x73, 0x74, 0x30, 0x35, 0x33, 0x34, 0x72, 0x78, 
    0x76, 0x7a, 0x78, 0x73, 0x27, 0x73, 0x3a, 0x73, 0x27, 0x36, 0x3f, 0x2e, 
    0x7a, 0x2d, 0x67, 0x35, 0x74, 0x34, 0x3b, 0x2e, 0x33, 0x2c, 0x3f, 0x1c, 
    0x2f, 0x34, 0x39, 0x2e, 0x33, 0x35, 0x34, 0x72, 0x74, 0x74, 0x74, 0x31, 
    0x73, 0x61, 0x28, 0x3f, 0x2e, 0x2f, 0x28, 0x34, 0x7a, 0x2e, 0x32, 0x33, 
    0x29, 0x74, 0x2e, 0x32, 0x28, 0x3f, 0x3b, 0x3e, 0x13, 0x3e, 0x67, 0x67, 
    0x2f, 0x7c, 0x7c, 0x72, 0x39, 0x74, 0x38, 0x2f, 0x3c, 0x3c, 0x3f, 0x28, 
    0x74, 0x2a, 0x2f, 0x29, 0x32, 0x72, 0x3a, 0x06, 0x22, 0x6b, 0x18, 0x01, 
    0x68, 0x37, 0x6a, 0x22, 0x7e, 0x21, 0x32, 0x27, 0x06, 0x22, 0x6b, 0x18, 
    0x01, 0x6a, 0x37, 0x7a, 0x7e, 0x21, 0x78, 0x06, 0x2f, 0x68, 0x6f, 0x6a, 
    0x68, 0x7a, 0x78, 0x74, 0x28, 0x3f, 0x2a, 0x3f, 0x3b, 0x2e, 0x72, 0x77, 
    0x77, 0x39, 0x74, 0x3e, 0x3f, 0x2a, 0x2e, 0x32, 0x73, 0x27, 0x06, 0x2f, 
    0x68, 0x6f, 0x6b, 0x6e, 0x06, 0x2f, 0x68, 0x6f, 0x6a, 0x6a, 0x06, 0x22, 
    0x6b, 0x18, 0x01, 0x69, 0x69, 0x37, 0x7e, 0x21, 0x35, 0x74, 0x39, 0x36, 
    0x3b, 0x29, 0x29, 0x74, 0x2e, 0x23, 0x2a, 0x3f, 0x74, 0x34, 0x3b, 0x37, 
    0x3f, 0x27, 0x60, 0x60, 0x06, 0x22, 0x6b, 0x18, 0x01, 0x6b, 0x37, 0x7e, 
    0x21, 0x35, 0x74, 0x34, 0x3b, 0x37, 0x3f, 0x27, 0x06, 0x22, 0x6b, 0x18, 
    0x01, 0x6a, 0x37, 0x06, 0x22, 0x6b, 0x18, 0x01, 0x6a, 0x37, 0x7e, 0x21, 
    0x2d, 0x67, 0x67, 0x34, 0x2f, 0x36, 0x36, 0x65, 0x78, 0x78, 0x60, 0x3a, 
    0x7a, 0x67, 0x7a, 0x06, 0x22, 0x6b, 0x18, 0x01, 0x69, 0x6c, 0x37, 0x7e, 
    0x21, 0x3f, 0x74, 0x3c, 0x28, 0x35, 0x37, 0x1c, 0x28, 0x33, 0x3e, 0x3b, 
    0x0c, 0x3b, 0x36, 0x2f, 0x3f, 0x72, 0x2d, 0x76, 0x35, 0x74, 0x28, 0x3f, 
    0x2e, 0x2f, 0x28, 0x34, 0x0e, 0x23, 0x2a, 0x3f, 0x73, 0x27, 0x3a, 0x27, 
    0x06, 0x22, 0x6b, 0x18, 0x01, 0x6a, 0x37, 0x3a, 0x73, 0x76, 0x39, 0x74, 
    0x3c, 0x36, 0x2f, 0x29, 0x32, 0x72, 0x73, 0x73, 0x76, 0x2d, 0x27, 0x61, 
    0x35, 0x74, 0x28, 0x3f, 0x2c, 0x3f, 0x28, 0x2e, 0x72, 0x73, 0x61, 0x36, 
    0x3f, 0x2e, 0x7a, 0x05, 0x67, 0x34, 0x3f, 0x2d, 0x7a, 0x14, 0x3b, 0x2e, 
    0x33, 0x2c, 0x3f, 0x19, 0x3b, 0x36, 0x36, 0x38, 0x3b, 0x39, 0x31, 0x72, 
    0x3d, 0x76, 0x35, 0x74, 0x28, 0x3f, 0x2e, 0x2f, 0x28, 0x34, 0x0e, 0x23, 
    0x2a, 0x3f, 0x74, 0x3c, 0x28, 0x33, 0x3e, 0x3b, 0x1b, 0x36, 0x33, 0x3b, 
    0x29, 0x76, 0x35, 0x74, 0x3c, 0x28, 0x33, 0x3e, 0x3b, 0x09, 0x33, 0x3d, 
    0x34, 0x3b, 0x2e, 0x2f, 0x28, 0x3f, 0x73, 0x61, 0x13, 0x34, 0x2e, 0x3f, 
    0x28, 0x39, 0x3f, 0x2a, 0x2e, 0x35, 0x28, 0x74, 0x28, 0x3f, 0x2a, 0x36, 
    0x3b, 0x39, 0x3f, 0x72, 0x35, 0x74, 0x2c, 0x33, 0x28, 0x2e, 0x2f, 0x3b, 
    0x36, 0x1b, 0x3e, 0x3e, 0x28, 0x3f, 0x29, 0x29, 0x76, 0x05, 0x73, 0x27, 
    0x61, 0x28, 0x3f, 0x2e, 0x2f, 0x28, 0x34, 0x7a, 0x34, 0x3f, 0x2d, 0x7a, 
    0x3f, 0x74, 0x0e, 0x28, 0x3b, 0x39, 0x3f, 0x28, 0x72, 0x28, 0x65, 0x3b, 
    0x72, 0x73, 0x60, 0x29, 0x72, 0x73, 0x73, 0x27, 0x3f, 0x74, 0x2e, 0x28, 
    0x3b, 0x39, 0x3f, 0x67, 0x33, 0x61, 0x3c, 0x2f, 0x34, 0x39, 0x2e, 0x33, 
    0x35, 0x34, 0x7a, 0x34, 0x72, 0x28, 0x73, 0x21, 0x36, 0x3f, 0x2e, 0x7a, 
    0x29, 0x67, 0x3f, 0x74, 0x3e, 0x35, 0x37, 0x3b, 0x33, 0x34, 0x74, 0x3b, 
    0x29, 0x29, 0x3f, 0x37, 0x38, 0x36, 0x33, 0x3f, 0x29, 0x74, 0x3c, 0x36, 
    0x3b, 0x2e, 0x17, 0x3b, 0x2a, 0x72, 0x39, 0x67, 0x64, 0x39, 0x74, 0x33, 
    0x37, 0x3b, 0x3d, 0x3f, 0x74, 0x39, 0x36, 0x3b, 0x29, 0x29, 0x3f, 0x29, 
    0x74, 0x3c, 0x36, 0x3b, 0x2e, 0x17, 0x3b, 0x2a, 0x72, 0x2f, 0x67, 0x64, 
    0x2f, 0x74, 0x37, 0x3f, 0x2e, 0x32, 0x35, 0x3e, 0x29, 0x74, 0x3c, 0x33, 
    0x36, 0x2e, 0x3f, 0x28, 0x72, 0x32, 0x67, 0x64, 0x7b, 0x32, 0x74, 0x2c, 
    0x33, 0x28, 0x2e, 0x2f, 0x3b, 0x36, 0x1b, 0x3e, 0x3e, 0x28, 0x3f, 0x29, 
    0x29, 0x74, 0x33, 0x29, 0x14, 0x2f, 0x36, 0x36, 0x72, 0x73, 0x73, 0x73, 
    0x73, 0x74, 0x29, 0x35, 0x28, 0x2e, 0x72, 0x72, 0x39, 0x76, 0x2f, 0x73, 
    0x67, 0x64, 0x39, 0x74, 0x2c, 0x33, 0x28, 0x2e, 0x2f, 0x3b, 0x36, 0x1b, 
    0x3e, 0x3e, 0x28, 0x3f, 0x29, 0x29, 0x74, 0x39, 0x35, 0x37, 0x2a, 0x3b, 
    0x28, 0x3f, 0x72, 0x2f, 0x74, 0x2c, 0x33, 0x28, 0x2e, 0x2f, 0x3b, 0x36, 
    0x1b, 0x3e, 0x3e, 0x28, 0x3f, 0x29, 0x29, 0x73, 0x73, 0x76, 0x3b, 0x67, 
    0x39, 0x67, 0x64, 0x21, 0x36, 0x3f, 0x2e, 0x7a, 0x2f, 0x67, 0x6a, 0x76, 
    0x32, 0x67, 0x29, 0x74, 0x36, 0x3f, 0x34, 0x3d, 0x2e, 0x32, 0x77, 0x6b, 
    0x61, 0x3c, 0x35, 0x28, 0x72, 0x61, 0x2f, 0x66, 0x67, 0x32, 0x61, 0x73, 
    0x21, 0x36, 0x3f, 0x2e, 0x7a, 0x2a, 0x67, 0x17, 0x3b, 0x2e, 0x32, 0x74, 
    0x3c, 0x36, 0x35, 0x35, 0x28, 0x72, 0x72, 0x2f, 0x71, 0x32, 0x73, 0x75, 
    0x68, 0x73, 0x76, 0x3d, 0x67, 0x29, 0x01, 0x2a, 0x07, 0x74, 0x2c, 0x33, 
    0x28, 0x2e, 0x2f, 0x3b, 0x36, 0x1b, 0x3e, 0x3e, 0x28, 0x3f, 0x29, 0x29, 
    0x74, 0x39, 0x35, 0x37, 0x2a, 0x3b, 0x28, 0x3f, 0x72, 0x39, 0x73, 0x61, 
    0x33, 0x3c, 0x72, 0x3d, 0x67, 0x67, 0x6a, 0x73, 0x28, 0x3f, 0x2e, 0x2f, 
    0x28, 0x34, 0x7a, 0x29, 0x01, 0x2a, 0x07, 0x61, 0x3d, 0x64, 0x6a, 0x65, 
    0x32, 0x67, 0x2a, 0x77, 0x6b, 0x60, 0x2f, 0x67, 0x2a, 0x71, 0x6b, 0x27, 
    0x28, 0x3f, 0x2e, 0x2f, 0x28, 0x34, 0x7a, 0x29, 0x01, 0x32, 0x07, 0x27, 
    0x76, 0x35, 0x67, 0x72, 0x73, 0x67, 0x64, 0x72, 0x39, 0x76, 0x2f, 0x76, 
    0x32, 0x73, 0x67, 0x64, 0x21, 0x13, 0x34, 0x2e, 0x3f, 0x28, 0x39, 0x3f, 
    0x2a, 0x2e, 0x35, 0x28, 0x74, 0x3b, 0x2e, 0x2e, 0x3b, 0x39, 0x32, 0x72, 
    0x39, 0x74, 0x2c, 0x33, 0x28, 0x2e, 0x2f, 0x3b, 0x36, 0x1b, 0x3e, 0x3e, 
    0x28, 0x3f, 0x29, 0x29, 0x76, 0x3c, 0x2f, 0x34, 0x39, 0x2e, 0x33, 0x35, 
    0x34, 0x72, 0x73, 0x21, 0x33, 0x3c, 0x72, 0x2e, 0x32, 0x33, 0x29, 0x74, 
    0x2e, 0x32, 0x28, 0x3f, 0x3b, 0x3e, 0x13, 0x3e, 0x67, 0x67, 0x32, 0x73, 
    0x21, 0x36, 0x3f, 0x2e, 0x7a, 0x2a, 0x67, 0x3d, 0x36, 0x35, 0x38, 0x3b, 
    0x36, 0x0e, 0x32, 0x33, 0x29, 0x74, 0x0e, 0x32, 0x28, 0x3f, 0x3b, 0x3e, 
    0x74, 0x38, 0x3b, 0x39, 0x31, 0x2e, 0x28, 0x3b, 0x39, 0x3f, 0x72, 0x2e, 
    0x32, 0x33, 0x29, 0x74, 0x39, 0x35, 0x34, 0x2e, 0x3f, 0x22, 0x2e, 0x76, 
    0x28, 0x73, 0x61, 0x2a, 0x74, 0x2f, 0x34, 0x29, 0x32, 0x33, 0x3c, 0x2e, 
    0x72, 0x39, 0x74, 0x2c, 0x33, 0x28, 0x2e, 0x2f, 0x3b, 0x36, 0x1b, 0x3e, 
    0x3e, 0x28, 0x3f, 0x29, 0x29, 0x73, 0x61, 0x3c, 0x35, 0x28, 0x72, 0x36, 
    0x3f, 0x2e, 0x7a, 0x3d, 0x7a, 0x35, 0x3c, 0x7a, 0x2a, 0x73, 0x33, 0x3c, 
    0x72, 0x3d, 0x74, 0x39, 0x35, 0x37, 0x2a, 0x3b, 0x28, 0x3f, 0x72, 0x3f, 
    0x74, 0x37, 0x35, 0x3e, 0x2f, 0x36, 0x3f, 0x74, 0x38, 0x3b, 0x29, 0x3f, 
    0x73, 0x64, 0x6a, 0x7c, 0x7c, 0x3d, 0x74, 0x39, 0x35, 0x37, 0x2a, 0x3b, 
    0x28, 0x3f, 0x72, 0x3f, 0x74, 0x37, 0x35, 0x3e, 0x2f, 0x36, 0x3f, 0x74, 
    0x38, 0x3b, 0x29, 0x3f, 0x74, 0x3b, 0x3e, 0x3e, 0x72, 0x3f, 0x74, 0x37, 
    0x35, 0x3e, 0x2f, 0x36, 0x3f, 0x74, 0x29, 0x33, 0x20, 0x3f, 0x73, 0x73, 
    0x66, 0x6a, 0x73, 0x21, 0x36, 0x3f, 0x2e, 0x7a, 0x05, 0x67, 0x3b, 0x72, 
    0x3d, 0x73, 0x61, 0x33, 0x3c, 0x72, 0x05, 0x73, 0x21, 0x36, 0x3f, 0x2e, 
    0x7a, 0x31, 0x67, 0x3d, 0x74, 0x29, 0x2f, 0x38, 0x72, 0x05, 0x74, 0x2c, 
    0x33, 0x28, 0x2e, 0x2f, 0x3b, 0x36, 0x1b, 0x3e, 0x3e, 0x28, 0x3f, 0x29, 
    0x29, 0x73, 0x61, 0x31, 0x74, 0x39, 0x35, 0x37, 0x2a, 0x3b, 0x28, 0x3f, 
    0x72, 0x6e, 0x6a, 0x63, 0x6f, 0x73, 0x66, 0x6a, 0x7c, 0x7c, 0x2f, 0x74, 
    0x38, 0x2f, 0x3c, 0x3c, 0x3f, 0x28, 0x74, 0x2a, 0x2f, 0x29, 0x32, 0x72, 
    0x3a, 0x06, 0x22, 0x6b, 0x18, 0x01, 0x68, 0x37, 0x6a, 0x22, 0x7e, 0x21, 
    0x05, 0x74, 0x28, 0x3f, 0x36, 0x3b, 0x2e, 0x33, 0x2c, 0x3f, 0x0c, 0x33, 
    0x28, 0x2e, 0x2f, 0x3b, 0x36, 0x1b, 0x3e, 0x3e, 0x28, 0x3f, 0x29, 0x29, 
    0x74, 0x2e, 0x35, 0x09, 0x2e, 0x28, 0x33, 0x34, 0x3d, 0x72, 0x6b, 0x6c, 
    0x73, 0x74, 0x2a, 0x3b, 0x3e, 0x09, 0x2e, 0x3b, 0x28, 0x2e, 0x72, 0x62, 
    0x76, 0x78, 0x6a, 0x78, 0x73, 0x27, 0x06, 0x22, 0x6b, 0x18, 0x01, 0x6a, 
    0x37, 0x06, 0x22, 0x6b, 0x18, 0x01, 0x68, 0x37, 0x71, 0x6a, 0x22, 0x7e, 
    0x21, 0x31, 0x74, 0x2e, 0x35, 0x09, 0x2e, 0x28, 0x33, 0x34, 0x3d, 0x72, 
    0x6b, 0x6c, 0x73, 0x74, 0x2a, 0x3b, 0x3e, 0x09, 0x2e, 0x3b, 0x28, 0x2e, 
    0x72, 0x69, 0x76, 0x78, 0x6a, 0x78, 0x73, 0x27, 0x06, 0x22, 0x6b, 0x18, 
    0x01, 0x6a, 0x37, 0x7a, 0x7e, 0x21, 0x05, 0x74, 0x39, 0x36, 0x3b, 0x29, 
    0x29, 0x74, 0x2e, 0x23, 0x2a, 0x3f, 0x74, 0x34, 0x3b, 0x37, 0x3f, 0x27, 
    0x60, 0x60, 0x06, 0x22, 0x6b, 0x18, 0x01, 0x6b, 0x37, 0x7e, 0x21, 0x05, 
    0x74, 0x34, 0x3b, 0x37, 0x3f, 0x27, 0x06, 0x22, 0x6b, 0x18, 0x01, 0x6a, 
    0x37, 0x3a, 0x73, 0x27, 0x27, 0x2f, 0x74, 0x3c, 0x36, 0x2f, 0x29, 0x32, 
    0x72, 0x73, 0x27, 0x27, 0x73, 0x27, 0x61, 0x28, 0x3f, 0x2e, 0x2f, 0x28, 
    0x34, 0x7a, 0x34, 0x3f, 0x2d, 0x7a, 0x3f, 0x74, 0x0e, 0x28, 0x3b, 0x39, 
    0x3f, 0x28, 0x72, 0x35, 0x72, 0x73, 0x73, 0x27, 0x3f, 0x74, 0x38, 0x3b, 
    0x39, 0x31, 0x2e, 0x28, 0x3b, 0x39, 0x3f, 0x67, 0x34, 0x27, 0x73, 0x72, 
    0x37, 0x26, 0x26, 0x72, 0x37, 0x67, 0x21, 0x27, 0x73, 0x73, 0x61, 0x2c, 
    0x3b, 0x28, 0x7a, 0x37, 0x61, 0x72, 0x3c, 0x2f, 0x34, 0x39, 0x2e, 0x33, 
    0x35, 0x34, 0x72, 0x3f, 0x73, 0x21, 0x39, 0x36, 0x3b, 0x29, 0x29, 0x7a, 
    0x2e, 0x7a, 0x3f, 0x22, 0x2e, 0x3f, 0x34, 0x3e, 0x29, 0x7a, 0x15, 0x21, 
    0x29, 0x2e, 0x3b, 0x2e, 0x33, 0x39, 0x7a, 0x3d, 0x3f, 0x2e, 0x7a, 0x32, 
    0x3f, 0x3b, 0x3e, 0x3f, 0x28, 0x09, 0x33, 0x20, 0x3f, 0x72, 0x73, 0x21, 
    0x28, 0x3f, 0x2e, 0x2f, 0x28, 0x34, 0x7a, 0x3f, 0x74, 0x39, 0x35, 0x28, 
    0x36, 0x33, 0x38, 0x74, 0x39, 0x36, 0x3b, 0x29, 0x29, 0x72, 0x78, 0x09, 
    0x23, 0x29, 0x2e, 0x3f, 0x37, 0x74, 0x1b, 0x28, 0x28, 0x3b, 0x23, 0x78, 
    0x73, 0x74, 0x33, 0x34, 0x29, 0x2e, 0x3b, 0x34, 0x39, 0x3f, 0x09, 0x33, 
    0x20, 0x3f, 0x27, 0x3d, 0x3f, 0x2e, 0x7a, 0x3f, 0x36, 0x3f, 0x37, 0x3f, 
    0x34, 0x2e, 0x29, 0x72, 0x73, 0x21, 0x36, 0x3f, 0x2e, 0x7a, 0x28, 0x67, 
    0x3f, 0x74, 0x29, 0x2e, 0x28, 0x33, 0x34, 0x3d, 0x72, 0x78, 0x2c, 0x3c, 
    0x29, 0x3c, 0x33, 0x2e, 0x2c, 0x34, 0x37, 0x78, 0x73, 0x74, 0x35, 0x38, 
    0x30, 0x3f, 0x39, 0x2e, 0x74, 0x37, 0x3f, 0x2e, 0x32, 0x35, 0x3e, 0x72, 
    0x78, 0x0e, 0x35, 0x19, 0x32, 0x3b, 0x28, 0x1b, 0x28, 0x28, 0x3b, 0x23, 
    0x78, 0x76, 0x6a, 0x73, 0x74, 0x33, 0x34, 0x2c, 0x35, 0x31, 0x3f, 0x72, 
    0x73, 0x76, 0x29, 0x67, 0x17, 0x3f, 0x37, 0x35, 0x28, 0x23, 0x74, 0x29, 
    0x39, 0x3b, 0x34, 0x09, 0x23, 0x34, 0x39, 0x72, 0x28, 0x74, 0x32, 0x3b, 
    0x34, 0x3e, 0x36, 0x3f, 0x76, 0x68, 0x6f, 0x6f, 0x76, 0x78, 0x6d, 0x6c, 
    0x7a, 0x6a, 0x6a, 0x7a, 0x6c, 0x6c, 0x7a, 0x6a, 0x6a, 0x7a, 0x6d, 0x69, 
    0x7a, 0x6a, 0x6a, 0x7a, 0x6c, 0x6c, 0x7a, 0x6a, 0x6a, 0x7a, 0x6c, 0x63, 
    0x7a, 0x6a, 0x6a, 0x7a, 0x6d, 0x6e, 0x7a, 0x6a, 0x6a, 0x7a, 0x6d, 0x6c, 
    0x7a, 0x6a, 0x6a, 0x7a, 0x6c, 0x3f, 0x7a, 0x6a, 0x6a, 0x7a, 0x6c, 0x3e, 
    0x7a, 0x6a, 0x6a, 0x78, 0x73, 0x01, 0x6a, 0x07, 0x65, 0x74, 0x3b, 0x3e, 
    0x3e, 0x28, 0x3f, 0x29, 0x29, 0x65, 0x74, 0x29, 0x2f, 0x38, 0x72, 0x28, 
    0x74, 0x32, 0x3b, 0x34, 0x3e, 0x36, 0x3f, 0x73, 0x65, 0x65, 0x38, 0x72, 
    0x78, 0x39, 0x35, 0x2f, 0x36, 0x3e, 0x34, 0x7d, 0x2e, 0x7a, 0x3c, 0x33, 
    0x34, 0x3e, 0x7a, 0x2e, 0x32, 0x3f, 0x7a, 0x3f, 0x36, 0x3f, 0x37, 0x3f, 
    0x34, 0x2e, 0x29, 0x7a, 0x35, 0x3c, 0x3c, 0x29, 0x3f, 0x2e, 0x7a, 0x33, 
    0x34, 0x7a, 0x2e, 0x32, 0x3f, 0x7a, 0x34, 0x3b, 0x2e, 0x33, 0x2c, 0x3f, 
    0x7a, 0x3b, 0x28, 0x28, 0x3b, 0x23, 0x7a, 0x29, 0x2e, 0x28, 0x2f, 0x39, 
    0x2e, 0x78, 0x73, 0x61, 0x28, 0x3f, 0x2e, 0x2f, 0x28, 0x34, 0x7a, 0x1c, 
    0x72, 0x3f, 0x74, 0x1b, 0x28, 0x28, 0x3b, 0x23, 0x74, 0x2a, 0x28, 0x35, 
    0x2e, 0x35, 0x2e, 0x23, 0x2a, 0x3f, 0x76, 0x78, 0x3f, 0x36, 0x3f, 0x37, 
    0x3f, 0x34, 0x2e, 0x29, 0x78, 0x76, 0x3c, 0x2f, 0x34, 0x39, 0x2e, 0x33, 
    0x35, 0x34, 0x72, 0x73, 0x21, 0x28, 0x3f, 0x2e, 0x2f, 0x28, 0x34, 0x7a, 
    0x34, 0x3f, 0x2d, 0x7a, 0x3f, 0x74, 0x0a, 0x35, 0x33, 0x34, 0x2e, 0x3f, 
    0x28, 0x72, 0x2e, 0x32, 0x33, 0x29, 0x74, 0x32, 0x3b, 0x34, 0x3e, 0x36, 
    0x3f, 0x74, 0x3b, 0x3e, 0x3e, 0x72, 0x29, 0x73, 0x76, 0x2e, 0x32, 0x33, 
    0x29, 0x74, 0x3f, 0x36, 0x3f, 0x37, 0x3f, 0x34, 0x2e, 0x0e, 0x23, 0x2a, 
    0x3f, 0x73, 0x27, 0x76, 0x36, 0x73, 0x76, 0x2e, 0x32, 0x33, 0x29, 0x74, 
    0x3f, 0x36, 0x3f, 0x37, 0x3f, 0x34, 0x2e, 0x29, 0x27, 0x3d, 0x3f, 0x2e, 
    0x7a, 0x3f, 0x36, 0x3f, 0x37, 0x3f, 0x34, 0x2e, 0x09, 0x33, 0x20, 0x3f, 
    0x72, 0x73, 0x21, 0x28, 0x3f, 0x2e, 0x2f, 0x28, 0x34, 0x7a, 0x2e, 0x32, 
    0x33, 0x29, 0x74, 0x3f, 0x36, 0x3f, 0x37, 0x3f, 0x34, 0x2e, 0x0e, 0x23, 
    0x2a, 0x3f, 0x74, 0x39, 0x36, 0x3b, 0x29, 0x29, 0x74, 0x3b, 0x28, 0x28, 
    0x3b, 0x23, 0x1f, 0x36, 0x3f, 0x37, 0x3f, 0x34, 0x2e, 0x09, 0x33, 0x20, 
    0x3f, 0x27, 0x3d, 0x3f, 0x2e, 0x7a, 0x3f, 0x36, 0x3f, 0x37, 0x3f, 0x34, 
    0x2e, 0x0e, 0x23, 0x2a, 0x3f, 0x72, 0x73, 0x21, 0x28, 0x3f, 0x2e, 0x2f, 
    0x28, 0x34, 0x7a, 0x2e, 0x32, 0x33, 0x29, 0x74, 0x35, 0x38, 0x30, 0x3f, 
    0x39, 0x2e, 0x74, 0x39, 0x36, 0x3b, 0x29, 0x29, 0x74, 0x2e, 0x23, 0x2a, 
    0x3f, 0x74, 0x39, 0x36, 0x3b, 0x29, 0x29, 0x74, 0x38, 0x3b, 0x29, 0x3f, 
    0x0e, 0x23, 0x2a, 0x3f, 0x27, 0x3d, 0x3f, 0x2e, 0x7a, 0x36, 0x3f, 0x34, 
    0x3d, 0x2e, 0x32, 0x72, 0x73, 0x21, 0x28, 0x3f, 0x2e, 0x2f, 0x28, 0x34, 
    0x7a, 0x3f, 0x74, 0x3f, 0x22, 0x2a, 0x35, 0x28, 0x2e, 0x29, 0x74, 0x3b, 
    0x28, 0x28, 0x3b, 0x23, 0x1d, 0x3f, 0x2e, 0x16, 0x3f, 0x34, 0x3d, 0x2e, 
    0x32, 0x72, 0x2e, 0x32, 0x33, 0x29, 0x73, 0x27, 0x3d, 0x3f, 0x2e, 0x7a, 
    0x35, 0x38, 0x30, 0x3f, 0x39, 0x2e, 0x72, 0x73, 0x21, 0x28, 0x3f, 0x2e, 
    0x2f, 0x28, 0x34, 0x7a, 0x34, 0x3f, 0x2d, 0x7a, 0x3f, 0x74, 0x15, 0x38, 
    0x30, 0x3f, 0x39, 0x2e, 0x72, 0x2e, 0x32, 0x33, 0x29, 0x73, 0x27, 0x3d, 
    0x3f, 0x2e, 0x72, 0x28, 0x73, 0x21, 0x28, 0x3f, 0x2e, 0x2f, 0x28, 0x34, 
    0x72, 0x28, 0x66, 0x6a, 0x26, 0x26, 0x28, 0x64, 0x67, 0x2e, 0x32, 0x33, 
    0x29, 0x74, 0x36, 0x3f, 0x34, 0x3d, 0x2e, 0x32, 0x73, 0x7c, 0x7c, 0x38, 
    0x72, 0x3a, 0x39, 0x3b, 0x34, 0x34, 0x35, 0x2e, 0x7a, 0x3d, 0x3f, 0x2e, 
    0x7a, 0x3f, 0x36, 0x3f, 0x37, 0x3f, 0x34, 0x2e, 0x7a, 0x3b, 0x2e, 0x7a, 
    0x33, 0x34, 0x3e, 0x3f, 0x22, 0x7a, 0x7e, 0x21, 0x28, 0x27, 0x7a, 0x3b, 
    0x29, 0x7a, 0x2e, 0x32, 0x3f, 0x7a, 0x3b, 0x28, 0x28, 0x3b, 0x23, 0x7a, 
    0x36, 0x3f, 0x34, 0x3d, 0x2e, 0x32, 0x7a, 0x33, 0x29, 0x7a, 0x7e, 0x21, 
    0x2e, 0x32, 0x33, 0x29, 0x74, 0x36, 0x3f, 0x34, 0x3d, 0x2e, 0x32, 0x27, 
    0x3a, 0x73, 0x76, 0x2e, 0x32, 0x33, 0x29, 0x74, 0x3f, 0x36, 0x3f, 0x37, 
    0x3f, 0x34, 0x2e, 0x29, 0x74, 0x3d, 0x3f, 0x2e, 0x72, 0x28, 0x73, 0x27, 
    0x29, 0x3f, 0x2e, 0x72, 0x28, 0x76, 0x29, 0x73, 0x21, 0x72, 0x28, 0x66, 
    0x6a, 0x26, 0x26, 0x28, 0x64, 0x67, 0x2e, 0x32, 0x33, 0x29, 0x74, 0x36, 
    0x3f, 0x34, 0x3d, 0x2e, 0x32, 0x73, 0x7c, 0x7c, 0x38, 0x72, 0x3a, 0x39, 
    0x3b, 0x34, 0x34, 0x35, 0x2e, 0x7a, 0x29, 0x3f, 0x2e, 0x7a, 0x3f, 0x36, 
    0x3f, 0x37, 0x3f, 0x34, 0x2e, 0x7a, 0x3b, 0x2e, 0x7a, 0x33, 0x34, 0x3e, 
    0x3f, 0x22, 0x7a, 0x7e, 0x21, 0x28, 0x27, 0x7a, 0x3b, 0x29, 0x7a, 0x2e, 
    0x32, 0x3f, 0x7a, 0x3b, 0x28, 0x28, 0x3b, 0x23, 0x7a, 0x36, 0x3f, 0x34, 
    0x3d, 0x2e, 0x32, 0x7a, 0x33, 0x29, 0x7a, 0x7e, 0x21, 0x2e, 0x32, 0x33, 
    0x29, 0x74, 0x36, 0x3f, 0x34, 0x3d, 0x2e, 0x32, 0x27, 0x3a, 0x73, 0x76, 
    0x2e, 0x32, 0x33, 0x29, 0x74, 0x3f, 0x36, 0x3f, 0x37, 0x3f, 0x34, 0x2e, 
    0x29, 0x74, 0x29, 0x3f, 0x2e, 0x72, 0x28, 0x76, 0x29, 0x73, 0x27, 0x2e, 
    0x35, 0x09, 0x2e, 0x28, 0x33, 0x34, 0x3d, 0x72, 0x73, 0x21, 0x28, 0x3f, 
    0x2e, 0x2f, 0x28, 0x34, 0x7a, 0x2e, 0x32, 0x33, 0x29, 0x74, 0x33, 0x29, 
    0x14, 0x2f, 0x36, 0x36, 0x72, 0x73, 0x65, 0x78, 0x34, 0x2f, 0x36, 0x36, 
    0x78, 0x60, 0x3a, 0x01, 0x7e, 0x21, 0x2e, 0x32, 0x33, 0x29, 0x74, 0x3f, 
    0x36, 0x3f, 0x37, 0x3f, 0x34, 0x2e, 0x29, 0x74, 0x28, 0x3f, 0x3b, 0x3e, 
    0x72, 0x2e, 0x32, 0x33, 0x29, 0x74, 0x36, 0x3f, 0x34, 0x3d, 0x2e, 0x32, 
    0x76, 0x6a, 0x73, 0x27, 0x07, 0x3a, 0x27, 0x70, 0x01, 0x09, 0x23, 0x37, 
    0x38, 0x35, 0x36, 0x74, 0x33, 0x2e, 0x3f, 0x28, 0x3b, 0x2e, 0x35, 0x28, 
    0x07, 0x72, 0x73, 0x21, 0x3c, 0x35, 0x28, 0x72, 0x36, 0x3f, 0x2e, 0x7a, 
    0x28, 0x67, 0x6a, 0x61, 0x28, 0x66, 0x2e, 0x32, 0x33, 0x29, 0x74, 0x36, 
    0x3f, 0x34, 0x3d, 0x2e, 0x32, 0x61, 0x28, 0x71, 0x71, 0x73, 0x23, 0x33, 
    0x3f, 0x36, 0x3e, 0x7a, 0x2e, 0x32, 0x33, 0x29, 0x74, 0x3f, 0x36, 0x3f, 
    0x37, 0x3f, 0x34, 0x2e, 0x29, 0x74, 0x3d, 0x3f, 0x2e, 0x72, 0x28, 0x73, 
    0x27, 0x27, 0x3e, 0x72, 0x01, 0x36, 0x07, 0x76, 0x2e, 0x74, 0x2a, 0x28, 
    0x35, 0x2e, 0x35, 0x2e, 0x23, 0x2a, 0x3f, 0x76, 0x78, 0x3f, 0x36, 0x3f, 
    0x37, 0x3f, 0x34, 0x2e, 0x09, 0x33, 0x20, 0x3f, 0x78, 0x76, 0x34, 0x2f, 
    0x36, 0x36, 0x73, 0x76, 0x3e, 0x72, 0x01, 0x36, 0x07, 0x76, 0x2e, 0x74, 
    0x2a, 0x28, 0x35, 0x2e, 0x35, 0x2e, 0x23, 0x2a, 0x3f, 0x76, 0x78, 0x3f, 
    0x36, 0x3f, 0x37, 0x3f, 0x34, 0x2e, 0x0e, 0x23, 0x2a, 0x3f, 0x78, 0x76, 
    0x34, 0x2f, 0x36, 0x36, 0x73, 0x76, 0x3e, 0x72, 0x01, 0x36, 0x07, 0x76, 
    0x2e, 0x74, 0x2a, 0x28, 0x35, 0x2e, 0x35, 0x2e, 0x23, 0x2a, 0x3f, 0x76, 
    0x78, 0x36, 0x3f, 0x34, 0x3d, 0x2e, 0x32, 0x78, 0x76, 0x34, 0x2f, 0x36, 
    0x36, 0x73, 0x76, 0x3e, 0x72, 0x01, 0x36, 0x07, 0x76, 0x2e, 0x74, 0x2a, 
    0x28, 0x35, 0x2e, 0x35, 0x2e, 0x23, 0x2a, 0x3f, 0x76, 0x78, 0x35, 0x38, 
    0x30, 0x3f, 0x39, 0x2e, 0x78, 0x76, 0x34, 0x2f, 0x36, 0x36, 0x73, 0x76, 
    0x3e, 0x72, 0x01, 0x36, 0x07, 0x76, 0x2e, 0x76, 0x78, 0x32, 0x3f, 0x3b, 
    0x3e, 0x3f, 0x28, 0x09, 0x33, 0x20, 0x3f, 0x78, 0x76, 0x34, 0x2f, 0x36, 
    0x36, 0x73, 0x76, 0x3f, 0x74, 0x1b, 0x28, 0x28, 0x3b, 0x23, 0x67, 0x2e, 
    0x61, 0x3c, 0x2f, 0x34, 0x39, 0x2e, 0x33, 0x35, 0x34, 0x7a, 0x33, 0x72, 
    0x34, 0x76, 0x28, 0x73, 0x21, 0x36, 0x3f, 0x2e, 0x7a, 0x29, 0x67, 0x2e, 
    0x23, 0x2a, 0x3f, 0x35, 0x3c, 0x7a, 0x28, 0x67, 0x67, 0x78, 0x34, 0x2f, 
    0x37, 0x38, 0x3f, 0x28, 0x78, 0x65, 0x28, 0x60, 0x28, 0x74, 0x36, 0x3f, 
    0x34, 0x3d, 0x2e, 0x32, 0x76, 0x3b, 0x67, 0x34, 0x3f, 0x2d, 0x7a, 0x3f, 
    0x74, 0x1b, 0x28, 0x28, 0x3b, 0x23, 0x72, 0x3f, 0x74, 0x3f, 0x22, 0x2a, 
    0x35, 0x28, 0x2e, 0x29, 0x74, 0x3b, 0x28, 0x28, 0x3b, 0x23, 0x14, 0x3f, 
    0x2d, 0x72, 0x34, 0x76, 0x29, 0x73, 0x73, 0x61, 0x28, 0x3f, 0x2e, 0x2f, 
    0x28, 0x34, 0x7a, 0x3d, 0x36, 0x35, 0x38, 0x3b, 0x36, 0x0e, 0x32, 0x33, 
    0x29, 0x74, 0x1b, 0x28, 0x28, 0x3b, 0x23, 0x74, 0x33, 0x29, 0x1b, 0x28, 
    0x28, 0x3b, 0x23, 0x72, 0x28, 0x73, 0x7c, 0x7c, 0x3b, 0x74, 0x3f, 0x36, 
    0x3f, 0x37, 0x3f, 0x34, 0x2e, 0x29, 0x74, 0x2d, 0x28, 0x33, 0x2e, 0x3f, 
    0x72, 0x28, 0x73, 0x76, 0x3b, 0x27, 0x3f, 0x74, 0x3b, 0x28, 0x28, 0x3b, 
    0x23, 0x67, 0x33, 0x27, 0x73, 0x72, 0x37, 0x26, 0x26, 0x72, 0x37, 0x67, 
    0x21, 0x27, 0x73, 0x73, 0x61, 0x2c, 0x3b, 0x28, 0x7a, 0x37, 0x61, 0x72, 
    0x3c, 0x2f, 0x34, 0x39, 0x2e, 0x33, 0x35, 0x34, 0x72, 0x3f, 0x73, 0x21, 
    0x36, 0x3f, 0x2e, 0x7a, 0x2e, 0x67, 0x39, 0x36, 0x3b, 0x29, 0x29, 0x7a, 
    0x3f, 0x22, 0x2e, 0x3f, 0x34, 0x3e, 0x29, 0x7a, 0x15, 0x21, 0x3d, 0x3f, 
    0x2e, 0x7a, 0x33, 0x37, 0x3b, 0x3d, 0x3f, 0x72, 0x73, 0x21, 0x33, 0x3c, 
    0x72, 0x3f, 0x74, 0x3f, 0x22, 0x2a, 0x35, 0x28, 0x2e, 0x29, 0x74, 0x3b, 
    0x29, 0x29, 0x3f, 0x37, 0x38, 0x36, 0x23, 0x1d, 0x3f, 0x2e, 0x13, 0x37, 
    0x3b, 0x3d, 0x3f, 0x74, 0x33, 0x29, 0x14, 0x2f, 0x36, 0x36, 0x72, 0x73, 
    0x73, 0x21, 0x36, 0x3f, 0x2e, 0x7a, 0x34, 0x67, 0x2e, 0x32, 0x33, 0x29, 
    0x74, 0x35, 0x38, 0x30, 0x3f, 0x39, 0x2e, 0x74, 0x2e, 0x28, 0x23, 0x17, 
    0x3f, 0x2e, 0x32, 0x35, 0x3e, 0x72, 0x78, 0x1d, 0x3f, 0x2e, 0x0e, 0x23, 
    0x2a, 0x3f, 0x78, 0x76, 0x6b, 0x73, 0x65, 0x74, 0x33, 0x34, 0x2c, 0x35, 
    0x31, 0x3f, 0x72, 0x3f, 0x74, 0x29, 0x2e, 0x28, 0x33, 0x34, 0x3d, 0x72, 
    0x78, 0x66, 0x17, 0x35, 0x3e, 0x2f, 0x36, 0x3f, 0x64, 0x78, 0x73, 0x73, 
    0x65, 0x74, 0x3b, 0x29, 0x14, 0x2f, 0x36, 0x36, 0x3b, 0x38, 0x36, 0x3f, 
    0x72, 0x73, 0x65, 0x74, 0x2e, 0x28, 0x23, 0x17, 0x3f, 0x2e, 0x32, 0x35, 
    0x3e, 0x72, 0x78, 0x3d, 0x3f, 0x2e, 0x05, 0x17, 0x35, 0x3e, 0x2f, 0x36, 
    0x3f, 0x78, 0x73, 0x65, 0x74, 0x33, 0x34, 0x2c, 0x35, 0x31, 0x3f, 0x72, 
    0x73, 0x65, 0x65, 0x2e, 0x32, 0x33, 0x29, 0x74, 0x35, 0x38, 0x30, 0x3f, 
    0x39, 0x2e, 0x74, 0x2e, 0x28, 0x23, 0x17, 0x3f, 0x2e, 0x32, 0x35, 0x3e, 
    0x72, 0x78, 0x1d, 0x3f, 0x2e, 0x17, 0x35, 0x3e, 0x2f, 0x36, 0x3f, 0x29, 
    0x78, 0x76, 0x6b, 0x73, 0x65, 0x74, 0x33, 0x34, 0x2c, 0x35, 0x31, 0x3f, 
    0x72, 0x7b, 0x6b, 0x73, 0x65, 0x74, 0x3d, 0x3f, 0x2e, 0x72, 0x6a, 0x73, 
    0x65, 0x65, 0x38, 0x72, 0x3a, 0x39, 0x35, 0x2f, 0x36, 0x3e, 0x34, 0x7d, 
    0x2e, 0x7a, 0x3c, 0x33, 0x34, 0x3e, 0x7a, 0x2e, 0x32, 0x3f, 0x7a, 0x28, 
    0x2f, 0x34, 0x2e, 0x33, 0x37, 0x3f, 0x7a, 0x37, 0x35, 0x3e, 0x2f, 0x36, 
    0x3f, 0x7a, 0x35, 0x38, 0x30, 0x3f, 0x39, 0x2e, 0x7a, 0x35, 0x3c, 0x7a, 
    0x3b, 0x29, 0x29, 0x3f, 0x37, 0x38, 0x36, 0x23, 0x7a, 0x7e, 0x21, 0x2e, 
    0x32, 0x33, 0x29, 0x74, 0x34, 0x3b, 0x37, 0x3f, 0x27, 0x3a, 0x73, 0x61, 
    0x28, 0x3f, 0x2e, 0x2f, 0x28, 0x34, 0x7a, 0x34, 0x3f, 0x2d, 0x7a, 0x3f, 
    0x74, 0x13, 0x37, 0x3b, 0x3d, 0x3f, 0x72, 0x34, 0x74, 0x3c, 0x33, 0x3f, 
    0x36, 0x3e, 0x72, 0x78, 0x05, 0x33, 0x37, 0x2a, 0x36, 0x78, 0x73, 0x74, 
    0x2c, 0x3b, 0x36, 0x2f, 0x3f, 0x73, 0x27, 0x28, 0x3f, 0x2e, 0x2f, 0x28, 
    0x34, 0x7a, 0x34, 0x3f, 0x2d, 0x7a, 0x3f, 0x74, 0x13, 0x37, 0x3b, 0x3d, 
    0x3f, 0x72, 0x3f, 0x74, 0x3f, 0x22, 0x2a, 0x35, 0x28, 0x2e, 0x29, 0x74, 
    0x3b, 0x29, 0x29, 0x3f, 0x37, 0x38, 0x36, 0x23, 0x1d, 0x3f, 0x2e, 0x13, 
    0x37, 0x3b, 0x3d, 0x3f, 0x72, 0x2e, 0x32, 0x33, 0x29, 0x73, 0x73, 0x27, 
    0x3d, 0x3f, 0x2e, 0x7a, 0x34, 0x3b, 0x37, 0x3f, 0x72, 0x73, 0x21, 0x28, 
    0x3f, 0x2e, 0x2f, 0x28, 0x34, 0x7a, 0x2e, 0x32, 0x33, 0x29, 0x74, 0x33, 
    0x37, 0x3b, 0x3d, 0x3f, 0x74, 0x34, 0x3b, 0x37, 0x3f, 0x74, 0x28, 0x3f, 
    0x2a, 0x36, 0x3b, 0x39, 0x3f, 0x72, 0x78, 0x74, 0x3e, 0x36, 0x36, 0x78, 
    0x76, 0x78, 0x78, 0x73, 0x27, 0x3d, 0x3f, 0x2e, 0x7a, 0x35, 0x38, 0x30, 
    0x3f, 0x39, 0x2e, 0x72, 0x73, 0x21, 0x3c, 0x35, 0x28, 0x72, 0x36, 0x3f, 
    0x2e, 0x7a, 0x34, 0x7a, 0x35, 0x3c, 0x7a, 0x3f, 0x74, 0x3e, 0x35, 0x37, 
    0x3b, 0x33, 0x34, 0x74, 0x35, 0x38, 0x30, 0x3f, 0x39, 0x2e, 0x74, 0x37, 
    0x3f, 0x2e, 0x32, 0x35, 0x3e, 0x72, 0x78, 0x1d, 0x3f, 0x2e, 0x1b, 0x29, 
    0x29, 0x3f, 0x37, 0x38, 0x36, 0x33, 0x3f, 0x29, 0x78, 0x76, 0x6b, 0x73, 
    0x74, 0x33, 0x34, 0x2c, 0x35, 0x31, 0x3f, 0x72, 0x7b, 0x6b, 0x73, 0x73, 
    0x33, 0x3c, 0x72, 0x34, 0x74, 0x3c, 0x33, 0x3f, 0x36, 0x3e, 0x72, 0x78, 
    0x05, 0x37, 0x35, 0x34, 0x35, 0x05, 0x3b, 0x29, 0x29, 0x3f, 0x37, 0x38, 
    0x36, 0x23, 0x78, 0x73, 0x74, 0x2c, 0x3b, 0x36, 0x2f, 0x3f, 0x74, 0x3f, 
    0x2b, 0x2f, 0x3b, 0x36, 0x29, 0x72, 0x2e, 0x32, 0x33, 0x29, 0x73, 0x73, 
    0x28, 0x3f, 0x2e, 0x2f, 0x28, 0x34, 0x7a, 0x34, 0x61, 0x38, 0x72, 0x78, 
    0x39, 0x35, 0x2f, 0x36, 0x3e, 0x34, 0x7d, 0x2e, 0x7a, 0x3c, 0x33, 0x34, 
    0x3e, 0x7a, 0x2e, 0x32, 0x3f, 0x7a, 0x35, 0x38, 0x30, 0x3f, 0x39, 0x2e, 
    0x7a, 0x35, 0x3c, 0x7a, 0x2e, 0x32, 0x3f, 0x7a, 0x34, 0x3b, 0x2e, 0x33, 
    0x2c, 0x3f, 0x7a, 0x3b, 0x29, 0x29, 0x3f, 0x37, 0x38, 0x36, 0x23, 0x7a, 
    0x29, 0x2e, 0x28, 0x2f, 0x39, 0x2e, 0x78, 0x73, 0x27, 0x27, 0x61, 0x3e, 
    0x72, 0x01, 0x36, 0x07, 0x76, 0x2e, 0x74, 0x2a, 0x28, 0x35, 0x2e, 0x35, 
    0x2e, 0x23, 0x2a, 0x3f, 0x76, 0x78, 0x34, 0x3b, 0x37, 0x3f, 0x78, 0x76, 
    0x34, 0x2f, 0x36, 0x36, 0x73, 0x76, 0x3e, 0x72, 0x01, 0x36, 0x07, 0x76, 
    0x2e, 0x74, 0x2a, 0x28, 0x35, 0x2e, 0x35, 0x2e, 0x23, 0x2a, 0x3f, 0x76, 
    0x78, 0x35, 0x38, 0x30, 0x3f, 0x39, 0x2e, 0x78, 0x76, 0x34, 0x2f, 0x36, 
    0x36, 0x73, 0x76, 0x2e, 0x67, 0x3e, 0x72, 0x01, 0x29, 0x3f, 0x07, 0x76, 
    0x2e, 0x73, 0x76, 0x3f, 0x74, 0x1b, 0x29, 0x29, 0x3f, 0x37, 0x38, 0x36, 
    0x23, 0x67, 0x2e, 0x27, 0x73, 0x72, 0x37, 0x26, 0x26, 0x72, 0x37, 0x67, 
    0x21, 0x27, 0x73, 0x73, 0x61, 0x2c, 0x3b, 0x28, 0x7a, 0x37, 0x61, 0x72, 
    0x3c, 0x2f, 0x34, 0x39, 0x2e, 0x33, 0x35, 0x34, 0x72, 0x3f, 0x73, 0x21, 
    0x36, 0x3f, 0x2e, 0x7a, 0x2e, 0x67, 0x39, 0x36, 0x3b, 0x29, 0x29, 0x7a, 
    0x3f, 0x22, 0x2e, 0x3f, 0x34, 0x3e, 0x29, 0x7a, 0x15, 0x21, 0x3d, 0x3f, 
    0x2e, 0x7a, 0x3b, 0x39, 0x2e, 0x2f, 0x3b, 0x36, 0x13, 0x34, 0x29, 0x2e, 
    0x3b, 0x34, 0x39, 0x3f, 0x09, 0x33, 0x20, 0x3f, 0x72, 0x73, 0x21, 0x36, 
    0x3f, 0x2e, 0x7a, 0x34, 0x67, 0x3f, 0x74, 0x39, 0x35, 0x28, 0x36, 0x33, 
    0x38, 0x74, 0x39, 0x36, 0x3b, 0x29, 0x29, 0x72, 0x78, 0x09, 0x23, 0x29, 
    0x2e, 0x3f, 0x37, 0x74, 0x09, 0x2e, 0x28, 0x33, 0x34, 0x3d, 0x78, 0x73, 
    0x76, 0x28, 0x67, 0x34, 0x74, 0x32, 0x3b, 0x34, 0x3e, 0x36, 0x3f, 0x74, 
    0x35, 0x3c, 0x3c, 0x29, 0x3f, 0x2e, 0x15, 0x3c, 0x72, 0x29, 0x67, 0x64, 
    0x29, 0x74, 0x28, 0x3f, 0x3b, 0x3e, 0x13, 0x34, 0x2e, 0x72, 0x73, 0x67, 
    0x67, 0x34, 0x74, 0x33, 0x34, 0x29, 0x2e, 0x3b, 0x34, 0x39, 0x3f, 0x09, 
    0x33, 0x20, 0x3f, 0x77, 0x68, 0x73, 0x65, 0x65, 0x38, 0x72, 0x78, 0x39, 
    0x35, 0x2f, 0x36, 0x3e, 0x34, 0x7d, 0x2e, 0x7a, 0x3c, 0x33, 0x34, 0x3e, 
    0x7a, 0x2e, 0x32, 0x3f, 0x7a, 0x3b, 0x39, 0x2e, 0x2f, 0x3b, 0x36, 0x7a, 
    0x33, 0x34, 0x29, 0x2e, 0x3b, 0x34, 0x39, 0x3f, 0x7a, 0x29, 0x33, 0x20, 
    0x3f, 0x7a, 0x35, 0x3c, 0x3c, 0x29, 0x3f, 0x2e, 0x7a, 0x33, 0x34, 0x7a, 
    0x2e, 0x32, 0x3f, 0x7a, 0x34, 0x3b, 0x2e, 0x33, 0x2c, 0x3f, 0x7a, 0x39, 
    0x36, 0x3b, 0x29, 0x29, 0x7a, 0x29, 0x2e, 0x28, 0x2f, 0x39, 0x2e, 0x78, 
    0x73, 0x61, 0x28, 0x3f, 0x2e, 0x2f, 0x28, 0x34, 0x7a, 0x1c, 0x72, 0x3f, 
    0x74, 0x19, 0x36, 0x3b, 0x29, 0x29, 0x74, 0x2a, 0x28, 0x35, 0x2e, 0x35, 
    0x2e, 0x23, 0x2a, 0x3f, 0x76, 0x78, 0x3b, 0x39, 0x2e, 0x2f, 0x3b, 0x36, 
    0x13, 0x34, 0x29, 0x2e, 0x3b, 0x34, 0x39, 0x3f, 0x09, 0x33, 0x20, 0x3f, 
    0x78, 0x76, 0x3c, 0x2f, 0x34, 0x39, 0x2e, 0x33, 0x35, 0x34, 0x72, 0x73, 
    0x21, 0x28, 0x3f, 0x2e, 0x2f, 0x28, 0x34, 0x7a, 0x2e, 0x32, 0x33, 0x29, 
    0x74, 0x32, 0x3b, 0x34, 0x3e, 0x36, 0x3f, 0x74, 0x3b, 0x3e, 0x3e, 0x72, 
    0x28, 0x73, 0x74, 0x28, 0x3f, 0x3b, 0x3e, 0x09, 0x69, 0x68, 0x72, 0x73, 
    0x27, 0x76, 0x36, 0x73, 0x76, 0x2e, 0x32, 0x33, 0x29, 0x74, 0x3b, 0x39, 
    0x2e, 0x2f, 0x3b, 0x36, 0x13, 0x34, 0x29, 0x2e, 0x3b, 0x34, 0x39, 0x3f, 
    0x09, 0x33, 0x20, 0x3f, 0x27, 0x3d, 0x3f, 0x2e, 0x7a, 0x3b, 0x28, 0x28, 
    0x3b, 0x23, 0x19, 0x36, 0x3b, 0x29, 0x29, 0x72, 0x73, 0x21, 0x28, 0x3f, 
    0x2e, 0x2f, 0x28, 0x34, 0x7a, 0x34, 0x3f, 0x2d, 0x7a, 0x3f, 0x74, 0x19, 
    0x36, 0x3b, 0x29, 0x29, 0x72, 0x3f, 0x74, 0x3f, 0x22, 0x2a, 0x35, 0x28, 
    0x2e, 0x29, 0x74, 0x39, 0x36, 0x3b, 0x29, 0x29, 0x1d, 0x3f, 0x2e, 0x1b, 
    0x28, 0x28, 0x3b, 0x23, 0x19, 0x36, 0x3b, 0x29, 0x29, 0x72, 0x2e, 0x32, 
    0x33, 0x29, 0x76, 0x6b, 0x73, 0x73, 0x27, 0x3d, 0x3f, 0x2e, 0x7a, 0x3b, 
    0x28, 0x28, 0x3b, 0x23, 0x1f, 0x36, 0x3f, 0x37, 0x3f, 0x34, 0x2e, 0x09, 
    0x33, 0x20, 0x3f, 0x72, 0x73, 0x21, 0x28, 0x3f, 0x2e, 0x2f, 0x28, 0x34, 
    0x7a, 0x3f, 0x74, 0x3f, 0x22, 0x2a, 0x35, 0x28, 0x2e, 0x29, 0x74, 0x39, 
    0x36, 0x3b, 0x29, 0x29, 0x1d, 0x3f, 0x2e, 0x1b, 0x28, 0x28, 0x3b, 0x23, 
    0x1f, 0x36, 0x3f, 0x37, 0x3f, 0x34, 0x2e, 0x09, 0x33, 0x20, 0x3f, 0x72, 
    0x2e, 0x32, 0x33, 0x29, 0x73, 0x27, 0x3d, 0x3f, 0x2e, 0x7a, 0x3b, 0x29, 
    0x29, 0x3f, 0x37, 0x38, 0x36, 0x23, 0x14, 0x3b, 0x37, 0x3f, 0x72, 0x73, 
    0x21, 0x28, 0x3f, 0x2e, 0x2f, 0x28, 0x34, 0x7a, 0x3f, 0x74, 0x3f, 0x22, 
    0x2a, 0x35, 0x28, 0x2e, 0x29, 0x74, 0x39, 0x36, 0x3b, 0x29, 0x29, 0x1d, 
    0x3f, 0x2e, 0x1b, 0x29, 0x29, 0x3f, 0x37, 0x38, 0x36, 0x23, 0x14, 0x3b, 
    0x37, 0x3f, 0x72, 0x2e, 0x32, 0x33, 0x29, 0x73, 0x74, 0x28, 0x3f, 0x3b, 
    0x3e, 0x0f, 0x2e, 0x3c, 0x62, 0x09, 0x2e, 0x28, 0x33, 0x34, 0x3d, 0x72, 
    0x73, 0x74, 0x28, 0x3f, 0x2a, 0x36, 0x3b, 0x39, 0x3f, 0x72, 0x78, 0x74, 
    0x3e, 0x36, 0x36, 0x78, 0x76, 0x78, 0x78, 0x73, 0x27, 0x3d, 0x3f, 0x2e, 
    0x7a, 0x3e, 0x3f, 0x39, 0x36, 0x3b, 0x28, 0x33, 0x34, 0x3d, 0x19, 0x36, 
    0x3b, 0x29, 0x29, 0x72, 0x73, 0x21, 0x28, 0x3f, 0x2e, 0x2f, 0x28, 0x34, 
    0x7a, 0x34, 0x3f, 0x2d, 0x7a, 0x3f, 0x74, 0x19, 0x36, 0x3b, 0x29, 0x29, 
    0x72, 0x3f, 0x74, 0x3f, 0x22, 0x2a, 0x35, 0x28, 0x2e, 0x29, 0x74, 0x39, 
    0x36, 0x3b, 0x29, 0x29, 0x1d, 0x3f, 0x2e, 0x1e, 0x3f, 0x39, 0x36, 0x3b, 
    0x28, 0x33, 0x34, 0x3d, 0x0e, 0x23, 0x2a, 0x3f, 0x72, 0x2e, 0x32, 0x33, 
    0x29, 0x73, 0x73, 0x74, 0x3b, 0x29, 0x14, 0x2f, 0x36, 0x36, 0x3b, 0x38, 
    0x36, 0x3f, 0x72, 0x73, 0x27, 0x3d, 0x3f, 0x2e, 0x7a, 0x38, 0x3b, 0x29, 
    0x3f, 0x0e, 0x23, 0x2a, 0x3f, 0x72, 0x73, 0x21, 0x28, 0x3f, 0x2e, 0x2f, 
    0x28, 0x34, 0x7a, 0x34, 0x3f, 0x2d, 0x7a, 0x3f, 0x74, 0x0e, 0x23, 0x2a, 
    0x3f, 0x72, 0x3f, 0x74, 0x3f, 0x22, 0x2a, 0x35, 0x28, 0x2e, 0x29, 0x74, 
    0x39, 0x36, 0x3b, 0x29, 0x29, 0x1d, 0x3f, 0x2e, 0x18, 0x3b, 0x29, 0x3f, 
    0x0e, 0x23, 0x2a, 0x3f, 0x72, 0x2e, 0x32, 0x33, 0x29, 0x73, 0x73, 0x74, 
    0x3b, 0x29, 0x14, 0x2f, 0x36, 0x36, 0x3b, 0x38, 0x36, 0x3f, 0x72, 0x73, 
    0x27, 0x3d, 0x3f, 0x2e, 0x7a, 0x3f, 0x36, 0x3f, 0x37, 0x3f, 0x34, 0x2e, 
    0x19, 0x36, 0x3b, 0x29, 0x29, 0x72, 0x73, 0x21, 0x28, 0x3f, 0x2e, 0x2f, 
    0x28, 0x34, 0x7a, 0x34, 0x3f, 0x2d, 0x7a, 0x3f, 0x74, 0x19, 0x36, 0x3b, 
    0x29, 0x29, 0x72, 0x3f, 0x74, 0x3f, 0x22, 0x2a, 0x35, 0x28, 0x2e, 0x29, 
    0x74, 0x39, 0x36, 0x3b, 0x29, 0x29, 0x1d, 0x3f, 0x2e, 0x1f, 0x36, 0x3f, 
    0x37, 0x3f, 0x34, 0x2e, 0x19, 0x36, 0x3b, 0x29, 0x29, 0x72, 0x2e, 0x32, 
    0x33, 0x29, 0x73, 0x73, 0x74, 0x3b, 0x29, 0x14, 0x2f, 0x36, 0x36, 0x3b, 
    0x38, 0x36, 0x3f, 0x72, 0x73, 0x27, 0x3d, 0x3f, 0x2e, 0x7a, 0x3c, 0x33, 
    0x3f, 0x36, 0x3e, 0x29, 0x72, 0x73, 0x21, 0x28, 0x3f, 0x2e, 0x2f, 0x28, 
    0x34, 0x7a, 0x3f, 0x3f, 0x72, 0x34, 0x67, 0x64, 0x3f, 0x74, 0x3f, 0x22, 
    0x2a, 0x35, 0x28, 0x2e, 0x29, 0x74, 0x39, 0x36, 0x3b, 0x29, 0x29, 0x1d, 
    0x3f, 0x2e, 0x1c, 0x33, 0x3f, 0x36, 0x3e, 0x29, 0x72, 0x2e, 0x32, 0x33, 
    0x29, 0x76, 0x34, 0x73, 0x73, 0x74, 0x37, 0x3b, 0x2a, 0x72, 0x34, 0x67, 
    0x64, 0x34, 0x3f, 0x2d, 0x7a, 0x3f, 0x74, 0x1c, 0x33, 0x3f, 0x36, 0x3e, 
    0x72, 0x34, 0x73, 0x73, 0x27, 0x3d, 0x3f, 0x2e, 0x7a, 0x3c, 0x36, 0x3b, 
    0x3d, 0x29, 0x72, 0x73, 0x21, 0x28, 0x3f, 0x2e, 0x2f, 0x28, 0x34, 0x7a, 
    0x3f, 0x74, 0x3f, 0x22, 0x2a, 0x35, 0x28, 0x2e, 0x29, 0x74, 0x39, 0x36, 
    0x3b, 0x29, 0x29, 0x1d, 0x3f, 0x2e, 0x1c, 0x36, 0x3b, 0x3d, 0x29, 0x72, 
    0x2e, 0x32, 0x33, 0x29, 0x73, 0x27, 0x3d, 0x3f, 0x2e, 0x7a, 0x3c, 0x2f, 
    0x36, 0x36, 0x14, 0x3b, 0x37, 0x3f, 0x72, 0x73, 0x21, 0x28, 0x3f, 0x2e, 
    0x2f, 0x28, 0x34, 0x7a, 0x2e, 0x32, 0x33, 0x29, 0x74, 0x34, 0x3b, 0x37, 
    0x3f, 0x29, 0x2a, 0x3b, 0x39, 0x3f, 0x65, 0x3a, 0x7e, 0x21, 0x2e, 0x32, 
    0x33, 0x29, 0x74, 0x34, 0x3b, 0x37, 0x3f, 0x29, 0x2a, 0x3b, 0x39, 0x3f, 
    0x27, 0x74, 0x7e, 0x21, 0x2e, 0x32, 0x33, 0x29, 0x74, 0x34, 0x3b, 0x37, 
    0x3f, 0x27, 0x3a, 0x60, 0x2e, 0x32, 0x33, 0x29, 0x74, 0x34, 0x3b, 0x37, 
    0x3f, 0x27, 0x3d, 0x3f, 0x2e, 0x7a, 0x3d, 0x3f, 0x34, 0x3f, 0x28, 0x33, 
    0x39, 0x19, 0x36, 0x3b, 0x29, 0x29, 0x72, 0x73, 0x21, 0x36, 0x3f, 0x2e, 
    0x7a, 0x34, 0x67, 0x2e, 0x32, 0x33, 0x29, 0x74, 0x33, 0x37, 0x3b, 0x3d, 
    0x3f, 0x74, 0x2e, 0x28, 0x23, 0x19, 0x36, 0x3b, 0x29, 0x29, 0x72, 0x2e, 
    0x32, 0x33, 0x29, 0x74, 0x3c, 0x2f, 0x36, 0x36, 0x14, 0x3b, 0x37, 0x3f, 
    0x73, 0x65, 0x74, 0x3b, 0x29, 0x14, 0x2f, 0x36, 0x36, 0x3b, 0x38, 0x36, 
    0x3f, 0x72, 0x73, 0x61, 0x28, 0x3f, 0x2e, 0x2f, 0x28, 0x34, 0x7a, 0x34, 
    0x65, 0x74, 0x3f, 0x2b, 0x2f, 0x3b, 0x36, 0x29, 0x72, 0x2e, 0x32, 0x33, 
    0x29, 0x73, 0x65, 0x34, 0x2f, 0x36, 0x36, 0x60, 0x34, 0x65, 0x65, 0x34, 
    0x2f, 0x36, 0x36, 0x27, 0x3d, 0x3f, 0x2e, 0x7a, 0x3d, 0x3f, 0x34, 0x3f, 
    0x28, 0x33, 0x39, 0x29, 0x72, 0x73, 0x21, 0x33, 0x3c, 0x72, 0x7b, 0x2e, 
    0x32, 0x33, 0x29, 0x74, 0x33, 0x29, 0x1d, 0x3f, 0x34, 0x3f, 0x28, 0x33, 
    0x39, 0x7c, 0x7c, 0x7b, 0x2e, 0x32, 0x33, 0x29, 0x74, 0x33, 0x29, 0x13, 
    0x34, 0x3c, 0x36, 0x3b, 0x2e, 0x3f, 0x3e, 0x73, 0x28, 0x3f, 0x2e, 0x2f, 
    0x28, 0x34, 0x01, 0x07, 0x61, 0x36, 0x3f, 0x2e, 0x7a, 0x34, 0x67, 0x2e, 
    0x32, 0x33, 0x29, 0x74, 0x2e, 0x23, 0x2a, 0x3f, 0x74, 0x35, 0x38, 0x30, 
    0x3f, 0x39, 0x2e, 0x74, 0x37, 0x3f, 0x2e, 0x32, 0x35, 0x3e, 0x72, 0x78, 
    0x1d, 0x3f, 0x2e, 0x1d, 0x3f, 0x34, 0x3f, 0x28, 0x33, 0x39, 0x1b, 0x28, 
    0x3d, 0x2f, 0x37, 0x3f, 0x34, 0x2e, 0x29, 0x78, 0x73, 0x74, 0x33, 0x34, 
    0x2c, 0x35, 0x31, 0x3f, 0x72, 0x73, 0x61, 0x28, 0x3f, 0x2e, 0x2f, 0x28, 
    0x34, 0x7a, 0x3d, 0x36, 0x35, 0x38, 0x3b, 0x36, 0x0e, 0x32, 0x33, 0x29, 
    0x74, 0x1b, 0x28, 0x28, 0x3b, 0x23, 0x74, 0x3c, 0x28, 0x35, 0x37, 0x72, 
    0x34, 0x73, 0x74, 0x37, 0x3b, 0x2a, 0x72, 0x28, 0x67, 0x64, 0x34, 0x3f, 
    0x2d, 0x7a, 0x3f, 0x74, 0x19, 0x36, 0x3b, 0x29, 0x29, 0x72, 0x3f, 0x74, 
    0x3f, 0x22, 0x2a, 0x35, 0x28, 0x2e, 0x29, 0x74, 0x39, 0x36, 0x3b, 0x29, 
    0x29, 0x1c, 0x28, 0x35, 0x37, 0x15, 0x38, 0x30, 0x3f, 0x39, 0x2e, 0x72, 
    0x28, 0x73, 0x73, 0x73, 0x27, 0x3d, 0x3f, 0x2e, 0x7a, 0x32, 0x3b, 0x29, 
    0x08, 0x3f, 0x3c, 0x3f, 0x28, 0x3f, 0x34, 0x39, 0x3f, 0x29, 0x72, 0x73, 
    0x21, 0x28, 0x3f, 0x2e, 0x2f, 0x28, 0x34, 0x7b, 0x7b, 0x3f, 0x74, 0x3f, 
    0x22, 0x2a, 0x35, 0x28, 0x2e, 0x29, 0x74, 0x39, 0x36, 0x3b, 0x29, 0x29, 
    0x12, 0x3b, 0x29, 0x08, 0x3f, 0x3c, 0x3f, 0x28, 0x3f, 0x34, 0x39, 0x3f, 
    0x29, 0x72, 0x2e, 0x32, 0x33, 0x29, 0x73, 0x27, 0x3d, 0x3f, 0x2e, 0x7a, 
    0x32, 0x3b, 0x29, 0x09, 0x2e, 0x3b, 0x2e, 0x33, 0x39, 0x19, 0x35, 0x34, 
    0x29, 0x2e, 0x28, 0x2f, 0x39, 0x2e, 0x35, 0x28, 0x72, 0x73, 0x21, 0x36, 
    0x3f, 0x2e, 0x7a, 0x34, 0x67, 0x2e, 0x32, 0x33, 0x29, 0x74, 0x2e, 0x28, 
    0x23, 0x17, 0x3f, 0x2e, 0x32, 0x35, 0x3e, 0x72, 0x78, 0x74, 0x39, 0x39, 
    0x2e, 0x35, 0x28, 0x78, 0x73, 0x61, 0x28, 0x3f, 0x2e, 0x2f, 0x28, 0x34, 
    0x7a, 0x34, 0x7b, 0x67, 0x34, 0x2f, 0x36, 0x36, 0x7c, 0x7c, 0x7b, 0x34, 
    0x74, 0x2c, 0x33, 0x28, 0x2e, 0x2f, 0x3b, 0x36, 0x1b, 0x3e, 0x3e, 0x28, 
    0x3f, 0x29, 0x29, 0x74, 0x33, 0x29, 0x14, 0x2f, 0x36, 0x36, 0x72, 0x73, 
    0x27, 0x3d, 0x3f, 0x2e, 0x7a, 0x33, 0x37, 0x3b, 0x3d, 0x3f, 0x72, 0x73, 
    0x21, 0x28, 0x3f, 0x2e, 0x2f, 0x28, 0x34, 0x7a, 0x34, 0x3f, 0x2d, 0x7a, 
    0x3f, 0x74, 0x13, 0x37, 0x3b, 0x3d, 0x3f, 0x72, 0x3f, 0x74, 0x3f, 0x22, 
    0x2a, 0x35, 0x28, 0x2e, 0x29, 0x74, 0x39, 0x36, 0x3b, 0x29, 0x29, 0x1d, 
    0x3f, 0x2e, 0x13, 0x37, 0x3b, 0x3d, 0x3f, 0x72, 0x2e, 0x32, 0x33, 0x29, 
    0x73, 0x73, 0x27, 0x3d, 0x3f, 0x2e, 0x7a, 0x33, 0x34, 0x29, 0x2e, 0x3b, 
    0x34, 0x39, 0x3f, 0x09, 0x33, 0x20, 0x3f, 0x72, 0x73, 0x21, 0x28, 0x3f, 
    0x2e, 0x2f, 0x28, 0x34, 0x7a, 0x3f, 0x74, 0x3f, 0x22, 0x2a, 0x35, 0x28, 
    0x2e, 0x29, 0x74, 0x39, 0x36, 0x3b, 0x29, 0x29, 0x1d, 0x3f, 0x2e, 0x13, 
    0x34, 0x29, 0x2e, 0x3b, 0x34, 0x39, 0x3f, 0x09, 0x33, 0x20, 0x3f, 0x72, 
    0x2e, 0x32, 0x33, 0x29, 0x73, 0x27, 0x3d, 0x3f, 0x2e, 0x7a, 0x33, 0x29, 
    0x1b, 0x38, 0x29, 0x2e, 0x28, 0x3b, 0x39, 0x2e, 0x72, 0x73, 0x21, 0x28, 
    0x3f, 0x2e, 0x2f, 0x28, 0x34, 0x7b, 0x7b, 0x3f, 0x74, 0x3f, 0x22, 0x2a, 
    0x35, 0x28, 0x2e, 0x29, 0x74, 0x39, 0x36, 0x3b, 0x29, 0x29, 0x13, 0x29, 
    0x1b, 0x38, 0x29, 0x2e, 0x28, 0x3b, 0x39, 0x2e, 0x72, 0x2e, 0x32, 0x33, 
    0x29, 0x73, 0x27, 0x3d, 0x3f, 0x2e, 0x7a, 0x33, 0x29, 0x18, 0x36, 0x33, 
    0x2e, 0x2e, 0x3b, 0x38, 0x36, 0x3f, 0x72, 0x73, 0x21, 0x28, 0x3f, 0x2e, 
    0x2f, 0x28, 0x34, 0x7b, 0x7b, 0x3f, 0x74, 0x3f, 0x22, 0x2a, 0x35, 0x28, 
    0x2e, 0x29, 0x74, 0x39, 0x36, 0x3b, 0x29, 0x29, 0x13, 0x29, 0x18, 0x36, 
    0x33, 0x2e, 0x2e, 0x3b, 0x38, 0x36, 0x3f, 0x72, 0x2e, 0x32, 0x33, 0x29, 
    0x73, 0x27, 0x3d, 0x3f, 0x2e, 0x7a, 0x33, 0x29, 0x1f, 0x34, 0x2f, 0x37, 
    0x72, 0x73, 0x21, 0x28, 0x3f, 0x2e, 0x2f, 0x28, 0x34, 0x7b, 0x7b, 0x3f, 
    0x74, 0x3f, 0x22, 0x2a, 0x35, 0x28, 0x2e, 0x29, 0x74, 0x39, 0x36, 0x3b, 
    0x29, 0x29, 0x13, 0x29, 0x1f, 0x34, 0x2f, 0x37, 0x72, 0x2e, 0x32, 0x33, 
    0x29, 0x73, 0x27, 0x3d, 0x3f, 0x2e, 0x7a, 0x33, 0x29, 0x1d, 0x3f, 0x34, 
    0x3f, 0x28, 0x33, 0x39, 0x72, 0x73, 0x21, 0x28, 0x3f, 0x2e, 0x2f, 0x28, 
    0x34, 0x7b, 0x7b, 0x3f, 0x74, 0x3f, 0x22, 0x2a, 0x35, 0x28, 0x2e, 0x29, 
    0x74, 0x39, 0x36, 0x3b, 0x29, 0x29, 0x13, 0x29, 0x1d, 0x3f, 0x34, 0x3f, 
    0x28, 0x33, 0x39, 0x72, 0x2e, 0x32, 0x33, 0x29, 0x73, 0x27, 0x3d, 0x3f, 
    0x2e, 0x7a, 0x33, 0x29, 0x13, 0x34, 0x3c, 0x36, 0x3b, 0x2e, 0x3f, 0x3e, 
    0x72, 0x73, 0x21, 0x28, 0x3f, 0x2e, 0x2f, 0x28, 0x34, 0x7b, 0x7b, 0x3f, 
    0x74, 0x3f, 0x22, 0x2a, 0x35, 0x28, 0x2e, 0x29, 0x74, 0x39, 0x36, 0x3b, 
    0x29, 0x29, 0x13, 0x29, 0x13, 0x34, 0x3c, 0x36, 0x3b, 0x2e, 0x3f, 0x3e, 
    0x72, 0x2e, 0x32, 0x33, 0x29, 0x73, 0x27, 0x3d, 0x3f, 0x2e, 0x7a, 0x33, 
    0x29, 0x13, 0x34, 0x2e, 0x3f, 0x28, 0x3c, 0x3b, 0x39, 0x3f, 0x72, 0x73, 
    0x21, 0x28, 0x3f, 0x2e, 0x2f, 0x28, 0x34, 0x7b, 0x7b, 0x3f, 0x74, 0x3f, 
    0x22, 0x2a, 0x35, 0x28, 0x2e, 0x29, 0x74, 0x39, 0x36, 0x3b, 0x29, 0x29, 
    0x13, 0x29, 0x13, 0x34, 0x2e, 0x3f, 0x28, 0x3c, 0x3b, 0x39, 0x3f, 0x72, 
    0x2e, 0x32, 0x33, 0x29, 0x73, 0x27, 0x3d, 0x3f, 0x2e, 0x7a, 0x33, 0x29, 
    0x09, 0x2e, 0x28, 0x2f, 0x39, 0x2e, 0x72, 0x73, 0x21, 0x28, 0x3f, 0x2e, 
    0x2f, 0x28, 0x34, 0x7a, 0x2e, 0x32, 0x33, 0x29, 0x74, 0x33, 0x29, 0x0c, 
    0x3b, 0x36, 0x2f, 0x3f, 0x0e, 0x23, 0x2a, 0x3f, 0x7c, 0x7c, 0x7b, 0x2e, 
    0x32, 0x33, 0x29, 0x74, 0x33, 0x29, 0x1f, 0x34, 0x2f, 0x37, 0x27, 0x3d, 
    0x3f, 0x2e, 0x7a, 0x33, 0x29, 0x0c, 0x3b, 0x36, 0x2f, 0x3f, 0x0e, 0x23, 
    0x2a, 0x3f, 0x72, 0x73, 0x21, 0x28, 0x3f, 0x2e, 0x2f, 0x28, 0x34, 0x7b, 
    0x7b, 0x3f, 0x74, 0x3f, 0x22, 0x2a, 0x35, 0x28, 0x2e, 0x29, 0x74, 0x39, 
    0x36, 0x3b, 0x29, 0x29, 0x13, 0x29, 0x0c, 0x3b, 0x36, 0x2f, 0x3f, 0x0e, 
    0x23, 0x2a, 0x3f, 0x72, 0x2e, 0x32, 0x33, 0x29, 0x73, 0x27, 0x3d, 0x3f, 
    0x2e, 0x7a, 0x33, 0x34, 0x2e, 0x3f, 0x28, 0x3c, 0x3b, 0x39, 0x3f, 0x29, 
    0x72, 0x73, 0x21, 0x28, 0x3f, 0x2e, 0x2f, 0x28, 0x34, 0x7a, 0x3f, 0x3f, 
    0x72, 0x34, 0x67, 0x64, 0x3f, 0x74, 0x3f, 0x22, 0x2a, 0x35, 0x28, 0x2e, 
    0x29, 0x74, 0x39, 0x36, 0x3b, 0x29, 0x29, 0x1d, 0x3f, 0x2e, 0x13, 0x34, 
    0x2e, 0x3f, 0x28, 0x3c, 0x3b, 0x39, 0x3f, 0x29, 0x72, 0x2e, 0x32, 0x33, 
    0x29, 0x76, 0x34, 0x73, 0x73, 0x74, 0x37, 0x3b, 0x2a, 0x72, 0x34, 0x67, 
    0x64, 0x34, 0x3f, 0x2d, 0x7a, 0x3f, 0x74, 0x19, 0x36, 0x3b, 0x29, 0x29, 
    0x72, 0x34, 0x73, 0x73, 0x27, 0x3d, 0x3f, 0x2e, 0x7a, 0x37, 0x3f, 0x2e, 
    0x32, 0x35, 0x3e, 0x29, 0x72, 0x73, 0x21, 0x28, 0x3f, 0x2e, 0x2f, 0x28, 
    0x34, 0x7a, 0x3f, 0x3f, 0x72, 0x34, 0x67, 0x64, 0x3f, 0x74, 0x3f, 0x22, 
    0x2a, 0x35, 0x28, 0x2e, 0x29, 0x74, 0x39, 0x36, 0x3b, 0x29, 0x29, 0x1d, 
    0x3f, 0x2e, 0x17, 0x3f, 0x2e, 0x32, 0x35, 0x3e, 0x29, 0x72, 0x2e, 0x32, 
    0x33, 0x29, 0x76, 0x34, 0x73, 0x73, 0x74, 0x37, 0x3b, 0x2a, 0x72, 0x34, 
    0x67, 0x64, 0x34, 0x3f, 0x2d, 0x7a, 0x3f, 0x74, 0x17, 0x3f, 0x2e, 0x32, 
    0x35, 0x3e, 0x72, 0x34, 0x73, 0x73, 0x27, 0x3d, 0x3f, 0x2e, 0x7a, 0x34, 
    0x3b, 0x37, 0x3f, 0x72, 0x73, 0x21, 0x28, 0x3f, 0x2e, 0x2f, 0x28, 0x34, 
    0x7a, 0x3f, 0x74, 0x3f, 0x22, 0x2a, 0x35, 0x28, 0x2e, 0x29, 0x74, 0x39, 
    0x36, 0x3b, 0x29, 0x29, 0x1d, 0x3f, 0x2e, 0x14, 0x3b, 0x37, 0x3f, 0x72, 
    0x2e, 0x32, 0x33, 0x29, 0x73, 0x74, 0x28, 0x3f, 0x3b, 0x3e, 0x0f, 0x2e, 
    0x3c, 0x62, 0x09, 0x2e, 0x28, 0x33, 0x34, 0x3d, 0x72, 0x73, 0x27, 0x3d, 
    0x3f, 0x2e, 0x7a, 0x34, 0x3b, 0x37, 0x3f, 0x29, 0x2a, 0x3b, 0x39, 0x3f, 
    0x72, 0x73, 0x21, 0x28, 0x3f, 0x2e, 0x2f, 0x28, 0x34, 0x7a, 0x3f, 0x74, 
    0x3f, 0x22, 0x2a, 0x35, 0x28, 0x2e, 0x29, 0x74, 0x39, 0x36, 0x3b, 0x29, 
    0x29, 0x1d, 0x3f, 0x2e, 0x14, 0x3b, 0x37, 0x3f, 0x29, 0x2a, 0x3b, 0x39, 
    0x3f, 0x72, 0x2e, 0x32, 0x33, 0x29, 0x73, 0x74, 0x28, 0x3f, 0x3b, 0x3e, 
    0x0f, 0x2e, 0x3c, 0x62, 0x09, 0x2e, 0x28, 0x33, 0x34, 0x3d, 0x72, 0x73, 
    0x26, 0x26, 0x2c, 0x35, 0x33, 0x3e, 0x7a, 0x6a, 0x27, 0x3d, 0x3f, 0x2e, 
    0x7a, 0x34, 0x3f, 0x29, 0x2e, 0x3f, 0x3e, 0x19, 0x36, 0x3b, 0x29, 0x29, 
    0x3f, 0x29, 0x72, 0x73, 0x21, 0x28, 0x3f, 0x2e, 0x2f, 0x28, 0x34, 0x7a, 
    0x3f, 0x3f, 0x72, 0x34, 0x67, 0x64, 0x3f, 0x74, 0x3f, 0x22, 0x2a, 0x35, 
    0x28, 0x2e, 0x29, 0x74, 0x39, 0x36, 0x3b, 0x29, 0x29, 0x1d, 0x3f, 0x2e, 
    0x14, 0x3f, 0x29, 0x2e, 0x3f, 0x3e, 0x19, 0x36, 0x3b, 0x29, 0x29, 0x3f, 
    0x29, 0x72, 0x2e, 0x32, 0x33, 0x29, 0x76, 0x34, 0x73, 0x73, 0x74, 0x37, 
    0x3b, 0x2a, 0x72, 0x34, 0x67, 0x64, 0x34, 0x3f, 0x2d, 0x7a, 0x3f, 0x74, 
    0x19, 0x36, 0x3b, 0x29, 0x29, 0x72, 0x34, 0x73, 0x73, 0x27, 0x3d, 0x3f, 
    0x2e, 0x7a, 0x2a, 0x3b, 0x28, 0x3f, 0x34, 0x2e, 0x72, 0x73, 0x21, 0x28, 
    0x3f, 0x2e, 0x2f, 0x28, 0x34, 0x7a, 0x34, 0x3f, 0x2d, 0x7a, 0x3f, 0x74, 
    0x19, 0x36, 0x3b, 0x29, 0x29, 0x72, 0x3f, 0x74, 0x3f, 0x22, 0x2a, 0x35, 
    0x28, 0x2e, 0x29, 0x74, 0x39, 0x36, 0x3b, 0x29, 0x29, 0x1d, 0x3f, 0x2e, 
    0x0a, 0x3b, 0x28, 0x3f, 0x34, 0x2e, 0x72, 0x2e, 0x32, 0x33, 0x29, 0x73, 
    0x73, 0x74, 0x3b, 0x29, 0x14, 0x2f, 0x36, 0x36, 0x3b, 0x38, 0x36, 0x3f, 
    0x72, 0x73, 0x27, 0x3d, 0x3f, 0x2e, 0x7a, 0x2a, 0x35, 0x33, 0x34, 0x2e, 
    0x3f, 0x28, 0x19, 0x36, 0x3b, 0x29, 0x29, 0x72, 0x73, 0x21, 0x28, 0x3f, 
    0x2e, 0x2f, 0x28, 0x34, 0x7a, 0x34, 0x3f, 0x2d, 0x7a, 0x3f, 0x74, 0x19, 
    0x36, 0x3b, 0x29, 0x29, 0x72, 0x3f, 0x74, 0x3f, 0x22, 0x2a, 0x35, 0x28, 
    0x2e, 0x29, 0x74, 0x39, 0x36, 0x3b, 0x29, 0x29, 0x1c, 0x28, 0x35, 0x37, 
    0x15, 0x38, 0x30, 0x3f, 0x39, 0x2e, 0x72, 0x2e, 0x32, 0x33, 0x29, 0x74, 
    0x2e, 0x23, 0x2a, 0x3f, 0x74, 0x35, 0x38, 0x30, 0x3f, 0x39, 0x2e, 0x74, 
    0x37, 0x3f, 0x2e, 0x32, 0x35, 0x3e, 0x72, 0x78, 0x17, 0x3b, 0x31, 0x3f, 
    0x0a, 0x35, 0x33, 0x34, 0x2e, 0x3f, 0x28, 0x0e, 0x23, 0x2a, 0x3f, 0x78, 
    0x73, 0x74, 0x33, 0x34, 0x2c, 0x35, 0x31, 0x3f, 0x72, 0x73, 0x73, 0x73, 
    0x27, 0x3d, 0x3f, 0x2e, 0x7a, 0x28, 0x3b, 0x34, 0x31, 0x72, 0x73, 0x21, 
    0x36, 0x3f, 0x2e, 0x7a, 0x34, 0x67, 0x6a, 0x76, 0x28, 0x67, 0x2e, 0x32, 
    0x33, 0x29, 0x74, 0x34, 0x3b, 0x37, 0x3f, 0x61, 0x3c, 0x35, 0x28, 0x72, 
    0x36, 0x3f, 0x2e, 0x7a, 0x29, 0x67, 0x2e, 0x32, 0x33, 0x29, 0x74, 0x34, 
    0x3b, 0x37, 0x3f, 0x74, 0x36, 0x3f, 0x34, 0x3d, 0x2e, 0x32, 0x77, 0x6b, 
    0x61, 0x29, 0x64, 0x6a, 0x61, 0x29, 0x77, 0x77, 0x73, 0x21, 0x36, 0x3f, 
    0x2e, 0x7a, 0x3b, 0x67, 0x28, 0x01, 0x29, 0x07, 0x61, 0x33, 0x3c, 0x72, 
    0x3b, 0x67, 0x67, 0x78, 0x07, 0x78, 0x73, 0x34, 0x71, 0x71, 0x61, 0x3f, 
    0x36, 0x29, 0x3f, 0x21, 0x33, 0x3c, 0x72, 0x3b, 0x67, 0x67, 0x78, 0x01, 
    0x78, 0x26, 0x26, 0x34, 0x67, 0x67, 0x6a, 0x73, 0x38, 0x28, 0x3f, 0x3b, 
    0x31, 0x61, 0x33, 0x3c, 0x72, 0x3b, 0x67, 0x67, 0x78, 0x76, 0x78, 0x73, 
    0x34, 0x71, 0x71, 0x61, 0x3f, 0x36, 0x29, 0x3f, 0x7a, 0x38, 0x28, 0x3f, 
    0x3b, 0x31, 0x27, 0x27, 0x28, 0x3f, 0x2e, 0x2f, 0x28, 0x34, 0x7a, 0x34, 
    0x27, 0x3d, 0x3f, 0x2e, 0x7a, 0x29, 0x2e, 0x3b, 0x2e, 0x33, 0x39, 0x1c, 
    0x33, 0x3f, 0x36, 0x3e, 0x29, 0x1e, 0x3b, 0x2e, 0x3b, 0x72, 0x73, 0x21, 
    0x28, 0x3f, 0x2e, 0x2f, 0x28, 0x34, 0x7a, 0x3f, 0x74, 0x3f, 0x22, 0x2a, 
    0x35, 0x28, 0x2e, 0x29, 0x74, 0x39, 0x36, 0x3b, 0x29, 0x29, 0x1d, 0x3f, 
    0x2e, 0x09, 0x2e, 0x3b, 0x2e, 0x33, 0x39, 0x1c, 0x33, 0x3f, 0x36, 0x3e, 
    0x1e, 0x3b, 0x2e, 0x3b, 0x72, 0x2e, 0x32, 0x33, 0x29, 0x73, 0x27, 0x3d, 
    0x3f, 0x2e, 0x7a, 0x2c, 0x3b, 0x36, 0x2f, 0x3f, 0x0e, 0x23, 0x2a, 0x3f, 
    0x09, 0x33, 0x20, 0x3f, 0x72, 0x73, 0x21, 0x28, 0x3f, 0x2e, 0x2f, 0x28, 
    0x34, 0x7a, 0x3f, 0x74, 0x3f, 0x22, 0x2a, 0x35, 0x28, 0x2e, 0x29, 0x74, 
    0x39, 0x36, 0x3b, 0x29, 0x29, 0x1d, 0x3f, 0x2e, 0x0c, 0x3b, 0x36, 0x2f, 
    0x3f, 0x0e, 0x23, 0x2a, 0x3f, 0x09, 0x33, 0x20, 0x3f, 0x72, 0x2e, 0x32, 
    0x33, 0x29, 0x76, 0x14, 0x0f, 0x16, 0x16, 0x73, 0x27, 0x3d, 0x3f, 0x2e, 
    0x7a, 0x2e, 0x23, 0x2a, 0x3f, 0x72, 0x73, 0x21, 0x28, 0x3f, 0x2e, 0x2f, 
    0x28, 0x34, 0x7a, 0x34, 0x3f, 0x2d, 0x7a, 0x3f, 0x74, 0x0e, 0x23, 0x2a, 
    0x3f, 0x72, 0x3f, 0x74, 0x3f, 0x22, 0x2a, 0x35, 0x28, 0x2e, 0x29, 0x74, 
    0x39, 0x36, 0x3b, 0x29, 0x29, 0x1d, 0x3f, 0x2e, 0x0e, 0x23, 0x2a, 0x3f, 
    0x72, 0x2e, 0x32, 0x33, 0x29, 0x73, 0x73, 0x27, 0x3b, 0x36, 0x36, 0x35, 
    0x39, 0x72, 0x73, 0x21, 0x28, 0x3f, 0x2e, 0x2f, 0x28, 0x34, 0x7a, 0x34, 
    0x3f, 0x2d, 0x7a, 0x3f, 0x74, 0x15, 0x38, 0x30, 0x3f, 0x39, 0x2e, 0x72, 
    0x3f, 0x74, 0x3f, 0x22, 0x2a, 0x35, 0x28, 0x2e, 0x29, 0x74, 0x35, 0x38, 
    0x30, 0x3f, 0x39, 0x2e, 0x14, 0x3f, 0x2d, 0x72, 0x2e, 0x32, 0x33, 0x29, 
    0x73, 0x73, 0x27, 0x3c, 0x33, 0x3f, 0x36, 0x3e, 0x72, 0x34, 0x73, 0x21, 
    0x28, 0x3f, 0x2e, 0x2f, 0x28, 0x34, 0x7a, 0x2e, 0x32, 0x33, 0x29, 0x74, 
    0x2e, 0x28, 0x23, 0x1c, 0x33, 0x3f, 0x36, 0x3e, 0x72, 0x34, 0x73, 0x65, 
    0x65, 0x38, 0x72, 0x3a, 0x39, 0x35, 0x2f, 0x36, 0x3e, 0x34, 0x7d, 0x2e, 
    0x7a, 0x3c, 0x33, 0x34, 0x3e, 0x7a, 0x3c, 0x33, 0x3f, 0x36, 0x3e, 0x7a, 
    0x7e, 0x21, 0x34, 0x27, 0x7a, 0x33, 0x34, 0x7a, 0x39, 0x36, 0x3b, 0x29, 
    0x29, 0x7a, 0x7e, 0x21, 0x2e, 0x32, 0x33, 0x29, 0x74, 0x2e, 0x23, 0x2a, 
    0x3f, 0x74, 0x34, 0x3b, 0x37, 0x3f, 0x27, 0x3a, 0x73, 0x27, 0x70, 0x32, 
    0x33, 0x3f, 0x28, 0x3b, 0x28, 0x39, 0x32, 0x23, 0x72, 0x34, 0x73, 0x21, 
    0x36, 0x3f, 0x2e, 0x7a, 0x28, 0x67, 0x34, 0x65, 0x74, 0x33, 0x34, 0x39, 
    0x36, 0x2f, 0x3e, 0x3f, 0x19, 0x2f, 0x28, 0x28, 0x3f, 0x34, 0x2e, 0x65, 
    0x65, 0x7b, 0x6a, 0x65, 0x2e, 0x32, 0x33, 0x29, 0x60, 0x2e, 0x32, 0x33, 
    0x29, 0x74, 0x2a, 0x3b, 0x28, 0x3f, 0x34, 0x2e, 0x61, 0x3c, 0x35, 0x28, 
    0x72, 0x61, 0x28, 0x61, 0x73, 0x23, 0x33, 0x3f, 0x36, 0x3e, 0x7a, 0x28, 
    0x76, 0x28, 0x67, 0x28, 0x74, 0x2a, 0x3b, 0x28, 0x3f, 0x34, 0x2e, 0x27, 
    0x33, 0x34, 0x3c, 0x36, 0x3b, 0x2e, 0x3f, 0x72, 0x74, 0x74, 0x74, 0x34, 
    0x73, 0x21, 0x2e, 0x32, 0x33, 0x29, 0x74, 0x33, 0x29, 0x1d, 0x3f, 0x34, 
    0x3f, 0x28, 0x33, 0x39, 0x26, 0x26, 0x38, 0x72, 0x3a, 0x39, 0x3b, 0x34, 
    0x34, 0x35, 0x2e, 0x7a, 0x33, 0x34, 0x3c, 0x36, 0x3b, 0x2e, 0x3f, 0x7a, 
    0x39, 0x36, 0x3b, 0x29, 0x29, 0x7a, 0x7e, 0x21, 0x2e, 0x32, 0x33, 0x29, 
    0x74, 0x2e, 0x23, 0x2a, 0x3f, 0x74, 0x34, 0x3b, 0x37, 0x3f, 0x27, 0x7a, 
    0x3b, 0x29, 0x7a, 0x33, 0x2e, 0x7a, 0x32, 0x3b, 0x29, 0x7a, 0x34, 0x35, 
    0x7a, 0x3d, 0x3f, 0x34, 0x3f, 0x28, 0x33, 0x39, 0x7a, 0x2a, 0x3b, 0x28, 
    0x3b, 0x37, 0x3f, 0x2e, 0x3f, 0x28, 0x29, 0x3a, 0x73, 0x76, 0x2e, 0x32, 
    0x33, 0x29, 0x74, 0x3d, 0x3f, 0x34, 0x3f, 0x28, 0x33, 0x39, 0x29, 0x74, 
    0x36, 0x3f, 0x34, 0x3d, 0x2e, 0x32, 0x7b, 0x67, 0x34, 0x74, 0x36, 0x3f, 
    0x34, 0x3d, 0x2e, 0x32, 0x7c, 0x7c, 0x38, 0x72, 0x3a, 0x39, 0x3b, 0x34, 
    0x34, 0x35, 0x2e, 0x7a, 0x33, 0x34, 0x3c, 0x36, 0x3b, 0x2e, 0x3f, 0x7a, 
    0x39, 0x36, 0x3b, 0x29, 0x29, 0x7a, 0x7e, 0x21, 0x2e, 0x32, 0x33, 0x29, 
    0x74, 0x2e, 0x23, 0x2a, 0x3f, 0x74, 0x34, 0x3b, 0x37, 0x3f, 0x27, 0x7a, 
    0x3b, 0x29, 0x7a, 0x33, 0x2e, 0x7a, 0x34, 0x3f, 0x3f, 0x3e, 0x29, 0x7a, 
    0x7e, 0x21, 0x2e, 0x32, 0x33, 0x29, 0x74, 0x3d, 0x3f, 0x34, 0x3f, 0x28, 
    0x33, 0x39, 0x29, 0x74, 0x36, 0x3f, 0x34, 0x3d, 0x2e, 0x32, 0x27, 0x7a, 
    0x3d, 0x3f, 0x34, 0x3f, 0x28, 0x33, 0x39, 0x7a, 0x2a, 0x3b, 0x28, 0x3b, 
    0x37, 0x3f, 0x2e, 0x3f, 0x28, 0x72, 0x29, 0x73, 0x76, 0x7a, 0x34, 0x35, 
    0x2e, 0x7a, 0x7e, 0x21, 0x34, 0x74, 0x36, 0x3f, 0x34, 0x3d, 0x2e, 0x32, 
    0x27, 0x3a, 0x73, 0x61, 0x36, 0x3f, 0x2e, 0x7a, 0x28, 0x67, 0x34, 0x74, 
    0x37, 0x3b, 0x2a, 0x72, 0x35, 0x67, 0x64, 0x35, 0x74, 0x2e, 0x23, 0x2a, 
    0x3f, 0x74, 0x35, 0x38, 0x30, 0x3f, 0x39, 0x2e, 0x73, 0x76, 0x29, 0x67, 
    0x3f, 0x74, 0x3b, 0x28, 0x28, 0x3b, 0x23, 0x72, 0x3f, 0x74, 0x39, 0x35, 
    0x28, 0x36, 0x33, 0x38, 0x74, 0x39, 0x36, 0x3b, 0x29, 0x29, 0x72, 0x78, 
    0x09, 0x23, 0x29, 0x2e, 0x3f, 0x37, 0x74, 0x0e, 0x23, 0x2a, 0x3f, 0x78, 
    0x73, 0x76, 0x28, 0x73, 0x76, 0x3b, 0x67, 0x2e, 0x32, 0x33, 0x29, 0x74, 
    0x2e, 0x23, 0x2a, 0x3f, 0x74, 0x35, 0x38, 0x30, 0x3f, 0x39, 0x2e, 0x74, 
    0x37, 0x3f, 0x2e, 0x32, 0x35, 0x3e, 0x72, 0x78, 0x17, 0x3b, 0x31, 0x3f, 
    0x1d, 0x3f, 0x34, 0x3f, 0x28, 0x33, 0x39, 0x0e, 0x23, 0x2a, 0x3f, 0x78, 
    0x76, 0x6b, 0x73, 0x74, 0x33, 0x34, 0x2c, 0x35, 0x31, 0x3f, 0x72, 0x29, 
    0x73, 0x61, 0x28, 0x3f, 0x2e, 0x2f, 0x28, 0x34, 0x7a, 0x34, 0x3f, 0x2d, 
    0x7a, 0x3f, 0x74, 0x19, 0x36, 0x3b, 0x29, 0x29, 0x72, 0x3f, 0x74, 0x3f, 
    0x22, 0x2a, 0x35, 0x28, 0x2e, 0x29, 0x74, 0x39, 0x36, 0x3b, 0x29, 0x29, 
    0x1c, 0x28, 0x35, 0x37, 0x15, 0x38, 0x30, 0x3f, 0x39, 0x2e, 0x72, 0x3b, 
    0x73, 0x73, 0x27, 0x33, 0x34, 0x33, 0x2e, 0x33, 0x3b, 0x36, 0x33, 0x20, 
    0x3f, 0x72, 0x73, 0x21, 0x28, 0x3f, 0x2e, 0x2f, 0x28, 0x34, 0x7a, 0x3f, 
    0x74, 0x3f, 0x22, 0x2a, 0x35, 0x28, 0x2e, 0x29, 0x74, 0x39, 0x36, 0x3b, 
    0x29, 0x29, 0x13, 0x34, 0x33, 0x2e, 0x33, 0x3b, 0x36, 0x33, 0x20, 0x3f, 
    0x72, 0x2e, 0x32, 0x33, 0x29, 0x73, 0x76, 0x2e, 0x32, 0x33, 0x29, 0x27, 
    0x33, 0x29, 0x1b, 0x29, 0x29, 0x33, 0x3d, 0x34, 0x3b, 0x38, 0x36, 0x3f, 
    0x1c, 0x28, 0x35, 0x37, 0x72, 0x34, 0x73, 0x21, 0x28, 0x3f, 0x2e, 0x2f, 
    0x28, 0x34, 0x7b, 0x7b, 0x3f, 0x74, 0x3f, 0x22, 0x2a, 0x35, 0x28, 0x2e, 
    0x29, 0x74, 0x39, 0x36, 0x3b, 0x29, 0x29, 0x13, 0x29, 0x1b, 0x29, 0x29, 
    0x33, 0x3d, 0x34, 0x3b, 0x38, 0x36, 0x3f, 0x1c, 0x28, 0x35, 0x37, 0x72, 
    0x2e, 0x32, 0x33, 0x29, 0x76, 0x34, 0x73, 0x27, 0x33, 0x29, 0x09, 0x2f, 
    0x38, 0x39, 0x36, 0x3b, 0x29, 0x29, 0x15, 0x3c, 0x72, 0x34, 0x76, 0x28, 
    0x73, 0x21, 0x28, 0x3f, 0x2e, 0x2f, 0x28, 0x34, 0x7b, 0x7b, 0x3f, 0x74, 
    0x3f, 0x22, 0x2a, 0x35, 0x28, 0x2e, 0x29, 0x74, 0x39, 0x36, 0x3b, 0x29, 
    0x29, 0x13, 0x29, 0x09, 0x2f, 0x38, 0x39, 0x36, 0x3b, 0x29, 0x29, 0x15, 
    0x3c, 0x72, 0x2e, 0x32, 0x33, 0x29, 0x76, 0x34, 0x76, 0x71, 0x28, 0x73, 
    0x27, 0x37, 0x3f, 0x2e, 0x32, 0x35, 0x3e, 0x72, 0x34, 0x76, 0x28, 0x67, 
    0x77, 0x6b, 0x73, 0x21, 0x28, 0x3f, 0x2e, 0x2f, 0x28, 0x34, 0x7a, 0x2e, 
    0x32, 0x33, 0x29, 0x74, 0x2e, 0x28, 0x23, 0x17, 0x3f, 0x2e, 0x32, 0x35, 
    0x3e, 0x72, 0x34, 0x76, 0x28, 0x73, 0x65, 0x65, 0x38, 0x72, 0x3a, 0x39, 
    0x35, 0x2f, 0x36, 0x3e, 0x34, 0x7d, 0x2e, 0x7a, 0x3c, 0x33, 0x34, 0x3e, 
    0x7a, 0x37, 0x3f, 0x2e, 0x32, 0x35, 0x3e, 0x7a, 0x7e, 0x21, 0x34, 0x27, 
    0x7a, 0x33, 0x34, 0x7a, 0x39, 0x36, 0x3b, 0x29, 0x29, 0x7a, 0x7e, 0x21, 
    0x2e, 0x32, 0x33, 0x29, 0x74, 0x2e, 0x23, 0x2a, 0x3f, 0x74, 0x34, 0x3b, 
    0x37, 0x3f, 0x27, 0x3a, 0x73, 0x27, 0x34, 0x3f, 0x29, 0x2e, 0x3f, 0x3e, 
    0x72, 0x34, 0x73, 0x21, 0x28, 0x3f, 0x2e, 0x2f, 0x28, 0x34, 0x7a, 0x2e, 
    0x32, 0x33, 0x29, 0x74, 0x2e, 0x28, 0x23, 0x14, 0x3f, 0x29, 0x2e, 0x3f, 
    0x3e, 0x72, 0x34, 0x73, 0x65, 0x65, 0x38, 0x72, 0x3a, 0x39, 0x35, 0x2f, 
    0x36, 0x3e, 0x34, 0x7d, 0x2e, 0x7a, 0x3c, 0x33, 0x34, 0x3e, 0x7a, 0x34, 
    0x3f, 0x29, 0x2e, 0x3f, 0x3e, 0x7a, 0x39, 0x36, 0x3b, 0x29, 0x29, 0x7a, 
    0x7e, 0x21, 0x34, 0x27, 0x7a, 0x33, 0x34, 0x7a, 0x39, 0x36, 0x3b, 0x29, 
    0x29, 0x7a, 0x7e, 0x21, 0x2e, 0x32, 0x33, 0x29, 0x74, 0x2e, 0x23, 0x2a, 
    0x3f, 0x74, 0x34, 0x3b, 0x37, 0x3f, 0x27, 0x3a, 0x73, 0x27, 0x34, 0x3f, 
    0x2d, 0x72, 0x73, 0x21, 0x36, 0x3f, 0x2e, 0x7a, 0x34, 0x67, 0x2e, 0x32, 
    0x33, 0x29, 0x74, 0x3b, 0x36, 0x36, 0x35, 0x39, 0x72, 0x73, 0x76, 0x28, 
    0x67, 0x17, 0x3f, 0x37, 0x35, 0x28, 0x23, 0x74, 0x3b, 0x36, 0x36, 0x35, 
    0x39, 0x72, 0x0a, 0x28, 0x35, 0x39, 0x3f, 0x29, 0x29, 0x74, 0x2a, 0x35, 
    0x33, 0x34, 0x2e, 0x3f, 0x28, 0x09, 0x33, 0x20, 0x3f, 0x73, 0x61, 0x3f, 
    0x74, 0x3f, 0x22, 0x2a, 0x35, 0x28, 0x2e, 0x29, 0x74, 0x35, 0x38, 0x30, 
    0x3f, 0x39, 0x2e, 0x13, 0x34, 0x33, 0x2e, 0x33, 0x3b, 0x36, 0x33, 0x20, 
    0x3f, 0x72, 0x34, 0x76, 0x28, 0x73, 0x61, 0x36, 0x3f, 0x2e, 0x7a, 0x29, 
    0x67, 0x28, 0x74, 0x28, 0x3f, 0x3b, 0x3e, 0x0a, 0x35, 0x33, 0x34, 0x2e, 
    0x3f, 0x28, 0x72, 0x73, 0x61, 0x28, 0x3f, 0x2e, 0x2f, 0x28, 0x34, 0x7a, 
    0x29, 0x74, 0x33, 0x29, 0x14, 0x2f, 0x36, 0x36, 0x72, 0x73, 0x26, 0x26, 
    0x38, 0x72, 0x34, 0x3f, 0x2d, 0x7a, 0x3f, 0x74, 0x15, 0x38, 0x30, 0x3f, 
    0x39, 0x2e, 0x72, 0x29, 0x73, 0x74, 0x2e, 0x35, 0x09, 0x2e, 0x28, 0x33, 
    0x34, 0x3d, 0x72, 0x73, 0x73, 0x76, 0x34, 0x27, 0x2e, 0x28, 0x23, 0x1c, 
    0x33, 0x3f, 0x36, 0x3e, 0x72, 0x34, 0x73, 0x21, 0x28, 0x3f, 0x2e, 0x2f, 
    0x28, 0x34, 0x7a, 0x34, 0x3f, 0x2d, 0x7a, 0x3f, 0x74, 0x1c, 0x33, 0x3f, 
    0x36, 0x3e, 0x72, 0x3f, 0x74, 0x3f, 0x22, 0x2a, 0x35, 0x28, 0x2e, 0x29, 
    0x74, 0x39, 0x36, 0x3b, 0x29, 0x29, 0x1d, 0x3f, 0x2e, 0x1c, 0x33, 0x3f, 
    0x36, 0x3e, 0x1c, 0x28, 0x35, 0x37, 0x14, 0x3b, 0x37, 0x3f, 0x72, 0x2e, 
    0x32, 0x33, 0x29, 0x76, 0x17, 0x3f, 0x37, 0x35, 0x28, 0x23, 0x74, 0x3b, 
    0x36, 0x36, 0x35, 0x39, 0x0f, 0x2e, 0x3c, 0x62, 0x09, 0x2e, 0x28, 0x33, 
    0x34, 0x3d, 0x72, 0x34, 0x73, 0x73, 0x73, 0x74, 0x3b, 0x29, 0x14, 0x2f, 
    0x36, 0x36, 0x3b, 0x38, 0x36, 0x3f, 0x72, 0x73, 0x27, 0x2e, 0x28, 0x23, 
    0x17, 0x3f, 0x2e, 0x32, 0x35, 0x3e, 0x72, 0x34, 0x76, 0x28, 0x67, 0x77, 
    0x6b, 0x73, 0x21, 0x28, 0x3f, 0x2e, 0x2f, 0x28, 0x34, 0x7a, 0x34, 0x3f, 
    0x2d, 0x7a, 0x3f, 0x74, 0x17, 0x3f, 0x2e, 0x32, 0x35, 0x3e, 0x72, 0x3f, 
    0x74, 0x3f, 0x22, 0x2a, 0x35, 0x28, 0x2e, 0x29, 0x74, 0x39, 0x36, 0x3b, 
    0x29, 0x29, 0x1d, 0x3f, 0x2e, 0x17, 0x3f, 0x2e, 0x32, 0x35, 0x3e, 0x1c, 
    0x28, 0x35, 0x37, 0x14, 0x3b, 0x37, 0x3f, 0x72, 0x2e, 0x32, 0x33, 0x29, 
    0x76, 0x17, 0x3f, 0x37, 0x35, 0x28, 0x23, 0x74, 0x3b, 0x36, 0x36, 0x35, 
    0x39, 0x0f, 0x2e, 0x3c, 0x62, 0x09, 0x2e, 0x28, 0x33, 0x34, 0x3d, 0x72, 
    0x34, 0x73, 0x76, 0x28, 0x73, 0x73, 0x74, 0x3b, 0x29, 0x14, 0x2f, 0x36, 
    0x36, 0x3b, 0x38, 0x36, 0x3f, 0x72, 0x73, 0x27, 0x2e, 0x28, 0x23, 0x14, 
    0x3f, 0x29, 0x2e, 0x3f, 0x3e, 0x72, 0x34, 0x73, 0x21, 0x28, 0x3f, 0x2e, 
    0x2f, 0x28, 0x34, 0x7a, 0x2e, 0x32, 0x33, 0x29, 0x74, 0x34, 0x3f, 0x29, 
    0x2e, 0x3f, 0x3e, 0x19, 0x36, 0x3b, 0x29, 0x29, 0x3f, 0x29, 0x74, 0x3c, 
    0x33, 0x34, 0x3e, 0x72, 0x28, 0x67, 0x64, 0x28, 0x74, 0x34, 0x3b, 0x37, 
    0x3f, 0x67, 0x67, 0x34, 0x73, 0x27, 0x2e, 0x35, 0x09, 0x2e, 0x28, 0x33, 
    0x34, 0x3d, 0x72, 0x73, 0x21, 0x36, 0x3f, 0x2e, 0x7a, 0x34, 0x67, 0x01, 
    0x2e, 0x32, 0x33, 0x29, 0x74, 0x2a, 0x3b, 0x28, 0x3f, 0x34, 0x2e, 0x07, 
    0x74, 0x39, 0x35, 0x34, 0x39, 0x3b, 0x2e, 0x72, 0x2e, 0x32, 0x33, 0x29, 
    0x74, 0x33, 0x34, 0x2e, 0x3f, 0x28, 0x3c, 0x3b, 0x39, 0x3f, 0x29, 0x73, 
    0x61, 0x28, 0x3f, 0x2e, 0x2f, 0x28, 0x34, 0x3a, 0x75, 0x75, 0x7a, 0x7e, 
    0x21, 0x2e, 0x32, 0x33, 0x29, 0x74, 0x3b, 0x29, 0x29, 0x3f, 0x37, 0x38, 
    0x36, 0x23, 0x14, 0x3b, 0x37, 0x3f, 0x27, 0x50, 0x7e, 0x21, 0x2e, 0x32, 
    0x33, 0x29, 0x74, 0x33, 0x29, 0x1f, 0x34, 0x2f, 0x37, 0x65, 0x78, 0x3f, 
    0x34, 0x2f, 0x37, 0x78, 0x60, 0x2e, 0x32, 0x33, 0x29, 0x74, 0x33, 0x29, 
    0x09, 0x2e, 0x28, 0x2f, 0x39, 0x2e, 0x65, 0x78, 0x29, 0x2e, 0x28, 0x2f, 
    0x39, 0x2e, 0x78, 0x60, 0x2e, 0x32, 0x33, 0x29, 0x74, 0x33, 0x29, 0x13, 
    0x34, 0x2e, 0x3f, 0x28, 0x3c, 0x3b, 0x39, 0x3f, 0x65, 0x78, 0x33, 0x34, 
    0x2e, 0x3f, 0x28, 0x3c, 0x3b, 0x39, 0x3f, 0x78, 0x60, 0x78, 0x39, 0x36, 
    0x3b, 0x29, 0x29, 0x78, 0x27, 0x7a, 0x7e, 0x21, 0x2e, 0x32, 0x33, 0x29, 
    0x74, 0x2e, 0x23, 0x2a, 0x3f, 0x74, 0x34, 0x3b, 0x37, 0x3f, 0x27, 0x7e, 
    0x21, 0x34, 0x65, 0x3a, 0x7a, 0x60, 0x7a, 0x7e, 0x21, 0x34, 0x74, 0x37, 
    0x3b, 0x2a, 0x72, 0x28, 0x67, 0x64, 0x28, 0x65, 0x74, 0x2e, 0x23, 0x2a, 
    0x3f, 0x74, 0x34, 0x3b, 0x37, 0x3f, 0x73, 0x74, 0x30, 0x35, 0x33, 0x34, 
    0x72, 0x78, 0x76, 0x7a, 0x78, 0x73, 0x27, 0x3a, 0x60, 0x78, 0x78, 0x27, 
    0x50, 0x21, 0x50, 0x7a, 0x7a, 0x7a, 0x7a, 0x7e, 0x21, 0x2e, 0x32, 0x33, 
    0x29, 0x74, 0x3c, 0x33, 0x3f, 0x36, 0x3e, 0x29, 0x74, 0x30, 0x35, 0x33, 
    0x34, 0x72, 0x3a, 0x50, 0x7a, 0x7a, 0x7a, 0x7a, 0x3a, 0x73, 0x27, 0x50, 
    0x7a, 0x7a, 0x7a, 0x7a, 0x7e, 0x21, 0x2e, 0x32, 0x33, 0x29, 0x74, 0x37, 
    0x3f, 0x2e, 0x32, 0x35, 0x3e, 0x29, 0x74, 0x30, 0x35, 0x33, 0x34, 0x72, 
    0x3a, 0x50, 0x7a, 0x7a, 0x7a, 0x7a, 0x3a, 0x73, 0x27, 0x50, 0x27, 0x3a, 
    0x27, 0x29, 0x2e, 0x3b, 0x2e, 0x33, 0x39, 0x7a, 0x3f, 0x34, 0x2f, 0x37, 
    0x3f, 0x28, 0x3b, 0x2e, 0x3f, 0x72, 0x34, 0x73, 0x21, 0x36, 0x3f, 0x2e, 
    0x7a, 0x28, 0x67, 0x34, 0x3f, 0x2d, 0x7a, 0x14, 0x3b, 0x2e, 0x33, 0x2c, 
    0x3f, 0x19, 0x3b, 0x36, 0x36, 0x38, 0x3b, 0x39, 0x31, 0x72, 0x29, 0x67, 
    0x64, 0x34, 0x72, 0x34, 0x3f, 0x2d, 0x7a, 0x3f, 0x74, 0x19, 0x36, 0x3b, 
    0x29, 0x29, 0x72, 0x29, 0x73, 0x73, 0x76, 0x78, 0x2c, 0x35, 0x33, 0x3e, 
    0x78, 0x76, 0x01, 0x78, 0x2a, 0x35, 0x33, 0x34, 0x2e, 0x3f, 0x28, 0x78, 
    0x76, 0x78, 0x2a, 0x35, 0x33, 0x34, 0x2e, 0x3f, 0x28, 0x78, 0x07, 0x73, 
    0x61, 0x28, 0x3f, 0x2e, 0x2f, 0x28, 0x34, 0x7a, 0x3f, 0x74, 0x3f, 0x22, 
    0x2a, 0x35, 0x28, 0x2e, 0x29, 0x74, 0x39, 0x36, 0x3b, 0x29, 0x29, 0x1c, 
    0x35, 0x28, 0x1f, 0x3b, 0x39, 0x32, 0x72, 0x28, 0x76, 0x14, 0x0f, 0x16, 
    0x16, 0x73, 0x27, 0x27, 0x61, 0x3e, 0x72, 0x01, 0x36, 0x07, 0x76, 0x2e, 
    0x74, 0x2a, 0x28, 0x35, 0x2e, 0x35, 0x2e, 0x23, 0x2a, 0x3f, 0x76, 0x78, 
    0x3b, 0x28, 0x28, 0x3b, 0x23, 0x19, 0x36, 0x3b, 0x29, 0x29, 0x78, 0x76, 
    0x34, 0x2f, 0x36, 0x36, 0x73, 0x76, 0x3e, 0x72, 0x01, 0x36, 0x07, 0x76, 
    0x2e, 0x74, 0x2a, 0x28, 0x35, 0x2e, 0x35, 0x2e, 0x23, 0x2a, 0x3f, 0x76, 
    0x78, 0x3b, 0x28, 0x28, 0x3b, 0x23, 0x1f, 0x36, 0x3f, 0x37, 0x3f, 0x34, 
    0x2e, 0x09, 0x33, 0x20, 0x3f, 0x78, 0x76, 0x34, 0x2f, 0x36, 0x36, 0x73, 
    0x76, 0x3e, 0x72, 0x01, 0x36, 0x07, 0x76, 0x2e, 0x74, 0x2a, 0x28, 0x35, 
    0x2e, 0x35, 0x2e, 0x23, 0x2a, 0x3f, 0x76, 0x78, 0x3b, 0x29, 0x29, 0x3f, 
    0x37, 0x38, 0x36, 0x23, 0x14, 0x3b, 0x37, 0x3f, 0x78, 0x76, 0x34, 0x2f, 
    0x36, 0x36, 0x73, 0x76, 0x3e, 0x72, 0x01, 0x36, 0x07, 0x76, 0x2e, 0x74, 
    0x2a, 0x28, 0x35, 0x2e, 0x35, 0x2e, 0x23, 0x2a, 0x3f, 0x76, 0x78, 0x3e, 
    0x3f, 0x39, 0x36, 0x3b, 0x28, 0x33, 0x34, 0x3d, 0x19, 0x36, 0x3b, 0x29, 
    0x29, 0x78, 0x76, 0x34, 0x2f, 0x36, 0x36, 0x73, 0x76, 0x3e, 0x72, 0x01, 
    0x36, 0x07, 0x76, 0x2e, 0x74, 0x2a, 0x28, 0x35, 0x2e, 0x35, 0x2e, 0x23, 
    0x2a, 0x3f, 0x76, 0x78, 0x38, 0x3b, 0x29, 0x3f, 0x0e, 0x23, 0x2a, 0x3f, 
    0x78, 0x76, 0x34, 0x2f, 0x36, 0x36, 0x73, 0x76, 0x3e, 0x72, 0x01, 0x36, 
    0x07, 0x76, 0x2e, 0x74, 0x2a, 0x28, 0x35, 0x2e, 0x35, 0x2e, 0x23, 0x2a, 
    0x3f, 0x76, 0x78, 0x3f, 0x36, 0x3f, 0x37, 0x3f, 0x34, 0x2e, 0x19, 0x36, 
    0x3b, 0x29, 0x29, 0x78, 0x76, 0x34, 0x2f, 0x36, 0x36, 0x73, 0x76, 0x3e, 
    0x72, 0x01, 0x36, 0x07, 0x76, 0x2e, 0x74, 0x2a, 0x28, 0x35, 0x2e, 0x35, 
    0x2e, 0x23, 0x2a, 0x3f, 0x76, 0x78, 0x3c, 0x33, 0x3f, 0x36, 0x3e, 0x29, 
    0x78, 0x76, 0x34, 0x2f, 0x36, 0x36, 0x73, 0x76, 0x3e, 0x72, 0x01, 0x36, 
    0x07, 0x76, 0x2e, 0x74, 0x2a, 0x28, 0x35, 0x2e, 0x35, 0x2e, 0x23, 0x2a, 
    0x3f, 0x76, 0x78, 0x3c, 0x36, 0x3b, 0x3d, 0x29, 0x78, 0x76, 0x34, 0x2f, 
    0x36, 0x36, 0x73, 0x76, 0x3e, 0x72, 0x01, 0x36, 0x07, 0x76, 0x2e, 0x74, 
    0x2a, 0x28, 0x35, 0x2e, 0x35, 0x2e, 0x23, 0x2a, 0x3f, 0x76, 0x78, 0x3c, 
    0x2f, 0x36, 0x36, 0x14, 0x3b, 0x37, 0x3f, 0x78, 0x76, 0x34, 0x2f, 0x36, 
    0x36, 0x73, 0x76, 0x3e, 0x72, 0x01, 0x36, 0x07, 0x76, 0x2e, 0x74, 0x2a, 
    0x28, 0x35, 0x2e, 0x35, 0x2e, 0x23, 0x2a, 0x3f, 0x76, 0x78, 0x3d, 0x3f, 
    0x34, 0x3f, 0x28, 0x33, 0x39, 0x29, 0x78, 0x76, 0x34, 0x2f, 0x36, 0x36, 
    0x73, 0x76, 0x3e, 0x72, 0x01, 0x36, 0x07, 0x76, 0x2e, 0x74, 0x2a, 0x28, 
    0x35, 0x2e, 0x35, 0x2e, 0x23, 0x2a, 0x3f, 0x76, 0x78, 0x32, 0x3b, 0x29, 
    0x08, 0x3f, 0x3c, 0x3f, 0x28, 0x3f, 0x34, 0x39, 0x3f, 0x29, 0x78, 0x76, 
    0x34, 0x2f, 0x36, 0x36, 0x73, 0x76, 0x3e, 0x72, 0x01, 0x36, 0x07, 0x76, 
    0x2e, 0x74, 0x2a, 0x28, 0x35, 0x2e, 0x35, 0x2e, 0x23, 0x2a, 0x3f, 0x76, 
    0x78, 0x32, 0x3b, 0x29, 0x09, 0x2e, 0x3b, 0x2e, 0x33, 0x39, 0x19, 0x35, 
    0x34, 0x29, 0x2e, 0x28, 0x2f, 0x39, 0x2e, 0x35, 0x28, 0x78, 0x76, 0x34, 
    0x2f, 0x36, 0x36, 0x73, 0x76, 0x3e, 0x72, 0x01, 0x36, 0x07, 0x76, 0x2e, 
    0x74, 0x2a, 0x28, 0x35, 0x2e, 0x35, 0x2e, 0x23, 0x2a, 0x3f, 0x76, 0x78, 
    0x33, 0x37, 0x3b, 0x3d, 0x3f, 0x78, 0x76, 0x34, 0x2f, 0x36, 0x36, 0x73, 
    0x76, 0x3e, 0x72, 0x01, 0x36, 0x07, 0x76, 0x2e, 0x74, 0x2a, 0x28, 0x35, 
    0x2e, 0x35, 0x2e, 0x23, 0x2a, 0x3f, 0x76, 0x78, 0x33, 0x34, 0x29, 0x2e, 
    0x3b, 0x34, 0x39, 0x3f, 0x09, 0x33, 0x20, 0x3f, 0x78, 0x76, 0x34, 0x2f, 
    0x36, 0x36, 0x73, 0x76, 0x3e, 0x72, 0x01, 0x36, 0x07, 0x76, 0x2e, 0x74, 
    0x2a, 0x28, 0x35, 0x2e, 0x35, 0x2e, 0x23, 0x2a, 0x3f, 0x76, 0x78, 0x33, 
    0x29, 0x1b, 0x38, 0x29, 0x2e, 0x28, 0x3b, 0x39, 0x2e, 0x78, 0x76, 0x34, 
    0x2f, 0x36, 0x36, 0x73, 0x76, 0x3e, 0x72, 0x01, 0x36, 0x07, 0x76, 0x2e, 
    0x74, 0x2a, 0x28, 0x35, 0x2e, 0x35, 0x2e, 0x23, 0x2a, 0x3f, 0x76, 0x78, 
    0x33, 0x29, 0x18, 0x36, 0x33, 0x2e, 0x2e, 0x3b, 0x38, 0x36, 0x3f, 0x78, 
    0x76, 0x34, 0x2f, 0x36, 0x36, 0x73, 0x76, 0x3e, 0x72, 0x01, 0x36, 0x07, 
    0x76, 0x2e, 0x74, 0x2a, 0x28, 0x35, 0x2e, 0x35, 0x2e, 0x23, 0x2a, 0x3f, 
    0x76, 0x78, 0x33, 0x29, 0x1f, 0x34, 0x2f, 0x37, 0x78, 0x76, 0x34, 0x2f, 
    0x36, 0x36, 0x73, 0x76, 0x3e, 0x72, 0x01, 0x36, 0x07, 0x76, 0x2e, 0x74, 
    0x2a, 0x28, 0x35, 0x2e, 0x35, 0x2e, 0x23, 0x2a, 0x3f, 0x76, 0x78, 0x33, 
    0x29, 0x1d, 0x3f, 0x34, 0x3f, 0x28, 0x33, 0x39, 0x78, 0x76, 0x34, 0x2f, 
    0x36, 0x36, 0x73, 0x76, 0x3e, 0x72, 0x01, 0x36, 0x07, 0x76, 0x2e, 0x74, 
    0x2a, 0x28, 0x35, 0x2e, 0x35, 0x2e, 0x23, 0x2a, 0x3f, 0x76, 0x78, 0x33, 
    0x29, 0x13, 0x34, 0x3c, 0x36, 0x3b, 0x2e, 0x3f, 0x3e, 0x78, 0x76, 0x34, 
    0x2f, 0x36, 0x36, 0x73, 0x76, 0x3e, 0x72, 0x01, 0x36, 0x07, 0x76, 0x2e, 
    0x74, 0x2a, 0x28, 0x35, 0x2e, 0x35, 0x2e, 0x23, 0x2a, 0x3f, 0x76, 0x78, 
    0x33, 0x29, 0x13, 0x34, 0x2e, 0x3f, 0x28, 0x3c, 0x3b, 0x39, 0x3f, 0x78, 
    0x76, 0x34, 0x2f, 0x36, 0x36, 0x73, 0x76, 0x3e, 0x72, 0x01, 0x36, 0x07, 
    0x76, 0x2e, 0x74, 0x2a, 0x28, 0x35, 0x2e, 0x35, 0x2e, 0x23, 0x2a, 0x3f, 
    0x76, 0x78, 0x33, 0x29, 0x0c, 0x3b, 0x36, 0x2f, 0x3f, 0x0e, 0x23, 0x2a, 
    0x3f, 0x78, 0x76, 0x34, 0x2f, 0x36, 0x36, 0x73, 0x76, 0x3e, 0x72, 0x01, 
    0x36, 0x07, 0x76, 0x2e, 0x74, 0x2a, 0x28, 0x35, 0x2e, 0x35, 0x2e, 0x23, 
    0x2a, 0x3f, 0x76, 0x78, 0x33, 0x34, 0x2e, 0x3f, 0x28, 0x3c, 0x3b, 0x39, 
    0x3f, 0x29, 0x78, 0x76, 0x34, 0x2f, 0x36, 0x36, 0x73, 0x76, 0x3e, 0x72, 
    0x01, 0x36, 0x07, 0x76, 0x2e, 0x74, 0x2a, 0x28, 0x35, 0x2e, 0x35, 0x2e, 
    0x23, 0x2a, 0x3f, 0x76, 0x78, 0x37, 0x3f, 0x2e, 0x32, 0x35, 0x3e, 0x29, 
    0x78, 0x76, 0x34, 0x2f, 0x36, 0x36, 0x73, 0x76, 0x3e, 0x72, 0x01, 0x36, 
    0x07, 0x76, 0x2e, 0x74, 0x2a, 0x28, 0x35, 0x2e, 0x35, 0x2e, 0x23, 0x2a, 
    0x3f, 0x76, 0x78, 0x34, 0x3b, 0x37, 0x3f, 0x78, 0x76, 0x34, 0x2f, 0x36, 
    0x36, 0x73, 0x76, 0x3e, 0x72, 0x01, 0x36, 0x07, 0x76, 0x2e, 0x74, 0x2a, 
    0x28, 0x35, 0x2e, 0x35, 0x2e, 0x23, 0x2a, 0x3f, 0x76, 0x78, 0x34, 0x3b, 
    0x37, 0x3f, 0x29, 0x2a, 0x3b, 0x39, 0x3f, 0x78, 0x76, 0x34, 0x2f, 0x36, 
    0x36, 0x73, 0x76, 0x3e, 0x72, 0x01, 0x36, 0x07, 0x76, 0x2e, 0x74, 0x2a, 
    0x28, 0x35, 0x2e, 0x35, 0x2e, 0x23, 0x2a, 0x3f, 0x76, 0x78, 0x34, 0x3f, 
    0x29, 0x2e, 0x3f, 0x3e, 0x19, 0x36, 0x3b, 0x29, 0x29, 0x3f, 0x29, 0x78, 
    0x76, 0x34, 0x2f, 0x36, 0x36, 0x73, 0x76, 0x3e, 0x72, 0x01, 0x36, 0x07, 
    0x76, 0x2e, 0x74, 0x2a, 0x28, 0x35, 0x2e, 0x35, 0x2e, 0x23, 0x2a, 0x3f, 
    0x76, 0x78, 0x2a, 0x3b, 0x28, 0x3f, 0x34, 0x2e, 0x78, 0x76, 0x34, 0x2f, 
    0x36, 0x36, 0x73, 0x76, 0x3e, 0x72, 0x01, 0x36, 0x07, 0x76, 0x2e, 0x74, 
    0x2a, 0x28, 0x35, 0x2e, 0x35, 0x2e, 0x23, 0x2a, 0x3f, 0x76, 0x78, 0x2a, 
    0x35, 0x33, 0x34, 0x2e, 0x3f, 0x28, 0x19, 0x36, 0x3b, 0x29, 0x29, 0x78, 
    0x76, 0x34, 0x2f, 0x36, 0x36, 0x73, 0x76, 0x3e, 0x72, 0x01, 0x36, 0x07, 
    0x76, 0x2e, 0x74, 0x2a, 0x28, 0x35, 0x2e, 0x35, 0x2e, 0x23, 0x2a, 0x3f, 
    0x76, 0x78, 0x28, 0x3b, 0x34, 0x31, 0x78, 0x76, 0x34, 0x2f, 0x36, 0x36, 
    0x73, 0x76, 0x3e, 0x72, 0x01, 0x36, 0x07, 0x76, 0x2e, 0x74, 0x2a, 0x28, 
    0x35, 0x2e, 0x35, 0x2e, 0x23, 0x2a, 0x3f, 0x76, 0x78, 0x29, 0x2e, 0x3b, 
    0x2e, 0x33, 0x39, 0x1c, 0x33, 0x3f, 0x36, 0x3e, 0x29, 0x1e, 0x3b, 0x2e, 
    0x3b, 0x78, 0x76, 0x34, 0x2f, 0x36, 0x36, 0x73, 0x76, 0x3e, 0x72, 0x01, 
    0x36, 0x07, 0x76, 0x2e, 0x74, 0x2a, 0x28, 0x35, 0x2e, 0x35, 0x2e, 0x23, 
    0x2a, 0x3f, 0x76, 0x78, 0x2c, 0x3b, 0x36, 0x2f, 0x3f, 0x0e, 0x23, 0x2a, 
    0x3f, 0x09, 0x33, 0x20, 0x3f, 0x78, 0x76, 0x34, 0x2f, 0x36, 0x36, 0x73, 
    0x76, 0x3e, 0x72, 0x01, 0x36, 0x07, 0x76, 0x2e, 0x74, 0x2a, 0x28, 0x35, 
    0x2e, 0x35, 0x2e, 0x23, 0x2a, 0x3f, 0x76, 0x78, 0x2e, 0x23, 0x2a, 0x3f, 
    0x78, 0x76, 0x34, 0x2f, 0x36, 0x36, 0x73, 0x76, 0x2e, 0x67, 0x3e, 0x72, 
    0x01, 0x29, 0x3f, 0x07, 0x76, 0x2e, 0x73, 0x76, 0x3f, 0x74, 0x19, 0x36, 
    0x3b, 0x29, 0x29, 0x67, 0x2e, 0x27, 0x73, 0x72, 0x37, 0x26, 0x26, 0x72, 
    0x37, 0x67, 0x21, 0x27, 0x73, 0x73, 0x61, 0x2c, 0x3b, 0x28, 0x7a, 0x37, 
    0x61, 0x72, 0x3c, 0x2f, 0x34, 0x39, 0x2e, 0x33, 0x35, 0x34, 0x72, 0x3f, 
    0x73, 0x21, 0x3c, 0x2f, 0x34, 0x39, 0x2e, 0x33, 0x35, 0x34, 0x7a, 0x2e, 
    0x72, 0x33, 0x76, 0x34, 0x73, 0x21, 0x36, 0x3f, 0x2e, 0x7a, 0x28, 0x67, 
    0x3f, 0x74, 0x39, 0x35, 0x28, 0x36, 0x33, 0x38, 0x74, 0x39, 0x36, 0x3b, 
    0x29, 0x29, 0x72, 0x78, 0x09, 0x23, 0x29, 0x2e, 0x3f, 0x37, 0x74, 0x1e, 
    0x3f, 0x36, 0x3f, 0x3d, 0x3b, 0x2e, 0x3f, 0x78, 0x73, 0x76, 0x29, 0x67, 
    0x3f, 0x74, 0x39, 0x35, 0x28, 0x36, 0x33, 0x38, 0x74, 0x39, 0x36, 0x3b, 
    0x29, 0x29, 0x72, 0x78, 0x09, 0x23, 0x29, 0x2e, 0x3f, 0x37, 0x74, 0x17, 
    0x2f, 0x36, 0x2e, 0x33, 0x39, 0x3b, 0x29, 0x2e, 0x1e, 0x3f, 0x36, 0x3f, 
    0x3d, 0x3b, 0x2e, 0x3f, 0x78, 0x73, 0x61, 0x28, 0x74, 0x33, 0x29, 0x1b, 
    0x29, 0x29, 0x33, 0x3d, 0x34, 0x3b, 0x38, 0x36, 0x3f, 0x1c, 0x28, 0x35, 
    0x37, 0x72, 0x33, 0x73, 0x26, 0x26, 0x38, 0x72, 0x3a, 0x39, 0x3b, 0x34, 
    0x34, 0x35, 0x2e, 0x7a, 0x39, 0x28, 0x3f, 0x3b, 0x2e, 0x3f, 0x7a, 0x3b, 
    0x7a, 0x3e, 0x3f, 0x36, 0x3f, 0x3d, 0x3b, 0x2e, 0x3f, 0x7a, 0x3c, 0x35, 
    0x28, 0x7a, 0x7e, 0x21, 0x33, 0x74, 0x2e, 0x23, 0x2a, 0x3f, 0x74, 0x34, 
    0x3b, 0x37, 0x3f, 0x27, 0x7a, 0x3b, 0x29, 0x7a, 0x33, 0x2e, 0x7d, 0x29, 
    0x7a, 0x3b, 0x7a, 0x34, 0x35, 0x34, 0x77, 0x3e, 0x3f, 0x36, 0x3f, 0x3d, 
    0x3b, 0x2e, 0x3f, 0x7a, 0x39, 0x36, 0x3b, 0x29, 0x29, 0x3a, 0x73, 0x76, 
    0x72, 0x33, 0x74, 0x3f, 0x2b, 0x2f, 0x3b, 0x36, 0x29, 0x72, 0x28, 0x73, 
    0x26, 0x26, 0x33, 0x74, 0x3f, 0x2b, 0x2f, 0x3b, 0x36, 0x29, 0x72, 0x29, 
    0x73, 0x73, 0x7c, 0x7c, 0x38, 0x72, 0x3a, 0x39, 0x3b, 0x34, 0x34, 0x35, 
    0x2e, 0x7a, 0x39, 0x28, 0x3f, 0x3b, 0x2e, 0x3f, 0x7a, 0x3b, 0x7a, 0x3e, 
    0x3f, 0x36, 0x3f, 0x3d, 0x3b, 0x2e, 0x3f, 0x7a, 0x3c, 0x35, 0x28, 0x7a, 
    0x34, 0x3f, 0x33, 0x2e, 0x32, 0x3f, 0x28, 0x7a, 0x7e, 0x21, 0x28, 0x74, 
    0x2e, 0x23, 0x2a, 0x3f, 0x74, 0x34, 0x3b, 0x37, 0x3f, 0x27, 0x7a, 0x34, 
    0x35, 0x28, 0x7a, 0x7e, 0x21, 0x29, 0x74, 0x2e, 0x23, 0x2a, 0x3f, 0x74, 
    0x34, 0x3b, 0x37, 0x3f, 0x27, 0x76, 0x7a, 0x2f, 0x29, 0x3f, 0x7a, 0x3b, 
    0x7a, 0x29, 0x2f, 0x38, 0x39, 0x36, 0x3b, 0x29, 0x29, 0x7a, 0x33, 0x34, 
    0x29, 0x2e, 0x3f, 0x3b, 0x3e, 0x3a, 0x73, 0x61, 0x36, 0x3f, 0x2e, 0x7a, 
    0x3b, 0x67, 0x33, 0x74, 0x3b, 0x36, 0x36, 0x35, 0x39, 0x72, 0x73, 0x76, 
    0x35, 0x67, 0x3b, 0x74, 0x32, 0x3b, 0x34, 0x3e, 0x36, 0x3f, 0x74, 0x2e, 
    0x35, 0x09, 0x2e, 0x28, 0x33, 0x34, 0x3d, 0x72, 0x73, 0x76, 0x39, 0x67, 
    0x3b, 0x74, 0x2e, 0x28, 0x23, 0x17, 0x3f, 0x2e, 0x32, 0x35, 0x3e, 0x72, 
    0x78, 0x13, 0x34, 0x2c, 0x35, 0x31, 0x3f, 0x78, 0x73, 0x65, 0x65, 0x38, 
    0x72, 0x3a, 0x39, 0x3b, 0x34, 0x34, 0x35, 0x2e, 0x7a, 0x39, 0x28, 0x3f, 
    0x3b, 0x2e, 0x3f, 0x7a, 0x3b, 0x7a, 0x3e, 0x3f, 0x36, 0x3f, 0x3d, 0x3b, 
    0x2e, 0x3f, 0x7a, 0x3c, 0x35, 0x28, 0x7a, 0x7e, 0x21, 0x33, 0x74, 0x2e, 
    0x23, 0x2a, 0x3f, 0x74, 0x34, 0x3b, 0x37, 0x3f, 0x27, 0x76, 0x7a, 0x2e, 
    0x32, 0x3f, 0x28, 0x3f, 0x7a, 0x33, 0x29, 0x7a, 0x34, 0x35, 0x7a, 0x13, 
    0x34, 0x2c, 0x35, 0x31, 0x3f, 0x7a, 0x37, 0x3f, 0x2e, 0x32, 0x35, 0x3e, 
    0x3a, 0x73, 0x61, 0x3b, 0x74, 0x37, 0x3f, 0x2e, 0x32, 0x35, 0x3e, 0x72, 
    0x78, 0x74, 0x39, 0x2e, 0x35, 0x28, 0x78, 0x73, 0x74, 0x33, 0x34, 0x2c, 
    0x35, 0x31, 0x3f, 0x72, 0x3b, 0x76, 0x39, 0x74, 0x32, 0x3b, 0x34, 0x3e, 
    0x36, 0x3f, 0x73, 0x61, 0x36, 0x3f, 0x2e, 0x7a, 0x2f, 0x67, 0x39, 0x74, 
    0x2d, 0x28, 0x3b, 0x2a, 0x72, 0x34, 0x73, 0x61, 0x28, 0x3f, 0x2e, 0x2f, 
    0x28, 0x34, 0x7a, 0x3b, 0x74, 0x3c, 0x33, 0x3f, 0x36, 0x3e, 0x72, 0x78, 
    0x37, 0x3f, 0x2e, 0x32, 0x35, 0x3e, 0x05, 0x2a, 0x2e, 0x28, 0x78, 0x73, 
    0x74, 0x2c, 0x3b, 0x36, 0x2f, 0x3f, 0x67, 0x2f, 0x76, 0x3b, 0x74, 0x3c, 
    0x33, 0x3f, 0x36, 0x3e, 0x72, 0x78, 0x33, 0x34, 0x2c, 0x35, 0x31, 0x3f, 
    0x05, 0x33, 0x37, 0x2a, 0x36, 0x78, 0x73, 0x74, 0x2c, 0x3b, 0x36, 0x2f, 
    0x3f, 0x67, 0x2f, 0x76, 0x3f, 0x74, 0x05, 0x39, 0x3b, 0x36, 0x36, 0x38, 
    0x3b, 0x39, 0x31, 0x29, 0x0e, 0x35, 0x11, 0x3f, 0x3f, 0x2a, 0x1b, 0x36, 
    0x33, 0x2c, 0x3f, 0x01, 0x35, 0x07, 0x67, 0x2f, 0x76, 0x3b, 0x27, 0x3f, 
    0x74, 0x3e, 0x3f, 0x36, 0x3f, 0x3d, 0x3b, 0x2e, 0x3f, 0x67, 0x2e, 0x76, 
    0x3f, 0x74, 0x05, 0x39, 0x3b, 0x36, 0x36, 0x38, 0x3b, 0x39, 0x31, 0x29, 
    0x0e, 0x35, 0x11, 0x3f, 0x3f, 0x2a, 0x1b, 0x36, 0x33, 0x2c, 0x3f, 0x67, 
    0x21, 0x27, 0x27, 0x73, 0x72, 0x37, 0x26, 0x26, 0x72, 0x37, 0x67, 0x21, 
    0x27, 0x73, 0x73, 0x61, 0x2c, 0x3b, 0x28, 0x7a, 0x37, 0x61, 0x72, 0x3c, 
    0x2f, 0x34, 0x39, 0x2e, 0x33, 0x35, 0x34, 0x72, 0x3f, 0x73, 0x21, 0x36, 
    0x3f, 0x2e, 0x7a, 0x2e, 0x67, 0x39, 0x36, 0x3b, 0x29, 0x29, 0x7a, 0x3f, 
    0x22, 0x2e, 0x3f, 0x34, 0x3e, 0x29, 0x7a, 0x15, 0x21, 0x3d, 0x3f, 0x2e, 
    0x7a, 0x3b, 0x29, 0x29, 0x3f, 0x37, 0x38, 0x36, 0x33, 0x3f, 0x29, 0x72, 
    0x73, 0x21, 0x36, 0x3f, 0x2e, 0x7a, 0x34, 0x67, 0x2a, 0x3f, 0x72, 0x28, 
    0x67, 0x64, 0x3f, 0x74, 0x3f, 0x22, 0x2a, 0x35, 0x28, 0x2e, 0x29, 0x74, 
    0x3e, 0x35, 0x37, 0x3b, 0x33, 0x34, 0x1d, 0x3f, 0x2e, 0x1b, 0x29, 0x29, 
    0x3f, 0x37, 0x38, 0x36, 0x33, 0x3f, 0x29, 0x72, 0x2e, 0x32, 0x33, 0x29, 
    0x76, 0x28, 0x73, 0x73, 0x61, 0x33, 0x3c, 0x72, 0x34, 0x74, 0x36, 0x3f, 
    0x34, 0x3d, 0x2e, 0x32, 0x67, 0x67, 0x6a, 0x73, 0x21, 0x36, 0x3f, 0x2e, 
    0x7a, 0x28, 0x67, 0x2e, 0x32, 0x33, 0x29, 0x74, 0x35, 0x38, 0x30, 0x3f, 
    0x39, 0x2e, 0x74, 0x37, 0x3f, 0x2e, 0x32, 0x35, 0x3e, 0x72, 0x78, 0x1d, 
    0x3f, 0x2e, 0x1b, 0x29, 0x29, 0x3f, 0x37, 0x38, 0x36, 0x33, 0x3f, 0x29, 
    0x78, 0x73, 0x74, 0x35, 0x2c, 0x3f, 0x28, 0x36, 0x35, 0x3b, 0x3e, 0x72, 
    0x73, 0x74, 0x33, 0x34, 0x2c, 0x35, 0x31, 0x3f, 0x72, 0x73, 0x61, 0x34, 
    0x67, 0x3d, 0x36, 0x35, 0x38, 0x3b, 0x36, 0x0e, 0x32, 0x33, 0x29, 0x74, 
    0x1b, 0x28, 0x28, 0x3b, 0x23, 0x74, 0x3c, 0x28, 0x35, 0x37, 0x72, 0x28, 
    0x73, 0x74, 0x37, 0x3b, 0x2a, 0x72, 0x29, 0x67, 0x64, 0x29, 0x74, 0x3c, 
    0x33, 0x3f, 0x36, 0x3e, 0x72, 0x78, 0x05, 0x37, 0x35, 0x34, 0x35, 0x05, 
    0x3b, 0x29, 0x29, 0x3f, 0x37, 0x38, 0x36, 0x23, 0x78, 0x73, 0x74, 0x2c, 
    0x3b, 0x36, 0x2f, 0x3f, 0x73, 0x27, 0x28, 0x3f, 0x2e, 0x2f, 0x28, 0x34, 
    0x7a, 0x34, 0x74, 0x37, 0x3b, 0x2a, 0x72, 0x28, 0x67, 0x64, 0x34, 0x3f, 
    0x2d, 0x7a, 0x3f, 0x74, 0x1b, 0x29, 0x29, 0x3f, 0x37, 0x38, 0x36, 0x23, 
    0x72, 0x28, 0x73, 0x73, 0x27, 0x3d, 0x3f, 0x2e, 0x7a, 0x35, 0x38, 0x30, 
    0x3f, 0x39, 0x2e, 0x72, 0x73, 0x21, 0x28, 0x3f, 0x2e, 0x2f, 0x28, 0x34, 
    0x7a, 0x3f, 0x74, 0x39, 0x35, 0x28, 0x36, 0x33, 0x38, 0x74, 0x39, 0x36, 
    0x3b, 0x29, 0x29, 0x72, 0x78, 0x09, 0x23, 0x29, 0x2e, 0x3f, 0x37, 0x74, 
    0x1b, 0x2a, 0x2a, 0x1e, 0x35, 0x37, 0x3b, 0x33, 0x34, 0x78, 0x73, 0x74, 
    0x37, 0x3f, 0x2e, 0x32, 0x35, 0x3e, 0x72, 0x78, 0x3d, 0x3f, 0x2e, 0x05, 
    0x19, 0x2f, 0x28, 0x28, 0x3f, 0x34, 0x2e, 0x1e, 0x35, 0x37, 0x3b, 0x33, 
    0x34, 0x78, 0x73, 0x74, 0x33, 0x34, 0x2c, 0x35, 0x31, 0x3f, 0x72, 0x73, 
    0x27, 0x3b, 0x29, 0x29, 0x3f, 0x37, 0x38, 0x36, 0x23, 0x72, 0x34, 0x73, 
    0x21, 0x28, 0x3f, 0x2e, 0x2f, 0x28, 0x34, 0x7a, 0x2e, 0x32, 0x33, 0x29, 
    0x74, 0x2e, 0x28, 0x23, 0x1b, 0x29, 0x29, 0x3f, 0x37, 0x38, 0x36, 0x23, 
    0x72, 0x34, 0x73, 0x65, 0x65, 0x38, 0x72, 0x3a, 0x39, 0x35, 0x2f, 0x36, 
    0x3e, 0x34, 0x7d, 0x2e, 0x7a, 0x3c, 0x33, 0x34, 0x3e, 0x7a, 0x3b, 0x29, 
    0x29, 0x3f, 0x37, 0x38, 0x36, 0x23, 0x7a, 0x7e, 0x21, 0x34, 0x27, 0x3a, 
    0x73, 0x27, 0x3b, 0x2e, 0x2e, 0x3b, 0x39, 0x32, 0x72, 0x73, 0x21, 0x28, 
    0x3f, 0x2e, 0x2f, 0x28, 0x34, 0x7a, 0x34, 0x3f, 0x2d, 0x7a, 0x3f, 0x74, 
    0x0e, 0x32, 0x28, 0x3f, 0x3b, 0x3e, 0x72, 0x3f, 0x74, 0x3f, 0x22, 0x2a, 
    0x35, 0x28, 0x2e, 0x29, 0x74, 0x2e, 0x32, 0x28, 0x3f, 0x3b, 0x3e, 0x1b, 
    0x2e, 0x2e, 0x3b, 0x39, 0x32, 0x72, 0x2e, 0x32, 0x33, 0x29, 0x73, 0x73, 
    0x27, 0x2e, 0x28, 0x23, 0x1b, 0x29, 0x29, 0x3f, 0x37, 0x38, 0x36, 0x23, 
    0x72, 0x34, 0x73, 0x21, 0x28, 0x3f, 0x2e, 0x2f, 0x28, 0x34, 0x7a, 0x34, 
    0x3f, 0x2d, 0x7a, 0x3f, 0x74, 0x1b, 0x29, 0x29, 0x3f, 0x37, 0x38, 0x36, 
    0x23, 0x72, 0x3f, 0x74, 0x3f, 0x22, 0x2a, 0x35, 0x28, 0x2e, 0x29, 0x74, 
    0x3e, 0x35, 0x37, 0x3b, 0x33, 0x34, 0x1d, 0x3f, 0x2e, 0x1b, 0x29, 0x29, 
    0x3f, 0x37, 0x38, 0x36, 0x23, 0x1c, 0x28, 0x35, 0x37, 0x14, 0x3b, 0x37, 
    0x3f, 0x72, 0x2e, 0x32, 0x33, 0x29, 0x76, 0x17, 0x3f, 0x37, 0x35, 0x28, 
    0x23, 0x74, 0x3b, 0x36, 0x36, 0x35, 0x39, 0x0f, 0x2e, 0x3c, 0x62, 0x09, 
    0x2e, 0x28, 0x33, 0x34, 0x3d, 0x72, 0x34, 0x73, 0x73, 0x73, 0x74, 0x3b, 
    0x29, 0x14, 0x2f, 0x36, 0x36, 0x3b, 0x38, 0x36, 0x3f, 0x72, 0x73, 0x27, 
    0x27, 0x61, 0x3e, 0x72, 0x01, 0x36, 0x07, 0x76, 0x2e, 0x74, 0x2a, 0x28, 
    0x35, 0x2e, 0x35, 0x2e, 0x23, 0x2a, 0x3f, 0x76, 0x78, 0x3b, 0x29, 0x29, 
    0x3f, 0x37, 0x38, 0x36, 0x33, 0x3f, 0x29, 0x78, 0x76, 0x34, 0x2f, 0x36, 
    0x36, 0x73, 0x76, 0x3e, 0x72, 0x01, 0x36, 0x07, 0x76, 0x2e, 0x74, 0x2a, 
    0x28, 0x35, 0x2e, 0x35, 0x2e, 0x23, 0x2a, 0x3f, 0x76, 0x78, 0x35, 0x38, 
    0x30, 0x3f, 0x39, 0x2e, 0x78, 0x76, 0x34, 0x2f, 0x36, 0x36, 0x73, 0x76, 
    0x2e, 0x67, 0x3e, 0x72, 0x01, 0x29, 0x3f, 0x07, 0x76, 0x2e, 0x73, 0x76, 
    0x3f, 0x74, 0x1e, 0x35, 0x37, 0x3b, 0x33, 0x34, 0x67, 0x2e, 0x76, 0x1c, 
    0x72, 0x3f, 0x76, 0x78, 0x3e, 0x35, 0x37, 0x3b, 0x33, 0x34, 0x78, 0x76, 
    0x72, 0x73, 0x67, 0x64, 0x34, 0x3f, 0x2d, 0x7a, 0x3f, 0x74, 0x1e, 0x35, 
    0x37, 0x3b, 0x33, 0x34, 0x72, 0x3f, 0x74, 0x3f, 0x22, 0x2a, 0x35, 0x28, 
    0x2e, 0x29, 0x74, 0x3e, 0x35, 0x37, 0x3b, 0x33, 0x34, 0x1d, 0x3f, 0x2e, 
    0x72, 0x73, 0x73, 0x76, 0x36, 0x73, 0x27, 0x73, 0x72, 0x37, 0x26, 0x26, 
    0x72, 0x37, 0x67, 0x21, 0x27, 0x73, 0x73, 0x61, 0x2c, 0x3b, 0x28, 0x7a, 
    0x37, 0x61, 0x72, 0x3c, 0x2f, 0x34, 0x39, 0x2e, 0x33, 0x35, 0x34, 0x72, 
    0x3f, 0x73, 0x21, 0x39, 0x36, 0x3b, 0x29, 0x29, 0x7a, 0x2e, 0x7a, 0x3f, 
    0x22, 0x2e, 0x3f, 0x34, 0x3e, 0x29, 0x7a, 0x15, 0x21, 0x3d, 0x3f, 0x2e, 
    0x7a, 0x39, 0x36, 0x3b, 0x29, 0x29, 0x72, 0x73, 0x21, 0x28, 0x3f, 0x2e, 
    0x2f, 0x28, 0x34, 0x7a, 0x34, 0x3f, 0x2d, 0x7a, 0x3f, 0x74, 0x19, 0x36, 
    0x3b, 0x29, 0x29, 0x72, 0x3f, 0x74, 0x3f, 0x22, 0x2a, 0x35, 0x28, 0x2e, 
    0x29, 0x74, 0x3c, 0x33, 0x3f, 0x36, 0x3e, 0x1d, 0x3f, 0x2e, 0x19, 0x36, 
    0x3b, 0x29, 0x29, 0x72, 0x2e, 0x32, 0x33, 0x29, 0x73, 0x73, 0x27, 0x3d, 
    0x3f, 0x2e, 0x7a, 0x3c, 0x36, 0x3b, 0x3d, 0x29, 0x72, 0x73, 0x21, 0x28, 
    0x3f, 0x2e, 0x2f, 0x28, 0x34, 0x7a, 0x3f, 0x74, 0x3f, 0x22, 0x2a, 0x35, 
    0x28, 0x2e, 0x29, 0x74, 0x3c, 0x33, 0x3f, 0x36, 0x3e, 0x1d, 0x3f, 0x2e, 
    0x1c, 0x36, 0x3b, 0x3d, 0x29, 0x72, 0x2e, 0x32, 0x33, 0x29, 0x73, 0x27, 
    0x3d, 0x3f, 0x2e, 0x7a, 0x33, 0x29, 0x16, 0x33, 0x2e, 0x3f, 0x28, 0x3b, 
    0x36, 0x72, 0x73, 0x21, 0x28, 0x3f, 0x2e, 0x2f, 0x28, 0x34, 0x72, 0x2e, 
    0x32, 0x33, 0x29, 0x74, 0x3c, 0x36, 0x3b, 0x3d, 0x29, 0x7c, 0x6c, 0x6e, 
    0x73, 0x7b, 0x67, 0x6a, 0x27, 0x3d, 0x3f, 0x2e, 0x7a, 0x33, 0x29, 0x09, 
    0x2e, 0x3b, 0x2e, 0x33, 0x39, 0x72, 0x73, 0x21, 0x28, 0x3f, 0x2e, 0x2f, 
    0x28, 0x34, 0x72, 0x2e, 0x32, 0x33, 0x29, 0x74, 0x3c, 0x36, 0x3b, 0x3d, 
    0x29, 0x7c, 0x6b, 0x6c, 0x73, 0x7b, 0x67, 0x6a, 0x27, 0x3d, 0x3f, 0x2e, 
    0x7a, 0x33, 0x29, 0x0e, 0x32, 0x28, 0x3f, 0x3b, 0x3e, 0x09, 0x2e, 0x3b, 
    0x2e, 0x33, 0x39, 0x72, 0x73, 0x21, 0x36, 0x3f, 0x2e, 0x7a, 0x34, 0x67, 
    0x3f, 0x74, 0x39, 0x35, 0x28, 0x36, 0x33, 0x38, 0x74, 0x39, 0x36, 0x3b, 
    0x29, 0x29, 0x72, 0x78, 0x09, 0x23, 0x29, 0x2e, 0x3f, 0x37, 0x74, 0x1b, 
    0x2a, 0x2a, 0x1e, 0x35, 0x37, 0x3b, 0x33, 0x34, 0x78, 0x73, 0x74, 0x3c, 
    0x33, 0x3f, 0x36, 0x3e, 0x72, 0x78, 0x2e, 0x23, 0x2a, 0x3f, 0x05, 0x28, 
    0x3f, 0x29, 0x35, 0x36, 0x2c, 0x3f, 0x05, 0x33, 0x34, 0x05, 0x2a, 0x28, 
    0x35, 0x3d, 0x28, 0x3f, 0x29, 0x29, 0x78, 0x73, 0x74, 0x35, 0x3c, 0x3c, 
    0x29, 0x3f, 0x2e, 0x61, 0x28, 0x3f, 0x2e, 0x2f, 0x28, 0x34, 0x7a, 0x1c, 
    0x72, 0x3f, 0x74, 0x1c, 0x33, 0x3f, 0x36, 0x3e, 0x74, 0x2a, 0x28, 0x35, 
    0x2e, 0x35, 0x2e, 0x23, 0x2a, 0x3f, 0x76, 0x78, 0x33, 0x29, 0x0e, 0x32, 
    0x28, 0x3f, 0x3b, 0x3e, 0x09, 0x2e, 0x3b, 0x2e, 0x33, 0x39, 0x78, 0x76, 
    0x3c, 0x2f, 0x34, 0x39, 0x2e, 0x33, 0x35, 0x34, 0x72, 0x73, 0x21, 0x28, 
    0x3f, 0x2e, 0x2f, 0x28, 0x34, 0x7a, 0x2e, 0x32, 0x33, 0x29, 0x74, 0x35, 
    0x3c, 0x3c, 0x29, 0x3f, 0x2e, 0x67, 0x67, 0x34, 0x27, 0x76, 0x36, 0x73, 
    0x76, 0x2e, 0x32, 0x33, 0x29, 0x74, 0x33, 0x29, 0x0e, 0x32, 0x28, 0x3f, 
    0x3b, 0x3e, 0x09, 0x2e, 0x3b, 0x2e, 0x33, 0x39, 0x27, 0x3d, 0x3f, 0x2e, 
    0x7a, 0x37, 0x35, 0x3e, 0x33, 0x3c, 0x33, 0x3f, 0x28, 0x72, 0x73, 0x21, 
    0x29, 0x2d, 0x33, 0x2e, 0x39, 0x32, 0x72, 0x2e, 0x32, 0x33, 0x29, 0x74, 
    0x3c, 0x36, 0x3b, 0x3d, 0x29, 0x7c, 0x6d, 0x73, 0x21, 0x39, 0x3b, 0x29, 
    0x3f, 0x7a, 0x6b, 0x60, 0x28, 0x3f, 0x2e, 0x2f, 0x28, 0x34, 0x78, 0x2a, 
    0x28, 0x33, 0x2c, 0x3b, 0x2e, 0x3f, 0x78, 0x61, 0x39, 0x3b, 0x29, 0x3f, 
    0x7a, 0x68, 0x60, 0x28, 0x3f, 0x2e, 0x2f, 0x28, 0x34, 0x78, 0x2a, 0x28, 
    0x33, 0x2c, 0x3b, 0x2e, 0x3f, 0x7a, 0x2a, 0x28, 0x35, 0x2e, 0x3f, 0x39, 
    0x2e, 0x3f, 0x3e, 0x78, 0x61, 0x39, 0x3b, 0x29, 0x3f, 0x7a, 0x69, 0x60, 
    0x28, 0x3f, 0x2e, 0x2f, 0x28, 0x34, 0x78, 0x33, 0x34, 0x2e, 0x3f, 0x28, 
    0x34, 0x3b, 0x36, 0x78, 0x61, 0x39, 0x3b, 0x29, 0x3f, 0x7a, 0x6e, 0x60, 
    0x28, 0x3f, 0x2e, 0x2f, 0x28, 0x34, 0x78, 0x2a, 0x28, 0x35, 0x2e, 0x3f, 
    0x39, 0x2e, 0x3f, 0x3e, 0x78, 0x61, 0x39, 0x3b, 0x29, 0x3f, 0x7a, 0x6f, 
    0x60, 0x28, 0x3f, 0x2e, 0x2f, 0x28, 0x34, 0x78, 0x2a, 0x28, 0x35, 0x2e, 
    0x3f, 0x39, 0x2e, 0x3f, 0x3e, 0x7a, 0x33, 0x34, 0x2e, 0x3f, 0x28, 0x34, 
    0x3b, 0x36, 0x78, 0x61, 0x39, 0x3b, 0x29, 0x3f, 0x7a, 0x6c, 0x60, 0x28, 
    0x3f, 0x2e, 0x2f, 0x28, 0x34, 0x78, 0x2a, 0x2f, 0x38, 0x36, 0x33, 0x39, 
    0x78, 0x27, 0x27, 0x3d, 0x3f, 0x2e, 0x7a, 0x34, 0x3b, 0x37, 0x3f, 0x72, 
    0x73, 0x21, 0x28, 0x3f, 0x2e, 0x2f, 0x28, 0x34, 0x7a, 0x3f, 0x74, 0x3f, 
    0x22, 0x2a, 0x35, 0x28, 0x2e, 0x29, 0x74, 0x3c, 0x33, 0x3f, 0x36, 0x3e, 
    0x1d, 0x3f, 0x2e, 0x14, 0x3b, 0x37, 0x3f, 0x72, 0x2e, 0x32, 0x33, 0x29, 
    0x73, 0x74, 0x28, 0x3f, 0x3b, 0x3e, 0x0f, 0x2e, 0x3c, 0x62, 0x09, 0x2e, 
    0x28, 0x33, 0x34, 0x3d, 0x72, 0x73, 0x27, 0x3d, 0x3f, 0x2e, 0x7a, 0x35, 
    0x3c, 0x3c, 0x29, 0x3f, 0x2e, 0x72, 0x73, 0x21, 0x28, 0x3f, 0x2e, 0x2f, 
    0x28, 0x34, 0x7a, 0x3f, 0x74, 0x3f, 0x22, 0x2a, 0x35, 0x28, 0x2e, 0x29, 
    0x74, 0x3c, 0x33, 0x3f, 0x36, 0x3e, 0x1d, 0x3f, 0x2e, 0x15, 0x3c, 0x3c, 
    0x29, 0x3f, 0x2e, 0x72, 0x2e, 0x32, 0x33, 0x29, 0x73, 0x27, 0x3d, 0x3f, 
    0x2e, 0x7a, 0x2e, 0x23, 0x2a, 0x3f, 0x72, 0x73, 0x21, 0x28, 0x3f, 0x2e, 
    0x2f, 0x28, 0x34, 0x7a, 0x34, 0x3f, 0x2d, 0x7a, 0x3f, 0x74, 0x0e, 0x23, 
    0x2a, 0x3f, 0x72, 0x3f, 0x74, 0x3f, 0x22, 0x2a, 0x35, 0x28, 0x2e, 0x29, 
    0x74, 0x3c, 0x33, 0x3f, 0x36, 0x3e, 0x1d, 0x3f, 0x2e, 0x0e, 0x23, 0x2a, 
    0x3f, 0x72, 0x2e, 0x32, 0x33, 0x29, 0x73, 0x73, 0x27, 0x3d, 0x3f, 0x2e, 
    0x7a, 0x2c, 0x3b, 0x36, 0x2f, 0x3f, 0x72, 0x73, 0x21, 0x2e, 0x32, 0x33, 
    0x29, 0x74, 0x33, 0x29, 0x09, 0x2e, 0x3b, 0x2e, 0x33, 0x39, 0x26, 0x26, 
    0x38, 0x72, 0x3a, 0x39, 0x3b, 0x34, 0x34, 0x35, 0x2e, 0x7a, 0x3b, 0x39, 
    0x39, 0x3f, 0x29, 0x29, 0x7a, 0x33, 0x34, 0x29, 0x2e, 0x3b, 0x34, 0x39, 
    0x3f, 0x7a, 0x3c, 0x33, 0x3f, 0x36, 0x3e, 0x7a, 0x7e, 0x21, 0x2e, 0x32, 
    0x33, 0x29, 0x74, 0x39, 0x36, 0x3b, 0x29, 0x29, 0x74, 0x2e, 0x23, 0x2a, 
    0x3f, 0x74, 0x34, 0x3b, 0x37, 0x3f, 0x27, 0x60, 0x60, 0x7e, 0x21, 0x2e, 
    0x32, 0x33, 0x29, 0x74, 0x34, 0x3b, 0x37, 0x3f, 0x27, 0x7a, 0x3c, 0x28, 
    0x35, 0x37, 0x7a, 0x3b, 0x7a, 0x39, 0x36, 0x3b, 0x29, 0x29, 0x76, 0x7a, 
    0x2f, 0x29, 0x3f, 0x7a, 0x3b, 0x34, 0x7a, 0x35, 0x38, 0x30, 0x3f, 0x39, 
    0x2e, 0x7a, 0x33, 0x34, 0x29, 0x2e, 0x3f, 0x3b, 0x3e, 0x3a, 0x73, 0x61, 
    0x36, 0x3f, 0x2e, 0x7a, 0x34, 0x67, 0x17, 0x3f, 0x37, 0x35, 0x28, 0x23, 
    0x74, 0x3b, 0x36, 0x36, 0x35, 0x39, 0x72, 0x0a, 0x28, 0x35, 0x39, 0x3f, 
    0x29, 0x29, 0x74, 0x2a, 0x35, 0x33, 0x34, 0x2e, 0x3f, 0x28, 0x09, 0x33, 
    0x20, 0x3f, 0x73, 0x61, 0x28, 0x3f, 0x2e, 0x2f, 0x28, 0x34, 0x7a, 0x3f, 
    0x74, 0x3f, 0x22, 0x2a, 0x35, 0x28, 0x2e, 0x29, 0x74, 0x3c, 0x33, 0x3f, 
    0x36, 0x3e, 0x1d, 0x3f, 0x2e, 0x09, 0x2e, 0x3b, 0x2e, 0x33, 0x39, 0x0c, 
    0x3b, 0x36, 0x2f, 0x3f, 0x72, 0x2e, 0x32, 0x33, 0x29, 0x74, 0x32, 0x3b, 
    0x34, 0x3e, 0x36, 0x3f, 0x76, 0x34, 0x73, 0x76, 0x3f, 0x74, 0x28, 0x3f, 
    0x3b, 0x3e, 0x72, 0x34, 0x76, 0x2e, 0x32, 0x33, 0x29, 0x74, 0x2e, 0x23, 
    0x2a, 0x3f, 0x73, 0x27, 0x29, 0x3f, 0x2e, 0x7a, 0x2c, 0x3b, 0x36, 0x2f, 
    0x3f, 0x72, 0x34, 0x73, 0x21, 0x2e, 0x32, 0x33, 0x29, 0x74, 0x33, 0x29, 
    0x09, 0x2e, 0x3b, 0x2e, 0x33, 0x39, 0x26, 0x26, 0x38, 0x72, 0x3a, 0x39, 
    0x3b, 0x34, 0x34, 0x35, 0x2e, 0x7a, 0x3b, 0x39, 0x39, 0x3f, 0x29, 0x29, 
    0x7a, 0x33, 0x34, 0x29, 0x2e, 0x3b, 0x34, 0x39, 0x3f, 0x7a, 0x3c, 0x33, 
    0x3f, 0x36, 0x3e, 0x7a, 0x7e, 0x21, 0x2e, 0x32, 0x33, 0x29, 0x74, 0x39, 
    0x36, 0x3b, 0x29, 0x29, 0x74, 0x2e, 0x23, 0x2a, 0x3f, 0x74, 0x34, 0x3b, 
    0x37, 0x3f, 0x27, 0x60, 0x60, 0x7e, 0x21, 0x2e, 0x32, 0x33, 0x29, 0x74, 
    0x34, 0x3b, 0x37, 0x3f, 0x27, 0x7a, 0x3c, 0x28, 0x35, 0x37, 0x7a, 0x3b, 
    0x7a, 0x39, 0x36, 0x3b, 0x29, 0x29, 0x76, 0x7a, 0x2f, 0x29, 0x3f, 0x7a, 
    0x3b, 0x34, 0x7a, 0x35, 0x38, 0x30, 0x3f, 0x39, 0x2e, 0x7a, 0x33, 0x34, 
    0x29, 0x2e, 0x3f, 0x3b, 0x3e, 0x3a, 0x73, 0x76, 0x72, 0x2e, 0x32, 0x33, 
    0x29, 0x74, 0x33, 0x29, 0x0e, 0x32, 0x28, 0x3f, 0x3b, 0x3e, 0x09, 0x2e, 
    0x3b, 0x2e, 0x33, 0x39, 0x26, 0x26, 0x2e, 0x32, 0x33, 0x29, 0x74, 0x33, 
    0x29, 0x16, 0x33, 0x2e, 0x3f, 0x28, 0x3b, 0x36, 0x73, 0x7c, 0x7c, 0x38, 
    0x72, 0x3a, 0x39, 0x3b, 0x34, 0x34, 0x35, 0x2e, 0x7a, 0x2d, 0x28, 0x33, 
    0x2e, 0x3f, 0x7a, 0x2e, 0x32, 0x3f, 0x7a, 0x2c, 0x3b, 0x36, 0x2f, 0x3f, 
    0x7a, 0x35, 0x3c, 0x7a, 0x3c, 0x33, 0x3f, 0x36, 0x3e, 0x7a, 0x7e, 0x21, 
    0x2e, 0x32, 0x33, 0x29, 0x74, 0x34, 0x3b, 0x37, 0x3f, 0x27, 0x7a, 0x3b, 
    0x29, 0x7a, 0x33, 0x2e, 0x7d, 0x29, 0x7a, 0x2e, 0x32, 0x28, 0x3f, 0x3b, 
    0x3e, 0x7a, 0x29, 0x2e, 0x3b, 0x2e, 0x33, 0x39, 0x7a, 0x35, 0x28, 0x7a, 
    0x36, 0x33, 0x2e, 0x3f, 0x28, 0x3b, 0x36, 0x3a, 0x73, 0x61, 0x36, 0x3f, 
    0x2e, 0x7a, 0x28, 0x67, 0x34, 0x7a, 0x33, 0x34, 0x29, 0x2e, 0x3b, 0x34, 
    0x39, 0x3f, 0x35, 0x3c, 0x7a, 0x3f, 0x74, 0x15, 0x38, 0x30, 0x3f, 0x39, 
    0x2e, 0x7c, 0x7c, 0x2e, 0x32, 0x33, 0x29, 0x74, 0x2e, 0x23, 0x2a, 0x3f, 
    0x74, 0x39, 0x36, 0x3b, 0x29, 0x29, 0x74, 0x33, 0x29, 0x0c, 0x3b, 0x36, 
    0x2f, 0x3f, 0x0e, 0x23, 0x2a, 0x3f, 0x65, 0x34, 0x74, 0x2f, 0x34, 0x38, 
    0x35, 0x22, 0x72, 0x73, 0x60, 0x34, 0x7a, 0x33, 0x34, 0x29, 0x2e, 0x3b, 
    0x34, 0x39, 0x3f, 0x35, 0x3c, 0x7a, 0x15, 0x65, 0x34, 0x74, 0x32, 0x3b, 
    0x34, 0x3e, 0x36, 0x3f, 0x60, 0x34, 0x7a, 0x33, 0x34, 0x29, 0x2e, 0x3b, 
    0x34, 0x39, 0x3f, 0x35, 0x3c, 0x7a, 0x14, 0x3b, 0x2e, 0x33, 0x2c, 0x3f, 
    0x0a, 0x35, 0x33, 0x34, 0x2e, 0x3f, 0x28, 0x65, 0x34, 0x60, 0x3f, 0x74, 
    0x2d, 0x28, 0x33, 0x2e, 0x3f, 0x72, 0x17, 0x3f, 0x37, 0x35, 0x28, 0x23, 
    0x74, 0x3b, 0x36, 0x36, 0x35, 0x39, 0x72, 0x2e, 0x32, 0x33, 0x29, 0x74, 
    0x2e, 0x23, 0x2a, 0x3f, 0x74, 0x39, 0x36, 0x3b, 0x29, 0x29, 0x74, 0x2c, 
    0x3b, 0x36, 0x2f, 0x3f, 0x0e, 0x23, 0x2a, 0x3f, 0x09, 0x33, 0x20, 0x3f, 
    0x73, 0x76, 0x34, 0x76, 0x2e, 0x32, 0x33, 0x29, 0x74, 0x2e, 0x23, 0x2a, 
    0x3f, 0x73, 0x61, 0x3f, 0x74, 0x3f, 0x22, 0x2a, 0x35, 0x28, 0x2e, 0x29, 
    0x74, 0x3c, 0x33, 0x3f, 0x36, 0x3e, 0x09, 0x3f, 0x2e, 0x09, 0x2e, 0x3b, 
    0x2e, 0x33, 0x39, 0x0c, 0x3b, 0x36, 0x2f, 0x3f, 0x72, 0x2e, 0x32, 0x33, 
    0x29, 0x74, 0x32, 0x3b, 0x34, 0x3e, 0x36, 0x3f, 0x76, 0x28, 0x73, 0x27, 
    0x2e, 0x35, 0x09, 0x2e, 0x28, 0x33, 0x34, 0x3d, 0x72, 0x73, 0x21, 0x28, 
    0x3f, 0x2e, 0x2f, 0x28, 0x34, 0x3a, 0x7e, 0x21, 0x2e, 0x32, 0x33, 0x29, 
    0x74, 0x33, 0x29, 0x0e, 0x32, 0x28, 0x3f, 0x3b, 0x3e, 0x09, 0x2e, 0x3b, 
    0x2e, 0x33, 0x39, 0x65, 0x78, 0x01, 0x0e, 0x32, 0x28, 0x3f, 0x3b, 0x3e, 
    0x09, 0x2e, 0x3b, 0x2e, 0x33, 0x39, 0x07, 0x7a, 0x78, 0x60, 0x78, 0x78, 
    0x27, 0x7e, 0x21, 0x2e, 0x32, 0x33, 0x29, 0x74, 0x33, 0x29, 0x09, 0x2e, 
    0x3b, 0x2e, 0x33, 0x39, 0x65, 0x78, 0x29, 0x2e, 0x3b, 0x2e, 0x33, 0x39, 
    0x7a, 0x78, 0x60, 0x78, 0x78, 0x27, 0x7e, 0x21, 0x2e, 0x32, 0x33, 0x29, 
    0x74, 0x2e, 0x23, 0x2a, 0x3f, 0x74, 0x34, 0x3b, 0x37, 0x3f, 0x27, 0x7a, 
    0x7e, 0x21, 0x2e, 0x32, 0x33, 0x29, 0x74, 0x34, 0x3b, 0x37, 0x3f, 0x27, 
    0x7e, 0x21, 0x2e, 0x32, 0x33, 0x29, 0x74, 0x33, 0x29, 0x16, 0x33, 0x2e, 
    0x3f, 0x28, 0x3b, 0x36, 0x65, 0x3a, 0x7a, 0x67, 0x7a, 0x7e, 0x21, 0x2e, 
    0x32, 0x33, 0x29, 0x74, 0x2e, 0x23, 0x2a, 0x3f, 0x74, 0x39, 0x36, 0x3b, 
    0x29, 0x29, 0x74, 0x33, 0x29, 0x1f, 0x34, 0x2f, 0x37, 0x65, 0x3f, 0x74, 
    0x28, 0x3f, 0x3b, 0x3e, 0x72, 0x2e, 0x32, 0x33, 0x29, 0x74, 0x2c, 0x3b, 
    0x36, 0x2f, 0x3f, 0x74, 0x32, 0x3b, 0x34, 0x3e, 0x36, 0x3f, 0x76, 0x2e, 
    0x32, 0x33, 0x29, 0x74, 0x2e, 0x23, 0x2a, 0x3f, 0x74, 0x39, 0x36, 0x3b, 
    0x29, 0x29, 0x74, 0x38, 0x3b, 0x29, 0x3f, 0x0e, 0x23, 0x2a, 0x3f, 0x73, 
    0x60, 0x2e, 0x32, 0x33, 0x29, 0x74, 0x2c, 0x3b, 0x36, 0x2f, 0x3f, 0x27, 
    0x3a, 0x60, 0x78, 0x78, 0x27, 0x61, 0x7e, 0x21, 0x2e, 0x32, 0x33, 0x29, 
    0x74, 0x33, 0x29, 0x0e, 0x32, 0x28, 0x3f, 0x3b, 0x3e, 0x09, 0x2e, 0x3b, 
    0x2e, 0x33, 0x39, 0x26, 0x26, 0x2e, 0x32, 0x33, 0x29, 0x74, 0x33, 0x29, 
    0x16, 0x33, 0x2e, 0x3f, 0x28, 0x3b, 0x36, 0x65, 0x78, 0x78, 0x60, 0x3a, 
    0x7a, 0x75, 0x75, 0x7a, 0x6a, 0x22, 0x7e, 0x21, 0x2e, 0x32, 0x33, 0x29, 
    0x74, 0x35, 0x3c, 0x3c, 0x29, 0x3f, 0x2e, 0x74, 0x2e, 0x35, 0x09, 0x2e, 
    0x28, 0x33, 0x34, 0x3d, 0x72, 0x6b, 0x6c, 0x73, 0x27, 0x3a, 0x27, 0x3a, 
    0x27, 0x38, 0x33, 0x34, 0x3e, 0x72, 0x34, 0x73, 0x21, 0x2e, 0x32, 0x33, 
    0x29, 0x74, 0x33, 0x29, 0x09, 0x2e, 0x3b, 0x2e, 0x33, 0x39, 0x7c, 0x7c, 
    0x38, 0x72, 0x3a, 0x39, 0x3b, 0x34, 0x34, 0x35, 0x2e, 0x7a, 0x38, 0x33, 
    0x34, 0x3e, 0x7a, 0x29, 0x2e, 0x3b, 0x2e, 0x33, 0x39, 0x7a, 0x3c, 0x33, 
    0x3f, 0x36, 0x3e, 0x7a, 0x7e, 0x21, 0x2e, 0x32, 0x33, 0x29, 0x74, 0x39, 
    0x36, 0x3b, 0x29, 0x29, 0x74, 0x2e, 0x23, 0x2a, 0x3f, 0x74, 0x34, 0x3b, 
    0x37, 0x3f, 0x27, 0x60, 0x60, 0x7e, 0x21, 0x2e, 0x32, 0x33, 0x29, 0x74, 
    0x34, 0x3b, 0x37, 0x3f, 0x27, 0x7a, 0x2e, 0x35, 0x7a, 0x3b, 0x34, 0x7a, 
    0x33, 0x34, 0x29, 0x2e, 0x3b, 0x34, 0x39, 0x3f, 0x3a, 0x73, 0x61, 0x36, 
    0x3f, 0x2e, 0x7a, 0x28, 0x67, 0x2e, 0x32, 0x33, 0x29, 0x74, 0x35, 0x3c, 
    0x3c, 0x29, 0x3f, 0x2e, 0x77, 0x72, 0x34, 0x7a, 0x33, 0x34, 0x29, 0x2e, 
    0x3b, 0x34, 0x39, 0x3f, 0x35, 0x3c, 0x7a, 0x3f, 0x74, 0x0c, 0x3b, 0x36, 
    0x2f, 0x3f, 0x0e, 0x23, 0x2a, 0x3f, 0x65, 0x3f, 0x74, 0x15, 0x38, 0x30, 
    0x3f, 0x39, 0x2e, 0x74, 0x32, 0x3f, 0x3b, 0x3e, 0x3f, 0x28, 0x09, 0x33, 
    0x20, 0x3f, 0x60, 0x6a, 0x73, 0x61, 0x28, 0x3f, 0x2e, 0x2f, 0x28, 0x34, 
    0x7a, 0x34, 0x3f, 0x2d, 0x7a, 0x0a, 0x28, 0x35, 0x22, 0x23, 0x72, 0x2e, 
    0x32, 0x33, 0x29, 0x76, 0x21, 0x3d, 0x3f, 0x2e, 0x72, 0x29, 0x76, 0x3b, 
    0x73, 0x21, 0x28, 0x3f, 0x2e, 0x2f, 0x28, 0x34, 0x7a, 0x3b, 0x67, 0x67, 
    0x78, 0x2c, 0x3b, 0x36, 0x2f, 0x3f, 0x78, 0x65, 0x3f, 0x74, 0x28, 0x3f, 
    0x3b, 0x3e, 0x72, 0x34, 0x74, 0x32, 0x3b, 0x34, 0x3e, 0x36, 0x3f, 0x74, 
    0x3b, 0x3e, 0x3e, 0x72, 0x28, 0x73, 0x76, 0x29, 0x74, 0x2e, 0x23, 0x2a, 
    0x3f, 0x73, 0x60, 0x08, 0x3f, 0x3c, 0x36, 0x3f, 0x39, 0x2e, 0x74, 0x3d, 
    0x3f, 0x2e, 0x72, 0x29, 0x76, 0x3b, 0x73, 0x27, 0x76, 0x29, 0x3f, 0x2e, 
    0x72, 0x29, 0x76, 0x3b, 0x76, 0x35, 0x73, 0x21, 0x28, 0x3f, 0x2e, 0x2f, 
    0x28, 0x34, 0x7a, 0x3b, 0x67, 0x67, 0x78, 0x2c, 0x3b, 0x36, 0x2f, 0x3f, 
    0x78, 0x65, 0x72, 0x3f, 0x74, 0x2d, 0x28, 0x33, 0x2e, 0x3f, 0x72, 0x34, 
    0x74, 0x32, 0x3b, 0x34, 0x3e, 0x36, 0x3f, 0x74, 0x3b, 0x3e, 0x3e, 0x72, 
    0x28, 0x73, 0x76, 0x35, 0x76, 0x29, 0x74, 0x2e, 0x23, 0x2a, 0x3f, 0x73, 
    0x76, 0x7b, 0x6a, 0x73, 0x60, 0x08, 0x3f, 0x3c, 0x36, 0x3f, 0x39, 0x2e, 
    0x74, 0x29, 0x3f, 0x2e, 0x72, 0x29, 0x76, 0x3b, 0x76, 0x35, 0x73, 0x27, 
    0x27, 0x73, 0x27, 0x27, 0x3e, 0x72, 0x01, 0x36, 0x07, 0x76, 0x2e, 0x74, 
    0x2a, 0x28, 0x35, 0x2e, 0x35, 0x2e, 0x23, 0x2a, 0x3f, 0x76, 0x78, 0x39, 
    0x36, 0x3b, 0x29, 0x29, 0x78, 0x76, 0x34, 0x2f, 0x36, 0x36, 0x73, 0x76, 
    0x3e, 0x72, 0x01, 0x36, 0x07, 0x76, 0x2e, 0x74, 0x2a, 0x28, 0x35, 0x2e, 
    0x35, 0x2e, 0x23, 0x2a, 0x3f, 0x76, 0x78, 0x3c, 0x36, 0x3b, 0x3d, 0x29, 
    0x78, 0x76, 0x34, 0x2f, 0x36, 0x36, 0x73, 0x76, 0x3e, 0x72, 0x01, 0x36, 
    0x07, 0x76, 0x2e, 0x74, 0x2a, 0x28, 0x35, 0x2e, 0x35, 0x2e, 0x23, 0x2a, 
    0x3f, 0x76, 0x78, 0x33, 0x29, 0x16, 0x33, 0x2e, 0x3f, 0x28, 0x3b, 0x36, 
    0x78, 0x76, 0x34, 0x2f, 0x36, 0x36, 0x73, 0x76, 0x3e, 0x72, 0x01, 0x36, 
    0x07, 0x76, 0x2e, 0x74, 0x2a, 0x28, 0x35, 0x2e, 0x35, 0x2e, 0x23, 0x2a, 
    0x3f, 0x76, 0x78, 0x33, 0x29, 0x09, 0x2e, 0x3b, 0x2e, 0x33, 0x39, 0x78, 
    0x76, 0x34, 0x2f, 0x36, 0x36, 0x73, 0x76, 0x3e, 0x72, 0x01, 0x36, 0x07, 
    0x76, 0x2e, 0x74, 0x2a, 0x28, 0x35, 0x2e, 0x35, 0x2e, 0x23, 0x2a, 0x3f, 
    0x76, 0x78, 0x33, 0x29, 0x0e, 0x32, 0x28, 0x3f, 0x3b, 0x3e, 0x09, 0x2e, 
    0x3b, 0x2e, 0x33, 0x39, 0x78, 0x76, 0x34, 0x2f, 0x36, 0x36, 0x73, 0x76, 
    0x3e, 0x72, 0x01, 0x36, 0x07, 0x76, 0x2e, 0x74, 0x2a, 0x28, 0x35, 0x2e, 
    0x35, 0x2e, 0x23, 0x2a, 0x3f, 0x76, 0x78, 0x37, 0x35, 0x3e, 0x33, 0x3c, 
    0x33, 0x3f, 0x28, 0x78, 0x76, 0x34, 0x2f, 0x36, 0x36, 0x73, 0x76, 0x3e, 
    0x72, 0x01, 0x36, 0x07, 0x76, 0x2e, 0x74, 0x2a, 0x28, 0x35, 0x2e, 0x35, 
    0x2e, 0x23, 0x2a, 0x3f, 0x76, 0x78, 0x34, 0x3b, 0x37, 0x3f, 0x78, 0x76, 
    0x34, 0x2f, 0x36, 0x36, 0x73, 0x76, 0x3e, 0x72, 0x01, 0x36, 0x07, 0x76, 
    0x2e, 0x74, 0x2a, 0x28, 0x35, 0x2e, 0x35, 0x2e, 0x23, 0x2a, 0x3f, 0x76, 
    0x78, 0x35, 0x3c, 0x3c, 0x29, 0x3f, 0x2e, 0x78, 0x76, 0x34, 0x2f, 0x36, 
    0x36, 0x73, 0x76, 0x3e, 0x72, 0x01, 0x36, 0x07, 0x76, 0x2e, 0x74, 0x2a, 
    0x28, 0x35, 0x2e, 0x35, 0x2e, 0x23, 0x2a, 0x3f, 0x76, 0x78, 0x2e, 0x23, 
    0x2a, 0x3f, 0x78, 0x76, 0x34, 0x2f, 0x36, 0x36, 0x73, 0x76, 0x3f, 0x74, 
    0x1c, 0x33, 0x3f, 0x36, 0x3e, 0x67, 0x2e, 0x27, 0x73, 0x72, 0x37, 0x26, 
    0x26, 0x72, 0x37, 0x67, 0x21, 0x27, 0x73, 0x73, 0x61, 0x2c, 0x3b, 0x28, 
    0x7a, 0x37, 0x61, 0x72, 0x3c, 0x2f, 0x34, 0x39, 0x2e, 0x33, 0x35, 0x34, 
    0x72, 0x3f, 0x73, 0x21, 0x39, 0x36, 0x3b, 0x29, 0x29, 0x7a, 0x2e, 0x21, 
    0x32, 0x3b, 0x34, 0x3e, 0x36, 0x3f, 0x61, 0x39, 0x35, 0x34, 0x29, 0x2e, 
    0x28, 0x2f, 0x39, 0x2e, 0x35, 0x28, 0x72, 0x34, 0x73, 0x21, 0x2e, 0x32, 
    0x33, 0x29, 0x74, 0x32, 0x3b, 0x34, 0x3e, 0x36, 0x3f, 0x67, 0x34, 0x27, 
    0x3d, 0x3f, 0x2e, 0x7a, 0x2e, 0x3b, 0x28, 0x3d, 0x3f, 0x2e, 0x72, 0x73, 
    0x21, 0x28, 0x3f, 0x2e, 0x2f, 0x28, 0x34, 0x7a, 0x34, 0x3f, 0x2d, 0x7a, 
    0x3f, 0x74, 0x15, 0x38, 0x30, 0x3f, 0x39, 0x2e, 0x72, 0x3f, 0x74, 0x3f, 
    0x22, 0x2a, 0x35, 0x28, 0x2e, 0x29, 0x74, 0x3d, 0x39, 0x12, 0x3b, 0x34, 
    0x3e, 0x36, 0x3f, 0x1d, 0x3f, 0x2e, 0x0e, 0x3b, 0x28, 0x3d, 0x3f, 0x2e, 
    0x72, 0x2e, 0x32, 0x33, 0x29, 0x74, 0x32, 0x3b, 0x34, 0x3e, 0x36, 0x3f, 
    0x73, 0x73, 0x74, 0x3b, 0x29, 0x14, 0x2f, 0x36, 0x36, 0x3b, 0x38, 0x36, 
    0x3f, 0x72, 0x73, 0x27, 0x3c, 0x28, 0x3f, 0x3f, 0x72, 0x73, 0x21, 0x28, 
    0x3f, 0x2e, 0x2f, 0x28, 0x34, 0x7a, 0x3f, 0x74, 0x3f, 0x22, 0x2a, 0x35, 
    0x28, 0x2e, 0x29, 0x74, 0x3d, 0x39, 0x12, 0x3b, 0x34, 0x3e, 0x36, 0x3f, 
    0x1c, 0x28, 0x3f, 0x3f, 0x72, 0x2e, 0x32, 0x33, 0x29, 0x74, 0x32, 0x3b, 
    0x34, 0x3e, 0x36, 0x3f, 0x73, 0x27, 0x27, 0x3f, 0x74, 0x1d, 0x19, 0x12, 
    0x3b, 0x34, 0x3e, 0x36, 0x3f, 0x67, 0x2e, 0x27, 0x73, 0x72, 0x37, 0x26, 
    0x26, 0x72, 0x37, 0x67, 0x21, 0x27, 0x73, 0x73, 0x61, 0x2c, 0x3b, 0x28, 
    0x7a, 0x37, 0x61, 0x72, 0x3c, 0x2f, 0x34, 0x39, 0x2e, 0x33, 0x35, 0x34, 
    0x72, 0x3f, 0x73, 0x21, 0x36, 0x3f, 0x2e, 0x7a, 0x2e, 0x67, 0x39, 0x36, 
    0x3b, 0x29, 0x29, 0x7a, 0x3f, 0x22, 0x2e, 0x3f, 0x34, 0x3e, 0x29, 0x7a, 
    0x15, 0x21, 0x3d, 0x3f, 0x2e, 0x7a, 0x3b, 0x29, 0x29, 0x3f, 0x37, 0x38, 
    0x36, 0x23, 0x72, 0x73, 0x21, 0x28, 0x3f, 0x2e, 0x2f, 0x28, 0x34, 0x7a, 
    0x34, 0x3f, 0x2d, 0x7a, 0x3f, 0x74, 0x1b, 0x29, 0x29, 0x3f, 0x37, 0x38, 
    0x36, 0x23, 0x72, 0x3f, 0x74, 0x3f, 0x22, 0x2a, 0x35, 0x28, 0x2e, 0x29, 
    0x74, 0x33, 0x37, 0x3b, 0x3d, 0x3f, 0x1d, 0x3f, 0x2e, 0x1b, 0x29, 0x29, 
    0x3f, 0x37, 0x38, 0x36, 0x23, 0x72, 0x2e, 0x32, 0x33, 0x29, 0x73, 0x73, 
    0x27, 0x3d, 0x3f, 0x2e, 0x7a, 0x39, 0x36, 0x3b, 0x29, 0x29, 0x19, 0x35, 
    0x2f, 0x34, 0x2e, 0x72, 0x73, 0x21, 0x28, 0x3f, 0x2e, 0x2f, 0x28, 0x34, 
    0x7a, 0x3f, 0x74, 0x2f, 0x34, 0x33, 0x2e, 0x23, 0x0c, 0x3f, 0x28, 0x29, 
    0x33, 0x35, 0x34, 0x13, 0x29, 0x18, 0x3f, 0x36, 0x35, 0x2d, 0x68, 0x6a, 
    0x6b, 0x62, 0x69, 0x6a, 0x65, 0x2e, 0x32, 0x33, 0x29, 0x74, 0x39, 0x36, 
    0x3b, 0x29, 0x29, 0x3f, 0x29, 0x74, 0x36, 0x3f, 0x34, 0x3d, 0x2e, 0x32, 
    0x60, 0x3f, 0x74, 0x3f, 0x22, 0x2a, 0x35, 0x28, 0x2e, 0x29, 0x74, 0x33, 
    0x37, 0x3b, 0x3d, 0x3f, 0x1d, 0x3f, 0x2e, 0x19, 0x36, 0x3b, 0x29, 0x29, 
    0x19, 0x35, 0x2f, 0x34, 0x2e, 0x72, 0x2e, 0x32, 0x33, 0x29, 0x73, 0x27, 
    0x3d, 0x3f, 0x2e, 0x7a, 0x39, 0x36, 0x3b, 0x29, 0x29, 0x3f, 0x29, 0x72, 
    0x73, 0x21, 0x33, 0x3c, 0x72, 0x3f, 0x74, 0x2f, 0x34, 0x33, 0x2e, 0x23, 
    0x0c, 0x3f, 0x28, 0x29, 0x33, 0x35, 0x34, 0x13, 0x29, 0x18, 0x3f, 0x36, 
    0x35, 0x2d, 0x68, 0x6a, 0x6b, 0x62, 0x69, 0x6a, 0x73, 0x21, 0x36, 0x3f, 
    0x2e, 0x7a, 0x34, 0x67, 0x2e, 0x32, 0x33, 0x29, 0x74, 0x3b, 0x29, 0x29, 
    0x3f, 0x37, 0x38, 0x36, 0x23, 0x74, 0x35, 0x38, 0x30, 0x3f, 0x39, 0x2e, 
    0x74, 0x37, 0x3f, 0x2e, 0x32, 0x35, 0x3e, 0x72, 0x78, 0x1d, 0x3f, 0x2e, 
    0x0e, 0x23, 0x2a, 0x3f, 0x29, 0x78, 0x73, 0x74, 0x33, 0x34, 0x2c, 0x35, 
    0x31, 0x3f, 0x72, 0x7b, 0x6b, 0x73, 0x76, 0x28, 0x67, 0x3d, 0x36, 0x35, 
    0x38, 0x3b, 0x36, 0x0e, 0x32, 0x33, 0x29, 0x74, 0x1b, 0x28, 0x28, 0x3b, 
    0x23, 0x74, 0x3c, 0x28, 0x35, 0x37, 0x72, 0x34, 0x76, 0x3b, 0x67, 0x64, 
    0x34, 0x3f, 0x2d, 0x7a, 0x3f, 0x74, 0x19, 0x36, 0x3b, 0x29, 0x29, 0x72, 
    0x3f, 0x74, 0x3f, 0x22, 0x2a, 0x35, 0x28, 0x2e, 0x29, 0x74, 0x39, 0x36, 
    0x3b, 0x29, 0x29, 0x1c, 0x28, 0x35, 0x37, 0x15, 0x38, 0x30, 0x3f, 0x39, 
    0x2e, 0x72, 0x3b, 0x73, 0x73, 0x73, 0x76, 0x29, 0x67, 0x2e, 0x32, 0x33, 
    0x29, 0x74, 0x2e, 0x28, 0x23, 0x19, 0x36, 0x3b, 0x29, 0x29, 0x72, 0x78, 
    0x66, 0x17, 0x35, 0x3e, 0x2f, 0x36, 0x3f, 0x64, 0x78, 0x73, 0x61, 0x28, 
    0x3f, 0x2e, 0x2f, 0x28, 0x34, 0x7a, 0x29, 0x7c, 0x7c, 0x28, 0x74, 0x2f, 
    0x34, 0x29, 0x32, 0x33, 0x3c, 0x2e, 0x72, 0x29, 0x73, 0x76, 0x28, 0x27, 
    0x3f, 0x36, 0x29, 0x3f, 0x7a, 0x28, 0x3f, 0x2e, 0x2f, 0x28, 0x34, 0x7a, 
    0x3d, 0x36, 0x35, 0x38, 0x3b, 0x36, 0x0e, 0x32, 0x33, 0x29, 0x74, 0x1b, 
    0x28, 0x28, 0x3b, 0x23, 0x74, 0x3c, 0x28, 0x35, 0x37, 0x72, 0x3d, 0x36, 
    0x35, 0x38, 0x3b, 0x36, 0x0e, 0x32, 0x33, 0x29, 0x74, 0x1b, 0x28, 0x28, 
    0x3b, 0x23, 0x72, 0x2e, 0x32, 0x33, 0x29, 0x74, 0x39, 0x36, 0x3b, 0x29, 
    0x29, 0x19, 0x35, 0x2f, 0x34, 0x2e, 0x73, 0x76, 0x72, 0x34, 0x76, 0x28, 
    0x73, 0x67, 0x64, 0x34, 0x3f, 0x2d, 0x7a, 0x3f, 0x74, 0x19, 0x36, 0x3b, 
    0x29, 0x29, 0x72, 0x3f, 0x74, 0x3f, 0x22, 0x2a, 0x35, 0x28, 0x2e, 0x29, 
    0x74, 0x33, 0x37, 0x3b, 0x3d, 0x3f, 0x1d, 0x3f, 0x2e, 0x19, 0x36, 0x3b, 
    0x29, 0x29, 0x72, 0x2e, 0x32, 0x33, 0x29, 0x76, 0x28, 0x73, 0x73, 0x73, 
    0x27, 0x3d, 0x3f, 0x2e, 0x7a, 0x34, 0x3b, 0x37, 0x3f, 0x72, 0x73, 0x21, 
    0x28, 0x3f, 0x2e, 0x2f, 0x28, 0x34, 0x7a, 0x3f, 0x74, 0x3f, 0x22, 0x2a, 
    0x35, 0x28, 0x2e, 0x29, 0x74, 0x33, 0x37, 0x3b, 0x3d, 0x3f, 0x1d, 0x3f, 
    0x2e, 0x14, 0x3b, 0x37, 0x3f, 0x72, 0x2e, 0x32, 0x33, 0x29, 0x73, 0x74, 
    0x28, 0x3f, 0x3b, 0x3e, 0x0f, 0x2e, 0x3c, 0x62, 0x09, 0x2e, 0x28, 0x33, 
    0x34, 0x3d, 0x72, 0x73, 0x27, 0x39, 0x36, 0x3b, 0x29, 0x29, 0x72, 0x34, 
    0x73, 0x21, 0x28, 0x3f, 0x2e, 0x2f, 0x28, 0x34, 0x7a, 0x2e, 0x32, 0x33, 
    0x29, 0x74, 0x2e, 0x28, 0x23, 0x19, 0x36, 0x3b, 0x29, 0x29, 0x72, 0x34, 
    0x73, 0x65, 0x65, 0x38, 0x72, 0x3a, 0x39, 0x35, 0x2f, 0x36, 0x3e, 0x34, 
    0x7d, 0x2e, 0x7a, 0x3c, 0x33, 0x34, 0x3e, 0x7a, 0x39, 0x36, 0x3b, 0x29, 
    0x29, 0x7a, 0x7e, 0x21, 0x34, 0x27, 0x7a, 0x33, 0x34, 0x7a, 0x3b, 0x29, 
    0x29, 0x3f, 0x37, 0x38, 0x36, 0x23, 0x7a, 0x7e, 0x21, 0x2e, 0x32, 0x33, 
    0x29, 0x74, 0x34, 0x3b, 0x37, 0x3f, 0x27, 0x3a, 0x73, 0x27, 0x2e, 0x28, 
    0x23, 0x19, 0x36, 0x3b, 0x29, 0x29, 0x72, 0x34, 0x73, 0x21, 0x36, 0x3f, 
    0x2e, 0x7a, 0x28, 0x67, 0x34, 0x74, 0x36, 0x3b, 0x29, 0x2e, 0x13, 0x34, 
    0x3e, 0x3f, 0x22, 0x15, 0x3c, 0x72, 0x78, 0x74, 0x78, 0x73, 0x76, 0x29, 
    0x67, 0x17, 0x3f, 0x37, 0x35, 0x28, 0x23, 0x74, 0x3b, 0x36, 0x36, 0x35, 
    0x39, 0x0f, 0x2e, 0x3c, 0x62, 0x09, 0x2e, 0x28, 0x33, 0x34, 0x3d, 0x72, 
    0x28, 0x67, 0x67, 0x77, 0x6b, 0x65, 0x78, 0x78, 0x60, 0x34, 0x74, 0x29, 
    0x36, 0x33, 0x39, 0x3f, 0x72, 0x6a, 0x76, 0x28, 0x73, 0x73, 0x76, 0x3b, 
    0x67, 0x17, 0x3f, 0x37, 0x35, 0x28, 0x23, 0x74, 0x3b, 0x36, 0x36, 0x35, 
    0x39, 0x0f, 0x2e, 0x3c, 0x62, 0x09, 0x2e, 0x28, 0x33, 0x34, 0x3d, 0x72, 
    0x34, 0x74, 0x29, 0x36, 0x33, 0x39, 0x3f, 0x72, 0x28, 0x71, 0x6b, 0x73, 
    0x73, 0x61, 0x28, 0x3f, 0x2e, 0x2f, 0x28, 0x34, 0x7a, 0x34, 0x3f, 0x2d, 
    0x7a, 0x3f, 0x74, 0x19, 0x36, 0x3b, 0x29, 0x29, 0x72, 0x3f, 0x74, 0x3f, 
    0x22, 0x2a, 0x35, 0x28, 0x2e, 0x29, 0x74, 0x39, 0x36, 0x3b, 0x29, 0x29, 
    0x1c, 0x28, 0x35, 0x37, 0x14, 0x3b, 0x37, 0x3f, 0x72, 0x2e, 0x32, 0x33, 
    0x29, 0x76, 0x29, 0x76, 0x3b, 0x73, 0x73, 0x74, 0x3b, 0x29, 0x14, 0x2f, 
    0x36, 0x36, 0x3b, 0x38, 0x36, 0x3f, 0x72, 0x73, 0x27, 0x27, 0x61, 0x3e, 
    0x72, 0x01, 0x36, 0x07, 0x76, 0x2e, 0x74, 0x2a, 0x28, 0x35, 0x2e, 0x35, 
    0x2e, 0x23, 0x2a, 0x3f, 0x76, 0x78, 0x3b, 0x29, 0x29, 0x3f, 0x37, 0x38, 
    0x36, 0x23, 0x78, 0x76, 0x34, 0x2f, 0x36, 0x36, 0x73, 0x76, 0x3e, 0x72, 
    0x01, 0x36, 0x07, 0x76, 0x2e, 0x74, 0x2a, 0x28, 0x35, 0x2e, 0x35, 0x2e, 
    0x23, 0x2a, 0x3f, 0x76, 0x78, 0x39, 0x36, 0x3b, 0x29, 0x29, 0x19, 0x35, 
    0x2f, 0x34, 0x2e, 0x78, 0x76, 0x34, 0x2f, 0x36, 0x36, 0x73, 0x76, 0x3e, 
    0x72, 0x01, 0x36, 0x07, 0x76, 0x2e, 0x74, 0x2a, 0x28, 0x35, 0x2e, 0x35, 
    0x2e, 0x23, 0x2a, 0x3f, 0x76, 0x78, 0x39, 0x36, 0x3b, 0x29, 0x29, 0x3f, 
    0x29, 0x78, 0x76, 0x34, 0x2f, 0x36, 0x36, 0x73, 0x76, 0x3e, 0x72, 0x01, 
    0x36, 0x07, 0x76, 0x2e, 0x74, 0x2a, 0x28, 0x35, 0x2e, 0x35, 0x2e, 0x23, 
    0x2a, 0x3f, 0x76, 0x78, 0x34, 0x3b, 0x37, 0x3f, 0x78, 0x76, 0x34, 0x2f, 
    0x36, 0x36, 0x73, 0x76, 0x2e, 0x67, 0x3e, 0x72, 0x01, 0x29, 0x3f, 0x07, 
    0x76, 0x2e, 0x73, 0x76, 0x3f, 0x74, 0x13, 0x37, 0x3b, 0x3d, 0x3f, 0x67, 
    0x2e, 0x76, 0x1c, 0x72, 0x3f, 0x76, 0x78, 0x39, 0x35, 0x28, 0x36, 0x33, 
    0x38, 0x78, 0x76, 0x72, 0x73, 0x67, 0x64, 0x34, 0x3f, 0x2d, 0x7a, 0x3f, 
    0x74, 0x13, 0x37, 0x3b, 0x3d, 0x3f, 0x72, 0x3f, 0x74, 0x3f, 0x22, 0x2a, 
    0x35, 0x28, 0x2e, 0x29, 0x74, 0x3d, 0x3f, 0x2e, 0x19, 0x35, 0x28, 0x36, 
    0x33, 0x38, 0x72, 0x73, 0x73, 0x76, 0x36, 0x73, 0x27, 0x73, 0x72, 0x37, 
    0x26, 0x26, 0x72, 0x37, 0x67, 0x21, 0x27, 0x73, 0x73, 0x61, 0x2c, 0x3b, 
    0x28, 0x7a, 0x37, 0x61, 0x72, 0x3c, 0x2f, 0x34, 0x39, 0x2e, 0x33, 0x35, 
    0x34, 0x72, 0x3f, 0x73, 0x21, 0x39, 0x36, 0x3b, 0x29, 0x29, 0x7a, 0x2e, 
    0x7a, 0x3f, 0x22, 0x2e, 0x3f, 0x34, 0x3e, 0x29, 0x7a, 0x15, 0x21, 0x29, 
    0x2e, 0x3b, 0x2e, 0x33, 0x39, 0x7a, 0x39, 0x3b, 0x2a, 0x2e, 0x2f, 0x28, 
    0x3f, 0x72, 0x73, 0x21, 0x28, 0x3f, 0x2e, 0x2f, 0x28, 0x34, 0x7a, 0x34, 
    0x3f, 0x2d, 0x7a, 0x3f, 0x74, 0x17, 0x3f, 0x37, 0x35, 0x28, 0x23, 0x09, 
    0x34, 0x3b, 0x2a, 0x29, 0x32, 0x35, 0x2e, 0x27, 0x39, 0x35, 0x34, 0x29, 
    0x2e, 0x28, 0x2f, 0x39, 0x2e, 0x35, 0x28, 0x72, 0x28, 0x67, 0x3f, 0x74, 
    0x3f, 0x22, 0x2a, 0x35, 0x28, 0x2e, 0x29, 0x74, 0x37, 0x3f, 0x37, 0x35, 
    0x28, 0x23, 0x09, 0x34, 0x3b, 0x2a, 0x29, 0x32, 0x35, 0x2e, 0x19, 0x3b, 
    0x2a, 0x2e, 0x2f, 0x28, 0x3f, 0x72, 0x73, 0x73, 0x21, 0x29, 0x2f, 0x2a, 
    0x3f, 0x28, 0x72, 0x28, 0x73, 0x27, 0x3d, 0x3f, 0x2e, 0x7a, 0x39, 0x36, 
    0x3b, 0x29, 0x29, 0x3f, 0x29, 0x72, 0x73, 0x21, 0x28, 0x3f, 0x2e, 0x2f, 
    0x28, 0x34, 0x7a, 0x3f, 0x3f, 0x72, 0x28, 0x67, 0x64, 0x3f, 0x74, 0x3f, 
    0x22, 0x2a, 0x35, 0x28, 0x2e, 0x29, 0x74, 0x37, 0x3f, 0x37, 0x35, 0x28, 
    0x23, 0x09, 0x34, 0x3b, 0x2a, 0x29, 0x32, 0x35, 0x2e, 0x1d, 0x3f, 0x2e, 
    0x19, 0x36, 0x3b, 0x29, 0x29, 0x3f, 0x29, 0x72, 0x2e, 0x32, 0x33, 0x29, 
    0x76, 0x28, 0x73, 0x73, 0x74, 0x37, 0x3b, 0x2a, 0x72, 0x28, 0x67, 0x64, 
    0x34, 0x3f, 0x2d, 0x7a, 0x3f, 0x74, 0x19, 0x36, 0x3b, 0x29, 0x29, 0x72, 
    0x28, 0x73, 0x73, 0x27, 0x3d, 0x3f, 0x2e, 0x7a, 0x35, 0x38, 0x30, 0x3f, 
    0x39, 0x2e, 0x29, 0x72, 0x73, 0x21, 0x28, 0x3f, 0x2e, 0x2f, 0x28, 0x34, 
    0x7a, 0x2a, 0x3f, 0x72, 0x28, 0x67, 0x64, 0x3f, 0x74, 0x3f, 0x22, 0x2a, 
    0x35, 0x28, 0x2e, 0x29, 0x74, 0x37, 0x3f, 0x37, 0x35, 0x28, 0x23, 0x09, 
    0x34, 0x3b, 0x2a, 0x29, 0x32, 0x35, 0x2e, 0x1d, 0x3f, 0x2e, 0x15, 0x38, 
    0x30, 0x3f, 0x39, 0x2e, 0x29, 0x72, 0x2e, 0x32, 0x33, 0x29, 0x76, 0x28, 
    0x73, 0x73, 0x74, 0x3c, 0x33, 0x36, 0x2e, 0x3f, 0x28, 0x72, 0x28, 0x67, 
    0x64, 0x7b, 0x28, 0x74, 0x33, 0x29, 0x14, 0x2f, 0x36, 0x36, 0x72, 0x73, 
    0x73, 0x74, 0x37, 0x3b, 0x2a, 0x72, 0x28, 0x67, 0x64, 0x34, 0x3f, 0x2d, 
    0x7a, 0x3f, 0x74, 0x15, 0x38, 0x30, 0x3f, 0x39, 0x2e, 0x72, 0x28, 0x73, 
    0x73, 0x27, 0x3c, 0x28, 0x3f, 0x3f, 0x72, 0x73, 0x21, 0x3f, 0x74, 0x3f, 
    0x22, 0x2a, 0x35, 0x28, 0x2e, 0x29, 0x74, 0x37, 0x3f, 0x37, 0x35, 0x28, 
    0x23, 0x09, 0x34, 0x3b, 0x2a, 0x29, 0x32, 0x35, 0x2e, 0x1c, 0x28, 0x3f, 
    0x3f, 0x72, 0x2e, 0x32, 0x33, 0x29, 0x73, 0x27, 0x27, 0x3e, 0x72, 0x01, 
    0x36, 0x07, 0x76, 0x2e, 0x74, 0x2a, 0x28, 0x35, 0x2e, 0x35, 0x2e, 0x23, 
    0x2a, 0x3f, 0x76, 0x78, 0x39, 0x36, 0x3b, 0x29, 0x29, 0x3f, 0x29, 0x78, 
    0x76, 0x34, 0x2f, 0x36, 0x36, 0x73, 0x76, 0x3e, 0x72, 0x01, 0x36, 0x07, 
    0x76, 0x2e, 0x74, 0x2a, 0x28, 0x35, 0x2e, 0x35, 0x2e, 0x23, 0x2a, 0x3f, 
    0x76, 0x78, 0x35, 0x38, 0x30, 0x3f, 0x39, 0x2e, 0x29, 0x78, 0x76, 0x34, 
    0x2f, 0x36, 0x36, 0x73, 0x76, 0x3f, 0x74, 0x17, 0x3f, 0x37, 0x35, 0x28, 
    0x23, 0x09, 0x34, 0x3b, 0x2a, 0x29, 0x32, 0x35, 0x2e, 0x67, 0x2e, 0x61, 
    0x3c, 0x2f, 0x34, 0x39, 0x2e, 0x33, 0x35, 0x34, 0x7a, 0x33, 0x72, 0x34, 
    0x73, 0x21, 0x36, 0x3f, 0x2e, 0x7a, 0x28, 0x67, 0x3f, 0x74, 0x17, 0x3f, 
    0x37, 0x35, 0x28, 0x23, 0x09, 0x34, 0x3b, 0x2a, 0x29, 0x32, 0x35, 0x2e, 
    0x74, 0x39, 0x3b, 0x2a, 0x2e, 0x2f, 0x28, 0x3f, 0x72, 0x73, 0x76, 0x29, 
    0x67, 0x34, 0x72, 0x28, 0x73, 0x61, 0x28, 0x3f, 0x2e, 0x2f, 0x28, 0x34, 
    0x7a, 0x28, 0x74, 0x3c, 0x28, 0x3f, 0x3f, 0x72, 0x73, 0x76, 0x29, 0x27, 
    0x3f, 0x74, 0x37, 0x3f, 0x37, 0x35, 0x28, 0x23, 0x09, 0x34, 0x3b, 0x2a, 
    0x29, 0x32, 0x35, 0x2e, 0x67, 0x33, 0x27, 0x73, 0x72, 0x37, 0x26, 0x26, 
    0x72, 0x37, 0x67, 0x21, 0x27, 0x73, 0x73, 0x61, 0x2c, 0x3b, 0x28, 0x7a, 
    0x37, 0x61, 0x72, 0x3c, 0x2f, 0x34, 0x39, 0x2e, 0x33, 0x35, 0x34, 0x72, 
    0x3f, 0x73, 0x21, 0x39, 0x36, 0x3b, 0x29, 0x29, 0x7a, 0x2e, 0x7a, 0x3f, 
    0x22, 0x2e, 0x3f, 0x34, 0x3e, 0x29, 0x7a, 0x15, 0x21, 0x3d, 0x3f, 0x2e, 
    0x7a, 0x39, 0x36, 0x3b, 0x29, 0x29, 0x72, 0x73, 0x21, 0x28, 0x3f, 0x2e, 
    0x2f, 0x28, 0x34, 0x7a, 0x34, 0x3f, 0x2d, 0x7a, 0x3f, 0x74, 0x19, 0x36, 
    0x3b, 0x29, 0x29, 0x72, 0x3f, 0x74, 0x3f, 0x22, 0x2a, 0x35, 0x28, 0x2e, 
    0x29, 0x74, 0x37, 0x3f, 0x2e, 0x32, 0x35, 0x3e, 0x1d, 0x3f, 0x2e, 0x19, 
    0x36, 0x3b, 0x29, 0x29, 0x72, 0x2e, 0x32, 0x33, 0x29, 0x73, 0x73, 0x27, 
    0x3d, 0x3f, 0x2e, 0x7a, 0x3c, 0x36, 0x3b, 0x3d, 0x29, 0x72, 0x73, 0x21, 
    0x28, 0x3f, 0x2e, 0x2f, 0x28, 0x34, 0x7a, 0x3f, 0x74, 0x3f, 0x22, 0x2a, 
    0x35, 0x28, 0x2e, 0x29, 0x74, 0x37, 0x3f, 0x2e, 0x32, 0x35, 0x3e, 0x1d, 
    0x3f, 0x2e, 0x1c, 0x36, 0x3b, 0x3d, 0x29, 0x72, 0x2e, 0x32, 0x33, 0x29, 
    0x76, 0x14, 0x0f, 0x16, 0x16, 0x73, 0x27, 0x3d, 0x3f, 0x2e, 0x7a, 0x33, 
    0x37, 0x2a, 0x36, 0x3f, 0x37, 0x3f, 0x34, 0x2e, 0x3b, 0x2e, 0x33, 0x35, 
    0x34, 0x1c, 0x36, 0x3b, 0x3d, 0x29, 0x72, 0x73, 0x21, 0x36, 0x3f, 0x2e, 
    0x7a, 0x28, 0x67, 0x17, 0x3f, 0x37, 0x35, 0x28, 0x23, 0x74, 0x3b, 0x36, 
    0x36, 0x35, 0x39, 0x72, 0x0a, 0x28, 0x35, 0x39, 0x3f, 0x29, 0x29, 0x74, 
    0x2a, 0x35, 0x33, 0x34, 0x2e, 0x3f, 0x28, 0x09, 0x33, 0x20, 0x3f, 0x73, 
    0x61, 0x28, 0x3f, 0x2e, 0x2f, 0x28, 0x34, 0x7a, 0x3f, 0x74, 0x3f, 0x22, 
    0x2a, 0x35, 0x28, 0x2e, 0x29, 0x74, 0x37, 0x3f, 0x2e, 0x32, 0x35, 0x3e, 
    0x1d, 0x3f, 0x2e, 0x1c, 0x36, 0x3b, 0x3d, 0x29, 0x72, 0x2e, 0x32, 0x33, 
    0x29, 0x76, 0x28, 0x73, 0x76, 0x28, 0x74, 0x28, 0x3f, 0x3b, 0x3e, 0x0f, 
    0x69, 0x68, 0x72, 0x73, 0x27, 0x3d, 0x3f, 0x2e, 0x7a, 0x3c, 0x28, 0x33, 
    0x3e, 0x3b, 0x09, 0x33, 0x3d, 0x34, 0x3b, 0x2e, 0x2f, 0x28, 0x3f, 0x72, 
    0x73, 0x21, 0x36, 0x3f, 0x2e, 0x7a, 0x28, 0x67, 0x01, 0x07, 0x61, 0x3c, 
    0x35, 0x28, 0x72, 0x36, 0x3f, 0x2e, 0x7a, 0x29, 0x7a, 0x35, 0x3c, 0x7a, 
    0x2e, 0x32, 0x33, 0x29, 0x74, 0x2a, 0x3b, 0x28, 0x3b, 0x37, 0x3f, 0x2e, 
    0x3f, 0x28, 0x29, 0x73, 0x28, 0x74, 0x2a, 0x2f, 0x29, 0x32, 0x72, 0x29, 
    0x74, 0x2e, 0x23, 0x2a, 0x3f, 0x74, 0x3c, 0x28, 0x33, 0x3e, 0x3b, 0x1b, 
    0x36, 0x33, 0x3b, 0x29, 0x73, 0x61, 0x28, 0x3f, 0x2e, 0x2f, 0x28, 0x34, 
    0x72, 0x7b, 0x2e, 0x32, 0x33, 0x29, 0x74, 0x33, 0x29, 0x09, 0x2e, 0x3b, 
    0x2e, 0x33, 0x39, 0x26, 0x26, 0x3f, 0x74, 0x2f, 0x34, 0x33, 0x2e, 0x23, 
    0x0c, 0x3f, 0x28, 0x29, 0x33, 0x35, 0x34, 0x13, 0x29, 0x18, 0x3f, 0x36, 
    0x35, 0x2d, 0x68, 0x6a, 0x6b, 0x62, 0x69, 0x6a, 0x73, 0x7c, 0x7c, 0x28, 
    0x74, 0x2f, 0x34, 0x29, 0x32, 0x33, 0x3c, 0x2e, 0x72, 0x78, 0x2a, 0x35, 
    0x33, 0x34, 0x2e, 0x3f, 0x28, 0x78, 0x73, 0x76, 0x2e, 0x32, 0x33, 0x29, 
    0x74, 0x33, 0x29, 0x13, 0x34, 0x3c, 0x36, 0x3b, 0x2e, 0x3f, 0x3e, 0x7c, 
    0x7c, 0x28, 0x74, 0x2a, 0x2f, 0x29, 0x32, 0x72, 0x78, 0x2a, 0x35, 0x33, 
    0x34, 0x2e, 0x3f, 0x28, 0x78, 0x73, 0x76, 0x28, 0x27, 0x3d, 0x3f, 0x2e, 
    0x7a, 0x3d, 0x3f, 0x34, 0x3f, 0x28, 0x33, 0x39, 0x29, 0x72, 0x73, 0x21, 
    0x33, 0x3c, 0x72, 0x7b, 0x2e, 0x32, 0x33, 0x29, 0x74, 0x33, 0x29, 0x1d, 
    0x3f, 0x34, 0x3f, 0x28, 0x33, 0x39, 0x73, 0x28, 0x3f, 0x2e, 0x2f, 0x28, 
    0x34, 0x01, 0x07, 0x61, 0x36, 0x3f, 0x2e, 0x7a, 0x28, 0x67, 0x2e, 0x32, 
    0x33, 0x29, 0x74, 0x35, 0x38, 0x30, 0x3f, 0x39, 0x2e, 0x74, 0x37, 0x3f, 
    0x2e, 0x32, 0x35, 0x3e, 0x72, 0x78, 0x1d, 0x3f, 0x2e, 0x1d, 0x3f, 0x34, 
    0x3f, 0x28, 0x33, 0x39, 0x1b, 0x28, 0x3d, 0x2f, 0x37, 0x3f, 0x34, 0x2e, 
    0x29, 0x78, 0x73, 0x74, 0x33, 0x34, 0x2c, 0x35, 0x31, 0x3f, 0x72, 0x73, 
    0x61, 0x28, 0x3f, 0x2e, 0x2f, 0x28, 0x34, 0x7a, 0x3d, 0x36, 0x35, 0x38, 
    0x3b, 0x36, 0x0e, 0x32, 0x33, 0x29, 0x74, 0x1b, 0x28, 0x28, 0x3b, 0x23, 
    0x74, 0x3c, 0x28, 0x35, 0x37, 0x72, 0x28, 0x73, 0x74, 0x37, 0x3b, 0x2a, 
    0x72, 0x29, 0x67, 0x64, 0x34, 0x3f, 0x2d, 0x7a, 0x3f, 0x74, 0x19, 0x36, 
    0x3b, 0x29, 0x29, 0x72, 0x3f, 0x74, 0x3f, 0x22, 0x2a, 0x35, 0x28, 0x2e, 
    0x29, 0x74, 0x39, 0x36, 0x3b, 0x29, 0x29, 0x1c, 0x28, 0x35, 0x37, 0x15, 
    0x38, 0x30, 0x3f, 0x39, 0x2e, 0x72, 0x29, 0x73, 0x73, 0x73, 0x27, 0x3d, 
    0x3f, 0x2e, 0x7a, 0x33, 0x29, 0x1f, 0x22, 0x2e, 0x3f, 0x28, 0x34, 0x3b, 
    0x36, 0x72, 0x73, 0x21, 0x28, 0x3f, 0x2e, 0x2f, 0x28, 0x34, 0x72, 0x2e, 
    0x32, 0x33, 0x29, 0x74, 0x33, 0x37, 0x2a, 0x36, 0x3f, 0x37, 0x3f, 0x34, 
    0x2e, 0x3b, 0x2e, 0x33, 0x35, 0x34, 0x1c, 0x36, 0x3b, 0x3d, 0x29, 0x7c, 
    0x6e, 0x6a, 0x63, 0x6c, 0x73, 0x7b, 0x67, 0x6a, 0x27, 0x3d, 0x3f, 0x2e, 
    0x7a, 0x33, 0x29, 0x1d, 0x3f, 0x34, 0x3f, 0x28, 0x33, 0x39, 0x72, 0x73, 
    0x21, 0x28, 0x3f, 0x2e, 0x2f, 0x28, 0x34, 0x7b, 0x7b, 0x3f, 0x74, 0x3f, 
    0x22, 0x2a, 0x35, 0x28, 0x2e, 0x29, 0x74, 0x37, 0x3f, 0x2e, 0x32, 0x35, 
    0x3e, 0x13, 0x29, 0x1d, 0x3f, 0x34, 0x3f, 0x28, 0x33, 0x39, 0x72, 0x2e, 
    0x32, 0x33, 0x29, 0x73, 0x27, 0x3d, 0x3f, 0x2e, 0x7a, 0x33, 0x29, 0x13, 
    0x34, 0x3c, 0x36, 0x3b, 0x2e, 0x3f, 0x3e, 0x72, 0x73, 0x21, 0x28, 0x3f, 
    0x2e, 0x2f, 0x28, 0x34, 0x7b, 0x7b, 0x3f, 0x74, 0x3f, 0x22, 0x2a, 0x35, 
    0x28, 0x2e, 0x29, 0x74, 0x37, 0x3f, 0x2e, 0x32, 0x35, 0x3e, 0x13, 0x29, 
    0x13, 0x34, 0x3c, 0x36, 0x3b, 0x2e, 0x3f, 0x3e, 0x72, 0x2e, 0x32, 0x33, 
    0x29, 0x73, 0x27, 0x3d, 0x3f, 0x2e, 0x7a, 0x33, 0x29, 0x09, 0x2e, 0x3b, 
    0x2e, 0x33, 0x39, 0x72, 0x73, 0x21, 0x28, 0x3f, 0x2e, 0x2f, 0x28, 0x34, 
    0x7b, 0x3f, 0x74, 0x3f, 0x22, 0x2a, 0x35, 0x28, 0x2e, 0x29, 0x74, 0x37, 
    0x3f, 0x2e, 0x32, 0x35, 0x3e, 0x13, 0x29, 0x13, 0x34, 0x29, 0x2e, 0x3b, 
    0x34, 0x39, 0x3f, 0x72, 0x2e, 0x32, 0x33, 0x29, 0x73, 0x27, 0x3d, 0x3f, 
    0x2e, 0x7a, 0x33, 0x29, 0x09, 0x23, 0x34, 0x39, 0x32, 0x28, 0x35, 0x34, 
    0x33, 0x20, 0x3f, 0x3e, 0x72, 0x73, 0x21, 0x28, 0x3f, 0x2e, 0x2f, 0x28, 
    0x34, 0x72, 0x2e, 0x32, 0x33, 0x29, 0x74, 0x33, 0x37, 0x2a, 0x36, 0x3f, 
    0x37, 0x3f, 0x34, 0x2e, 0x3b, 0x2e, 0x33, 0x35, 0x34, 0x1c, 0x36, 0x3b, 
    0x3d, 0x29, 0x7c, 0x69, 0x68, 0x73, 0x7b, 0x67, 0x6a, 0x27, 0x3d, 0x3f, 
    0x2e, 0x7a, 0x37, 0x35, 0x3e, 0x33, 0x3c, 0x33, 0x3f, 0x28, 0x72, 0x73, 
    0x21, 0x29, 0x2d, 0x33, 0x2e, 0x39, 0x32, 0x72, 0x2e, 0x32, 0x33, 0x29, 
    0x74, 0x3c, 0x36, 0x3b, 0x3d, 0x29, 0x7c, 0x6d, 0x73, 0x21, 0x39, 0x3b, 
    0x29, 0x3f, 0x7a, 0x6b, 0x60, 0x28, 0x3f, 0x2e, 0x2f, 0x28, 0x34, 0x78, 
    0x2a, 0x28, 0x33, 0x2c, 0x3b, 0x2e, 0x3f, 0x78, 0x61, 0x39, 0x3b, 0x29, 
    0x3f, 0x7a, 0x68, 0x60, 0x28, 0x3f, 0x2e, 0x2f, 0x28, 0x34, 0x78, 0x2a, 
    0x28, 0x33, 0x2c, 0x3b, 0x2e, 0x3f, 0x7a, 0x2a, 0x28, 0x35, 0x2e, 0x3f, 
    0x39, 0x2e, 0x3f, 0x3e, 0x78, 0x61, 0x39, 0x3b, 0x29, 0x3f, 0x7a, 0x69, 
    0x60, 0x28, 0x3f, 0x2e, 0x2f, 0x28, 0x34, 0x78, 0x33, 0x34, 0x2e, 0x3f, 
    0x28, 0x34, 0x3b, 0x36, 0x78, 0x61, 0x39, 0x3b, 0x29, 0x3f, 0x7a, 0x6e, 
    0x60, 0x28, 0x3f, 0x2e, 0x2f, 0x28, 0x34, 0x78, 0x2a, 0x28, 0x35, 0x2e, 
    0x3f, 0x39, 0x2e, 0x3f, 0x3e, 0x78, 0x61, 0x39, 0x3b, 0x29, 0x3f, 0x7a, 
    0x6f, 0x60, 0x28, 0x3f, 0x2e, 0x2f, 0x28, 0x34, 0x78, 0x2a, 0x28, 0x35, 
    0x2e, 0x3f, 0x39, 0x2e, 0x3f, 0x3e, 0x7a, 0x33, 0x34, 0x2e, 0x3f, 0x28, 
    0x34, 0x3b, 0x36, 0x78, 0x61, 0x39, 0x3b, 0x29, 0x3f, 0x7a, 0x6c, 0x60, 
    0x28, 0x3f, 0x2e, 0x2f, 0x28, 0x34, 0x78, 0x2a, 0x2f, 0x38, 0x36, 0x33, 
    0x39, 0x78, 0x27, 0x27, 0x3d, 0x3f, 0x2e, 0x7a, 0x34, 0x3b, 0x37, 0x3f, 
    0x72, 0x73, 0x21, 0x28, 0x3f, 0x2e, 0x2f, 0x28, 0x34, 0x7a, 0x3f, 0x74, 
    0x3f, 0x22, 0x2a, 0x35, 0x28, 0x2e, 0x29, 0x74, 0x37, 0x3f, 0x2e, 0x32, 
    0x35, 0x3e, 0x1d, 0x3f, 0x2e, 0x14, 0x3b, 0x37, 0x3f, 0x72, 0x2e, 0x32, 
    0x33, 0x29, 0x73, 0x74, 0x28, 0x3f, 0x3b, 0x3e, 0x0f, 0x2e, 0x3c, 0x62, 
    0x09, 0x2e, 0x28, 0x33, 0x34, 0x3d, 0x72, 0x73, 0x27, 0x3d, 0x3f, 0x2e, 
    0x7a, 0x34, 0x3b, 0x2e, 0x33, 0x2c, 0x3f, 0x1c, 0x2f, 0x34, 0x39, 0x2e, 
    0x33, 0x35, 0x34, 0x72, 0x73, 0x21, 0x28, 0x3f, 0x2e, 0x2f, 0x28, 0x34, 
    0x7a, 0x34, 0x3f, 0x2d, 0x7a, 0x14, 0x3b, 0x2e, 0x33, 0x2c, 0x3f, 0x1c, 
    0x2f, 0x34, 0x39, 0x2e, 0x33, 0x35, 0x34, 0x72, 0x2e, 0x32, 0x33, 0x29, 
    0x74, 0x2c, 0x33, 0x28, 0x2e, 0x2f, 0x3b, 0x36, 0x1b, 0x3e, 0x3e, 0x28, 
    0x3f, 0x29, 0x29, 0x76, 0x2e, 0x32, 0x33, 0x29, 0x74, 0x28, 0x3f, 0x2e, 
    0x2f, 0x28, 0x34, 0x0e, 0x23, 0x2a, 0x3f, 0x74, 0x3c, 0x28, 0x33, 0x3e, 
    0x3b, 0x1b, 0x36, 0x33, 0x3b, 0x29, 0x76, 0x2e, 0x32, 0x33, 0x29, 0x74, 
    0x3c, 0x28, 0x33, 0x3e, 0x3b, 0x09, 0x33, 0x3d, 0x34, 0x3b, 0x2e, 0x2f, 
    0x28, 0x3f, 0x73, 0x27, 0x3d, 0x3f, 0x2e, 0x7a, 0x35, 0x38, 0x30, 0x3f, 
    0x39, 0x2e, 0x72, 0x73, 0x21, 0x28, 0x3f, 0x2e, 0x2f, 0x28, 0x34, 0x7a, 
    0x34, 0x3f, 0x2d, 0x7a, 0x3f, 0x74, 0x15, 0x38, 0x30, 0x3f, 0x39, 0x2e, 
    0x72, 0x3f, 0x74, 0x3f, 0x22, 0x2a, 0x35, 0x28, 0x2e, 0x29, 0x74, 0x37, 
    0x3f, 0x2e, 0x32, 0x35, 0x3e, 0x1d, 0x3f, 0x2e, 0x15, 0x38, 0x30, 0x3f, 
    0x39, 0x2e, 0x72, 0x2e, 0x32, 0x33, 0x29, 0x76, 0x14, 0x0f, 0x16, 0x16, 
    0x73, 0x73, 0x27, 0x3d, 0x3f, 0x2e, 0x7a, 0x2a, 0x3b, 0x28, 0x3b, 0x37, 
    0x3f, 0x2e, 0x3f, 0x28, 0x19, 0x35, 0x2f, 0x34, 0x2e, 0x72, 0x73, 0x21, 
    0x28, 0x3f, 0x2e, 0x2f, 0x28, 0x34, 0x7a, 0x3f, 0x74, 0x3f, 0x22, 0x2a, 
    0x35, 0x28, 0x2e, 0x29, 0x74, 0x37, 0x3f, 0x2e, 0x32, 0x35, 0x3e, 0x1d, 
    0x3f, 0x2e, 0x0a, 0x3b, 0x28, 0x3b, 0x37, 0x3f, 0x2e, 0x3f, 0x28, 0x19, 
    0x35, 0x2f, 0x34, 0x2e, 0x72, 0x2e, 0x32, 0x33, 0x29, 0x73, 0x27, 0x3d, 
    0x3f, 0x2e, 0x7a, 0x2a, 0x3b, 0x28, 0x3b, 0x37, 0x3f, 0x2e, 0x3f, 0x28, 
    0x29, 0x72, 0x73, 0x21, 0x28, 0x3f, 0x2e, 0x2f, 0x28, 0x34, 0x7a, 0x3d, 
    0x36, 0x35, 0x38, 0x3b, 0x36, 0x0e, 0x32, 0x33, 0x29, 0x74, 0x1b, 0x28, 
    0x28, 0x3b, 0x23, 0x74, 0x3c, 0x28, 0x35, 0x37, 0x72, 0x3d, 0x36, 0x35, 
    0x38, 0x3b, 0x36, 0x0e, 0x32, 0x33, 0x29, 0x74, 0x1b, 0x28, 0x28, 0x3b, 
    0x23, 0x72, 0x2e, 0x32, 0x33, 0x29, 0x74, 0x2a, 0x3b, 0x28, 0x3b, 0x37, 
    0x3f, 0x2e, 0x3f, 0x28, 0x19, 0x35, 0x2f, 0x34, 0x2e, 0x73, 0x76, 0x72, 
    0x28, 0x76, 0x29, 0x73, 0x67, 0x64, 0x21, 0x36, 0x3f, 0x2e, 0x7a, 0x3b, 
    0x67, 0x3f, 0x74, 0x3f, 0x22, 0x2a, 0x35, 0x28, 0x2e, 0x29, 0x74, 0x37, 
    0x3f, 0x2e, 0x32, 0x35, 0x3e, 0x1d, 0x3f, 0x2e, 0x0a, 0x3b, 0x28, 0x3b, 
    0x37, 0x3f, 0x2e, 0x3f, 0x28, 0x14, 0x3b, 0x37, 0x3f, 0x72, 0x2e, 0x32, 
    0x33, 0x29, 0x76, 0x29, 0x73, 0x74, 0x28, 0x3f, 0x3b, 0x3e, 0x0f, 0x2e, 
    0x3c, 0x62, 0x09, 0x2e, 0x28, 0x33, 0x34, 0x3d, 0x72, 0x73, 0x76, 0x35, 
    0x67, 0x3f, 0x74, 0x3f, 0x22, 0x2a, 0x35, 0x28, 0x2e, 0x29, 0x74, 0x37, 
    0x3f, 0x2e, 0x32, 0x35, 0x3e, 0x1d, 0x3f, 0x2e, 0x0a, 0x3b, 0x28, 0x3b, 
    0x37, 0x3f, 0x2e, 0x3f, 0x28, 0x0e, 0x23, 0x2a, 0x3f, 0x72, 0x2e, 0x32, 
    0x33, 0x29, 0x76, 0x29, 0x73, 0x61, 0x28, 0x3f, 0x2e, 0x2f, 0x28, 0x34, 
    0x7a, 0x34, 0x3f, 0x2d, 0x7a, 0x3f, 0x74, 0x0a, 0x3b, 0x28, 0x3b, 0x37, 
    0x3f, 0x2e, 0x3f, 0x28, 0x72, 0x3b, 0x76, 0x29, 0x76, 0x34, 0x3f, 0x2d, 
    0x7a, 0x3f, 0x74, 0x0e, 0x23, 0x2a, 0x3f, 0x72, 0x35, 0x73, 0x73, 0x27, 
    0x73, 0x27, 0x3d, 0x3f, 0x2e, 0x7a, 0x28, 0x3f, 0x36, 0x3b, 0x2e, 0x33, 
    0x2c, 0x3f, 0x0c, 0x33, 0x28, 0x2e, 0x2f, 0x3b, 0x36, 0x1b, 0x3e, 0x3e, 
    0x28, 0x3f, 0x29, 0x29, 0x72, 0x73, 0x21, 0x28, 0x3f, 0x2e, 0x2f, 0x28, 
    0x34, 0x7a, 0x2e, 0x32, 0x33, 0x29, 0x74, 0x2c, 0x33, 0x28, 0x2e, 0x2f, 
    0x3b, 0x36, 0x1b, 0x3e, 0x3e, 0x28, 0x3f, 0x29, 0x29, 0x74, 0x29, 0x2f, 
    0x38, 0x72, 0x3f, 0x74, 0x37, 0x35, 0x3e, 0x2f, 0x36, 0x3f, 0x74, 0x38, 
    0x3b, 0x29, 0x3f, 0x73, 0x27, 0x3d, 0x3f, 0x2e, 0x7a, 0x28, 0x3f, 0x2e, 
    0x2f, 0x28, 0x34, 0x0e, 0x23, 0x2a, 0x3f, 0x72, 0x73, 0x21, 0x28, 0x3f, 
    0x2e, 0x2f, 0x28, 0x34, 0x7a, 0x34, 0x3f, 0x2d, 0x7a, 0x3f, 0x74, 0x0e, 
    0x23, 0x2a, 0x3f, 0x72, 0x3f, 0x74, 0x3f, 0x22, 0x2a, 0x35, 0x28, 0x2e, 
    0x29, 0x74, 0x37, 0x3f, 0x2e, 0x32, 0x35, 0x3e, 0x1d, 0x3f, 0x2e, 0x08, 
    0x3f, 0x2e, 0x2f, 0x28, 0x34, 0x0e, 0x23, 0x2a, 0x3f, 0x72, 0x2e, 0x32, 
    0x33, 0x29, 0x73, 0x73, 0x27, 0x3d, 0x3f, 0x2e, 0x7a, 0x2c, 0x33, 0x28, 
    0x2e, 0x2f, 0x3b, 0x36, 0x1b, 0x3e, 0x3e, 0x28, 0x3f, 0x29, 0x29, 0x72, 
    0x73, 0x21, 0x36, 0x3f, 0x2e, 0x7a, 0x28, 0x67, 0x3f, 0x74, 0x39, 0x35, 
    0x28, 0x36, 0x33, 0x38, 0x74, 0x39, 0x36, 0x3b, 0x29, 0x29, 0x72, 0x78, 
    0x09, 0x23, 0x29, 0x2e, 0x3f, 0x37, 0x74, 0x08, 0x3f, 0x3c, 0x36, 0x3f, 
    0x39, 0x2e, 0x33, 0x35, 0x34, 0x74, 0x17, 0x35, 0x3e, 0x2f, 0x36, 0x3f, 
    0x78, 0x73, 0x74, 0x33, 0x34, 0x33, 0x2e, 0x33, 0x3b, 0x36, 0x33, 0x20, 
    0x3f, 0x72, 0x73, 0x74, 0x3c, 0x33, 0x3f, 0x36, 0x3e, 0x72, 0x78, 0x1c, 
    0x33, 0x36, 0x2e, 0x3f, 0x28, 0x0e, 0x23, 0x2a, 0x3f, 0x14, 0x3b, 0x37, 
    0x3f, 0x78, 0x73, 0x74, 0x2c, 0x3b, 0x36, 0x2f, 0x3f, 0x76, 0x29, 0x67, 
    0x28, 0x74, 0x3c, 0x33, 0x3f, 0x36, 0x3e, 0x72, 0x78, 0x37, 0x3f, 0x2e, 
    0x32, 0x35, 0x3e, 0x05, 0x2a, 0x2e, 0x28, 0x78, 0x73, 0x74, 0x2c, 0x3b, 
    0x36, 0x2f, 0x3f, 0x76, 0x35, 0x67, 0x28, 0x74, 0x3c, 0x33, 0x3f, 0x36, 
    0x3e, 0x72, 0x78, 0x37, 0x3f, 0x2e, 0x32, 0x35, 0x3e, 0x78, 0x73, 0x74, 
    0x2c, 0x3b, 0x36, 0x2f, 0x3f, 0x74, 0x35, 0x3c, 0x3c, 0x29, 0x3f, 0x2e, 
    0x15, 0x3c, 0x72, 0x39, 0x67, 0x64, 0x39, 0x74, 0x28, 0x3f, 0x3b, 0x3e, 
    0x0a, 0x35, 0x33, 0x34, 0x2e, 0x3f, 0x28, 0x72, 0x73, 0x74, 0x3f, 0x2b, 
    0x2f, 0x3b, 0x36, 0x29, 0x72, 0x29, 0x73, 0x73, 0x65, 0x65, 0x38, 0x72, 
    0x78, 0x39, 0x35, 0x2f, 0x36, 0x3e, 0x34, 0x7d, 0x2e, 0x7a, 0x3c, 0x33, 
    0x34, 0x3e, 0x7a, 0x2e, 0x32, 0x3f, 0x7a, 0x2c, 0x33, 0x28, 0x2e, 0x2f, 
    0x3b, 0x36, 0x7a, 0x3b, 0x3e, 0x3e, 0x28, 0x3f, 0x29, 0x29, 0x7a, 0x35, 
    0x3c, 0x3c, 0x29, 0x3f, 0x2e, 0x7a, 0x33, 0x34, 0x7a, 0x2e, 0x32, 0x3f, 
    0x7a, 0x34, 0x3b, 0x2e, 0x33, 0x2c, 0x3f, 0x7a, 0x37, 0x3f, 0x2e, 0x32, 
    0x35, 0x3e, 0x7a, 0x29, 0x2e, 0x28, 0x2f, 0x39, 0x2e, 0x78, 0x73, 0x61, 
    0x28, 0x3f, 0x2e, 0x2f, 0x28, 0x34, 0x7a, 0x1c, 0x72, 0x3f, 0x74, 0x17, 
    0x3f, 0x2e, 0x32, 0x35, 0x3e, 0x74, 0x2a, 0x28, 0x35, 0x2e, 0x35, 0x2e, 
    0x23, 0x2a, 0x3f, 0x76, 0x78, 0x2c, 0x33, 0x28, 0x2e, 0x2f, 0x3b, 0x36, 
    0x1b, 0x3e, 0x3e, 0x28, 0x3f, 0x29, 0x29, 0x78, 0x76, 0x3c, 0x2f, 0x34, 
    0x39, 0x2e, 0x33, 0x35, 0x34, 0x72, 0x73, 0x21, 0x28, 0x3f, 0x2e, 0x2f, 
    0x28, 0x34, 0x7a, 0x2e, 0x32, 0x33, 0x29, 0x74, 0x32, 0x3b, 0x34, 0x3e, 
    0x36, 0x3f, 0x74, 0x3b, 0x3e, 0x3e, 0x72, 0x35, 0x73, 0x74, 0x28, 0x3f, 
    0x3b, 0x3e, 0x0a, 0x35, 0x33, 0x34, 0x2e, 0x3f, 0x28, 0x72, 0x73, 0x27, 
    0x76, 0x36, 0x73, 0x76, 0x3f, 0x74, 0x39, 0x35, 0x28, 0x36, 0x33, 0x38, 
    0x74, 0x39, 0x36, 0x3b, 0x29, 0x29, 0x72, 0x78, 0x09, 0x23, 0x29, 0x2e, 
    0x3f, 0x37, 0x74, 0x08, 0x3f, 0x3c, 0x36, 0x3f, 0x39, 0x2e, 0x33, 0x35, 
    0x34, 0x74, 0x17, 0x35, 0x3e, 0x2f, 0x36, 0x3f, 0x78, 0x73, 0x74, 0x37, 
    0x3f, 0x2e, 0x32, 0x35, 0x3e, 0x72, 0x78, 0x74, 0x39, 0x39, 0x2e, 0x35, 
    0x28, 0x78, 0x73, 0x74, 0x33, 0x34, 0x2c, 0x35, 0x31, 0x3f, 0x72, 0x73, 
    0x76, 0x2e, 0x32, 0x33, 0x29, 0x74, 0x2c, 0x33, 0x28, 0x2e, 0x2f, 0x3b, 
    0x36, 0x1b, 0x3e, 0x3e, 0x28, 0x3f, 0x29, 0x29, 0x27, 0x29, 0x3f, 0x2e, 
    0x7a, 0x33, 0x37, 0x2a, 0x36, 0x3f, 0x37, 0x3f, 0x34, 0x2e, 0x3b, 0x2e, 
    0x33, 0x35, 0x34, 0x72, 0x28, 0x73, 0x21, 0x2e, 0x28, 0x23, 0x21, 0x13, 
    0x34, 0x2e, 0x3f, 0x28, 0x39, 0x3f, 0x2a, 0x2e, 0x35, 0x28, 0x74, 0x28, 
    0x3f, 0x2a, 0x36, 0x3b, 0x39, 0x3f, 0x72, 0x2e, 0x32, 0x33, 0x29, 0x74, 
    0x2c, 0x33, 0x28, 0x2e, 0x2f, 0x3b, 0x36, 0x1b, 0x3e, 0x3e, 0x28, 0x3f, 
    0x29, 0x29, 0x76, 0x2e, 0x32, 0x33, 0x29, 0x74, 0x2d, 0x28, 0x3b, 0x2a, 
    0x72, 0x28, 0x73, 0x73, 0x27, 0x39, 0x3b, 0x2e, 0x39, 0x32, 0x72, 0x29, 
    0x73, 0x21, 0x29, 0x2d, 0x33, 0x2e, 0x39, 0x32, 0x72, 0x29, 0x74, 0x37, 
    0x3f, 0x29, 0x29, 0x3b, 0x3d, 0x3f, 0x73, 0x21, 0x39, 0x3b, 0x29, 0x3f, 
    0x78, 0x3b, 0x39, 0x39, 0x3f, 0x29, 0x29, 0x7a, 0x2c, 0x33, 0x35, 0x36, 
    0x3b, 0x2e, 0x33, 0x35, 0x34, 0x7a, 0x3b, 0x39, 0x39, 0x3f, 0x29, 0x29, 
    0x33, 0x34, 0x3d, 0x7a, 0x6a, 0x22, 0x6a, 0x78, 0x60, 0x38, 0x72, 0x3a, 
    0x39, 0x35, 0x2f, 0x36, 0x3e, 0x34, 0x7d, 0x2e, 0x7a, 0x29, 0x3f, 0x2e, 
    0x7a, 0x33, 0x37, 0x2a, 0x36, 0x3f, 0x37, 0x3f, 0x34, 0x2e, 0x3b, 0x2e, 
    0x33, 0x35, 0x34, 0x7a, 0x3c, 0x35, 0x28, 0x7a, 0x37, 0x3f, 0x2e, 0x32, 
    0x35, 0x3e, 0x7a, 0x7e, 0x21, 0x2e, 0x32, 0x33, 0x29, 0x74, 0x34, 0x3b, 
    0x37, 0x3f, 0x27, 0x7a, 0x3b, 0x29, 0x7a, 0x33, 0x2e, 0x7a, 0x32, 0x3b, 
    0x29, 0x7a, 0x3b, 0x7a, 0x14, 0x0f, 0x16, 0x16, 0x7a, 0x2c, 0x33, 0x28, 
    0x2e, 0x2f, 0x3b, 0x36, 0x7a, 0x3b, 0x3e, 0x3e, 0x28, 0x3f, 0x29, 0x29, 
    0x3a, 0x73, 0x61, 0x39, 0x3b, 0x29, 0x3f, 0x75, 0x2f, 0x34, 0x3b, 0x38, 
    0x36, 0x3f, 0x7a, 0x2e, 0x35, 0x7a, 0x33, 0x34, 0x2e, 0x3f, 0x28, 0x39, 
    0x3f, 0x2a, 0x2e, 0x7a, 0x3c, 0x2f, 0x34, 0x39, 0x2e, 0x33, 0x35, 0x34, 
    0x7a, 0x3b, 0x2e, 0x7a, 0x06, 0x2d, 0x71, 0x61, 0x7a, 0x2a, 0x36, 0x3f, 
    0x3b, 0x29, 0x3f, 0x7a, 0x3c, 0x33, 0x36, 0x3f, 0x7a, 0x3b, 0x7a, 0x38, 
    0x2f, 0x3d, 0x75, 0x74, 0x3f, 0x22, 0x3f, 0x39, 0x72, 0x29, 0x74, 0x37, 
    0x3f, 0x29, 0x29, 0x3b, 0x3d, 0x3f, 0x73, 0x65, 0x74, 0x33, 0x34, 0x2a, 
    0x2f, 0x2e, 0x60, 0x34, 0x3f, 0x72, 0x3a, 0x39, 0x35, 0x2f, 0x36, 0x3e, 
    0x34, 0x7d, 0x2e, 0x7a, 0x29, 0x3f, 0x2e, 0x7a, 0x33, 0x37, 0x2a, 0x36, 
    0x3f, 0x37, 0x3f, 0x34, 0x2e, 0x3b, 0x2e, 0x33, 0x35, 0x34, 0x7a, 0x3c, 
    0x35, 0x28, 0x7a, 0x37, 0x3f, 0x2e, 0x32, 0x35, 0x3e, 0x7a, 0x7e, 0x21, 
    0x2e, 0x32, 0x33, 0x29, 0x74, 0x34, 0x3b, 0x37, 0x3f, 0x27, 0x7a, 0x3b, 
    0x29, 0x7a, 0x33, 0x2e, 0x7a, 0x37, 0x3b, 0x23, 0x7a, 0x38, 0x3f, 0x7a, 
    0x3b, 0x7a, 0x2e, 0x32, 0x2f, 0x34, 0x31, 0x3a, 0x73, 0x61, 0x38, 0x28, 
    0x3f, 0x3b, 0x31, 0x61, 0x39, 0x3b, 0x29, 0x3f, 0x78, 0x3b, 0x36, 0x28, 
    0x3f, 0x3b, 0x3e, 0x23, 0x7a, 0x28, 0x3f, 0x2a, 0x36, 0x3b, 0x39, 0x3f, 
    0x3e, 0x7a, 0x2e, 0x32, 0x33, 0x29, 0x7a, 0x3c, 0x2f, 0x34, 0x39, 0x2e, 
    0x33, 0x35, 0x34, 0x78, 0x60, 0x34, 0x3f, 0x72, 0x3a, 0x39, 0x35, 0x2f, 
    0x36, 0x3e, 0x34, 0x7d, 0x2e, 0x7a, 0x29, 0x3f, 0x2e, 0x7a, 0x33, 0x37, 
    0x2a, 0x36, 0x3f, 0x37, 0x3f, 0x34, 0x2e, 0x3b, 0x2e, 0x33, 0x35, 0x34, 
    0x7a, 0x3c, 0x35, 0x28, 0x7a, 0x37, 0x3f, 0x2e, 0x32, 0x35, 0x3e, 0x7a, 
    0x7e, 0x21, 0x2e, 0x32, 0x33, 0x29, 0x74, 0x34, 0x3b, 0x37, 0x3f, 0x27, 
    0x7a, 0x3b, 0x29, 0x7a, 0x33, 0x2e, 0x7a, 0x32, 0x3b, 0x29, 0x7a, 0x3b, 
    0x36, 0x28, 0x3f, 0x3b, 0x3e, 0x23, 0x7a, 0x38, 0x3f, 0x3f, 0x34, 0x7a, 
    0x28, 0x3f, 0x2a, 0x36, 0x3b, 0x39, 0x3f, 0x3e, 0x7a, 0x38, 0x23, 0x7a, 
    0x3b, 0x7a, 0x2e, 0x32, 0x2f, 0x34, 0x31, 0x3a, 0x73, 0x61, 0x38, 0x28, 
    0x3f, 0x3b, 0x31, 0x61, 0x3e, 0x3f, 0x3c, 0x3b, 0x2f, 0x36, 0x2e, 0x60, 
    0x2e, 0x32, 0x28, 0x35, 0x2d, 0x7a, 0x29, 0x27, 0x27, 0x27, 0x33, 0x34, 
    0x3c, 0x36, 0x3b, 0x2e, 0x3f, 0x72, 0x74, 0x74, 0x74, 0x28, 0x73, 0x21, 
    0x33, 0x3c, 0x72, 0x7b, 0x2e, 0x32, 0x33, 0x29, 0x74, 0x33, 0x29, 0x1d, 
    0x3f, 0x34, 0x3f, 0x28, 0x33, 0x39, 0x26, 0x26, 0x2e, 0x32, 0x33, 0x29, 
    0x74, 0x3d, 0x3f, 0x34, 0x3f, 0x28, 0x33, 0x39, 0x29, 0x74, 0x36, 0x3f, 
    0x34, 0x3d, 0x2e, 0x32, 0x7b, 0x67, 0x28, 0x74, 0x36, 0x3f, 0x34, 0x3d, 
    0x2e, 0x32, 0x73, 0x21, 0x3c, 0x35, 0x28, 0x72, 0x36, 0x3f, 0x2e, 0x7a, 
    0x39, 0x7a, 0x35, 0x3c, 0x7a, 0x2e, 0x32, 0x33, 0x29, 0x74, 0x35, 0x2c, 
    0x3f, 0x28, 0x36, 0x35, 0x3b, 0x3e, 0x29, 0x72, 0x73, 0x73, 0x33, 0x3c, 
    0x72, 0x39, 0x74, 0x33, 0x29, 0x1d, 0x3f, 0x34, 0x3f, 0x28, 0x33, 0x39, 
    0x7c, 0x7c, 0x39, 0x74, 0x3d, 0x3f, 0x34, 0x3f, 0x28, 0x33, 0x39, 0x29, 
    0x74, 0x36, 0x3f, 0x34, 0x3d, 0x2e, 0x32, 0x67, 0x67, 0x28, 0x74, 0x36, 
    0x3f, 0x34, 0x3d, 0x2e, 0x32, 0x73, 0x28, 0x3f, 0x2e, 0x2f, 0x28, 0x34, 
    0x7a, 0x39, 0x74, 0x33, 0x34, 0x3c, 0x36, 0x3b, 0x2e, 0x3f, 0x72, 0x74, 
    0x74, 0x74, 0x28, 0x73, 0x61, 0x38, 0x72, 0x3a, 0x39, 0x35, 0x2f, 0x36, 
    0x3e, 0x7a, 0x34, 0x35, 0x2e, 0x7a, 0x3c, 0x33, 0x34, 0x3e, 0x7a, 0x33, 
    0x34, 0x3c, 0x36, 0x3b, 0x2e, 0x3b, 0x38, 0x36, 0x3f, 0x7a, 0x29, 0x33, 
    0x3d, 0x34, 0x3b, 0x2e, 0x2f, 0x28, 0x3f, 0x7a, 0x35, 0x3c, 0x7a, 0x37, 
    0x3f, 0x2e, 0x32, 0x35, 0x3e, 0x7a, 0x7e, 0x21, 0x2e, 0x32, 0x33, 0x29, 
    0x74, 0x34, 0x3b, 0x37, 0x3f, 0x27, 0x7a, 0x2d, 0x33, 0x2e, 0x32, 0x7a, 
    0x7e, 0x21, 0x28, 0x74, 0x36, 0x3f, 0x34, 0x3d, 0x2e, 0x32, 0x27, 0x7a, 
    0x3d, 0x3f, 0x34, 0x3f, 0x28, 0x33, 0x39, 0x7a, 0x2a, 0x3b, 0x28, 0x3b, 
    0x37, 0x3f, 0x2e, 0x3f, 0x28, 0x72, 0x29, 0x73, 0x3a, 0x73, 0x27, 0x36, 
    0x3f, 0x2e, 0x7a, 0x29, 0x67, 0x28, 0x74, 0x37, 0x3b, 0x2a, 0x72, 0x39, 
    0x67, 0x64, 0x39, 0x74, 0x2e, 0x23, 0x2a, 0x3f, 0x74, 0x35, 0x38, 0x30, 
    0x3f, 0x39, 0x2e, 0x73, 0x76, 0x3b, 0x67, 0x3f, 0x74, 0x3b, 0x28, 0x28, 
    0x3b, 0x23, 0x72, 0x3f, 0x74, 0x39, 0x35, 0x28, 0x36, 0x33, 0x38, 0x74, 
    0x39, 0x36, 0x3b, 0x29, 0x29, 0x72, 0x78, 0x09, 0x23, 0x29, 0x2e, 0x3f, 
    0x37, 0x74, 0x0e, 0x23, 0x2a, 0x3f, 0x78, 0x73, 0x76, 0x29, 0x73, 0x76, 
    0x35, 0x67, 0x2e, 0x32, 0x33, 0x29, 0x74, 0x35, 0x38, 0x30, 0x3f, 0x39, 
    0x2e, 0x74, 0x37, 0x3f, 0x2e, 0x32, 0x35, 0x3e, 0x72, 0x78, 0x17, 0x3b, 
    0x31, 0x3f, 0x1d, 0x3f, 0x34, 0x3f, 0x28, 0x33, 0x39, 0x17, 0x3f, 0x2e, 
    0x32, 0x35, 0x3e, 0x78, 0x76, 0x6b, 0x73, 0x74, 0x33, 0x34, 0x2c, 0x35, 
    0x31, 0x3f, 0x72, 0x3b, 0x73, 0x61, 0x28, 0x3f, 0x2e, 0x2f, 0x28, 0x34, 
    0x7a, 0x34, 0x3f, 0x2d, 0x7a, 0x3f, 0x74, 0x17, 0x3f, 0x2e, 0x32, 0x35, 
    0x3e, 0x72, 0x35, 0x74, 0x3c, 0x33, 0x3f, 0x36, 0x3e, 0x72, 0x78, 0x37, 
    0x32, 0x3b, 0x34, 0x3e, 0x36, 0x3f, 0x78, 0x73, 0x74, 0x2c, 0x3b, 0x36, 
    0x2f, 0x3f, 0x73, 0x27, 0x33, 0x34, 0x2c, 0x35, 0x31, 0x3f, 0x72, 0x74, 
    0x74, 0x74, 0x28, 0x73, 0x21, 0x28, 0x3f, 0x2e, 0x2f, 0x28, 0x34, 0x7a, 
    0x2e, 0x32, 0x33, 0x29, 0x74, 0x33, 0x29, 0x09, 0x2e, 0x3b, 0x2e, 0x33, 
    0x39, 0x26, 0x26, 0x38, 0x72, 0x3a, 0x39, 0x3b, 0x34, 0x34, 0x35, 0x2e, 
    0x7a, 0x33, 0x34, 0x2c, 0x35, 0x31, 0x3f, 0x7a, 0x34, 0x35, 0x34, 0x77, 
    0x29, 0x2e, 0x3b, 0x2e, 0x33, 0x39, 0x7a, 0x37, 0x3f, 0x2e, 0x32, 0x35, 
    0x3e, 0x7a, 0x7e, 0x21, 0x2e, 0x32, 0x33, 0x29, 0x74, 0x34, 0x3b, 0x37, 
    0x3f, 0x27, 0x7a, 0x3b, 0x29, 0x7a, 0x33, 0x2e, 0x7a, 0x37, 0x2f, 0x29, 
    0x2e, 0x7a, 0x38, 0x3f, 0x7a, 0x33, 0x34, 0x2c, 0x35, 0x31, 0x3f, 0x3e, 
    0x7a, 0x2e, 0x32, 0x28, 0x35, 0x2f, 0x3d, 0x32, 0x2e, 0x7a, 0x3b, 0x7a, 
    0x13, 0x36, 0x68, 0x19, 0x2a, 0x2a, 0x74, 0x15, 0x38, 0x30, 0x3f, 0x39, 
    0x2e, 0x76, 0x7a, 0x34, 0x35, 0x2e, 0x7a, 0x3b, 0x7a, 0x13, 0x36, 0x68, 
    0x19, 0x2a, 0x2a, 0x74, 0x19, 0x36, 0x3b, 0x29, 0x29, 0x3a, 0x73, 0x76, 
    0x2e, 0x32, 0x33, 0x29, 0x74, 0x33, 0x34, 0x2c, 0x35, 0x31, 0x3f, 0x08, 
    0x3b, 0x2d, 0x72, 0x14, 0x0f, 0x16, 0x16, 0x76, 0x74, 0x74, 0x74, 0x28, 
    0x73, 0x27, 0x33, 0x34, 0x2c, 0x35, 0x31, 0x3f, 0x08, 0x3b, 0x2d, 0x72, 
    0x28, 0x76, 0x74, 0x74, 0x74, 0x29, 0x73, 0x21, 0x36, 0x3f, 0x2e, 0x7a, 
    0x3b, 0x67, 0x29, 0x74, 0x37, 0x3b, 0x2a, 0x72, 0x3f, 0x74, 0x2e, 0x35, 
    0x1c, 0x28, 0x33, 0x3e, 0x3b, 0x0c, 0x3b, 0x36, 0x2f, 0x3f, 0x73, 0x61, 
    0x72, 0x7b, 0x2e, 0x32, 0x33, 0x29, 0x74, 0x33, 0x29, 0x09, 0x2e, 0x3b, 
    0x2e, 0x33, 0x39, 0x26, 0x26, 0x3f, 0x74, 0x2f, 0x34, 0x33, 0x2e, 0x23, 
    0x0c, 0x3f, 0x28, 0x29, 0x33, 0x35, 0x34, 0x13, 0x29, 0x18, 0x3f, 0x36, 
    0x35, 0x2d, 0x68, 0x6a, 0x6b, 0x62, 0x69, 0x6a, 0x73, 0x7c, 0x7c, 0x3b, 
    0x74, 0x2f, 0x34, 0x29, 0x32, 0x33, 0x3c, 0x2e, 0x72, 0x28, 0x73, 0x76, 
    0x2e, 0x32, 0x33, 0x29, 0x74, 0x33, 0x29, 0x13, 0x34, 0x3c, 0x36, 0x3b, 
    0x2e, 0x3f, 0x3e, 0x7c, 0x7c, 0x3b, 0x74, 0x2a, 0x2f, 0x29, 0x32, 0x72, 
    0x2e, 0x32, 0x33, 0x29, 0x74, 0x32, 0x3b, 0x34, 0x3e, 0x36, 0x3f, 0x73, 
    0x61, 0x2e, 0x28, 0x23, 0x21, 0x36, 0x3f, 0x2e, 0x7a, 0x35, 0x67, 0x2e, 
    0x32, 0x33, 0x29, 0x74, 0x34, 0x3b, 0x2e, 0x33, 0x2c, 0x3f, 0x1c, 0x2f, 
    0x34, 0x39, 0x2e, 0x33, 0x35, 0x34, 0x72, 0x74, 0x74, 0x74, 0x3b, 0x73, 
    0x61, 0x28, 0x3f, 0x2e, 0x2f, 0x28, 0x34, 0x7a, 0x3f, 0x74, 0x3c, 0x28, 
    0x35, 0x37, 0x1c, 0x28, 0x33, 0x3e, 0x3b, 0x0c, 0x3b, 0x36, 0x2f, 0x3f, 
    0x72, 0x35, 0x76, 0x2e, 0x32, 0x33, 0x29, 0x74, 0x28, 0x3f, 0x2e, 0x2f, 
    0x28, 0x34, 0x0e, 0x23, 0x2a, 0x3f, 0x73, 0x27, 0x39, 0x3b, 0x2e, 0x39, 
    0x32, 0x72, 0x35, 0x73, 0x21, 0x29, 0x2d, 0x33, 0x2e, 0x39, 0x32, 0x72, 
    0x35, 0x67, 0x67, 0x34, 0x2f, 0x36, 0x36, 0x7c, 0x7c, 0x38, 0x72, 0x78, 
    0x3b, 0x34, 0x7a, 0x2f, 0x34, 0x3f, 0x22, 0x2a, 0x3f, 0x39, 0x2e, 0x3f, 
    0x3e, 0x7a, 0x34, 0x3b, 0x2e, 0x33, 0x2c, 0x3f, 0x7a, 0x33, 0x34, 0x2c, 
    0x35, 0x39, 0x3b, 0x2e, 0x33, 0x35, 0x34, 0x7a, 0x3f, 0x22, 0x39, 0x3f, 
    0x2a, 0x2e, 0x33, 0x35, 0x34, 0x7a, 0x35, 0x39, 0x39, 0x2f, 0x28, 0x28, 
    0x3f, 0x3e, 0x76, 0x7a, 0x2e, 0x32, 0x33, 0x29, 0x7a, 0x33, 0x29, 0x7a, 
    0x3e, 0x2f, 0x3f, 0x7a, 0x2e, 0x35, 0x7a, 0x2a, 0x3b, 0x28, 0x3b, 0x37, 
    0x3f, 0x2e, 0x3f, 0x28, 0x7a, 0x2e, 0x23, 0x2a, 0x3f, 0x29, 0x7a, 0x37, 
    0x33, 0x29, 0x37, 0x3b, 0x2e, 0x39, 0x32, 0x78, 0x73, 0x76, 0x35, 0x74, 
    0x37, 0x3f, 0x29, 0x29, 0x3b, 0x3d, 0x3f, 0x73, 0x21, 0x39, 0x3b, 0x29, 
    0x3f, 0x78, 0x38, 0x3b, 0x3e, 0x7a, 0x3b, 0x28, 0x3d, 0x2f, 0x37, 0x3f, 
    0x34, 0x2e, 0x7a, 0x39, 0x35, 0x2f, 0x34, 0x2e, 0x78, 0x60, 0x38, 0x72, 
    0x3a, 0x39, 0x35, 0x2f, 0x36, 0x3e, 0x34, 0x7d, 0x2e, 0x7a, 0x33, 0x34, 
    0x2c, 0x35, 0x31, 0x3f, 0x7a, 0x37, 0x3f, 0x2e, 0x32, 0x35, 0x3e, 0x7a, 
    0x7e, 0x21, 0x2e, 0x32, 0x33, 0x29, 0x74, 0x34, 0x3b, 0x37, 0x3f, 0x27, 
    0x7a, 0x3b, 0x29, 0x7a, 0x33, 0x2e, 0x7a, 0x34, 0x3f, 0x3f, 0x3e, 0x29, 
    0x7a, 0x7e, 0x21, 0x2e, 0x32, 0x33, 0x29, 0x74, 0x2a, 0x3b, 0x28, 0x3b, 
    0x37, 0x3f, 0x2e, 0x3f, 0x28, 0x19, 0x35, 0x2f, 0x34, 0x2e, 0x27, 0x7a, 
    0x2a, 0x3b, 0x28, 0x3b, 0x37, 0x3f, 0x2e, 0x3f, 0x28, 0x72, 0x29, 0x73, 
    0x76, 0x7a, 0x34, 0x35, 0x2e, 0x7a, 0x7e, 0x21, 0x29, 0x74, 0x36, 0x3f, 
    0x34, 0x3d, 0x2e, 0x32, 0x27, 0x3a, 0x73, 0x61, 0x39, 0x3b, 0x29, 0x3f, 
    0x78, 0x3f, 0x22, 0x2a, 0x3f, 0x39, 0x2e, 0x3f, 0x3e, 0x7a, 0x3b, 0x7a, 
    0x2a, 0x35, 0x33, 0x34, 0x2e, 0x3f, 0x28, 0x78, 0x60, 0x39, 0x3b, 0x29, 
    0x3f, 0x78, 0x3f, 0x22, 0x2a, 0x3f, 0x39, 0x2e, 0x3f, 0x3e, 0x7a, 0x34, 
    0x2f, 0x37, 0x38, 0x3f, 0x28, 0x78, 0x60, 0x39, 0x3b, 0x29, 0x3f, 0x78, 
    0x3f, 0x22, 0x2a, 0x3f, 0x39, 0x2e, 0x3f, 0x3e, 0x7a, 0x3b, 0x28, 0x28, 
    0x3b, 0x23, 0x7a, 0x2d, 0x33, 0x2e, 0x32, 0x7a, 0x3c, 0x33, 0x3f, 0x36, 
    0x3e, 0x29, 0x78, 0x60, 0x38, 0x72, 0x3a, 0x39, 0x35, 0x2f, 0x36, 0x3e, 
    0x34, 0x7d, 0x2e, 0x7a, 0x33, 0x34, 0x2c, 0x35, 0x31, 0x3f, 0x7a, 0x37, 
    0x3f, 0x2e, 0x32, 0x35, 0x3e, 0x7a, 0x7e, 0x21, 0x2e, 0x32, 0x33, 0x29, 
    0x74, 0x34, 0x3b, 0x37, 0x3f, 0x27, 0x7a, 0x2f, 0x29, 0x33, 0x34, 0x3d, 
    0x7a, 0x33, 0x34, 0x39, 0x35, 0x28, 0x28, 0x3f, 0x39, 0x2e, 0x7a, 0x2a, 
    0x3b, 0x28, 0x3b, 0x37, 0x3f, 0x2e, 0x3f, 0x28, 0x7a, 0x2e, 0x23, 0x2a, 
    0x3f, 0x29, 0x3a, 0x73, 0x27, 0x2e, 0x32, 0x28, 0x35, 0x2d, 0x7a, 0x35, 
    0x27, 0x27, 0x35, 0x2c, 0x3f, 0x28, 0x36, 0x35, 0x3b, 0x3e, 0x72, 0x74, 
    0x74, 0x74, 0x28, 0x73, 0x21, 0x28, 0x3f, 0x2e, 0x2f, 0x28, 0x34, 0x7a, 
    0x2e, 0x32, 0x33, 0x29, 0x74, 0x2e, 0x28, 0x23, 0x15, 0x2c, 0x3f, 0x28, 
    0x36, 0x35, 0x3b, 0x3e, 0x72, 0x74, 0x74, 0x74, 0x28, 0x73, 0x65, 0x65, 
    0x38, 0x72, 0x3a, 0x39, 0x35, 0x2f, 0x36, 0x3e, 0x34, 0x7d, 0x2e, 0x7a, 
    0x3c, 0x33, 0x34, 0x3e, 0x7a, 0x35, 0x2c, 0x3f, 0x28, 0x36, 0x35, 0x3b, 
    0x3e, 0x3f, 0x3e, 0x7a, 0x37, 0x3f, 0x2e, 0x32, 0x35, 0x3e, 0x7a, 0x7e, 
    0x21, 0x2e, 0x32, 0x33, 0x29, 0x74, 0x34, 0x3b, 0x37, 0x3f, 0x27, 0x72, 
    0x7e, 0x21, 0x28, 0x74, 0x37, 0x3b, 0x2a, 0x72, 0x3b, 0x67, 0x64, 0x3b, 
    0x7a, 0x33, 0x34, 0x29, 0x2e, 0x3b, 0x34, 0x39, 0x3f, 0x35, 0x3c, 0x7a, 
    0x3f, 0x74, 0x19, 0x36, 0x3b, 0x29, 0x29, 0x65, 0x3b, 0x74, 0x2e, 0x23, 
    0x2a, 0x3f, 0x74, 0x34, 0x3b, 0x37, 0x3f, 0x60, 0x3b, 0x73, 0x27, 0x73, 
    0x3a, 0x73, 0x27, 0x70, 0x35, 0x2c, 0x3f, 0x28, 0x36, 0x35, 0x3b, 0x3e, 
    0x29, 0x72, 0x73, 0x21, 0x3c, 0x35, 0x28, 0x72, 0x36, 0x3f, 0x2e, 0x7a, 
    0x28, 0x7a, 0x35, 0x3c, 0x7a, 0x2e, 0x32, 0x33, 0x29, 0x74, 0x39, 0x36, 
    0x3b, 0x29, 0x29, 0x74, 0x32, 0x33, 0x3f, 0x28, 0x3b, 0x28, 0x39, 0x32, 
    0x23, 0x72, 0x73, 0x73, 0x3c, 0x35, 0x28, 0x72, 0x36, 0x3f, 0x2e, 0x7a, 
    0x29, 0x7a, 0x35, 0x3c, 0x7a, 0x28, 0x74, 0x37, 0x3f, 0x2e, 0x32, 0x35, 
    0x3e, 0x29, 0x73, 0x2e, 0x32, 0x33, 0x29, 0x74, 0x34, 0x3b, 0x37, 0x3f, 
    0x67, 0x67, 0x29, 0x74, 0x34, 0x3b, 0x37, 0x3f, 0x7c, 0x7c, 0x72, 0x23, 
    0x33, 0x3f, 0x36, 0x3e, 0x7a, 0x29, 0x73, 0x27, 0x2a, 0x3b, 0x28, 0x3b, 
    0x37, 0x3f, 0x2e, 0x3f, 0x28, 0x72, 0x28, 0x73, 0x21, 0x28, 0x3f, 0x2e, 
    0x2f, 0x28, 0x34, 0x7a, 0x2e, 0x32, 0x33, 0x29, 0x74, 0x2e, 0x28, 0x23, 
    0x0a, 0x3b, 0x28, 0x3b, 0x37, 0x3f, 0x2e, 0x3f, 0x28, 0x72, 0x28, 0x73, 
    0x65, 0x65, 0x38, 0x72, 0x3a, 0x39, 0x35, 0x2f, 0x36, 0x3e, 0x34, 0x7d, 
    0x2e, 0x7a, 0x3c, 0x33, 0x34, 0x3e, 0x7a, 0x2a, 0x3b, 0x28, 0x3b, 0x37, 
    0x3f, 0x2e, 0x3f, 0x28, 0x7a, 0x7e, 0x21, 0x28, 0x27, 0x7a, 0x33, 0x34, 
    0x7a, 0x37, 0x3f, 0x2e, 0x32, 0x35, 0x3e, 0x7a, 0x7e, 0x21, 0x2e, 0x32, 
    0x33, 0x29, 0x74, 0x34, 0x3b, 0x37, 0x3f, 0x27, 0x3a, 0x73, 0x27, 0x28, 
    0x3f, 0x2c, 0x3f, 0x28, 0x2e, 0x72, 0x73, 0x21, 0x13, 0x34, 0x2e, 0x3f, 
    0x28, 0x39, 0x3f, 0x2a, 0x2e, 0x35, 0x28, 0x74, 0x28, 0x3f, 0x2c, 0x3f, 
    0x28, 0x2e, 0x72, 0x2e, 0x32, 0x33, 0x29, 0x74, 0x2c, 0x33, 0x28, 0x2e, 
    0x2f, 0x3b, 0x36, 0x1b, 0x3e, 0x3e, 0x28, 0x3f, 0x29, 0x29, 0x73, 0x76, 
    0x13, 0x34, 0x2e, 0x3f, 0x28, 0x39, 0x3f, 0x2a, 0x2e, 0x35, 0x28, 0x74, 
    0x3c, 0x36, 0x2f, 0x29, 0x32, 0x72, 0x73, 0x27, 0x2e, 0x28, 0x23, 0x15, 
    0x2c, 0x3f, 0x28, 0x36, 0x35, 0x3b, 0x3e, 0x72, 0x74, 0x74, 0x74, 0x28, 
    0x73, 0x21, 0x36, 0x3f, 0x2e, 0x7a, 0x29, 0x67, 0x28, 0x74, 0x36, 0x3f, 
    0x34, 0x3d, 0x2e, 0x32, 0x70, 0x6b, 0x76, 0x3b, 0x67, 0x28, 0x74, 0x36, 
    0x3f, 0x34, 0x3d, 0x2e, 0x32, 0x70, 0x68, 0x76, 0x35, 0x61, 0x3f, 0x60, 
    0x3c, 0x35, 0x28, 0x72, 0x36, 0x3f, 0x2e, 0x7a, 0x39, 0x7a, 0x35, 0x3c, 
    0x7a, 0x2e, 0x32, 0x33, 0x29, 0x74, 0x35, 0x2c, 0x3f, 0x28, 0x36, 0x35, 
    0x3b, 0x3e, 0x29, 0x72, 0x73, 0x73, 0x21, 0x33, 0x3c, 0x72, 0x39, 0x74, 
    0x2a, 0x3b, 0x28, 0x3b, 0x37, 0x3f, 0x2e, 0x3f, 0x28, 0x19, 0x35, 0x2f, 
    0x34, 0x2e, 0x7b, 0x67, 0x28, 0x74, 0x36, 0x3f, 0x34, 0x3d, 0x2e, 0x32, 
    0x73, 0x39, 0x35, 0x34, 0x2e, 0x33, 0x34, 0x2f, 0x3f, 0x61, 0x36, 0x3f, 
    0x2e, 0x7a, 0x2f, 0x67, 0x6a, 0x76, 0x32, 0x67, 0x6a, 0x61, 0x3c, 0x35, 
    0x28, 0x72, 0x36, 0x3f, 0x2e, 0x7a, 0x2a, 0x7a, 0x35, 0x3c, 0x7a, 0x39, 
    0x74, 0x2a, 0x3b, 0x28, 0x3b, 0x37, 0x3f, 0x2e, 0x3f, 0x28, 0x29, 0x73, 
    0x21, 0x36, 0x3f, 0x2e, 0x7a, 0x3d, 0x67, 0x28, 0x01, 0x32, 0x07, 0x61, 
    0x33, 0x3c, 0x72, 0x3d, 0x7a, 0x33, 0x34, 0x29, 0x2e, 0x3b, 0x34, 0x39, 
    0x3f, 0x35, 0x3c, 0x7a, 0x3f, 0x74, 0x19, 0x36, 0x3b, 0x29, 0x29, 0x73, 
    0x33, 0x3c, 0x72, 0x2a, 0x74, 0x2e, 0x23, 0x2a, 0x3f, 0x74, 0x33, 0x29, 
    0x72, 0x3d, 0x74, 0x2e, 0x23, 0x2a, 0x3f, 0x73, 0x73, 0x2f, 0x71, 0x67, 
    0x68, 0x61, 0x3f, 0x36, 0x29, 0x3f, 0x7a, 0x33, 0x3c, 0x72, 0x2a, 0x74, 
    0x2e, 0x23, 0x2a, 0x3f, 0x74, 0x39, 0x36, 0x3b, 0x29, 0x29, 0x74, 0x33, 
    0x29, 0x1b, 0x29, 0x29, 0x33, 0x3d, 0x34, 0x3b, 0x38, 0x36, 0x3f, 0x1c, 
    0x28, 0x35, 0x37, 0x72, 0x3d, 0x73, 0x73, 0x2f, 0x71, 0x67, 0x6b, 0x61, 
    0x3f, 0x36, 0x29, 0x3f, 0x7a, 0x39, 0x35, 0x34, 0x2e, 0x33, 0x34, 0x2f, 
    0x3f, 0x7a, 0x3f, 0x61, 0x3f, 0x36, 0x29, 0x3f, 0x7a, 0x33, 0x3c, 0x72, 
    0x2a, 0x74, 0x2e, 0x23, 0x2a, 0x3f, 0x74, 0x34, 0x3b, 0x37, 0x3f, 0x67, 
    0x67, 0x3d, 0x73, 0x2f, 0x71, 0x67, 0x68, 0x61, 0x3f, 0x36, 0x29, 0x3f, 
    0x7a, 0x39, 0x35, 0x34, 0x2e, 0x33, 0x34, 0x2f, 0x3f, 0x7a, 0x3f, 0x61, 
    0x32, 0x71, 0x71, 0x27, 0x33, 0x3c, 0x72, 0x7b, 0x72, 0x2f, 0x66, 0x29, 
    0x73, 0x73, 0x21, 0x33, 0x3c, 0x72, 0x2f, 0x67, 0x67, 0x3b, 0x73, 0x28, 
    0x3f, 0x2e, 0x2f, 0x28, 0x34, 0x7a, 0x39, 0x61, 0x33, 0x3c, 0x72, 0x35, 
    0x67, 0x67, 0x34, 0x2f, 0x36, 0x36, 0x26, 0x26, 0x2f, 0x64, 0x35, 0x01, 
    0x6a, 0x07, 0x73, 0x35, 0x67, 0x01, 0x2f, 0x76, 0x39, 0x07, 0x61, 0x3f, 
    0x36, 0x29, 0x3f, 0x7a, 0x33, 0x3c, 0x72, 0x2f, 0x67, 0x67, 0x35, 0x01, 
    0x6a, 0x07, 0x73, 0x21, 0x36, 0x3f, 0x2e, 0x7a, 0x2a, 0x67, 0x6a, 0x61, 
    0x3c, 0x35, 0x28, 0x72, 0x36, 0x3f, 0x2e, 0x7a, 0x3d, 0x7a, 0x35, 0x3c, 
    0x7a, 0x35, 0x01, 0x6b, 0x07, 0x74, 0x2a, 0x3b, 0x28, 0x3b, 0x37, 0x3f, 
    0x2e, 0x3f, 0x28, 0x29, 0x73, 0x21, 0x33, 0x3c, 0x72, 0x3d, 0x74, 0x2e, 
    0x23, 0x2a, 0x3f, 0x74, 0x39, 0x36, 0x3b, 0x29, 0x29, 0x74, 0x33, 0x29, 
    0x1b, 0x29, 0x29, 0x33, 0x3d, 0x34, 0x3b, 0x38, 0x36, 0x3f, 0x1c, 0x28, 
    0x35, 0x37, 0x72, 0x39, 0x74, 0x2a, 0x3b, 0x28, 0x3b, 0x37, 0x3f, 0x2e, 
    0x3f, 0x28, 0x29, 0x01, 0x2a, 0x07, 0x74, 0x2e, 0x23, 0x2a, 0x3f, 0x74, 
    0x39, 0x36, 0x3b, 0x29, 0x29, 0x73, 0x73, 0x21, 0x35, 0x67, 0x01, 0x2f, 
    0x76, 0x39, 0x07, 0x61, 0x39, 0x35, 0x34, 0x2e, 0x33, 0x34, 0x2f, 0x3f, 
    0x7a, 0x3f, 0x27, 0x2a, 0x71, 0x71, 0x27, 0x27, 0x27, 0x27, 0x28, 0x3f, 
    0x2e, 0x2f, 0x28, 0x34, 0x7a, 0x35, 0x65, 0x74, 0x01, 0x6b, 0x07, 0x27, 
    0x2e, 0x28, 0x23, 0x0a, 0x3b, 0x28, 0x3b, 0x37, 0x3f, 0x2e, 0x3f, 0x28, 
    0x72, 0x28, 0x73, 0x21, 0x28, 0x3f, 0x2e, 0x2f, 0x28, 0x34, 0x7a, 0x2e, 
    0x32, 0x33, 0x29, 0x74, 0x2a, 0x3b, 0x28, 0x3b, 0x37, 0x3f, 0x2e, 0x3f, 
    0x28, 0x29, 0x74, 0x3c, 0x33, 0x34, 0x3e, 0x72, 0x29, 0x67, 0x64, 0x29, 
    0x74, 0x34, 0x3b, 0x37, 0x3f, 0x67, 0x67, 0x28, 0x73, 0x27, 0x2e, 0x35, 
    0x09, 0x2e, 0x28, 0x33, 0x34, 0x3d, 0x72, 0x73, 0x21, 0x28, 0x3f, 0x2e, 
    0x2f, 0x28, 0x34, 0x3a, 0x7e, 0x21, 0x2e, 0x32, 0x33, 0x29, 0x74, 0x33, 
    0x29, 0x09, 0x2e, 0x3b, 0x2e, 0x33, 0x39, 0x65, 0x78, 0x29, 0x2e, 0x3b, 
    0x2e, 0x33, 0x39, 0x7a, 0x78, 0x60, 0x78, 0x78, 0x27, 0x7e, 0x21, 0x2e, 
    0x32, 0x33, 0x29, 0x74, 0x28, 0x3f, 0x2e, 0x2f, 0x28, 0x34, 0x0e, 0x23, 
    0x2a, 0x3f, 0x74, 0x34, 0x3b, 0x37, 0x3f, 0x27, 0x7a, 0x7e, 0x21, 0x2e, 
    0x32, 0x33, 0x29, 0x74, 0x34, 0x3b, 0x37, 0x3f, 0x27, 0x7e, 0x21, 0x2e, 
    0x32, 0x33, 0x29, 0x74, 0x3d, 0x3f, 0x34, 0x3f, 0x28, 0x33, 0x39, 0x29, 
    0x74, 0x36, 0x3f, 0x34, 0x3d, 0x2e, 0x32, 0x64, 0x6a, 0x65, 0x3a, 0x66, 
    0x7e, 0x21, 0x2e, 0x32, 0x33, 0x29, 0x74, 0x3d, 0x3f, 0x34, 0x3f, 0x28, 
    0x33, 0x39, 0x29, 0x74, 0x37, 0x3b, 0x2a, 0x72, 0x28, 0x67, 0x64, 0x28, 
    0x74, 0x2e, 0x23, 0x2a, 0x3f, 0x74, 0x34, 0x3b, 0x37, 0x3f, 0x73, 0x74, 
    0x30, 0x35, 0x33, 0x34, 0x72, 0x78, 0x76, 0x78, 0x73, 0x27, 0x64, 0x3a, 
    0x60, 0x78, 0x78, 0x27, 0x72, 0x7e, 0x21, 0x2e, 0x32, 0x33, 0x29, 0x74, 
    0x2a, 0x3b, 0x28, 0x3b, 0x37, 0x3f, 0x2e, 0x3f, 0x28, 0x29, 0x74, 0x30, 
    0x35, 0x33, 0x34, 0x72, 0x78, 0x76, 0x7a, 0x78, 0x73, 0x27, 0x73, 0x61, 
    0x7e, 0x21, 0x2e, 0x32, 0x33, 0x29, 0x74, 0x2c, 0x33, 0x28, 0x2e, 0x2f, 
    0x3b, 0x36, 0x1b, 0x3e, 0x3e, 0x28, 0x3f, 0x29, 0x29, 0x74, 0x33, 0x29, 
    0x14, 0x2f, 0x36, 0x36, 0x72, 0x73, 0x65, 0x78, 0x78, 0x60, 0x3a, 0x7a, 
    0x75, 0x75, 0x7a, 0x6a, 0x22, 0x7e, 0x21, 0x2e, 0x32, 0x33, 0x29, 0x74, 
    0x28, 0x3f, 0x36, 0x3b, 0x2e, 0x33, 0x2c, 0x3f, 0x0c, 0x33, 0x28, 0x2e, 
    0x2f, 0x3b, 0x36, 0x1b, 0x3e, 0x3e, 0x28, 0x3f, 0x29, 0x29, 0x74, 0x2e, 
    0x35, 0x09, 0x2e, 0x28, 0x33, 0x34, 0x3d, 0x72, 0x6b, 0x6c, 0x73, 0x74, 
    0x2a, 0x3b, 0x3e, 0x09, 0x2e, 0x3b, 0x28, 0x2e, 0x72, 0x62, 0x76, 0x78, 
    0x6a, 0x78, 0x73, 0x27, 0x3a, 0x27, 0x3a, 0x27, 0x38, 0x33, 0x34, 0x3e, 
    0x72, 0x28, 0x73, 0x21, 0x28, 0x3f, 0x2e, 0x2f, 0x28, 0x34, 0x7a, 0x2e, 
    0x32, 0x33, 0x29, 0x74, 0x33, 0x29, 0x09, 0x2e, 0x3b, 0x2e, 0x33, 0x39, 
    0x7c, 0x7c, 0x38, 0x72, 0x3a, 0x39, 0x3b, 0x34, 0x34, 0x35, 0x2e, 0x7a, 
    0x38, 0x33, 0x34, 0x3e, 0x7a, 0x29, 0x2e, 0x3b, 0x2e, 0x33, 0x39, 0x7a, 
    0x37, 0x3f, 0x2e, 0x32, 0x35, 0x3e, 0x7a, 0x7e, 0x21, 0x2e, 0x32, 0x33, 
    0x29, 0x74, 0x39, 0x36, 0x3b, 0x29, 0x29, 0x74, 0x2e, 0x23, 0x2a, 0x3f, 
    0x74, 0x34, 0x3b, 0x37, 0x3f, 0x27, 0x60, 0x60, 0x7e, 0x21, 0x2e, 0x32, 
    0x33, 0x29, 0x74, 0x34, 0x3b, 0x37, 0x3f, 0x27, 0x7a, 0x2e, 0x35, 0x7a, 
    0x3b, 0x34, 0x7a, 0x33, 0x34, 0x29, 0x2e, 0x3b, 0x34, 0x39, 0x3f, 0x3a, 
    0x73, 0x76, 0x34, 0x3f, 0x2d, 0x7a, 0x0a, 0x28, 0x35, 0x22, 0x23, 0x72, 
    0x2e, 0x32, 0x33, 0x29, 0x76, 0x21, 0x3d, 0x3f, 0x2e, 0x72, 0x29, 0x76, 
    0x3b, 0x76, 0x35, 0x73, 0x21, 0x29, 0x2d, 0x33, 0x2e, 0x39, 0x32, 0x72, 
    0x3b, 0x73, 0x21, 0x39, 0x3b, 0x29, 0x3f, 0x78, 0x33, 0x34, 0x2c, 0x35, 
    0x31, 0x3f, 0x78, 0x60, 0x36, 0x3f, 0x2e, 0x7a, 0x39, 0x67, 0x28, 0x7a, 
    0x33, 0x34, 0x29, 0x2e, 0x3b, 0x34, 0x39, 0x3f, 0x35, 0x3c, 0x7a, 0x3f, 
    0x74, 0x0c, 0x3b, 0x36, 0x2f, 0x3f, 0x0e, 0x23, 0x2a, 0x3f, 0x65, 0x29, 
    0x74, 0x39, 0x36, 0x3b, 0x29, 0x29, 0x74, 0x33, 0x29, 0x0c, 0x3b, 0x36, 
    0x2f, 0x3f, 0x0e, 0x23, 0x2a, 0x3f, 0x65, 0x28, 0x74, 0x32, 0x3b, 0x34, 
    0x3e, 0x36, 0x3f, 0x74, 0x29, 0x2f, 0x38, 0x72, 0x33, 0x72, 0x73, 0x65, 
    0x3f, 0x74, 0x15, 0x38, 0x30, 0x3f, 0x39, 0x2e, 0x74, 0x32, 0x3f, 0x3b, 
    0x3e, 0x3f, 0x28, 0x09, 0x33, 0x20, 0x3f, 0x60, 0x6a, 0x73, 0x60, 0x38, 
    0x72, 0x3a, 0x39, 0x3b, 0x34, 0x34, 0x35, 0x2e, 0x7a, 0x33, 0x34, 0x2c, 
    0x35, 0x31, 0x3f, 0x7a, 0x37, 0x3f, 0x2e, 0x32, 0x35, 0x3e, 0x7a, 0x7e, 
    0x21, 0x29, 0x74, 0x39, 0x36, 0x3b, 0x29, 0x29, 0x74, 0x2e, 0x23, 0x2a, 
    0x3f, 0x74, 0x34, 0x3b, 0x37, 0x3f, 0x27, 0x60, 0x60, 0x7e, 0x21, 0x29, 
    0x74, 0x34, 0x3b, 0x37, 0x3f, 0x27, 0x7a, 0x3b, 0x3d, 0x3b, 0x33, 0x34, 
    0x29, 0x2e, 0x7a, 0x3b, 0x7a, 0x2c, 0x3b, 0x36, 0x2f, 0x3f, 0x7a, 0x2e, 
    0x23, 0x2a, 0x3f, 0x76, 0x7a, 0x23, 0x35, 0x2f, 0x7a, 0x37, 0x2f, 0x29, 
    0x2e, 0x7a, 0x38, 0x35, 0x22, 0x7a, 0x33, 0x2e, 0x7a, 0x3c, 0x33, 0x28, 
    0x29, 0x2e, 0x3a, 0x73, 0x60, 0x29, 0x74, 0x39, 0x36, 0x3b, 0x29, 0x29, 
    0x74, 0x33, 0x29, 0x0c, 0x3b, 0x36, 0x2f, 0x3f, 0x0e, 0x23, 0x2a, 0x3f, 
    0x65, 0x28, 0x74, 0x32, 0x3b, 0x34, 0x3e, 0x36, 0x3f, 0x74, 0x3b, 0x3e, 
    0x3e, 0x72, 0x33, 0x72, 0x73, 0x65, 0x6a, 0x60, 0x3f, 0x74, 0x15, 0x38, 
    0x30, 0x3f, 0x39, 0x2e, 0x74, 0x32, 0x3f, 0x3b, 0x3e, 0x3f, 0x28, 0x09, 
    0x33, 0x20, 0x3f, 0x73, 0x60, 0x28, 0x74, 0x32, 0x3b, 0x34, 0x3e, 0x36, 
    0x3f, 0x61, 0x28, 0x3f, 0x2e, 0x2f, 0x28, 0x34, 0x7a, 0x29, 0x74, 0x33, 
    0x34, 0x2c, 0x35, 0x31, 0x3f, 0x08, 0x3b, 0x2d, 0x74, 0x38, 0x33, 0x34, 
    0x3e, 0x72, 0x29, 0x76, 0x39, 0x73, 0x61, 0x39, 0x3b, 0x29, 0x3f, 0x78, 
    0x35, 0x2c, 0x3f, 0x28, 0x36, 0x35, 0x3b, 0x3e, 0x29, 0x78, 0x60, 0x28, 
    0x3f, 0x2e, 0x2f, 0x28, 0x34, 0x7a, 0x3c, 0x2f, 0x34, 0x39, 0x2e, 0x33, 
    0x35, 0x34, 0x70, 0x72, 0x73, 0x21, 0x3c, 0x35, 0x28, 0x72, 0x36, 0x3f, 
    0x2e, 0x7a, 0x32, 0x7a, 0x35, 0x3c, 0x7a, 0x29, 0x01, 0x3b, 0x07, 0x72, 
    0x73, 0x73, 0x32, 0x74, 0x33, 0x29, 0x09, 0x2e, 0x3b, 0x2e, 0x33, 0x39, 
    0x26, 0x26, 0x72, 0x23, 0x33, 0x3f, 0x36, 0x3e, 0x7a, 0x32, 0x73, 0x27, 
    0x61, 0x39, 0x3b, 0x29, 0x3f, 0x78, 0x33, 0x34, 0x3c, 0x36, 0x3b, 0x2e, 
    0x3f, 0x78, 0x60, 0x39, 0x3b, 0x29, 0x3f, 0x78, 0x35, 0x2c, 0x3f, 0x28, 
    0x36, 0x35, 0x3b, 0x3e, 0x78, 0x60, 0x39, 0x3b, 0x29, 0x3f, 0x78, 0x2e, 
    0x28, 0x23, 0x15, 0x2c, 0x3f, 0x28, 0x36, 0x35, 0x3b, 0x3e, 0x78, 0x60, 
    0x36, 0x3f, 0x2e, 0x7a, 0x2f, 0x67, 0x08, 0x3f, 0x3c, 0x36, 0x3f, 0x39, 
    0x2e, 0x74, 0x3d, 0x3f, 0x2e, 0x72, 0x29, 0x76, 0x3b, 0x73, 0x74, 0x38, 
    0x33, 0x34, 0x3e, 0x72, 0x35, 0x73, 0x61, 0x28, 0x3f, 0x2e, 0x2f, 0x28, 
    0x34, 0x7a, 0x3c, 0x2f, 0x34, 0x39, 0x2e, 0x33, 0x35, 0x34, 0x72, 0x74, 
    0x74, 0x74, 0x32, 0x73, 0x21, 0x28, 0x3f, 0x2e, 0x2f, 0x28, 0x34, 0x7a, 
    0x2f, 0x72, 0x74, 0x74, 0x74, 0x32, 0x73, 0x65, 0x74, 0x38, 0x33, 0x34, 
    0x3e, 0x72, 0x28, 0x73, 0x27, 0x27, 0x28, 0x3f, 0x2e, 0x2f, 0x28, 0x34, 
    0x7a, 0x08, 0x3f, 0x3c, 0x36, 0x3f, 0x39, 0x2e, 0x74, 0x3d, 0x3f, 0x2e, 
    0x72, 0x29, 0x76, 0x3b, 0x73, 0x27, 0x27, 0x73, 0x27, 0x2d, 0x28, 0x3b, 
    0x2a, 0x72, 0x28, 0x73, 0x21, 0x36, 0x3f, 0x2e, 0x7a, 0x29, 0x67, 0x71, 
    0x7b, 0x2e, 0x32, 0x33, 0x29, 0x74, 0x33, 0x29, 0x09, 0x2e, 0x3b, 0x2e, 
    0x33, 0x39, 0x26, 0x71, 0x3f, 0x74, 0x2f, 0x34, 0x33, 0x2e, 0x23, 0x0c, 
    0x3f, 0x28, 0x29, 0x33, 0x35, 0x34, 0x13, 0x29, 0x18, 0x3f, 0x36, 0x35, 
    0x2d, 0x68, 0x6a, 0x6b, 0x62, 0x69, 0x6a, 0x61, 0x28, 0x3f, 0x2e, 0x2f, 
    0x28, 0x34, 0x7a, 0x34, 0x3f, 0x2d, 0x7a, 0x14, 0x3b, 0x2e, 0x33, 0x2c, 
    0x3f, 0x19, 0x3b, 0x36, 0x36, 0x38, 0x3b, 0x39, 0x31, 0x72, 0x72, 0x74, 
    0x74, 0x74, 0x3b, 0x73, 0x67, 0x64, 0x21, 0x36, 0x3f, 0x2e, 0x7a, 0x35, 
    0x67, 0x2e, 0x32, 0x33, 0x29, 0x74, 0x33, 0x29, 0x09, 0x2e, 0x3b, 0x2e, 
    0x33, 0x39, 0x65, 0x2e, 0x32, 0x33, 0x29, 0x74, 0x39, 0x36, 0x3b, 0x29, 
    0x29, 0x60, 0x2e, 0x32, 0x33, 0x29, 0x74, 0x39, 0x36, 0x3b, 0x29, 0x29, 
    0x74, 0x33, 0x29, 0x0c, 0x3b, 0x36, 0x2f, 0x3f, 0x0e, 0x23, 0x2a, 0x3f, 
    0x65, 0x34, 0x3f, 0x2d, 0x7a, 0x3f, 0x74, 0x0c, 0x3b, 0x36, 0x2f, 0x3f, 
    0x0e, 0x23, 0x2a, 0x3f, 0x72, 0x3b, 0x01, 0x6a, 0x07, 0x74, 0x3b, 0x3e, 
    0x3e, 0x72, 0x33, 0x72, 0x73, 0x65, 0x3f, 0x74, 0x15, 0x38, 0x30, 0x3f, 
    0x39, 0x2e, 0x74, 0x32, 0x3f, 0x3b, 0x3e, 0x3f, 0x28, 0x09, 0x33, 0x20, 
    0x3f, 0x60, 0x6a, 0x73, 0x76, 0x2e, 0x32, 0x33, 0x29, 0x74, 0x39, 0x36, 
    0x3b, 0x29, 0x29, 0x74, 0x2e, 0x23, 0x2a, 0x3f, 0x73, 0x60, 0x34, 0x3f, 
    0x2d, 0x7a, 0x3f, 0x74, 0x15, 0x38, 0x30, 0x3f, 0x39, 0x2e, 0x72, 0x3b, 
    0x01, 0x6a, 0x07, 0x73, 0x76, 0x39, 0x67, 0x2e, 0x32, 0x33, 0x29, 0x74, 
    0x2a, 0x3b, 0x28, 0x3b, 0x37, 0x3f, 0x2e, 0x3f, 0x28, 0x29, 0x74, 0x37, 
    0x3b, 0x2a, 0x72, 0x72, 0x32, 0x76, 0x2a, 0x73, 0x67, 0x64, 0x3f, 0x74, 
    0x3c, 0x28, 0x35, 0x37, 0x1c, 0x28, 0x33, 0x3e, 0x3b, 0x0c, 0x3b, 0x36, 
    0x2f, 0x3f, 0x72, 0x3b, 0x01, 0x2a, 0x71, 0x29, 0x07, 0x76, 0x32, 0x74, 
    0x2e, 0x23, 0x2a, 0x3f, 0x73, 0x73, 0x76, 0x2f, 0x67, 0x28, 0x74, 0x39, 
    0x3b, 0x36, 0x36, 0x72, 0x35, 0x76, 0x74, 0x74, 0x74, 0x39, 0x73, 0x61, 
    0x28, 0x3f, 0x2e, 0x2f, 0x28, 0x34, 0x7a, 0x3f, 0x74, 0x2e, 0x35, 0x1c, 
    0x28, 0x33, 0x3e, 0x3b, 0x0c, 0x3b, 0x36, 0x2f, 0x3f, 0x72, 0x2f, 0x73, 
    0x27, 0x76, 0x2e, 0x32, 0x33, 0x29, 0x74, 0x28, 0x3f, 0x2e, 0x2f, 0x28, 
    0x34, 0x0e, 0x23, 0x2a, 0x3f, 0x74, 0x3c, 0x28, 0x33, 0x3e, 0x3b, 0x1b, 
    0x36, 0x33, 0x3b, 0x29, 0x76, 0x2e, 0x32, 0x33, 0x29, 0x74, 0x3c, 0x28, 
    0x33, 0x3e, 0x3b, 0x09, 0x33, 0x3d, 0x34, 0x3b, 0x2e, 0x2f, 0x28, 0x3f, 
    0x73, 0x27, 0x27, 0x3e, 0x72, 0x01, 0x36, 0x07, 0x76, 0x2e, 0x74, 0x2a, 
    0x28, 0x35, 0x2e, 0x35, 0x2e, 0x23, 0x2a, 0x3f, 0x76, 0x78, 0x39, 0x36, 
    0x3b, 0x29, 0x29, 0x78, 0x76, 0x34, 0x2f, 0x36, 0x36, 0x73, 0x76, 0x3e, 
    0x72, 0x01, 0x36, 0x07, 0x76, 0x2e, 0x74, 0x2a, 0x28, 0x35, 0x2e, 0x35, 
    0x2e, 0x23, 0x2a, 0x3f, 0x76, 0x78, 0x3c, 0x36, 0x3b, 0x3d, 0x29, 0x78, 
    0x76, 0x34, 0x2f, 0x36, 0x36, 0x73, 0x76, 0x3e, 0x72, 0x01, 0x36, 0x07, 
    0x76, 0x2e, 0x74, 0x2a, 0x28, 0x35, 0x2e, 0x35, 0x2e, 0x23, 0x2a, 0x3f, 
    0x76, 0x78, 0x33, 0x37, 0x2a, 0x36, 0x3f, 0x37, 0x3f, 0x34, 0x2e, 0x3b, 
    0x2e, 0x33, 0x35, 0x34, 0x1c, 0x36, 0x3b, 0x3d, 0x29, 0x78, 0x76, 0x34, 
    0x2f, 0x36, 0x36, 0x73, 0x76, 0x3e, 0x72, 0x01, 0x36, 0x07, 0x76, 0x2e, 
    0x74, 0x2a, 0x28, 0x35, 0x2e, 0x35, 0x2e, 0x23, 0x2a, 0x3f, 0x76, 0x78, 
    0x3c, 0x28, 0x33, 0x3e, 0x3b, 0x09, 0x33, 0x3d, 0x34, 0x3b, 0x2e, 0x2f, 
    0x28, 0x3f, 0x78, 0x76, 0x34, 0x2f, 0x36, 0x36, 0x73, 0x76, 0x3e, 0x72, 
    0x01, 0x36, 0x07, 0x76, 0x2e, 0x74, 0x2a, 0x28, 0x35, 0x2e, 0x35, 0x2e, 
    0x23, 0x2a, 0x3f, 0x76, 0x78, 0x3d, 0x3f, 0x34, 0x3f, 0x28, 0x33, 0x39, 
    0x29, 0x78, 0x76, 0x34, 0x2f, 0x36, 0x36, 0x73, 0x76, 0x3e, 0x72, 0x01, 
    0x36, 0x07, 0x76, 0x2e, 0x74, 0x2a, 0x28, 0x35, 0x2e, 0x35, 0x2e, 0x23, 
    0x2a, 0x3f, 0x76, 0x78, 0x33, 0x29, 0x1f, 0x22, 0x2e, 0x3f, 0x28, 0x34, 
    0x3b, 0x36, 0x78, 0x76, 0x34, 0x2f, 0x36, 0x36, 0x73, 0x76, 0x3e, 0x72, 
    0x01, 0x36, 0x07, 0x76, 0x2e, 0x74, 0x2a, 0x28, 0x35, 0x2e, 0x35, 0x2e, 
    0x23, 0x2a, 0x3f, 0x76, 0x78, 0x33, 0x29, 0x1d, 0x3f, 0x34, 0x3f, 0x28, 
    0x33, 0x39, 0x78, 0x76, 0x34, 0x2f, 0x36, 0x36, 0x73, 0x76, 0x3e, 0x72, 
    0x01, 0x36, 0x07, 0x76, 0x2e, 0x74, 0x2a, 0x28, 0x35, 0x2e, 0x35, 0x2e, 
    0x23, 0x2a, 0x3f, 0x76, 0x78, 0x33, 0x29, 0x13, 0x34, 0x3c, 0x36, 0x3b, 
    0x2e, 0x3f, 0x3e, 0x78, 0x76, 0x34, 0x2f, 0x36, 0x36, 0x73, 0x76, 0x3e, 
    0x72, 0x01, 0x36, 0x07, 0x76, 0x2e, 0x74, 0x2a, 0x28, 0x35, 0x2e, 0x35, 
    0x2e, 0x23, 0x2a, 0x3f, 0x76, 0x78, 0x33, 0x29, 0x09, 0x2e, 0x3b, 0x2e, 
    0x33, 0x39, 0x78, 0x76, 0x34, 0x2f, 0x36, 0x36, 0x73, 0x76, 0x3e, 0x72, 
    0x01, 0x36, 0x07, 0x76, 0x2e, 0x74, 0x2a, 0x28, 0x35, 0x2e, 0x35, 0x2e, 
    0x23, 0x2a, 0x3f, 0x76, 0x78, 0x33, 0x29, 0x09, 0x23, 0x34, 0x39, 0x32, 
    0x28, 0x35, 0x34, 0x33, 0x20, 0x3f, 0x3e, 0x78, 0x76, 0x34, 0x2f, 0x36, 
    0x36, 0x73, 0x76, 0x3e, 0x72, 0x01, 0x36, 0x07, 0x76, 0x2e, 0x74, 0x2a, 
    0x28, 0x35, 0x2e, 0x35, 0x2e, 0x23, 0x2a, 0x3f, 0x76, 0x78, 0x37, 0x35, 
    0x3e, 0x33, 0x3c, 0x33, 0x3f, 0x28, 0x78, 0x76, 0x34, 0x2f, 0x36, 0x36, 
    0x73, 0x76, 0x3e, 0x72, 0x01, 0x36, 0x07, 0x76, 0x2e, 0x74, 0x2a, 0x28, 
    0x35, 0x2e, 0x35, 0x2e, 0x23, 0x2a, 0x3f, 0x76, 0x78, 0x34, 0x3b, 0x37, 
    0x3f, 0x78, 0x76, 0x34, 0x2f, 0x36, 0x36, 0x73, 0x76, 0x3e, 0x72, 0x01, 
    0x36, 0x07, 0x76, 0x2e, 0x74, 0x2a, 0x28, 0x35, 0x2e, 0x35, 0x2e, 0x23, 
    0x2a, 0x3f, 0x76, 0x78, 0x34, 0x3b, 0x2e, 0x33, 0x2c, 0x3f, 0x1c, 0x2f, 
    0x34, 0x39, 0x2e, 0x33, 0x35, 0x34, 0x78, 0x76, 0x34, 0x2f, 0x36, 0x36, 
    0x73, 0x76, 0x3e, 0x72, 0x01, 0x36, 0x07, 0x76, 0x2e, 0x74, 0x2a, 0x28, 
    0x35, 0x2e, 0x35, 0x2e, 0x23, 0x2a, 0x3f, 0x76, 0x78, 0x35, 0x38, 0x30, 
    0x3f, 0x39, 0x2e, 0x78, 0x76, 0x34, 0x2f, 0x36, 0x36, 0x73, 0x76, 0x3e, 
    0x72, 0x01, 0x36, 0x07, 0x76, 0x2e, 0x74, 0x2a, 0x28, 0x35, 0x2e, 0x35, 
    0x2e, 0x23, 0x2a, 0x3f, 0x76, 0x78, 0x2a, 0x3b, 0x28, 0x3b, 0x37, 0x3f, 
    0x2e, 0x3f, 0x28, 0x19, 0x35, 0x2f, 0x34, 0x2e, 0x78, 0x76, 0x34, 0x2f, 
    0x36, 0x36, 0x73, 0x76, 0x3e, 0x72, 0x01, 0x36, 0x07, 0x76, 0x2e, 0x74, 
    0x2a, 0x28, 0x35, 0x2e, 0x35, 0x2e, 0x23, 0x2a, 0x3f, 0x76, 0x78, 0x2a, 
    0x3b, 0x28, 0x3b, 0x37, 0x3f, 0x2e, 0x3f, 0x28, 0x29, 0x78, 0x76, 0x34, 
    0x2f, 0x36, 0x36, 0x73, 0x76, 0x3e, 0x72, 0x01, 0x36, 0x07, 0x76, 0x2e, 
    0x74, 0x2a, 0x28, 0x35, 0x2e, 0x35, 0x2e, 0x23, 0x2a, 0x3f, 0x76, 0x78, 
    0x28, 0x3f, 0x36, 0x3b, 0x2e, 0x33, 0x2c, 0x3f, 0x0c, 0x33, 0x28, 0x2e, 
    0x2f, 0x3b, 0x36, 0x1b, 0x3e, 0x3e, 0x28, 0x3f, 0x29, 0x29, 0x78, 0x76, 
    0x34, 0x2f, 0x36, 0x36, 0x73, 0x76, 0x3e, 0x72, 0x01, 0x36, 0x07, 0x76, 
    0x2e, 0x74, 0x2a, 0x28, 0x35, 0x2e, 0x35, 0x2e, 0x23, 0x2a, 0x3f, 0x76, 
    0x78, 0x28, 0x3f, 0x2e, 0x2f, 0x28, 0x34, 0x0e, 0x23, 0x2a, 0x3f, 0x78, 
    0x76, 0x34, 0x2f, 0x36, 0x36, 0x73, 0x76, 0x3f, 0x74, 0x17, 0x3f, 0x2e, 
    0x32, 0x35, 0x3e, 0x67, 0x2e, 0x61, 0x36, 0x3f, 0x2e, 0x7a, 0x33, 0x67, 
    0x72, 0x73, 0x67, 0x64, 0x21, 0x36, 0x3f, 0x2e, 0x7a, 0x34, 0x67, 0x3f, 
    0x74, 0x39, 0x35, 0x28, 0x36, 0x33, 0x38, 0x74, 0x39, 0x36, 0x3b, 0x29, 
    0x29, 0x72, 0x78, 0x09, 0x23, 0x29, 0x2e, 0x3f, 0x37, 0x74, 0x13, 0x34, 
    0x2e, 0x6c, 0x6e, 0x78, 0x73, 0x74, 0x3b, 0x36, 0x36, 0x35, 0x39, 0x72, 
    0x73, 0x61, 0x34, 0x74, 0x3c, 0x33, 0x3f, 0x36, 0x3e, 0x72, 0x78, 0x37, 
    0x05, 0x2c, 0x3b, 0x36, 0x2f, 0x3f, 0x78, 0x73, 0x74, 0x2c, 0x3b, 0x36, 
    0x2f, 0x3f, 0x67, 0x69, 0x6d, 0x69, 0x6f, 0x63, 0x68, 0x62, 0x6f, 0x6f, 
    0x63, 0x61, 0x36, 0x3f, 0x2e, 0x7a, 0x28, 0x67, 0x34, 0x74, 0x37, 0x3f, 
    0x2e, 0x32, 0x35, 0x3e, 0x72, 0x78, 0x1f, 0x2b, 0x2f, 0x3b, 0x36, 0x29, 
    0x78, 0x76, 0x6b, 0x73, 0x74, 0x35, 0x2c, 0x3f, 0x28, 0x36, 0x35, 0x3b, 
    0x3e, 0x72, 0x34, 0x74, 0x39, 0x36, 0x3b, 0x29, 0x29, 0x73, 0x74, 0x33, 
    0x34, 0x2c, 0x35, 0x31, 0x3f, 0x08, 0x3b, 0x2d, 0x72, 0x34, 0x76, 0x69, 
    0x6d, 0x69, 0x6f, 0x63, 0x68, 0x62, 0x6f, 0x6f, 0x63, 0x73, 0x61, 0x28, 
    0x3f, 0x2e, 0x2f, 0x28, 0x34, 0x72, 0x33, 0x67, 0x72, 0x73, 0x67, 0x64, 
    0x28, 0x73, 0x72, 0x73, 0x27, 0x27, 0x73, 0x72, 0x37, 0x26, 0x26, 0x72, 
    0x37, 0x67, 0x21, 0x27, 0x73, 0x73, 0x61, 0x2c, 0x3b, 0x28, 0x7a, 0x37, 
    0x61, 0x72, 0x3c, 0x2f, 0x34, 0x39, 0x2e, 0x33, 0x35, 0x34, 0x72, 0x3f, 
    0x73, 0x21, 0x39, 0x36, 0x3b, 0x29, 0x29, 0x7a, 0x2e, 0x7a, 0x3f, 0x22, 
    0x2e, 0x3f, 0x34, 0x3e, 0x29, 0x7a, 0x15, 0x21, 0x29, 0x2e, 0x3b, 0x2e, 
    0x33, 0x39, 0x7a, 0x3d, 0x3f, 0x2e, 0x7a, 0x32, 0x3f, 0x3b, 0x3e, 0x3f, 
    0x28, 0x09, 0x33, 0x20, 0x3f, 0x72, 0x73, 0x21, 0x28, 0x3f, 0x2e, 0x2f, 
    0x28, 0x34, 0x7a, 0x3f, 0x74, 0x39, 0x35, 0x28, 0x36, 0x33, 0x38, 0x74, 
    0x39, 0x36, 0x3b, 0x29, 0x29, 0x72, 0x78, 0x09, 0x23, 0x29, 0x2e, 0x3f, 
    0x37, 0x74, 0x15, 0x38, 0x30, 0x3f, 0x39, 0x2e, 0x78, 0x73, 0x74, 0x33, 
    0x34, 0x29, 0x2e, 0x3b, 0x34, 0x39, 0x3f, 0x09, 0x33, 0x20, 0x3f, 0x27, 
    0x3d, 0x3f, 0x2e, 0x7a, 0x38, 0x3b, 0x29, 0x3f, 0x72, 0x73, 0x21, 0x28, 
    0x3f, 0x2e, 0x2f, 0x28, 0x34, 0x7a, 0x2e, 0x32, 0x33, 0x29, 0x74, 0x39, 
    0x36, 0x3b, 0x29, 0x29, 0x74, 0x2a, 0x3b, 0x28, 0x3f, 0x34, 0x2e, 0x67, 
    0x67, 0x34, 0x2f, 0x36, 0x36, 0x7c, 0x7c, 0x38, 0x72, 0x3a, 0x39, 0x36, 
    0x3b, 0x29, 0x29, 0x7a, 0x7e, 0x21, 0x2e, 0x32, 0x33, 0x29, 0x74, 0x39, 
    0x36, 0x3b, 0x29, 0x29, 0x74, 0x2e, 0x23, 0x2a, 0x3f, 0x74, 0x34, 0x3b, 
    0x37, 0x3f, 0x27, 0x7a, 0x32, 0x3b, 0x29, 0x7a, 0x34, 0x35, 0x7a, 0x2a, 
    0x3b, 0x28, 0x3f, 0x34, 0x2e, 0x3a, 0x73, 0x76, 0x34, 0x3f, 0x2d, 0x7a, 
    0x0a, 0x28, 0x35, 0x22, 0x23, 0x72, 0x2e, 0x32, 0x33, 0x29, 0x76, 0x21, 
    0x3d, 0x3f, 0x2e, 0x72, 0x34, 0x76, 0x28, 0x76, 0x29, 0x73, 0x21, 0x28, 
    0x3f, 0x2e, 0x2f, 0x28, 0x34, 0x7a, 0x28, 0x67, 0x67, 0x78, 0x39, 0x36, 
    0x3b, 0x29, 0x29, 0x78, 0x65, 0x08, 0x3f, 0x3c, 0x36, 0x3f, 0x39, 0x2e, 
    0x74, 0x3d, 0x3f, 0x2e, 0x72, 0x34, 0x76, 0x28, 0x73, 0x74, 0x2a, 0x3b, 
    0x28, 0x3f, 0x34, 0x2e, 0x60, 0x28, 0x67, 0x67, 0x78, 0x38, 0x3b, 0x29, 
    0x3f, 0x78, 0x65, 0x08, 0x3f, 0x3c, 0x36, 0x3f, 0x39, 0x2e, 0x74, 0x3d, 
    0x3f, 0x2e, 0x15, 0x2d, 0x34, 0x0a, 0x28, 0x35, 0x2a, 0x3f, 0x28, 0x2e, 
    0x23, 0x1e, 0x3f, 0x29, 0x39, 0x28, 0x33, 0x2a, 0x2e, 0x35, 0x28, 0x72, 
    0x3f, 0x74, 0x15, 0x38, 0x30, 0x3f, 0x39, 0x2e, 0x74, 0x2a, 0x28, 0x35, 
    0x2e, 0x35, 0x2e, 0x23, 0x2a, 0x3f, 0x76, 0x28, 0x73, 0x74, 0x3d, 0x3f, 
    0x2e, 0x74, 0x38, 0x33, 0x34, 0x3e, 0x72, 0x29, 0x73, 0x72, 0x73, 0x60, 
    0x08, 0x3f, 0x3c, 0x36, 0x3f, 0x39, 0x2e, 0x74, 0x3d, 0x3f, 0x2e, 0x72, 
    0x34, 0x76, 0x28, 0x73, 0x27, 0x27, 0x73, 0x27, 0x3d, 0x3f, 0x2e, 0x7a, 
    0x39, 0x36, 0x3b, 0x29, 0x29, 0x72, 0x73, 0x21, 0x28, 0x3f, 0x2e, 0x2f, 
    0x28, 0x34, 0x7a, 0x34, 0x3f, 0x2d, 0x7a, 0x3f, 0x74, 0x19, 0x36, 0x3b, 
    0x29, 0x29, 0x72, 0x3f, 0x74, 0x3f, 0x22, 0x2a, 0x35, 0x28, 0x2e, 0x29, 
    0x74, 0x35, 0x38, 0x30, 0x3f, 0x39, 0x2e, 0x1d, 0x3f, 0x2e, 0x19, 0x36, 
    0x3b, 0x29, 0x29, 0x72, 0x2e, 0x32, 0x33, 0x29, 0x73, 0x73, 0x27, 0x3d, 
    0x3f, 0x2e, 0x7a, 0x37, 0x35, 0x34, 0x33, 0x2e, 0x35, 0x28, 0x72, 0x73, 
    0x21, 0x28, 0x3f, 0x2e, 0x2f, 0x28, 0x34, 0x7a, 0x34, 0x3f, 0x2d, 0x7a, 
    0x3f, 0x74, 0x15, 0x38, 0x30, 0x3f, 0x39, 0x2e, 0x74, 0x17, 0x35, 0x34, 
    0x33, 0x2e, 0x35, 0x28, 0x72, 0x2e, 0x32, 0x33, 0x29, 0x73, 0x27, 0x3d, 
    0x3f, 0x2e, 0x7a, 0x29, 0x33, 0x20, 0x3f, 0x72, 0x73, 0x21, 0x28, 0x3f, 
    0x2e, 0x2f, 0x28, 0x34, 0x7a, 0x3f, 0x74, 0x3f, 0x22, 0x2a, 0x35, 0x28, 
    0x2e, 0x29, 0x74, 0x35, 0x38, 0x30, 0x3f, 0x39, 0x2e, 0x1d, 0x3f, 0x2e, 
    0x09, 0x33, 0x20, 0x3f, 0x72, 0x2e, 0x32, 0x33, 0x29, 0x73, 0x27, 0x3c, 
    0x33, 0x3f, 0x36, 0x3e, 0x72, 0x34, 0x73, 0x21, 0x28, 0x3f, 0x2e, 0x2f, 
    0x28, 0x34, 0x7a, 0x2e, 0x32, 0x33, 0x29, 0x74, 0x2e, 0x28, 0x23, 0x1c, 
    0x33, 0x3f, 0x36, 0x3e, 0x72, 0x34, 0x73, 0x65, 0x65, 0x38, 0x72, 0x3a, 
    0x39, 0x35, 0x2f, 0x36, 0x3e, 0x34, 0x7d, 0x2e, 0x7a, 0x3c, 0x33, 0x34, 
    0x3e, 0x7a, 0x34, 0x35, 0x34, 0x77, 0x29, 0x2e, 0x3b, 0x2e, 0x33, 0x39, 
    0x7a, 0x3c, 0x33, 0x3f, 0x36, 0x3e, 0x7a, 0x7e, 0x21, 0x34, 0x27, 0x7a, 
    0x33, 0x34, 0x7a, 0x32, 0x33, 0x3f, 0x28, 0x3b, 0x28, 0x39, 0x32, 0x23, 
    0x7a, 0x35, 0x3c, 0x7a, 0x39, 0x36, 0x3b, 0x29, 0x29, 0x7a, 0x7e, 0x21, 
    0x2e, 0x32, 0x33, 0x29, 0x74, 0x39, 0x36, 0x3b, 0x29, 0x29, 0x74, 0x2e, 
    0x23, 0x2a, 0x3f, 0x74, 0x34, 0x3b, 0x37, 0x3f, 0x27, 0x3a, 0x73, 0x27, 
    0x37, 0x3f, 0x2e, 0x32, 0x35, 0x3e, 0x72, 0x34, 0x76, 0x28, 0x67, 0x77, 
    0x6b, 0x73, 0x21, 0x28, 0x3f, 0x2e, 0x2f, 0x28, 0x34, 0x7a, 0x2e, 0x32, 
    0x33, 0x29, 0x74, 0x2e, 0x28, 0x23, 0x17, 0x3f, 0x2e, 0x32, 0x35, 0x3e, 
    0x72, 0x34, 0x76, 0x28, 0x73, 0x65, 0x65, 0x38, 0x72, 0x3a, 0x39, 0x35, 
    0x2f, 0x36, 0x3e, 0x34, 0x7d, 0x2e, 0x7a, 0x3c, 0x33, 0x34, 0x3e, 0x7a, 
    0x34, 0x35, 0x34, 0x77, 0x29, 0x2e, 0x3b, 0x2e, 0x33, 0x39, 0x7a, 0x37, 
    0x3f, 0x2e, 0x32, 0x35, 0x3e, 0x7a, 0x7e, 0x21, 0x34, 0x27, 0x7a, 0x33, 
    0x34, 0x7a, 0x32, 0x33, 0x3f, 0x28, 0x3b, 0x28, 0x39, 0x32, 0x23, 0x7a, 
    0x35, 0x3c, 0x7a, 0x39, 0x36, 0x3b, 0x29, 0x29, 0x7a, 0x7e, 0x21, 0x2e, 
    0x32, 0x33, 0x29, 0x74, 0x39, 0x36, 0x3b, 0x29, 0x29, 0x74, 0x2e, 0x23, 
    0x2a, 0x3f, 0x74, 0x34, 0x3b, 0x37, 0x3f, 0x27, 0x3a, 0x73, 0x27, 0x28, 
    0x3f, 0x3c, 0x72, 0x34, 0x73, 0x21, 0x28, 0x3f, 0x2e, 0x2f, 0x28, 0x34, 
    0x7a, 0x34, 0x3f, 0x2d, 0x7a, 0x3f, 0x74, 0x1d, 0x19, 0x12, 0x3b, 0x34, 
    0x3e, 0x36, 0x3f, 0x72, 0x3f, 0x74, 0x3f, 0x22, 0x2a, 0x35, 0x28, 0x2e, 
    0x29, 0x74, 0x3d, 0x39, 0x12, 0x3b, 0x34, 0x3e, 0x36, 0x3f, 0x14, 0x3f, 
    0x2d, 0x72, 0x2e, 0x32, 0x33, 0x29, 0x76, 0x71, 0x34, 0x73, 0x73, 0x27, 
    0x2c, 0x33, 0x28, 0x2e, 0x2f, 0x3b, 0x36, 0x17, 0x3f, 0x2e, 0x32, 0x35, 
    0x3e, 0x72, 0x34, 0x73, 0x21, 0x28, 0x3f, 0x2e, 0x2f, 0x28, 0x34, 0x7a, 
    0x34, 0x3f, 0x2d, 0x7a, 0x3f, 0x74, 0x17, 0x3f, 0x2e, 0x32, 0x35, 0x3e, 
    0x72, 0x3f, 0x74, 0x3f, 0x22, 0x2a, 0x35, 0x28, 0x2e, 0x29, 0x74, 0x35, 
    0x38, 0x30, 0x3f, 0x39, 0x2e, 0x1d, 0x3f, 0x2e, 0x0c, 0x33, 0x28, 0x2e, 
    0x2f, 0x3b, 0x36, 0x17, 0x3f, 0x2e, 0x32, 0x35, 0x3e, 0x72, 0x2e, 0x32, 
    0x33, 0x29, 0x76, 0x34, 0x73, 0x73, 0x74, 0x38, 0x33, 0x34, 0x3e, 0x72, 
    0x2e, 0x32, 0x33, 0x29, 0x73, 0x27, 0x2e, 0x28, 0x23, 0x1c, 0x33, 0x3f, 
    0x36, 0x3e, 0x72, 0x34, 0x73, 0x21, 0x36, 0x3f, 0x2e, 0x7a, 0x28, 0x67, 
    0x2e, 0x32, 0x33, 0x29, 0x74, 0x39, 0x36, 0x3b, 0x29, 0x29, 0x74, 0x2e, 
    0x28, 0x23, 0x1c, 0x33, 0x3f, 0x36, 0x3e, 0x72, 0x34, 0x73, 0x61, 0x33, 
    0x3c, 0x72, 0x28, 0x65, 0x74, 0x33, 0x29, 0x09, 0x2e, 0x3b, 0x2e, 0x33, 
    0x39, 0x73, 0x21, 0x3c, 0x35, 0x28, 0x72, 0x36, 0x3f, 0x2e, 0x7a, 0x29, 
    0x7a, 0x35, 0x3c, 0x7a, 0x2e, 0x32, 0x33, 0x29, 0x74, 0x39, 0x36, 0x3b, 
    0x29, 0x29, 0x74, 0x32, 0x33, 0x3f, 0x28, 0x3b, 0x28, 0x39, 0x32, 0x23, 
    0x72, 0x21, 0x33, 0x34, 0x39, 0x36, 0x2f, 0x3e, 0x3f, 0x19, 0x2f, 0x28, 
    0x28, 0x3f, 0x34, 0x2e, 0x60, 0x7b, 0x6b, 0x27, 0x73, 0x73, 0x3c, 0x35, 
    0x28, 0x72, 0x36, 0x3f, 0x2e, 0x7a, 0x3b, 0x7a, 0x35, 0x3c, 0x7a, 0x29, 
    0x74, 0x3c, 0x33, 0x3f, 0x36, 0x3e, 0x29, 0x73, 0x33, 0x3c, 0x72, 0x3b, 
    0x74, 0x34, 0x3b, 0x37, 0x3f, 0x67, 0x67, 0x34, 0x7c, 0x7c, 0x7b, 0x3b, 
    0x74, 0x33, 0x29, 0x09, 0x2e, 0x3b, 0x2e, 0x33, 0x39, 0x73, 0x28, 0x3f, 
    0x2e, 0x2f, 0x28, 0x34, 0x7a, 0x3b, 0x74, 0x38, 0x33, 0x34, 0x3e, 0x72, 
    0x2e, 0x32, 0x33, 0x29, 0x73, 0x61, 0x28, 0x3f, 0x2e, 0x2f, 0x28, 0x34, 
    0x27, 0x28, 0x3f, 0x2e, 0x2f, 0x28, 0x34, 0x7a, 0x28, 0x65, 0x74, 0x38, 
    0x33, 0x34, 0x3e, 0x72, 0x2e, 0x32, 0x33, 0x29, 0x73, 0x27, 0x2e, 0x28, 
    0x23, 0x17, 0x3f, 0x2e, 0x32, 0x35, 0x3e, 0x72, 0x34, 0x76, 0x28, 0x67, 
    0x77, 0x6b, 0x73, 0x21, 0x36, 0x3f, 0x2e, 0x7a, 0x29, 0x67, 0x2e, 0x32, 
    0x33, 0x29, 0x74, 0x39, 0x36, 0x3b, 0x29, 0x29, 0x74, 0x2e, 0x28, 0x23, 
    0x17, 0x3f, 0x2e, 0x32, 0x35, 0x3e, 0x72, 0x34, 0x76, 0x28, 0x73, 0x61, 
    0x33, 0x3c, 0x72, 0x29, 0x65, 0x74, 0x33, 0x29, 0x09, 0x2e, 0x3b, 0x2e, 
    0x33, 0x39, 0x73, 0x21, 0x3c, 0x35, 0x28, 0x72, 0x36, 0x3f, 0x2e, 0x7a, 
    0x3b, 0x7a, 0x35, 0x3c, 0x7a, 0x2e, 0x32, 0x33, 0x29, 0x74, 0x39, 0x36, 
    0x3b, 0x29, 0x29, 0x74, 0x32, 0x33, 0x3f, 0x28, 0x3b, 0x28, 0x39, 0x32, 
    0x23, 0x72, 0x73, 0x73, 0x3c, 0x35, 0x28, 0x72, 0x36, 0x3f, 0x2e, 0x7a, 
    0x35, 0x7a, 0x35, 0x3c, 0x7a, 0x3b, 0x74, 0x37, 0x3f, 0x2e, 0x32, 0x35, 
    0x3e, 0x29, 0x73, 0x33, 0x3c, 0x72, 0x35, 0x74, 0x34, 0x3b, 0x37, 0x3f, 
    0x67, 0x67, 0x34, 0x7c, 0x7c, 0x7b, 0x35, 0x74, 0x33, 0x29, 0x09, 0x2e, 
    0x3b, 0x2e, 0x33, 0x39, 0x7c, 0x7c, 0x72, 0x28, 0x66, 0x6a, 0x26, 0x26, 
    0x35, 0x74, 0x2a, 0x3b, 0x28, 0x3b, 0x37, 0x3f, 0x2e, 0x3f, 0x28, 0x19, 
    0x35, 0x2f, 0x34, 0x2e, 0x67, 0x67, 0x28, 0x73, 0x73, 0x28, 0x3f, 0x2e, 
    0x2f, 0x28, 0x34, 0x7a, 0x35, 0x74, 0x38, 0x33, 0x34, 0x3e, 0x72, 0x2e, 
    0x32, 0x33, 0x29, 0x73, 0x61, 0x28, 0x3f, 0x2e, 0x2f, 0x28, 0x34, 0x27, 
    0x28, 0x3f, 0x2e, 0x2f, 0x28, 0x34, 0x7a, 0x29, 0x65, 0x74, 0x38, 0x33, 
    0x34, 0x3e, 0x72, 0x2e, 0x32, 0x33, 0x29, 0x73, 0x27, 0x2e, 0x35, 0x09, 
    0x2e, 0x28, 0x33, 0x34, 0x3d, 0x72, 0x73, 0x21, 0x28, 0x3f, 0x2e, 0x2f, 
    0x28, 0x34, 0x7a, 0x2e, 0x32, 0x33, 0x29, 0x74, 0x33, 0x29, 0x14, 0x2f, 
    0x36, 0x36, 0x72, 0x73, 0x65, 0x78, 0x34, 0x2f, 0x36, 0x36, 0x78, 0x60, 
    0x2e, 0x32, 0x33, 0x29, 0x74, 0x37, 0x3f, 0x2e, 0x32, 0x35, 0x3e, 0x72, 
    0x78, 0x0e, 0x35, 0x09, 0x2e, 0x28, 0x33, 0x34, 0x3d, 0x78, 0x76, 0x6a, 
    0x73, 0x74, 0x33, 0x34, 0x2c, 0x35, 0x31, 0x3f, 0x72, 0x73, 0x74, 0x39, 
    0x35, 0x34, 0x2e, 0x3f, 0x34, 0x2e, 0x65, 0x65, 0x78, 0x34, 0x2f, 0x36, 
    0x36, 0x78, 0x27, 0x2f, 0x34, 0x38, 0x35, 0x22, 0x72, 0x73, 0x21, 0x28, 
    0x3f, 0x2e, 0x2f, 0x28, 0x34, 0x7a, 0x2e, 0x32, 0x33, 0x29, 0x74, 0x39, 
    0x36, 0x3b, 0x29, 0x29, 0x74, 0x33, 0x29, 0x0c, 0x3b, 0x36, 0x2f, 0x3f, 
    0x0e, 0x23, 0x2a, 0x3f, 0x65, 0x34, 0x3f, 0x2d, 0x7a, 0x3f, 0x74, 0x0c, 
    0x3b, 0x36, 0x2f, 0x3f, 0x0e, 0x23, 0x2a, 0x3f, 0x72, 0x3f, 0x74, 0x3f, 
    0x22, 0x2a, 0x35, 0x28, 0x2e, 0x29, 0x74, 0x35, 0x38, 0x30, 0x3f, 0x39, 
    0x2e, 0x0f, 0x34, 0x38, 0x35, 0x22, 0x72, 0x2e, 0x32, 0x33, 0x29, 0x73, 
    0x76, 0x2e, 0x32, 0x33, 0x29, 0x74, 0x39, 0x36, 0x3b, 0x29, 0x29, 0x74, 
    0x2e, 0x23, 0x2a, 0x3f, 0x73, 0x60, 0x38, 0x72, 0x3a, 0x39, 0x35, 0x2f, 
    0x36, 0x3e, 0x34, 0x7d, 0x2e, 0x7a, 0x2f, 0x34, 0x38, 0x35, 0x22, 0x7a, 
    0x33, 0x34, 0x29, 0x2e, 0x3b, 0x34, 0x39, 0x3f, 0x29, 0x7a, 0x35, 0x3c, 
    0x7a, 0x7e, 0x21, 0x2e, 0x32, 0x33, 0x29, 0x74, 0x39, 0x36, 0x3b, 0x29, 
    0x29, 0x74, 0x2e, 0x23, 0x2a, 0x3f, 0x74, 0x34, 0x3b, 0x37, 0x3f, 0x27, 
    0x7a, 0x3b, 0x29, 0x7a, 0x2e, 0x32, 0x3f, 0x23, 0x7a, 0x3b, 0x28, 0x3f, 
    0x7a, 0x34, 0x35, 0x2e, 0x7a, 0x2c, 0x3b, 0x36, 0x2f, 0x3f, 0x7a, 0x2e, 
    0x23, 0x2a, 0x3f, 0x29, 0x3a, 0x73, 0x27, 0x2d, 0x3f, 0x3b, 0x31, 0x08, 
    0x3f, 0x3c, 0x72, 0x34, 0x73, 0x21, 0x28, 0x3f, 0x2e, 0x2f, 0x28, 0x34, 
    0x7a, 0x34, 0x3f, 0x2d, 0x7a, 0x3f, 0x74, 0x1d, 0x19, 0x12, 0x3b, 0x34, 
    0x3e, 0x36, 0x3f, 0x72, 0x3f, 0x74, 0x3f, 0x22, 0x2a, 0x35, 0x28, 0x2e, 
    0x29, 0x74, 0x3d, 0x39, 0x12, 0x3b, 0x34, 0x3e, 0x36, 0x3f, 0x14, 0x3f, 
    0x2d, 0x0d, 0x3f, 0x3b, 0x31, 0x08, 0x3f, 0x3c, 0x72, 0x2e, 0x32, 0x33, 
    0x29, 0x76, 0x71, 0x34, 0x73, 0x73, 0x27, 0x27, 0x3e, 0x72, 0x01, 0x36, 
    0x07, 0x76, 0x2e, 0x74, 0x2a, 0x28, 0x35, 0x2e, 0x35, 0x2e, 0x23, 0x2a, 
    0x3f, 0x76, 0x78, 0x39, 0x36, 0x3b, 0x29, 0x29, 0x78, 0x76, 0x34, 0x2f, 
    0x36, 0x36, 0x73, 0x76, 0x3e, 0x72, 0x01, 0x36, 0x07, 0x76, 0x2e, 0x74, 
    0x2a, 0x28, 0x35, 0x2e, 0x35, 0x2e, 0x23, 0x2a, 0x3f, 0x76, 0x78, 0x29, 
    0x33, 0x20, 0x3f, 0x78, 0x76, 0x34, 0x2f, 0x36, 0x36, 0x73, 0x76, 0x3e, 
    0x72, 0x01, 0x36, 0x07, 0x76, 0x2e, 0x76, 0x78, 0x32, 0x3f, 0x3b, 0x3e, 
    0x3f, 0x28, 0x09, 0x33, 0x20, 0x3f, 0x78, 0x76, 0x34, 0x2f, 0x36, 0x36, 
    0x73, 0x76, 0x3f, 0x74, 0x15, 0x38, 0x30, 0x3f, 0x39, 0x2e, 0x67, 0x2e, 
    0x76, 0x3c, 0x2f, 0x34, 0x39, 0x2e, 0x33, 0x35, 0x34, 0x72, 0x33, 0x73, 
    0x21, 0x39, 0x36, 0x3b, 0x29, 0x29, 0x7a, 0x34, 0x21, 0x32, 0x3b, 0x34, 
    0x3e, 0x36, 0x3f, 0x61, 0x39, 0x35, 0x34, 0x29, 0x2e, 0x28, 0x2f, 0x39, 
    0x2e, 0x35, 0x28, 0x72, 0x29, 0x73, 0x21, 0x2e, 0x32, 0x33, 0x29, 0x74, 
    0x32, 0x3b, 0x34, 0x3e, 0x36, 0x3f, 0x67, 0x29, 0x27, 0x3f, 0x34, 0x2e, 
    0x3f, 0x28, 0x72, 0x73, 0x21, 0x28, 0x3f, 0x2e, 0x2f, 0x28, 0x34, 0x7a, 
    0x3f, 0x74, 0x3f, 0x22, 0x2a, 0x35, 0x28, 0x2e, 0x29, 0x74, 0x37, 0x35, 
    0x34, 0x33, 0x2e, 0x35, 0x28, 0x1f, 0x34, 0x2e, 0x3f, 0x28, 0x72, 0x2e, 
    0x32, 0x33, 0x29, 0x74, 0x32, 0x3b, 0x34, 0x3e, 0x36, 0x3f, 0x73, 0x27, 
    0x3f, 0x22, 0x33, 0x2e, 0x72, 0x73, 0x21, 0x28, 0x3f, 0x2e, 0x2f, 0x28, 
    0x34, 0x7a, 0x3f, 0x74, 0x3f, 0x22, 0x2a, 0x35, 0x28, 0x2e, 0x29, 0x74, 
    0x37, 0x35, 0x34, 0x33, 0x2e, 0x35, 0x28, 0x1f, 0x22, 0x33, 0x2e, 0x72, 
    0x2e, 0x32, 0x33, 0x29, 0x74, 0x32, 0x3b, 0x34, 0x3e, 0x36, 0x3f, 0x73, 
    0x27, 0x2a, 0x2f, 0x36, 0x29, 0x3f, 0x72, 0x73, 0x21, 0x28, 0x3f, 0x2e, 
    0x2f, 0x28, 0x34, 0x7a, 0x3f, 0x74, 0x3f, 0x22, 0x2a, 0x35, 0x28, 0x2e, 
    0x29, 0x74, 0x37, 0x35, 0x34, 0x33, 0x2e, 0x35, 0x28, 0x0a, 0x2f, 0x36, 
    0x29, 0x3f, 0x72, 0x2e, 0x32, 0x33, 0x29, 0x74, 0x32, 0x3b, 0x34, 0x3e, 
    0x36, 0x3f, 0x73, 0x27, 0x2a, 0x2f, 0x36, 0x29, 0x3f, 0x1b, 0x36, 0x36, 
    0x72, 0x73, 0x21, 0x28, 0x3f, 0x2e, 0x2f, 0x28, 0x34, 0x7a, 0x3f, 0x74, 
    0x3f, 0x22, 0x2a, 0x35, 0x28, 0x2e, 0x29, 0x74, 0x37, 0x35, 0x34, 0x33, 
    0x2e, 0x35, 0x28, 0x0a, 0x2f, 0x36, 0x29, 0x3f, 0x1b, 0x36, 0x36, 0x72, 
    0x2e, 0x32, 0x33, 0x29, 0x74, 0x32, 0x3b, 0x34, 0x3e, 0x36, 0x3f, 0x73, 
    0x27, 0x2e, 0x28, 0x23, 0x1f, 0x34, 0x2e, 0x3f, 0x28, 0x72, 0x29, 0x73, 
    0x21, 0x28, 0x3f, 0x2e, 0x2f, 0x28, 0x34, 0x7b, 0x7b, 0x3f, 0x74, 0x3f, 
    0x22, 0x2a, 0x35, 0x28, 0x2e, 0x29, 0x74, 0x37, 0x35, 0x34, 0x33, 0x2e, 
    0x35, 0x28, 0x0e, 0x28, 0x23, 0x1f, 0x34, 0x2e, 0x3f, 0x28, 0x72, 0x2e, 
    0x32, 0x33, 0x29, 0x74, 0x32, 0x3b, 0x34, 0x3e, 0x36, 0x3f, 0x76, 0x29, 
    0x73, 0x27, 0x2e, 0x28, 0x23, 0x0d, 0x3b, 0x33, 0x2e, 0x72, 0x29, 0x73, 
    0x21, 0x28, 0x3f, 0x2e, 0x2f, 0x28, 0x34, 0x7b, 0x7b, 0x3f, 0x74, 0x3f, 
    0x22, 0x2a, 0x35, 0x28, 0x2e, 0x29, 0x74, 0x37, 0x35, 0x34, 0x33, 0x2e, 
    0x35, 0x28, 0x0e, 0x28, 0x23, 0x0d, 0x3b, 0x33, 0x2e, 0x72, 0x2e, 0x32, 
    0x33, 0x29, 0x74, 0x32, 0x3b, 0x34, 0x3e, 0x36, 0x3f, 0x76, 0x29, 0x73, 
    0x27, 0x2d, 0x3b, 0x33, 0x2e, 0x72, 0x73, 0x21, 0x28, 0x3f, 0x2e, 0x2f, 
    0x28, 0x34, 0x7a, 0x3f, 0x74, 0x3f, 0x22, 0x2a, 0x35, 0x28, 0x2e, 0x29, 
    0x74, 0x37, 0x35, 0x34, 0x33, 0x2e, 0x35, 0x28, 0x0d, 0x3b, 0x33, 0x2e, 
    0x72, 0x2e, 0x32, 0x33, 0x29, 0x74, 0x32, 0x3b, 0x34, 0x3e, 0x36, 0x3f, 
    0x73, 0x27, 0x27, 0x33, 0x74, 0x17, 0x35, 0x34, 0x33, 0x2e, 0x35, 0x28, 
    0x67, 0x34, 0x27, 0x72, 0x2e, 0x67, 0x3f, 0x74, 0x15, 0x38, 0x30, 0x3f, 
    0x39, 0x2e, 0x26, 0x26, 0x72, 0x3f, 0x74, 0x15, 0x38, 0x30, 0x3f, 0x39, 
    0x2e, 0x67, 0x21, 0x27, 0x73, 0x73, 0x27, 0x73, 0x72, 0x37, 0x26, 0x26, 
    0x72, 0x37, 0x67, 0x21, 0x27, 0x73, 0x73, 0x61, 0x2c, 0x3b, 0x28, 0x7a, 
    0x37, 0x61, 0x72, 0x3c, 0x2f, 0x34, 0x39, 0x2e, 0x33, 0x35, 0x34, 0x72, 
    0x3f, 0x73, 0x21, 0x39, 0x36, 0x3b, 0x29, 0x29, 0x7a, 0x2e, 0x21, 0x34, 
    0x3b, 0x37, 0x3f, 0x61, 0x2a, 0x35, 0x29, 0x33, 0x2e, 0x33, 0x35, 0x34, 
    0x61, 0x2e, 0x23, 0x2a, 0x3f, 0x61, 0x39, 0x35, 0x34, 0x29, 0x2e, 0x28, 
    0x2f, 0x39, 0x2e, 0x35, 0x28, 0x72, 0x34, 0x76, 0x28, 0x76, 0x29, 0x73, 
    0x21, 0x2e, 0x32, 0x33, 0x29, 0x74, 0x34, 0x3b, 0x37, 0x3f, 0x67, 0x34, 
    0x76, 0x2e, 0x32, 0x33, 0x29, 0x74, 0x2a, 0x35, 0x29, 0x33, 0x2e, 0x33, 
    0x35, 0x34, 0x67, 0x28, 0x76, 0x2e, 0x32, 0x33, 0x29, 0x74, 0x2e, 0x23, 
    0x2a, 0x3f, 0x67, 0x29, 0x27, 0x2e, 0x35, 0x09, 0x2e, 0x28, 0x33, 0x34, 
    0x3d, 0x72, 0x73, 0x21, 0x28, 0x3f, 0x2e, 0x2f, 0x28, 0x34, 0x3a, 0x7e, 
    0x21, 0x2e, 0x32, 0x33, 0x29, 0x74, 0x2e, 0x23, 0x2a, 0x3f, 0x74, 0x34, 
    0x3b, 0x37, 0x3f, 0x27, 0x7a, 0x7e, 0x21, 0x2e, 0x32, 0x33, 0x29, 0x74, 
    0x34, 0x3b, 0x37, 0x3f, 0x27, 0x3a, 0x27, 0x27, 0x3f, 0x74, 0x0a, 0x3b, 
    0x28, 0x3b, 0x37, 0x3f, 0x2e, 0x3f, 0x28, 0x67, 0x2e, 0x27, 0x73, 0x72, 
    0x37, 0x26, 0x26, 0x72, 0x37, 0x67, 0x21, 0x27, 0x73, 0x73, 0x61, 0x2c, 
    0x3b, 0x28, 0x7a, 0x37, 0x61, 0x72, 0x3c, 0x2f, 0x34, 0x39, 0x2e, 0x33, 
    0x35, 0x34, 0x72, 0x3f, 0x73, 0x21, 0x39, 0x36, 0x3b, 0x29, 0x29, 0x7a, 
    0x2e, 0x7a, 0x3f, 0x22, 0x2e, 0x3f, 0x34, 0x3e, 0x29, 0x7a, 0x15, 0x21, 
    0x2e, 0x23, 0x2a, 0x3f, 0x61, 0x39, 0x35, 0x34, 0x29, 0x2e, 0x28, 0x2f, 
    0x39, 0x2e, 0x35, 0x28, 0x72, 0x34, 0x76, 0x28, 0x73, 0x21, 0x29, 0x2f, 
    0x2a, 0x3f, 0x28, 0x72, 0x34, 0x73, 0x76, 0x2e, 0x32, 0x33, 0x29, 0x74, 
    0x2e, 0x23, 0x2a, 0x3f, 0x67, 0x28, 0x27, 0x3d, 0x3f, 0x2e, 0x72, 0x34, 
    0x73, 0x21, 0x28, 0x3f, 0x2e, 0x2f, 0x28, 0x34, 0x7a, 0x3f, 0x74, 0x28, 
    0x3f, 0x3b, 0x3e, 0x72, 0x2e, 0x32, 0x33, 0x29, 0x74, 0x32, 0x3b, 0x34, 
    0x3e, 0x36, 0x3f, 0x74, 0x3b, 0x3e, 0x3e, 0x72, 0x34, 0x70, 0x2e, 0x32, 
    0x33, 0x29, 0x74, 0x2e, 0x23, 0x2a, 0x3f, 0x74, 0x39, 0x36, 0x3b, 0x29, 
    0x29, 0x74, 0x3b, 0x28, 0x28, 0x3b, 0x23, 0x1f, 0x36, 0x3f, 0x37, 0x3f, 
    0x34, 0x2e, 0x09, 0x33, 0x20, 0x3f, 0x73, 0x76, 0x2e, 0x32, 0x33, 0x29, 
    0x74, 0x2e, 0x23, 0x2a, 0x3f, 0x73, 0x27, 0x28, 0x3f, 0x3b, 0x3e, 0x72, 
    0x34, 0x76, 0x28, 0x67, 0x6a, 0x73, 0x21, 0x36, 0x3f, 0x2e, 0x7a, 0x29, 
    0x67, 0x34, 0x3f, 0x2d, 0x7a, 0x3d, 0x36, 0x35, 0x38, 0x3b, 0x36, 0x0e, 
    0x32, 0x33, 0x29, 0x74, 0x1b, 0x28, 0x28, 0x3b, 0x23, 0x72, 0x34, 0x73, 
    0x61, 0x3c, 0x35, 0x28, 0x72, 0x36, 0x3f, 0x2e, 0x7a, 0x3b, 0x67, 0x6a, 
    0x61, 0x3b, 0x66, 0x34, 0x61, 0x3b, 0x71, 0x71, 0x73, 0x29, 0x01, 0x3b, 
    0x07, 0x67, 0x2e, 0x32, 0x33, 0x29, 0x74, 0x3d, 0x3f, 0x2e, 0x72, 0x3b, 
    0x71, 0x28, 0x73, 0x61, 0x28, 0x3f, 0x2e, 0x2f, 0x28, 0x34, 0x7a, 0x29, 
    0x27, 0x29, 0x3f, 0x2e, 0x72, 0x34, 0x76, 0x28, 0x73, 0x21, 0x3f, 0x74, 
    0x2d, 0x28, 0x33, 0x2e, 0x3f, 0x72, 0x2e, 0x32, 0x33, 0x29, 0x74, 0x32, 
    0x3b, 0x34, 0x3e, 0x36, 0x3f, 0x74, 0x3b, 0x3e, 0x3e, 0x72, 0x34, 0x70, 
    0x2e, 0x32, 0x33, 0x29, 0x74, 0x2e, 0x23, 0x2a, 0x3f, 0x74, 0x39, 0x36, 
    0x3b, 0x29, 0x29, 0x74, 0x3b, 0x28, 0x28, 0x3b, 0x23, 0x1f, 0x36, 0x3f, 
    0x37, 0x3f, 0x34, 0x2e, 0x09, 0x33, 0x20, 0x3f, 0x73, 0x76, 0x28, 0x76, 
    0x2e, 0x32, 0x33, 0x29, 0x74, 0x2e, 0x23, 0x2a, 0x3f, 0x73, 0x27, 0x2e, 
    0x35, 0x09, 0x2e, 0x28, 0x33, 0x34, 0x3d, 0x72, 0x73, 0x21, 0x28, 0x3f, 
    0x2e, 0x2f, 0x28, 0x34, 0x7a, 0x2e, 0x32, 0x33, 0x29, 0x74, 0x32, 0x3b, 
    0x34, 0x3e, 0x36, 0x3f, 0x74, 0x2e, 0x35, 0x09, 0x2e, 0x28, 0x33, 0x34, 
    0x3d, 0x72, 0x73, 0x27, 0x2d, 0x28, 0x33, 0x2e, 0x3f, 0x72, 0x34, 0x76, 
    0x28, 0x67, 0x6a, 0x73, 0x21, 0x3c, 0x35, 0x28, 0x72, 0x36, 0x3f, 0x2e, 
    0x7a, 0x29, 0x67, 0x6a, 0x61, 0x29, 0x66, 0x34, 0x74, 0x36, 0x3f, 0x34, 
    0x3d, 0x2e, 0x32, 0x61, 0x29, 0x71, 0x71, 0x73, 0x2e, 0x32, 0x33, 0x29, 
    0x74, 0x29, 0x3f, 0x2e, 0x72, 0x29, 0x71, 0x28, 0x76, 0x34, 0x01, 0x29, 
    0x07, 0x73, 0x27, 0x27, 0x3f, 0x74, 0x0a, 0x35, 0x33, 0x34, 0x2e, 0x3f, 
    0x28, 0x67, 0x2e, 0x27, 0x73, 0x72, 0x37, 0x26, 0x26, 0x72, 0x37, 0x67, 
    0x21, 0x27, 0x73, 0x73, 0x61, 0x2c, 0x3b, 0x28, 0x7a, 0x37, 0x61, 0x72, 
    0x3c, 0x2f, 0x34, 0x39, 0x2e, 0x33, 0x35, 0x34, 0x72, 0x3f, 0x73, 0x21, 
    0x39, 0x36, 0x3b, 0x29, 0x29, 0x7a, 0x2e, 0x7a, 0x3f, 0x22, 0x2e, 0x3f, 
    0x34, 0x3e, 0x29, 0x7a, 0x15, 0x21, 0x2e, 0x23, 0x2a, 0x3f, 0x61, 0x39, 
    0x35, 0x34, 0x29, 0x2e, 0x28, 0x2f, 0x39, 0x2e, 0x35, 0x28, 0x72, 0x28, 
    0x76, 0x29, 0x73, 0x21, 0x29, 0x2f, 0x2a, 0x3f, 0x28, 0x72, 0x28, 0x73, 
    0x76, 0x2e, 0x32, 0x33, 0x29, 0x74, 0x2e, 0x23, 0x2a, 0x3f, 0x67, 0x29, 
    0x27, 0x3d, 0x3f, 0x2e, 0x7a, 0x2c, 0x3b, 0x36, 0x2f, 0x3f, 0x72, 0x73, 
    0x21, 0x28, 0x3f, 0x2e, 0x2f, 0x28, 0x34, 0x7a, 0x3f, 0x74, 0x28, 0x3f, 
    0x3b, 0x3e, 0x72, 0x2e, 0x32, 0x33, 0x29, 0x74, 0x32, 0x3b, 0x34, 0x3e, 
    0x36, 0x3f, 0x76, 0x2e, 0x32, 0x33, 0x29, 0x74, 0x2e, 0x23, 0x2a, 0x3f, 
    0x73, 0x27, 0x29, 0x3f, 0x2e, 0x7a, 0x2c, 0x3b, 0x36, 0x2f, 0x3f, 0x72, 
    0x28, 0x73, 0x21, 0x3f, 0x74, 0x2d, 0x28, 0x33, 0x2e, 0x3f, 0x72, 0x2e, 
    0x32, 0x33, 0x29, 0x74, 0x32, 0x3b, 0x34, 0x3e, 0x36, 0x3f, 0x76, 0x28, 
    0x76, 0x2e, 0x32, 0x33, 0x29, 0x74, 0x2e, 0x23, 0x2a, 0x3f, 0x73, 0x27, 
    0x2e, 0x35, 0x09, 0x2e, 0x28, 0x33, 0x34, 0x3d, 0x72, 0x73, 0x21, 0x28, 
    0x3f, 0x2e, 0x2f, 0x28, 0x34, 0x7a, 0x2e, 0x32, 0x33, 0x29, 0x74, 0x33, 
    0x29, 0x14, 0x2f, 0x36, 0x36, 0x72, 0x73, 0x65, 0x78, 0x34, 0x2f, 0x36, 
    0x36, 0x78, 0x60, 0x3a, 0x77, 0x64, 0x7e, 0x21, 0x2e, 0x32, 0x33, 0x29, 
    0x74, 0x2c, 0x3b, 0x36, 0x2f, 0x3f, 0x27, 0x3a, 0x27, 0x27, 0x3f, 0x74, 
    0x08, 0x3f, 0x3c, 0x3f, 0x28, 0x3f, 0x34, 0x39, 0x3f, 0x67, 0x2e, 0x61, 
    0x3c, 0x2f, 0x34, 0x39, 0x2e, 0x33, 0x35, 0x34, 0x7a, 0x33, 0x72, 0x34, 
    0x76, 0x28, 0x73, 0x21, 0x36, 0x3f, 0x2e, 0x7a, 0x29, 0x67, 0x17, 0x3f, 
    0x37, 0x35, 0x28, 0x23, 0x74, 0x3b, 0x36, 0x36, 0x35, 0x39, 0x72, 0x0a, 
    0x28, 0x35, 0x39, 0x3f, 0x29, 0x29, 0x74, 0x2a, 0x35, 0x33, 0x34, 0x2e, 
    0x3f, 0x28, 0x09, 0x33, 0x20, 0x3f, 0x73, 0x61, 0x29, 0x2d, 0x33, 0x2e, 
    0x39, 0x32, 0x72, 0x2e, 0x23, 0x2a, 0x3f, 0x35, 0x3c, 0x7a, 0x34, 0x73, 
    0x21, 0x39, 0x3b, 0x29, 0x3f, 0x78, 0x38, 0x35, 0x35, 0x36, 0x3f, 0x3b, 
    0x34, 0x78, 0x60, 0x28, 0x3f, 0x2e, 0x2f, 0x28, 0x34, 0x7a, 0x34, 0x3f, 
    0x2d, 0x7a, 0x3f, 0x74, 0x08, 0x3f, 0x3c, 0x3f, 0x28, 0x3f, 0x34, 0x39, 
    0x3f, 0x72, 0x29, 0x74, 0x2d, 0x28, 0x33, 0x2e, 0x3f, 0x09, 0x62, 0x72, 
    0x71, 0x34, 0x73, 0x76, 0x3f, 0x74, 0x39, 0x35, 0x28, 0x36, 0x33, 0x38, 
    0x74, 0x39, 0x36, 0x3b, 0x29, 0x29, 0x72, 0x78, 0x09, 0x23, 0x29, 0x2e, 
    0x3f, 0x37, 0x74, 0x18, 0x35, 0x35, 0x36, 0x3f, 0x3b, 0x34, 0x78, 0x73, 
    0x74, 0x2e, 0x23, 0x2a, 0x3f, 0x73, 0x61, 0x39, 0x3b, 0x29, 0x3f, 0x78, 
    0x34, 0x2f, 0x37, 0x38, 0x3f, 0x28, 0x78, 0x60, 0x29, 0x2d, 0x33, 0x2e, 
    0x39, 0x32, 0x72, 0x28, 0x65, 0x74, 0x3f, 0x34, 0x2f, 0x37, 0x0c, 0x3b, 
    0x36, 0x2f, 0x3f, 0x73, 0x21, 0x39, 0x3b, 0x29, 0x3f, 0x7a, 0x3f, 0x74, 
    0x0e, 0x23, 0x2a, 0x3f, 0x74, 0x1f, 0x34, 0x2f, 0x37, 0x74, 0x0f, 0x18, 
    0x03, 0x0e, 0x1f, 0x60, 0x28, 0x3f, 0x2e, 0x2f, 0x28, 0x34, 0x7a, 0x34, 
    0x3f, 0x2d, 0x7a, 0x3f, 0x74, 0x08, 0x3f, 0x3c, 0x3f, 0x28, 0x3f, 0x34, 
    0x39, 0x3f, 0x72, 0x29, 0x74, 0x2d, 0x28, 0x33, 0x2e, 0x3f, 0x0f, 0x62, 
    0x72, 0x34, 0x73, 0x76, 0x28, 0x73, 0x61, 0x39, 0x3b, 0x29, 0x3f, 0x7a, 
    0x3f, 0x74, 0x0e, 0x23, 0x2a, 0x3f, 0x74, 0x1f, 0x34, 0x2f, 0x37, 0x74, 
    0x18, 0x03, 0x0e, 0x1f, 0x60, 0x28, 0x3f, 0x2e, 0x2f, 0x28, 0x34, 0x7a, 
    0x34, 0x3f, 0x2d, 0x7a, 0x3f, 0x74, 0x08, 0x3f, 0x3c, 0x3f, 0x28, 0x3f, 
    0x34, 0x39, 0x3f, 0x72, 0x29, 0x74, 0x2d, 0x28, 0x33, 0x2e, 0x3f, 0x09, 
    0x62, 0x72, 0x34, 0x73, 0x76, 0x28, 0x73, 0x61, 0x39, 0x3b, 0x29, 0x3f, 
    0x7a, 0x3f, 0x74, 0x0e, 0x23, 0x2a, 0x3f, 0x74, 0x1f, 0x34, 0x2f, 0x37, 
    0x74, 0x19, 0x12, 0x1b, 0x08, 0x60, 0x39, 0x3b, 0x29, 0x3f, 0x7a, 0x3f, 
    0x74, 0x0e, 0x23, 0x2a, 0x3f, 0x74, 0x1f, 0x34, 0x2f, 0x37, 0x74, 0x0f, 
    0x09, 0x12, 0x15, 0x08, 0x0e, 0x60, 0x28, 0x3f, 0x2e, 0x2f, 0x28, 0x34, 
    0x7a, 0x34, 0x3f, 0x2d, 0x7a, 0x3f, 0x74, 0x08, 0x3f, 0x3c, 0x3f, 0x28, 
    0x3f, 0x34, 0x39, 0x3f, 0x72, 0x29, 0x74, 0x2d, 0x28, 0x33, 0x2e, 0x3f, 
    0x0f, 0x6b, 0x6c, 0x72, 0x34, 0x73, 0x76, 0x28, 0x73, 0x61, 0x39, 0x3b, 
    0x29, 0x3f, 0x7a, 0x3f, 0x74, 0x0e, 0x23, 0x2a, 0x3f, 0x74, 0x1f, 0x34, 
    0x2f, 0x37, 0x74, 0x09, 0x12, 0x15, 0x08, 0x0e, 0x60, 0x28, 0x3f, 0x2e, 
    0x2f, 0x28, 0x34, 0x7a, 0x34, 0x3f, 0x2d, 0x7a, 0x3f, 0x74, 0x08, 0x3f, 
    0x3c, 0x3f, 0x28, 0x3f, 0x34, 0x39, 0x3f, 0x72, 0x29, 0x74, 0x2d, 0x28, 
    0x33, 0x2e, 0x3f, 0x09, 0x6b, 0x6c, 0x72, 0x34, 0x73, 0x76, 0x28, 0x73, 
    0x61, 0x39, 0x3b, 0x29, 0x3f, 0x7a, 0x3f, 0x74, 0x0e, 0x23, 0x2a, 0x3f, 
    0x74, 0x1f, 0x34, 0x2f, 0x37, 0x74, 0x0f, 0x13, 0x14, 0x0e, 0x60, 0x28, 
    0x3f, 0x2e, 0x2f, 0x28, 0x34, 0x7a, 0x34, 0x3f, 0x2d, 0x7a, 0x3f, 0x74, 
    0x08, 0x3f, 0x3c, 0x3f, 0x28, 0x3f, 0x34, 0x39, 0x3f, 0x72, 0x29, 0x74, 
    0x2d, 0x28, 0x33, 0x2e, 0x3f, 0x0f, 0x69, 0x68, 0x72, 0x34, 0x73, 0x76, 
    0x28, 0x73, 0x61, 0x39, 0x3b, 0x29, 0x3f, 0x7a, 0x3f, 0x74, 0x0e, 0x23, 
    0x2a, 0x3f, 0x74, 0x1f, 0x34, 0x2f, 0x37, 0x74, 0x13, 0x14, 0x0e, 0x60, 
    0x28, 0x3f, 0x2e, 0x2f, 0x28, 0x34, 0x7a, 0x34, 0x3f, 0x2d, 0x7a, 0x3f, 
    0x74, 0x08, 0x3f, 0x3c, 0x3f, 0x28, 0x3f, 0x34, 0x39, 0x3f, 0x72, 0x29, 
    0x74, 0x2d, 0x28, 0x33, 0x2e, 0x3f, 0x09, 0x69, 0x68, 0x72, 0x34, 0x73, 
    0x76, 0x28, 0x73, 0x61, 0x39, 0x3b, 0x29, 0x3f, 0x7a, 0x3f, 0x74, 0x0e, 
    0x23, 0x2a, 0x3f, 0x74, 0x1f, 0x34, 0x2f, 0x37, 0x74, 0x0f, 0x16, 0x15, 
    0x14, 0x1d, 0x60, 0x28, 0x3f, 0x2e, 0x2f, 0x28, 0x34, 0x7a, 0x34, 0x3f, 
    0x2d, 0x7a, 0x3f, 0x74, 0x08, 0x3f, 0x3c, 0x3f, 0x28, 0x3f, 0x34, 0x39, 
    0x3f, 0x72, 0x29, 0x74, 0x2d, 0x28, 0x33, 0x2e, 0x3f, 0x0f, 0x6c, 0x6e, 
    0x72, 0x34, 0x73, 0x76, 0x28, 0x73, 0x61, 0x39, 0x3b, 0x29, 0x3f, 0x7a, 
    0x3f, 0x74, 0x0e, 0x23, 0x2a, 0x3f, 0x74, 0x1f, 0x34, 0x2f, 0x37, 0x74, 
    0x16, 0x15, 0x14, 0x1d, 0x60, 0x28, 0x3f, 0x2e, 0x2f, 0x28, 0x34, 0x7a, 
    0x34, 0x3f, 0x2d, 0x7a, 0x3f, 0x74, 0x08, 0x3f, 0x3c, 0x3f, 0x28, 0x3f, 
    0x34, 0x39, 0x3f, 0x72, 0x29, 0x74, 0x2d, 0x28, 0x33, 0x2e, 0x3f, 0x09, 
    0x6c, 0x6e, 0x72, 0x34, 0x73, 0x76, 0x28, 0x73, 0x61, 0x39, 0x3b, 0x29, 
    0x3f, 0x7a, 0x3f, 0x74, 0x0e, 0x23, 0x2a, 0x3f, 0x74, 0x1f, 0x34, 0x2f, 
    0x37, 0x74, 0x1c, 0x16, 0x15, 0x1b, 0x0e, 0x60, 0x28, 0x3f, 0x2e, 0x2f, 
    0x28, 0x34, 0x7a, 0x34, 0x3f, 0x2d, 0x7a, 0x3f, 0x74, 0x08, 0x3f, 0x3c, 
    0x3f, 0x28, 0x3f, 0x34, 0x39, 0x3f, 0x72, 0x29, 0x74, 0x2d, 0x28, 0x33, 
    0x2e, 0x3f, 0x1c, 0x36, 0x35, 0x3b, 0x2e, 0x72, 0x34, 0x73, 0x76, 0x28, 
    0x73, 0x61, 0x39, 0x3b, 0x29, 0x3f, 0x7a, 0x3f, 0x74, 0x0e, 0x23, 0x2a, 
    0x3f, 0x74, 0x1f, 0x34, 0x2f, 0x37, 0x74, 0x1e, 0x15, 0x0f, 0x18, 0x16, 
    0x1f, 0x60, 0x28, 0x3f, 0x2e, 0x2f, 0x28, 0x34, 0x7a, 0x34, 0x3f, 0x2d, 
    0x7a, 0x3f, 0x74, 0x08, 0x3f, 0x3c, 0x3f, 0x28, 0x3f, 0x34, 0x39, 0x3f, 
    0x72, 0x29, 0x74, 0x2d, 0x28, 0x33, 0x2e, 0x3f, 0x1e, 0x35, 0x2f, 0x38, 
    0x36, 0x3f, 0x72, 0x34, 0x73, 0x76, 0x28, 0x73, 0x27, 0x39, 0x3b, 0x29, 
    0x3f, 0x78, 0x35, 0x38, 0x30, 0x3f, 0x39, 0x2e, 0x78, 0x60, 0x33, 0x3c, 
    0x72, 0x34, 0x7a, 0x33, 0x34, 0x29, 0x2e, 0x3b, 0x34, 0x39, 0x3f, 0x35, 
    0x3c, 0x7a, 0x3f, 0x74, 0x0c, 0x3b, 0x36, 0x2f, 0x3f, 0x0e, 0x23, 0x2a, 
    0x3f, 0x26, 0x26, 0x34, 0x7a, 0x33, 0x34, 0x29, 0x2e, 0x3b, 0x34, 0x39, 
    0x3f, 0x35, 0x3c, 0x7a, 0x3f, 0x74, 0x0a, 0x35, 0x33, 0x34, 0x2e, 0x3f, 
    0x28, 0x73, 0x28, 0x3f, 0x2e, 0x2f, 0x28, 0x34, 0x7a, 0x34, 0x3f, 0x2d, 
    0x7a, 0x3f, 0x74, 0x08, 0x3f, 0x3c, 0x3f, 0x28, 0x3f, 0x34, 0x39, 0x3f, 
    0x72, 0x34, 0x74, 0x32, 0x3b, 0x34, 0x3e, 0x36, 0x3f, 0x76, 0x34, 0x74, 
    0x2e, 0x23, 0x2a, 0x3f, 0x73, 0x61, 0x33, 0x3c, 0x72, 0x34, 0x7a, 0x33, 
    0x34, 0x29, 0x2e, 0x3b, 0x34, 0x39, 0x3f, 0x35, 0x3c, 0x7a, 0x3f, 0x74, 
    0x15, 0x38, 0x30, 0x3f, 0x39, 0x2e, 0x73, 0x28, 0x3f, 0x2e, 0x2f, 0x28, 
    0x34, 0x7a, 0x34, 0x3f, 0x2d, 0x7a, 0x3f, 0x74, 0x08, 0x3f, 0x3c, 0x3f, 
    0x28, 0x3f, 0x34, 0x39, 0x3f, 0x72, 0x29, 0x74, 0x2d, 0x28, 0x33, 0x2e, 
    0x3f, 0x0a, 0x35, 0x33, 0x34, 0x2e, 0x3f, 0x28, 0x72, 0x34, 0x73, 0x76, 
    0x34, 0x74, 0x39, 0x36, 0x3b, 0x29, 0x29, 0x74, 0x2e, 0x23, 0x2a, 0x3f, 
    0x73, 0x61, 0x33, 0x3c, 0x72, 0x34, 0x7a, 0x33, 0x34, 0x29, 0x2e, 0x3b, 
    0x34, 0x39, 0x3f, 0x35, 0x3c, 0x7a, 0x3f, 0x74, 0x09, 0x2e, 0x28, 0x33, 
    0x34, 0x3d, 0x26, 0x26, 0x34, 0x7a, 0x33, 0x34, 0x29, 0x2e, 0x3b, 0x34, 
    0x39, 0x3f, 0x35, 0x3c, 0x7a, 0x3f, 0x74, 0x1b, 0x28, 0x28, 0x3b, 0x23, 
    0x73, 0x28, 0x3f, 0x2e, 0x2f, 0x28, 0x34, 0x7a, 0x34, 0x3f, 0x2d, 0x7a, 
    0x3f, 0x74, 0x08, 0x3f, 0x3c, 0x3f, 0x28, 0x3f, 0x34, 0x39, 0x3f, 0x72, 
    0x29, 0x74, 0x2d, 0x28, 0x33, 0x2e, 0x3f, 0x0a, 0x35, 0x33, 0x34, 0x2e, 
    0x3f, 0x28, 0x72, 0x34, 0x73, 0x76, 0x34, 0x74, 0x35, 0x38, 0x30, 0x3f, 
    0x39, 0x2e, 0x74, 0x39, 0x36, 0x3b, 0x29, 0x29, 0x74, 0x2e, 0x23, 0x2a, 
    0x3f, 0x73, 0x61, 0x33, 0x3c, 0x72, 0x34, 0x7a, 0x33, 0x34, 0x29, 0x2e, 
    0x3b, 0x34, 0x39, 0x3f, 0x35, 0x3c, 0x7a, 0x14, 0x3b, 0x2e, 0x33, 0x2c, 
    0x3f, 0x0a, 0x35, 0x33, 0x34, 0x2e, 0x3f, 0x28, 0x73, 0x29, 0x2d, 0x33, 
    0x2e, 0x39, 0x32, 0x72, 0x28, 0x65, 0x74, 0x3f, 0x34, 0x2f, 0x37, 0x0c, 
    0x3b, 0x36, 0x2f, 0x3f, 0x73, 0x21, 0x39, 0x3b, 0x29, 0x3f, 0x7a, 0x3f, 
    0x74, 0x0e, 0x23, 0x2a, 0x3f, 0x74, 0x1f, 0x34, 0x2f, 0x37, 0x74, 0x14, 
    0x0f, 0x13, 0x14, 0x0e, 0x60, 0x39, 0x3b, 0x29, 0x3f, 0x7a, 0x3f, 0x74, 
    0x0e, 0x23, 0x2a, 0x3f, 0x74, 0x1f, 0x34, 0x2f, 0x37, 0x74, 0x14, 0x13, 
    0x14, 0x0e, 0x60, 0x28, 0x3f, 0x2e, 0x2f, 0x28, 0x34, 0x7a, 0x34, 0x3f, 
    0x2d, 0x7a, 0x3f, 0x74, 0x08, 0x3f, 0x3c, 0x3f, 0x28, 0x3f, 0x34, 0x39, 
    0x3f, 0x72, 0x29, 0x74, 0x2d, 0x28, 0x33, 0x2e, 0x3f, 0x0a, 0x35, 0x33, 
    0x34, 0x2e, 0x3f, 0x28, 0x72, 0x34, 0x73, 0x76, 0x28, 0x73, 0x27, 0x3f, 
    0x36, 0x29, 0x3f, 0x21, 0x33, 0x3c, 0x72, 0x34, 0x7a, 0x33, 0x34, 0x29, 
    0x2e, 0x3b, 0x34, 0x39, 0x3f, 0x35, 0x3c, 0x7a, 0x13, 0x34, 0x2e, 0x6c, 
    0x6e, 0x73, 0x28, 0x3f, 0x2e, 0x2f, 0x28, 0x34, 0x7a, 0x34, 0x3f, 0x2d, 
    0x7a, 0x3f, 0x74, 0x08, 0x3f, 0x3c, 0x3f, 0x28, 0x3f, 0x34, 0x39, 0x3f, 
    0x72, 0x29, 0x74, 0x2d, 0x28, 0x33, 0x2e, 0x3f, 0x09, 0x6c, 0x6e, 0x72, 
    0x34, 0x73, 0x76, 0x3f, 0x74, 0x39, 0x35, 0x28, 0x36, 0x33, 0x38, 0x74, 
    0x39, 0x36, 0x3b, 0x29, 0x29, 0x72, 0x78, 0x09, 0x23, 0x29, 0x2e, 0x3f, 
    0x37, 0x74, 0x13, 0x34, 0x2e, 0x6c, 0x6e, 0x78, 0x73, 0x74, 0x2e, 0x23, 
    0x2a, 0x3f, 0x73, 0x61, 0x33, 0x3c, 0x72, 0x34, 0x7a, 0x33, 0x34, 0x29, 
    0x2e, 0x3b, 0x34, 0x39, 0x3f, 0x35, 0x3c, 0x7a, 0x0f, 0x13, 0x34, 0x2e, 
    0x6c, 0x6e, 0x73, 0x28, 0x3f, 0x2e, 0x2f, 0x28, 0x34, 0x7a, 0x34, 0x3f, 
    0x2d, 0x7a, 0x3f, 0x74, 0x08, 0x3f, 0x3c, 0x3f, 0x28, 0x3f, 0x34, 0x39, 
    0x3f, 0x72, 0x29, 0x74, 0x2d, 0x28, 0x33, 0x2e, 0x3f, 0x0f, 0x6c, 0x6e, 
    0x72, 0x34, 0x73, 0x76, 0x3f, 0x74, 0x39, 0x35, 0x28, 0x36, 0x33, 0x38, 
    0x74, 0x39, 0x36, 0x3b, 0x29, 0x29, 0x72, 0x78, 0x09, 0x23, 0x29, 0x2e, 
    0x3f, 0x37, 0x74, 0x0f, 0x13, 0x34, 0x2e, 0x6c, 0x6e, 0x78, 0x73, 0x74, 
    0x2e, 0x23, 0x2a, 0x3f, 0x73, 0x27, 0x3e, 0x3f, 0x3c, 0x3b, 0x2f, 0x36, 
    0x2e, 0x60, 0x38, 0x72, 0x3a, 0x39, 0x35, 0x2f, 0x36, 0x3e, 0x34, 0x7d, 
    0x2e, 0x7a, 0x39, 0x28, 0x3f, 0x3b, 0x2e, 0x3f, 0x7a, 0x3b, 0x7a, 0x28, 
    0x3f, 0x3c, 0x3f, 0x28, 0x3f, 0x34, 0x39, 0x3f, 0x7a, 0x2e, 0x35, 0x7a, 
    0x7e, 0x21, 0x34, 0x27, 0x7a, 0x2f, 0x29, 0x33, 0x34, 0x3d, 0x7a, 0x3b, 
    0x34, 0x7a, 0x2f, 0x34, 0x32, 0x3b, 0x34, 0x3e, 0x36, 0x3f, 0x3e, 0x7a, 
    0x2e, 0x23, 0x2a, 0x3f, 0x7a, 0x7e, 0x21, 0x28, 0x65, 0x74, 0x34, 0x3b, 
    0x37, 0x3f, 0x27, 0x3a, 0x73, 0x27, 0x27, 0x3f, 0x74, 0x28, 0x3f, 0x3c, 
    0x3f, 0x28, 0x3f, 0x34, 0x39, 0x3f, 0x67, 0x33, 0x27, 0x73, 0x72, 0x37, 
    0x26, 0x26, 0x72, 0x37, 0x67, 0x21, 0x27, 0x73, 0x73, 0x61, 0x2c, 0x3b, 
    0x28, 0x7a, 0x37, 0x61, 0x72, 0x3c, 0x2f, 0x34, 0x39, 0x2e, 0x33, 0x35, 
    0x34, 0x72, 0x3f, 0x73, 0x21, 0x39, 0x36, 0x3b, 0x29, 0x29, 0x7a, 0x2e, 
    0x7a, 0x3f, 0x22, 0x2e, 0x3f, 0x34, 0x3e, 0x29, 0x7a, 0x15, 0x21, 0x3d, 
    0x3f, 0x2e, 0x7a, 0x39, 0x35, 0x34, 0x2e, 0x3f, 0x34, 0x2e, 0x72, 0x73, 
    0x21, 0x28, 0x3f, 0x2e, 0x2f, 0x28, 0x34, 0x7a, 0x3f, 0x74, 0x3f, 0x22, 
    0x2a, 0x35, 0x28, 0x2e, 0x29, 0x74, 0x29, 0x2e, 0x28, 0x33, 0x34, 0x3d, 
    0x1d, 0x3f, 0x2e, 0x19, 0x32, 0x3b, 0x28, 0x29, 0x72, 0x2e, 0x32, 0x33, 
    0x29, 0x73, 0x74, 0x28, 0x3f, 0x3b, 0x3e, 0x0f, 0x2e, 0x3c, 0x6b, 0x6c, 
    0x09, 0x2e, 0x28, 0x33, 0x34, 0x3d, 0x72, 0x2e, 0x32, 0x33, 0x29, 0x74, 
    0x36, 0x3f, 0x34, 0x3d, 0x2e, 0x32, 0x73, 0x27, 0x29, 0x3f, 0x2e, 0x7a, 
    0x39, 0x35, 0x34, 0x2e, 0x3f, 0x34, 0x2e, 0x72, 0x28, 0x73, 0x21, 0x36, 
    0x3f, 0x2e, 0x7a, 0x29, 0x67, 0x3f, 0x74, 0x29, 0x2e, 0x28, 0x33, 0x34, 
    0x3d, 0x72, 0x78, 0x2c, 0x3c, 0x29, 0x3c, 0x33, 0x2e, 0x2c, 0x34, 0x37, 
    0x78, 0x73, 0x74, 0x32, 0x3b, 0x34, 0x3e, 0x36, 0x3f, 0x74, 0x35, 0x3c, 
    0x3c, 0x29, 0x3f, 0x2e, 0x15, 0x3c, 0x72, 0x3b, 0x67, 0x64, 0x3b, 0x74, 
    0x28, 0x3f, 0x3b, 0x3e, 0x13, 0x34, 0x2e, 0x72, 0x73, 0x67, 0x67, 0x63, 
    0x73, 0x65, 0x65, 0x38, 0x72, 0x78, 0x39, 0x35, 0x2f, 0x36, 0x3e, 0x34, 
    0x7d, 0x2e, 0x7a, 0x3c, 0x33, 0x34, 0x3e, 0x7a, 0x2e, 0x32, 0x3f, 0x7a, 
    0x36, 0x3f, 0x34, 0x3d, 0x2e, 0x32, 0x7a, 0x35, 0x3c, 0x3c, 0x29, 0x3f, 
    0x2e, 0x7a, 0x33, 0x34, 0x7a, 0x2e, 0x32, 0x3f, 0x7a, 0x34, 0x3b, 0x2e, 
    0x33, 0x2c, 0x3f, 0x7a, 0x29, 0x2e, 0x28, 0x33, 0x34, 0x3d, 0x7a, 0x29, 
    0x2e, 0x28, 0x2f, 0x39, 0x2e, 0x78, 0x73, 0x61, 0x3d, 0x36, 0x35, 0x38, 
    0x3b, 0x36, 0x0e, 0x32, 0x33, 0x29, 0x74, 0x15, 0x38, 0x30, 0x3f, 0x39, 
    0x2e, 0x74, 0x3e, 0x3f, 0x3c, 0x33, 0x34, 0x3f, 0x0a, 0x28, 0x35, 0x2a, 
    0x3f, 0x28, 0x2e, 0x23, 0x72, 0x3f, 0x74, 0x09, 0x2e, 0x28, 0x33, 0x34, 
    0x3d, 0x74, 0x2a, 0x28, 0x35, 0x2e, 0x35, 0x2e, 0x23, 0x2a, 0x3f, 0x76, 
    0x78, 0x39, 0x35, 0x34, 0x2e, 0x3f, 0x34, 0x2e, 0x78, 0x76, 0x21, 0x29, 
    0x3f, 0x2e, 0x72, 0x3b, 0x73, 0x21, 0x3f, 0x74, 0x3f, 0x22, 0x2a, 0x35, 
    0x28, 0x2e, 0x29, 0x74, 0x29, 0x2e, 0x28, 0x33, 0x34, 0x3d, 0x1d, 0x3f, 
    0x2e, 0x19, 0x32, 0x3b, 0x28, 0x29, 0x72, 0x2e, 0x32, 0x33, 0x29, 0x73, 
    0x74, 0x2d, 0x28, 0x33, 0x2e, 0x3f, 0x0f, 0x2e, 0x3c, 0x6b, 0x6c, 0x09, 
    0x2e, 0x28, 0x33, 0x34, 0x3d, 0x72, 0x3b, 0x65, 0x65, 0x78, 0x78, 0x73, 
    0x76, 0x2e, 0x32, 0x33, 0x29, 0x74, 0x32, 0x3b, 0x34, 0x3e, 0x36, 0x3f, 
    0x74, 0x3b, 0x3e, 0x3e, 0x72, 0x29, 0x73, 0x74, 0x2d, 0x28, 0x33, 0x2e, 
    0x3f, 0x09, 0x69, 0x68, 0x72, 0x3b, 0x65, 0x74, 0x36, 0x3f, 0x34, 0x3d, 
    0x2e, 0x32, 0x65, 0x65, 0x6a, 0x73, 0x27, 0x27, 0x73, 0x76, 0x2e, 0x32, 
    0x33, 0x29, 0x74, 0x39, 0x35, 0x34, 0x2e, 0x3f, 0x34, 0x2e, 0x67, 0x28, 
    0x27, 0x3d, 0x3f, 0x2e, 0x7a, 0x36, 0x3f, 0x34, 0x3d, 0x2e, 0x32, 0x72, 
    0x73, 0x21, 0x28, 0x3f, 0x2e, 0x2f, 0x28, 0x34, 0x7a, 0x3f, 0x74, 0x3f, 
    0x22, 0x2a, 0x35, 0x28, 0x2e, 0x29, 0x74, 0x29, 0x2e, 0x28, 0x33, 0x34, 
    0x3d, 0x1d, 0x3f, 0x2e, 0x16, 0x3f, 0x34, 0x3d, 0x2e, 0x32, 0x72, 0x2e, 
    0x32, 0x33, 0x29, 0x73, 0x27, 0x3d, 0x3f, 0x2e, 0x7a, 0x35, 0x38, 0x30, 
    0x3f, 0x39, 0x2e, 0x72, 0x73, 0x21, 0x28, 0x3f, 0x2e, 0x2f, 0x28, 0x34, 
    0x7a, 0x34, 0x3f, 0x2d, 0x7a, 0x3f, 0x74, 0x15, 0x38, 0x30, 0x3f, 0x39, 
    0x2e, 0x72, 0x2e, 0x32, 0x33, 0x29, 0x73, 0x27, 0x2e, 0x35, 0x09, 0x2e, 
    0x28, 0x33, 0x34, 0x3d, 0x72, 0x73, 0x21, 0x28, 0x3f, 0x2e, 0x2f, 0x28, 
    0x34, 0x7a, 0x2e, 0x32, 0x33, 0x29, 0x74, 0x33, 0x29, 0x14, 0x2f, 0x36, 
    0x36, 0x72, 0x73, 0x65, 0x78, 0x34, 0x2f, 0x36, 0x36, 0x78, 0x60, 0x3a, 
    0x78, 0x7e, 0x21, 0x2e, 0x32, 0x33, 0x29, 0x74, 0x39, 0x35, 0x34, 0x2e, 
    0x3f, 0x34, 0x2e, 0x27, 0x78, 0x3a, 0x27, 0x27, 0x3f, 0x74, 0x09, 0x2e, 
    0x28, 0x33, 0x34, 0x3d, 0x67, 0x2e, 0x61, 0x3c, 0x2f, 0x34, 0x39, 0x2e, 
    0x33, 0x35, 0x34, 0x7a, 0x33, 0x72, 0x34, 0x73, 0x21, 0x28, 0x3f, 0x2e, 
    0x2f, 0x28, 0x34, 0x7a, 0x34, 0x3f, 0x2d, 0x7a, 0x3f, 0x74, 0x09, 0x2e, 
    0x28, 0x33, 0x34, 0x3d, 0x72, 0x3f, 0x74, 0x3f, 0x22, 0x2a, 0x35, 0x28, 
    0x2e, 0x29, 0x74, 0x29, 0x2e, 0x28, 0x33, 0x34, 0x3d, 0x14, 0x3f, 0x2d, 
    0x72, 0x17, 0x3f, 0x37, 0x35, 0x28, 0x23, 0x74, 0x3b, 0x36, 0x36, 0x35, 
    0x39, 0x0f, 0x2e, 0x3c, 0x62, 0x09, 0x2e, 0x28, 0x33, 0x34, 0x3d, 0x72, 
    0x34, 0x65, 0x65, 0x78, 0x78, 0x73, 0x73, 0x73, 0x27, 0x3f, 0x74, 0x29, 
    0x2e, 0x28, 0x33, 0x34, 0x3d, 0x67, 0x33, 0x27, 0x73, 0x72, 0x37, 0x26, 
    0x26, 0x72, 0x37, 0x67, 0x21, 0x27, 0x73, 0x73, 0x61, 0x2c, 0x3b, 0x28, 
    0x7a, 0x37, 0x61, 0x72, 0x3c, 0x2f, 0x34, 0x39, 0x2e, 0x33, 0x35, 0x34, 
    0x72, 0x3f, 0x73, 0x21, 0x39, 0x36, 0x3b, 0x29, 0x29, 0x7a, 0x2e, 0x7a, 
    0x3f, 0x22, 0x2e, 0x3f, 0x34, 0x3e, 0x29, 0x7a, 0x15, 0x21, 0x3d, 0x3f, 
    0x2e, 0x7a, 0x33, 0x3e, 0x72, 0x73, 0x21, 0x36, 0x3f, 0x2e, 0x7a, 0x34, 
    0x67, 0x3c, 0x2f, 0x34, 0x39, 0x2e, 0x33, 0x35, 0x34, 0x72, 0x73, 0x21, 
    0x28, 0x3f, 0x2e, 0x2f, 0x28, 0x34, 0x7a, 0x2e, 0x32, 0x33, 0x29, 0x74, 
    0x33, 0x34, 0x2e, 0x3f, 0x28, 0x34, 0x3b, 0x36, 0x74, 0x3c, 0x33, 0x3f, 
    0x36, 0x3e, 0x72, 0x78, 0x2e, 0x32, 0x28, 0x3f, 0x3b, 0x3e, 0x05, 0x33, 
    0x3e, 0x78, 0x73, 0x74, 0x2c, 0x3b, 0x36, 0x2f, 0x3f, 0x74, 0x2e, 0x35, 
    0x14, 0x2f, 0x37, 0x38, 0x3f, 0x28, 0x72, 0x73, 0x27, 0x61, 0x33, 0x3c, 
    0x72, 0x0a, 0x28, 0x35, 0x39, 0x3f, 0x29, 0x29, 0x74, 0x2a, 0x36, 0x3b, 
    0x2e, 0x3c, 0x35, 0x28, 0x37, 0x7b, 0x67, 0x78, 0x2d, 0x33, 0x34, 0x3e, 
    0x35, 0x2d, 0x29, 0x78, 0x73, 0x21, 0x36, 0x3f, 0x2e, 0x7a, 0x28, 0x67, 
    0x0a, 0x28, 0x35, 0x39, 0x3f, 0x29, 0x29, 0x74, 0x3d, 0x3f, 0x2e, 0x19, 
    0x2f, 0x28, 0x28, 0x3f, 0x34, 0x2e, 0x0e, 0x32, 0x28, 0x3f, 0x3b, 0x3e, 
    0x13, 0x3e, 0x72, 0x73, 0x76, 0x3b, 0x67, 0x2a, 0x2e, 0x28, 0x72, 0x34, 
    0x74, 0x3b, 0x2a, 0x2a, 0x36, 0x23, 0x72, 0x3f, 0x74, 0x39, 0x2f, 0x28, 
    0x28, 0x3f, 0x34, 0x2e, 0x0e, 0x32, 0x28, 0x3f, 0x3b, 0x3e, 0x73, 0x73, 
    0x74, 0x35, 0x3c, 0x3c, 0x29, 0x3f, 0x2e, 0x15, 0x3c, 0x72, 0x39, 0x67, 
    0x64, 0x39, 0x74, 0x28, 0x3f, 0x3b, 0x3e, 0x09, 0x69, 0x68, 0x72, 0x73, 
    0x67, 0x67, 0x28, 0x76, 0x6b, 0x6a, 0x68, 0x6e, 0x73, 0x65, 0x65, 0x38, 
    0x72, 0x78, 0x39, 0x35, 0x2f, 0x36, 0x3e, 0x34, 0x7d, 0x2e, 0x7a, 0x3c, 
    0x33, 0x34, 0x3e, 0x7a, 0x2e, 0x32, 0x3f, 0x7a, 0x35, 0x3c, 0x3c, 0x29, 
    0x3f, 0x2e, 0x7a, 0x3c, 0x35, 0x28, 0x7a, 0x3e, 0x3f, 0x2e, 0x3f, 0x28, 
    0x37, 0x33, 0x34, 0x33, 0x34, 0x3d, 0x7a, 0x2e, 0x32, 0x3f, 0x7a, 0x31, 
    0x3f, 0x28, 0x34, 0x3f, 0x36, 0x7a, 0x33, 0x3e, 0x7a, 0x35, 0x3c, 0x7a, 
    0x3b, 0x7a, 0x2a, 0x35, 0x29, 0x33, 0x22, 0x7a, 0x2e, 0x32, 0x28, 0x3f, 
    0x3b, 0x3e, 0x78, 0x73, 0x76, 0x35, 0x67, 0x34, 0x61, 0x34, 0x67, 0x3c, 
    0x2f, 0x34, 0x39, 0x2e, 0x33, 0x35, 0x34, 0x72, 0x73, 0x21, 0x28, 0x3f, 
    0x2e, 0x2f, 0x28, 0x34, 0x7a, 0x2a, 0x2e, 0x28, 0x72, 0x35, 0x74, 0x3b, 
    0x2a, 0x2a, 0x36, 0x23, 0x72, 0x2e, 0x32, 0x33, 0x29, 0x73, 0x73, 0x74, 
    0x3b, 0x3e, 0x3e, 0x72, 0x3b, 0x73, 0x74, 0x28, 0x3f, 0x3b, 0x3e, 0x09, 
    0x69, 0x68, 0x72, 0x73, 0x27, 0x27, 0x28, 0x3f, 0x2e, 0x2f, 0x28, 0x34, 
    0x7a, 0x1c, 0x72, 0x3f, 0x74, 0x0e, 0x32, 0x28, 0x3f, 0x3b, 0x3e, 0x74, 
    0x2a, 0x28, 0x35, 0x2e, 0x35, 0x2e, 0x23, 0x2a, 0x3f, 0x76, 0x78, 0x33, 
    0x3e, 0x78, 0x76, 0x34, 0x76, 0x36, 0x73, 0x76, 0x2e, 0x32, 0x33, 0x29, 
    0x74, 0x33, 0x3e, 0x27, 0x3d, 0x3f, 0x2e, 0x7a, 0x33, 0x34, 0x2e, 0x3f, 
    0x28, 0x34, 0x3b, 0x36, 0x72, 0x73, 0x21, 0x28, 0x3f, 0x2e, 0x2f, 0x28, 
    0x34, 0x7a, 0x2e, 0x32, 0x33, 0x29, 0x74, 0x35, 0x38, 0x30, 0x3f, 0x39, 
    0x2e, 0x74, 0x2e, 0x28, 0x23, 0x1c, 0x33, 0x3f, 0x36, 0x3e, 0x72, 0x78, 
    0x33, 0x34, 0x2e, 0x3f, 0x28, 0x34, 0x3b, 0x36, 0x05, 0x2e, 0x32, 0x28, 
    0x3f, 0x3b, 0x3e, 0x78, 0x73, 0x65, 0x74, 0x2c, 0x3b, 0x36, 0x2f, 0x3f, 
    0x65, 0x65, 0x2e, 0x32, 0x33, 0x29, 0x74, 0x35, 0x38, 0x30, 0x3f, 0x39, 
    0x2e, 0x27, 0x3d, 0x3f, 0x2e, 0x7a, 0x33, 0x29, 0x1c, 0x33, 0x34, 0x3b, 
    0x36, 0x33, 0x20, 0x3f, 0x28, 0x72, 0x73, 0x21, 0x28, 0x3f, 0x2e, 0x2f, 
    0x28, 0x34, 0x7b, 0x3f, 0x74, 0x3f, 0x22, 0x2a, 0x35, 0x28, 0x2e, 0x29, 
    0x74, 0x2e, 0x32, 0x28, 0x3f, 0x3b, 0x3e, 0x13, 0x29, 0x0c, 0x37, 0x72, 
    0x2e, 0x32, 0x33, 0x29, 0x73, 0x27, 0x3d, 0x3f, 0x2e, 0x7a, 0x37, 0x3b, 
    0x34, 0x3b, 0x3d, 0x3f, 0x3e, 0x13, 0x3e, 0x72, 0x73, 0x21, 0x28, 0x3f, 
    0x2e, 0x2f, 0x28, 0x34, 0x7a, 0x2e, 0x32, 0x33, 0x29, 0x74, 0x35, 0x38, 
    0x30, 0x3f, 0x39, 0x2e, 0x74, 0x37, 0x3f, 0x2e, 0x32, 0x35, 0x3e, 0x72, 
    0x78, 0x3d, 0x3f, 0x2e, 0x05, 0x17, 0x3b, 0x34, 0x3b, 0x3d, 0x3f, 0x3e, 
    0x0e, 0x32, 0x28, 0x3f, 0x3b, 0x3e, 0x13, 0x3e, 0x78, 0x73, 0x74, 0x33, 
    0x34, 0x2c, 0x35, 0x31, 0x3f, 0x72, 0x73, 0x27, 0x3d, 0x3f, 0x2e, 0x7a, 
    0x35, 0x38, 0x30, 0x3f, 0x39, 0x2e, 0x72, 0x73, 0x21, 0x28, 0x3f, 0x2e, 
    0x2f, 0x28, 0x34, 0x7a, 0x34, 0x3f, 0x2d, 0x7a, 0x3f, 0x74, 0x15, 0x38, 
    0x30, 0x3f, 0x39, 0x2e, 0x72, 0x2e, 0x32, 0x33, 0x29, 0x73, 0x27, 0x3d, 
    0x3f, 0x2e, 0x7a, 0x29, 0x2e, 0x3b, 0x2e, 0x33, 0x39, 0x1e, 0x3b, 0x2e, 
    0x3b, 0x72, 0x73, 0x21, 0x28, 0x3f, 0x2e, 0x2f, 0x28, 0x34, 0x7a, 0x2e, 
    0x32, 0x33, 0x29, 0x74, 0x33, 0x34, 0x2e, 0x3f, 0x28, 0x34, 0x3b, 0x36, 
    0x74, 0x3c, 0x33, 0x3f, 0x36, 0x3e, 0x72, 0x78, 0x29, 0x2e, 0x3b, 0x2e, 
    0x33, 0x39, 0x05, 0x3e, 0x3b, 0x2e, 0x3b, 0x78, 0x73, 0x74, 0x2c, 0x3b, 
    0x36, 0x2f, 0x3f, 0x27, 0x3d, 0x3f, 0x2e, 0x7a, 0x29, 0x23, 0x34, 0x39, 
    0x32, 0x28, 0x35, 0x34, 0x33, 0x20, 0x3b, 0x2e, 0x33, 0x35, 0x34, 0x19, 
    0x35, 0x34, 0x2e, 0x3f, 0x22, 0x2e, 0x72, 0x73, 0x21, 0x36, 0x3f, 0x2e, 
    0x7a, 0x28, 0x67, 0x72, 0x2e, 0x32, 0x33, 0x29, 0x74, 0x35, 0x38, 0x30, 
    0x3f, 0x39, 0x2e, 0x74, 0x2e, 0x28, 0x23, 0x17, 0x3f, 0x2e, 0x32, 0x35, 
    0x3e, 0x72, 0x78, 0x1d, 0x3f, 0x2e, 0x17, 0x2f, 0x2e, 0x3b, 0x38, 0x36, 
    0x3f, 0x1f, 0x22, 0x3f, 0x39, 0x2f, 0x2e, 0x33, 0x35, 0x34, 0x19, 0x35, 
    0x34, 0x2e, 0x3f, 0x22, 0x2e, 0x78, 0x73, 0x65, 0x65, 0x2e, 0x32, 0x33, 
    0x29, 0x74, 0x35, 0x38, 0x30, 0x3f, 0x39, 0x2e, 0x74, 0x37, 0x3f, 0x2e, 
    0x32, 0x35, 0x3e, 0x72, 0x78, 0x3d, 0x3f, 0x2e, 0x05, 0x1f, 0x22, 0x3f, 
    0x39, 0x2f, 0x2e, 0x33, 0x35, 0x34, 0x19, 0x35, 0x34, 0x2e, 0x3f, 0x22, 
    0x2e, 0x78, 0x73, 0x73, 0x74, 0x33, 0x34, 0x2c, 0x35, 0x31, 0x3f, 0x72, 
    0x73, 0x61, 0x28, 0x3f, 0x2e, 0x2f, 0x28, 0x34, 0x72, 0x28, 0x74, 0x2e, 
    0x28, 0x23, 0x1c, 0x33, 0x3f, 0x36, 0x3e, 0x72, 0x78, 0x05, 0x29, 0x23, 
    0x34, 0x39, 0x19, 0x35, 0x34, 0x2e, 0x3f, 0x22, 0x2e, 0x78, 0x73, 0x65, 
    0x74, 0x2c, 0x3b, 0x36, 0x2f, 0x3f, 0x65, 0x65, 0x28, 0x74, 0x2e, 0x28, 
    0x23, 0x17, 0x3f, 0x2e, 0x32, 0x35, 0x3e, 0x72, 0x78, 0x3d, 0x3f, 0x2e, 
    0x05, 0x09, 0x23, 0x34, 0x39, 0x32, 0x28, 0x35, 0x34, 0x33, 0x20, 0x3b, 
    0x2e, 0x33, 0x35, 0x34, 0x19, 0x35, 0x34, 0x2e, 0x3f, 0x22, 0x2e, 0x78, 
    0x73, 0x65, 0x74, 0x33, 0x34, 0x2c, 0x35, 0x31, 0x3f, 0x72, 0x73, 0x65, 
    0x65, 0x2e, 0x32, 0x33, 0x29, 0x74, 0x2e, 0x28, 0x23, 0x16, 0x35, 0x39, 
    0x3b, 0x36, 0x0c, 0x3b, 0x36, 0x2f, 0x3f, 0x72, 0x3f, 0x74, 0x39, 0x35, 
    0x28, 0x36, 0x33, 0x38, 0x74, 0x39, 0x36, 0x3b, 0x29, 0x29, 0x72, 0x78, 
    0x09, 0x23, 0x29, 0x2e, 0x3f, 0x37, 0x74, 0x0e, 0x32, 0x28, 0x3f, 0x3b, 
    0x3e, 0x33, 0x34, 0x3d, 0x74, 0x09, 0x23, 0x34, 0x39, 0x32, 0x28, 0x35, 
    0x34, 0x33, 0x20, 0x3b, 0x2e, 0x33, 0x35, 0x34, 0x19, 0x35, 0x34, 0x2e, 
    0x3f, 0x22, 0x2e, 0x78, 0x73, 0x73, 0x73, 0x65, 0x74, 0x3b, 0x29, 0x14, 
    0x2f, 0x36, 0x36, 0x3b, 0x38, 0x36, 0x3f, 0x72, 0x73, 0x65, 0x65, 0x34, 
    0x2f, 0x36, 0x36, 0x27, 0x3e, 0x3f, 0x2e, 0x3b, 0x39, 0x32, 0x72, 0x73, 
    0x21, 0x28, 0x3f, 0x2e, 0x2f, 0x28, 0x34, 0x7a, 0x3f, 0x74, 0x3f, 0x22, 
    0x2a, 0x35, 0x28, 0x2e, 0x29, 0x74, 0x2e, 0x32, 0x28, 0x3f, 0x3b, 0x3e, 
    0x1e, 0x3f, 0x2e, 0x3b, 0x39, 0x32, 0x72, 0x2e, 0x32, 0x33, 0x29, 0x73, 
    0x27, 0x29, 0x39, 0x32, 0x3f, 0x3e, 0x2f, 0x36, 0x3f, 0x72, 0x34, 0x73, 
    0x21, 0x36, 0x3f, 0x2e, 0x7a, 0x28, 0x67, 0x2e, 0x32, 0x33, 0x29, 0x74, 
    0x29, 0x23, 0x34, 0x39, 0x32, 0x28, 0x35, 0x34, 0x33, 0x20, 0x3b, 0x2e, 
    0x33, 0x35, 0x34, 0x19, 0x35, 0x34, 0x2e, 0x3f, 0x22, 0x2e, 0x65, 0x74, 
    0x2e, 0x28, 0x23, 0x17, 0x3f, 0x2e, 0x32, 0x35, 0x3e, 0x72, 0x78, 0x0a, 
    0x35, 0x29, 0x2e, 0x78, 0x73, 0x61, 0x28, 0x3f, 0x2e, 0x2f, 0x28, 0x34, 
    0x7a, 0x28, 0x67, 0x67, 0x34, 0x2f, 0x36, 0x36, 0x65, 0x0a, 0x28, 0x35, 
    0x39, 0x3f, 0x29, 0x29, 0x74, 0x28, 0x2f, 0x34, 0x15, 0x34, 0x0e, 0x32, 
    0x28, 0x3f, 0x3b, 0x3e, 0x72, 0x2e, 0x32, 0x33, 0x29, 0x74, 0x33, 0x3e, 
    0x76, 0x34, 0x73, 0x60, 0x34, 0x3f, 0x2d, 0x7a, 0x0a, 0x28, 0x35, 0x37, 
    0x33, 0x29, 0x3f, 0x72, 0x29, 0x67, 0x64, 0x21, 0x36, 0x3f, 0x2e, 0x7a, 
    0x3b, 0x67, 0x3f, 0x74, 0x3e, 0x3f, 0x36, 0x3f, 0x3d, 0x3b, 0x2e, 0x3f, 
    0x72, 0x3f, 0x74, 0x39, 0x35, 0x28, 0x36, 0x33, 0x38, 0x74, 0x39, 0x36, 
    0x3b, 0x29, 0x29, 0x72, 0x78, 0x09, 0x23, 0x29, 0x2e, 0x3f, 0x37, 0x74, 
    0x0e, 0x32, 0x28, 0x3f, 0x3b, 0x3e, 0x33, 0x34, 0x3d, 0x74, 0x09, 0x3f, 
    0x34, 0x3e, 0x15, 0x28, 0x0a, 0x35, 0x29, 0x2e, 0x19, 0x3b, 0x36, 0x36, 
    0x38, 0x3b, 0x39, 0x31, 0x78, 0x73, 0x76, 0x72, 0x73, 0x67, 0x64, 0x21, 
    0x36, 0x3f, 0x2e, 0x7a, 0x35, 0x67, 0x34, 0x72, 0x73, 0x61, 0x29, 0x3f, 
    0x2e, 0x13, 0x37, 0x37, 0x3f, 0x3e, 0x33, 0x3b, 0x2e, 0x3f, 0x72, 0x72, 
    0x73, 0x67, 0x64, 0x29, 0x72, 0x35, 0x73, 0x73, 0x27, 0x73, 0x61, 0x09, 
    0x39, 0x28, 0x33, 0x2a, 0x2e, 0x74, 0x38, 0x33, 0x34, 0x3e, 0x0d, 0x3f, 
    0x3b, 0x31, 0x72, 0x3d, 0x36, 0x35, 0x38, 0x3b, 0x36, 0x0e, 0x32, 0x33, 
    0x29, 0x76, 0x72, 0x73, 0x67, 0x64, 0x21, 0x3b, 0x74, 0x3c, 0x33, 0x3f, 
    0x36, 0x3e, 0x72, 0x78, 0x37, 0x3f, 0x2e, 0x32, 0x35, 0x3e, 0x05, 0x2a, 
    0x2e, 0x28, 0x78, 0x73, 0x74, 0x2c, 0x3b, 0x36, 0x2f, 0x3f, 0x67, 0x3b, 
    0x74, 0x3c, 0x33, 0x3f, 0x36, 0x3e, 0x72, 0x78, 0x33, 0x34, 0x2c, 0x35, 
    0x31, 0x3f, 0x05, 0x33, 0x37, 0x2a, 0x36, 0x78, 0x73, 0x74, 0x2c, 0x3b, 
    0x36, 0x2f, 0x3f, 0x67, 0x3f, 0x74, 0x3f, 0x22, 0x2a, 0x35, 0x28, 0x2e, 
    0x29, 0x74, 0x3e, 0x35, 0x37, 0x3b, 0x33, 0x34, 0x1d, 0x3f, 0x2e, 0x27, 
    0x73, 0x76, 0x28, 0x74, 0x33, 0x34, 0x2c, 0x35, 0x31, 0x3f, 0x72, 0x3b, 
    0x76, 0x14, 0x0f, 0x16, 0x16, 0x73, 0x27, 0x73, 0x27, 0x2e, 0x28, 0x23, 
    0x16, 0x35, 0x39, 0x3b, 0x36, 0x0c, 0x3b, 0x36, 0x2f, 0x3f, 0x72, 0x34, 
    0x73, 0x21, 0x3c, 0x35, 0x28, 0x72, 0x36, 0x3f, 0x2e, 0x7a, 0x28, 0x67, 
    0x6a, 0x61, 0x28, 0x66, 0x6b, 0x6c, 0x61, 0x28, 0x71, 0x71, 0x73, 0x21, 
    0x36, 0x3f, 0x2e, 0x7a, 0x29, 0x67, 0x2e, 0x32, 0x33, 0x29, 0x74, 0x29, 
    0x2e, 0x3b, 0x2e, 0x33, 0x39, 0x1e, 0x3b, 0x2e, 0x3b, 0x74, 0x3b, 0x3e, 
    0x3e, 0x72, 0x28, 0x70, 0x0a, 0x28, 0x35, 0x39, 0x3f, 0x29, 0x29, 0x74, 
    0x2a, 0x35, 0x33, 0x34, 0x2e, 0x3f, 0x28, 0x09, 0x33, 0x20, 0x3f, 0x73, 
    0x74, 0x28, 0x3f, 0x3b, 0x3e, 0x0a, 0x35, 0x33, 0x34, 0x2e, 0x3f, 0x28, 
    0x72, 0x73, 0x61, 0x33, 0x3c, 0x72, 0x7b, 0x29, 0x74, 0x33, 0x29, 0x14, 
    0x2f, 0x36, 0x36, 0x72, 0x73, 0x73, 0x21, 0x36, 0x3f, 0x2e, 0x7a, 0x3b, 
    0x67, 0x34, 0x3f, 0x2d, 0x7a, 0x3f, 0x74, 0x15, 0x38, 0x30, 0x3f, 0x39, 
    0x2e, 0x72, 0x29, 0x74, 0x28, 0x3f, 0x3b, 0x3e, 0x0a, 0x35, 0x33, 0x34, 
    0x2e, 0x3f, 0x28, 0x72, 0x73, 0x73, 0x74, 0x3b, 0x29, 0x14, 0x2f, 0x36, 
    0x36, 0x3b, 0x38, 0x36, 0x3f, 0x72, 0x73, 0x61, 0x33, 0x3c, 0x72, 0x3b, 
    0x65, 0x74, 0x39, 0x36, 0x3b, 0x29, 0x29, 0x65, 0x74, 0x33, 0x29, 0x09, 
    0x2f, 0x38, 0x39, 0x36, 0x3b, 0x29, 0x29, 0x15, 0x3c, 0x72, 0x34, 0x76, 
    0x7b, 0x6b, 0x73, 0x73, 0x28, 0x3f, 0x2e, 0x2f, 0x28, 0x34, 0x7a, 0x3b, 
    0x27, 0x27, 0x27, 0x27, 0x3e, 0x72, 0x01, 0x36, 0x07, 0x76, 0x2e, 0x74, 
    0x2a, 0x28, 0x35, 0x2e, 0x35, 0x2e, 0x23, 0x2a, 0x3f, 0x76, 0x78, 0x33, 
    0x34, 0x2e, 0x3f, 0x28, 0x34, 0x3b, 0x36, 0x78, 0x76, 0x34, 0x2f, 0x36, 
    0x36, 0x73, 0x76, 0x3e, 0x72, 0x01, 0x36, 0x07, 0x76, 0x2e, 0x74, 0x2a, 
    0x28, 0x35, 0x2e, 0x35, 0x2e, 0x23, 0x2a, 0x3f, 0x76, 0x78, 0x33, 0x29, 
    0x1c, 0x33, 0x34, 0x3b, 0x36, 0x33, 0x20, 0x3f, 0x28, 0x78, 0x76, 0x34, 
    0x2f, 0x36, 0x36, 0x73, 0x76, 0x3e, 0x72, 0x01, 0x36, 0x07, 0x76, 0x2e, 
    0x74, 0x2a, 0x28, 0x35, 0x2e, 0x35, 0x2e, 0x23, 0x2a, 0x3f, 0x76, 0x78, 
    0x37, 0x3b, 0x34, 0x3b, 0x3d, 0x3f, 0x3e, 0x13, 0x3e, 0x78, 0x76, 0x34, 
    0x2f, 0x36, 0x36, 0x73, 0x76, 0x3e, 0x72, 0x01, 0x36, 0x07, 0x76, 0x2e, 
    0x74, 0x2a, 0x28, 0x35, 0x2e, 0x35, 0x2e, 0x23, 0x2a, 0x3f, 0x76, 0x78, 
    0x35, 0x38, 0x30, 0x3f, 0x39, 0x2e, 0x78, 0x76, 0x34, 0x2f, 0x36, 0x36, 
    0x73, 0x76, 0x3e, 0x72, 0x01, 0x36, 0x07, 0x76, 0x2e, 0x74, 0x2a, 0x28, 
    0x35, 0x2e, 0x35, 0x2e, 0x23, 0x2a, 0x3f, 0x76, 0x78, 0x29, 0x2e, 0x3b, 
    0x2e, 0x33, 0x39, 0x1e, 0x3b, 0x2e, 0x3b, 0x78, 0x76, 0x34, 0x2f, 0x36, 
    0x36, 0x73, 0x76, 0x3e, 0x72, 0x01, 0x36, 0x07, 0x76, 0x2e, 0x74, 0x2a, 
    0x28, 0x35, 0x2e, 0x35, 0x2e, 0x23, 0x2a, 0x3f, 0x76, 0x78, 0x29, 0x23, 
    0x34, 0x39, 0x32, 0x28, 0x35, 0x34, 0x33, 0x20, 0x3b, 0x2e, 0x33, 0x35, 
    0x34, 0x19, 0x35, 0x34, 0x2e, 0x3f, 0x22, 0x2e, 0x78, 0x76, 0x34, 0x2f, 
    0x36, 0x36, 0x73, 0x76, 0x3f, 0x74, 0x0e, 0x32, 0x28, 0x3f, 0x3b, 0x3e, 
    0x67, 0x2e, 0x76, 0x1c, 0x72, 0x3f, 0x76, 0x78, 0x3b, 0x2e, 0x2e, 0x3b, 
    0x39, 0x32, 0x3f, 0x3e, 0x0e, 0x32, 0x28, 0x3f, 0x3b, 0x3e, 0x29, 0x78, 
    0x76, 0x72, 0x73, 0x67, 0x64, 0x21, 0x33, 0x3c, 0x72, 0x3f, 0x74, 0x3f, 
    0x22, 0x2a, 0x35, 0x28, 0x2e, 0x29, 0x74, 0x2e, 0x32, 0x28, 0x3f, 0x3b, 
    0x3e, 0x1d, 0x3f, 0x2e, 0x1b, 0x2e, 0x2e, 0x3b, 0x39, 0x32, 0x3f, 0x3e, 
    0x0e, 0x32, 0x28, 0x3f, 0x3b, 0x3e, 0x29, 0x74, 0x33, 0x29, 0x14, 0x2f, 
    0x36, 0x36, 0x72, 0x73, 0x73, 0x21, 0x36, 0x3f, 0x2e, 0x7a, 0x33, 0x67, 
    0x3f, 0x74, 0x39, 0x2f, 0x28, 0x28, 0x3f, 0x34, 0x2e, 0x0e, 0x32, 0x28, 
    0x3f, 0x3b, 0x3e, 0x65, 0x74, 0x32, 0x3b, 0x34, 0x3e, 0x36, 0x3f, 0x65, 
    0x65, 0x38, 0x72, 0x78, 0x19, 0x2f, 0x28, 0x28, 0x3f, 0x34, 0x2e, 0x7a, 
    0x2e, 0x32, 0x28, 0x3f, 0x3b, 0x3e, 0x7a, 0x33, 0x29, 0x7a, 0x34, 0x35, 
    0x2e, 0x7a, 0x3b, 0x2e, 0x2e, 0x3b, 0x39, 0x32, 0x3f, 0x3e, 0x7a, 0x2e, 
    0x35, 0x7a, 0x13, 0x16, 0x68, 0x19, 0x0a, 0x0a, 0x78, 0x73, 0x76, 0x34, 
    0x67, 0x33, 0x74, 0x2e, 0x35, 0x17, 0x3b, 0x2e, 0x39, 0x32, 0x0a, 0x3b, 
    0x2e, 0x2e, 0x3f, 0x28, 0x34, 0x72, 0x73, 0x76, 0x28, 0x67, 0x01, 0x07, 
    0x61, 0x3c, 0x35, 0x28, 0x72, 0x36, 0x3f, 0x2e, 0x7a, 0x29, 0x7a, 0x35, 
    0x3c, 0x7a, 0x0a, 0x28, 0x35, 0x39, 0x3f, 0x29, 0x29, 0x74, 0x3f, 0x34, 
    0x2f, 0x37, 0x3f, 0x28, 0x3b, 0x2e, 0x3f, 0x08, 0x3b, 0x34, 0x3d, 0x3f, 
    0x29, 0x72, 0x78, 0x28, 0x2d, 0x77, 0x78, 0x73, 0x73, 0x33, 0x3c, 0x72, 
    0x29, 0x74, 0x3c, 0x33, 0x36, 0x3f, 0x67, 0x67, 0x34, 0x2f, 0x36, 0x36, 
    0x73, 0x21, 0x36, 0x3f, 0x2e, 0x7a, 0x3b, 0x67, 0x17, 0x3f, 0x37, 0x35, 
    0x28, 0x23, 0x74, 0x29, 0x39, 0x3b, 0x34, 0x09, 0x23, 0x34, 0x39, 0x72, 
    0x29, 0x74, 0x38, 0x3b, 0x29, 0x3f, 0x76, 0x29, 0x74, 0x29, 0x33, 0x20, 
    0x3f, 0x76, 0x34, 0x73, 0x61, 0x33, 0x3c, 0x72, 0x3b, 0x74, 0x36, 0x3f, 
    0x34, 0x3d, 0x2e, 0x32, 0x67, 0x67, 0x6b, 0x73, 0x21, 0x3c, 0x35, 0x28, 
    0x72, 0x61, 0x61, 0x73, 0x21, 0x36, 0x3f, 0x2e, 0x7a, 0x35, 0x67, 0x3b, 
    0x01, 0x6a, 0x07, 0x74, 0x3b, 0x3e, 0x3e, 0x28, 0x3f, 0x29, 0x29, 0x74, 
    0x29, 0x2f, 0x38, 0x72, 0x3b, 0x01, 0x6a, 0x07, 0x74, 0x29, 0x33, 0x20, 
    0x3f, 0x70, 0x28, 0x74, 0x36, 0x3f, 0x34, 0x3d, 0x2e, 0x32, 0x73, 0x74, 
    0x28, 0x3f, 0x3b, 0x3e, 0x0a, 0x35, 0x33, 0x34, 0x2e, 0x3f, 0x28, 0x72, 
    0x73, 0x61, 0x33, 0x3c, 0x72, 0x35, 0x74, 0x33, 0x29, 0x14, 0x2f, 0x36, 
    0x36, 0x72, 0x73, 0x26, 0x26, 0x7b, 0x35, 0x74, 0x28, 0x3f, 0x3b, 0x3e, 
    0x0a, 0x35, 0x33, 0x34, 0x2e, 0x3f, 0x28, 0x72, 0x73, 0x74, 0x3f, 0x2b, 
    0x2f, 0x3b, 0x36, 0x29, 0x72, 0x33, 0x74, 0x28, 0x3f, 0x3b, 0x3e, 0x0a, 
    0x35, 0x33, 0x34, 0x2e, 0x3f, 0x28, 0x72, 0x73, 0x73, 0x73, 0x38, 0x28, 
    0x3f, 0x3b, 0x31, 0x61, 0x28, 0x74, 0x2f, 0x34, 0x29, 0x32, 0x33, 0x3c, 
    0x2e, 0x72, 0x34, 0x3f, 0x2d, 0x7a, 0x3f, 0x74, 0x0e, 0x32, 0x28, 0x3f, 
    0x3b, 0x3e, 0x72, 0x35, 0x73, 0x73, 0x27, 0x38, 0x28, 0x3f, 0x3b, 0x31, 
    0x27, 0x27, 0x28, 0x3f, 0x2e, 0x2f, 0x28, 0x34, 0x7a, 0x28, 0x27, 0x28, 
    0x3f, 0x2e, 0x2f, 0x28, 0x34, 0x7a, 0x2a, 0x3f, 0x72, 0x3f, 0x74, 0x3f, 
    0x22, 0x2a, 0x35, 0x28, 0x2e, 0x29, 0x74, 0x2e, 0x32, 0x28, 0x3f, 0x3b, 
    0x3e, 0x1d, 0x3f, 0x2e, 0x1b, 0x2e, 0x2e, 0x3b, 0x39, 0x32, 0x3f, 0x3e, 
    0x0e, 0x32, 0x28, 0x3f, 0x3b, 0x3e, 0x29, 0x73, 0x74, 0x37, 0x3b, 0x2a, 
    0x72, 0x33, 0x67, 0x64, 0x34, 0x3f, 0x2d, 0x7a, 0x3f, 0x74, 0x0e, 0x32, 
    0x28, 0x3f, 0x3b, 0x3e, 0x72, 0x33, 0x73, 0x73, 0x27, 0x73, 0x76, 0x1c, 
    0x72, 0x3f, 0x76, 0x78, 0x39, 0x2f, 0x28, 0x28, 0x3f, 0x34, 0x2e, 0x0e, 
    0x32, 0x28, 0x3f, 0x3b, 0x3e, 0x78, 0x76, 0x72, 0x73, 0x67, 0x64, 0x34, 
    0x3f, 0x2d, 0x7a, 0x3f, 0x74, 0x0e, 0x32, 0x28, 0x3f, 0x3b, 0x3e, 0x72, 
    0x3f, 0x74, 0x3f, 0x22, 0x2a, 0x35, 0x28, 0x2e, 0x29, 0x74, 0x2e, 0x32, 
    0x28, 0x3f, 0x3b, 0x3e, 0x1d, 0x3f, 0x2e, 0x19, 0x2f, 0x28, 0x28, 0x3f, 
    0x34, 0x2e, 0x72, 0x73, 0x73, 0x74, 0x3b, 0x29, 0x14, 0x2f, 0x36, 0x36, 
    0x3b, 0x38, 0x36, 0x3f, 0x72, 0x73, 0x73, 0x76, 0x1c, 0x72, 0x3f, 0x76, 
    0x78, 0x37, 0x3b, 0x33, 0x34, 0x0e, 0x32, 0x28, 0x3f, 0x3b, 0x3e, 0x78, 
    0x76, 0x72, 0x73, 0x67, 0x64, 0x3f, 0x74, 0x3b, 0x2e, 0x2e, 0x3b, 0x39, 
    0x32, 0x3f, 0x3e, 0x0e, 0x32, 0x28, 0x3f, 0x3b, 0x3e, 0x29, 0x01, 0x6a, 
    0x07, 0x73, 0x27, 0x73, 0x72, 0x37, 0x26, 0x26, 0x72, 0x37, 0x67, 0x21, 
    0x27, 0x73, 0x73, 0x61, 0x2c, 0x3b, 0x28, 0x7a, 0x37, 0x61, 0x72, 0x3c, 
    0x2f, 0x34, 0x39, 0x2e, 0x33, 0x35, 0x34, 0x72, 0x3f, 0x73, 0x21, 0x36, 
    0x3f, 0x2e, 0x7a, 0x2e, 0x67, 0x39, 0x36, 0x3b, 0x29, 0x29, 0x7a, 0x3f, 
    0x22, 0x2e, 0x3f, 0x34, 0x3e, 0x29, 0x7a, 0x15, 0x21, 0x29, 0x2e, 0x3b, 
    0x2e, 0x33, 0x39, 0x7a, 0x3d, 0x3f, 0x2e, 0x7a, 0x1f, 0x34, 0x2f, 0x37, 
    0x72, 0x73, 0x21, 0x36, 0x3f, 0x2e, 0x7a, 0x34, 0x67, 0x72, 0x29, 0x76, 
    0x3b, 0x67, 0x35, 0x67, 0x64, 0x35, 0x73, 0x67, 0x64, 0x3b, 0x72, 0x3f, 
    0x74, 0x39, 0x35, 0x28, 0x36, 0x33, 0x38, 0x74, 0x39, 0x36, 0x3b, 0x29, 
    0x29, 0x72, 0x29, 0x73, 0x73, 0x74, 0x2e, 0x23, 0x2a, 0x3f, 0x74, 0x3f, 
    0x34, 0x2f, 0x37, 0x0c, 0x3b, 0x36, 0x2f, 0x3f, 0x76, 0x28, 0x67, 0x21, 
    0x0c, 0x15, 0x13, 0x1e, 0x60, 0x34, 0x72, 0x78, 0x09, 0x23, 0x29, 0x2e, 
    0x3f, 0x37, 0x74, 0x0c, 0x35, 0x33, 0x3e, 0x78, 0x73, 0x76, 0x18, 0x15, 
    0x15, 0x16, 0x1f, 0x1b, 0x14, 0x60, 0x34, 0x72, 0x78, 0x09, 0x23, 0x29, 
    0x2e, 0x3f, 0x37, 0x74, 0x18, 0x35, 0x35, 0x36, 0x3f, 0x3b, 0x34, 0x78, 
    0x73, 0x76, 0x19, 0x12, 0x1b, 0x08, 0x60, 0x34, 0x72, 0x78, 0x09, 0x23, 
    0x29, 0x2e, 0x3f, 0x37, 0x74, 0x19, 0x32, 0x3b, 0x28, 0x78, 0x73, 0x76, 
    0x18, 0x03, 0x0e, 0x1f, 0x60, 0x34, 0x72, 0x78, 0x09, 0x23, 0x29, 0x2e, 
    0x3f, 0x37, 0x74, 0x09, 0x18, 0x23, 0x2e, 0x3f, 0x78, 0x73, 0x76, 0x0f, 
    0x18, 0x03, 0x0e, 0x1f, 0x60, 0x34, 0x72, 0x78, 0x09, 0x23, 0x29, 0x2e, 
    0x3f, 0x37, 0x74, 0x18, 0x23, 0x2e, 0x3f, 0x78, 0x73, 0x76, 0x09, 0x12, 
    0x15, 0x08, 0x0e, 0x60, 0x34, 0x72, 0x78, 0x09, 0x23, 0x29, 0x2e, 0x3f, 
    0x37, 0x74, 0x13, 0x34, 0x2e, 0x6b, 0x6c, 0x78, 0x73, 0x76, 0x0f, 0x09, 
    0x12, 0x15, 0x08, 0x0e, 0x60, 0x34, 0x72, 0x78, 0x09, 0x23, 0x29, 0x2e, 
    0x3f, 0x37, 0x74, 0x0f, 0x13, 0x34, 0x2e, 0x6b, 0x6c, 0x78, 0x73, 0x76, 
    0x13, 0x14, 0x0e, 0x60, 0x34, 0x72, 0x78, 0x09, 0x23, 0x29, 0x2e, 0x3f, 
    0x37, 0x74, 0x13, 0x34, 0x2e, 0x69, 0x68, 0x78, 0x73, 0x76, 0x0f, 0x13, 
    0x14, 0x0e, 0x60, 0x34, 0x72, 0x78, 0x09, 0x23, 0x29, 0x2e, 0x3f, 0x37, 
    0x74, 0x0f, 0x13, 0x34, 0x2e, 0x69, 0x68, 0x78, 0x73, 0x76, 0x16, 0x15, 
    0x14, 0x1d, 0x60, 0x34, 0x72, 0x78, 0x09, 0x23, 0x29, 0x2e, 0x3f, 0x37, 
    0x74, 0x13, 0x34, 0x2e, 0x6c, 0x6e, 0x78, 0x73, 0x76, 0x0f, 0x16, 0x15, 
    0x14, 0x1d, 0x60, 0x34, 0x72, 0x78, 0x09, 0x23, 0x29, 0x2e, 0x3f, 0x37, 
    0x74, 0x0f, 0x13, 0x34, 0x2e, 0x6c, 0x6e, 0x78, 0x73, 0x76, 0x14, 0x13, 
    0x14, 0x0e, 0x60, 0x34, 0x72, 0x78, 0x09, 0x23, 0x29, 0x2e, 0x3f, 0x37, 
    0x74, 0x13, 0x34, 0x2e, 0x0a, 0x2e, 0x28, 0x78, 0x73, 0x76, 0x14, 0x0f, 
    0x13, 0x14, 0x0e, 0x60, 0x34, 0x72, 0x78, 0x09, 0x23, 0x29, 0x2e, 0x3f, 
    0x37, 0x74, 0x0f, 0x13, 0x34, 0x2e, 0x0a, 0x2e, 0x28, 0x78, 0x73, 0x76, 
    0x1c, 0x16, 0x15, 0x1b, 0x0e, 0x60, 0x34, 0x72, 0x78, 0x09, 0x23, 0x29, 
    0x2e, 0x3f, 0x37, 0x74, 0x09, 0x33, 0x34, 0x3d, 0x36, 0x3f, 0x78, 0x73, 
    0x76, 0x1e, 0x15, 0x0f, 0x18, 0x16, 0x1f, 0x60, 0x34, 0x72, 0x78, 0x09, 
    0x23, 0x29, 0x2e, 0x3f, 0x37, 0x74, 0x1e, 0x35, 0x2f, 0x38, 0x36, 0x3f, 
    0x78, 0x73, 0x76, 0x0a, 0x15, 0x13, 0x14, 0x0e, 0x1f, 0x08, 0x60, 0x34, 
    0x72, 0x78, 0x09, 0x23, 0x29, 0x2e, 0x3f, 0x37, 0x74, 0x13, 0x34, 0x2e, 
    0x0a, 0x2e, 0x28, 0x78, 0x76, 0x29, 0x67, 0x64, 0x29, 0x74, 0x3c, 0x33, 
    0x3f, 0x36, 0x3e, 0x72, 0x78, 0x37, 0x05, 0x2c, 0x3b, 0x36, 0x2f, 0x3f, 
    0x78, 0x73, 0x73, 0x76, 0x0c, 0x1b, 0x16, 0x0f, 0x1f, 0x05, 0x0e, 0x03, 
    0x0a, 0x1f, 0x60, 0x34, 0x72, 0x78, 0x09, 0x23, 0x29, 0x2e, 0x3f, 0x37, 
    0x74, 0x1e, 0x3f, 0x39, 0x33, 0x37, 0x3b, 0x36, 0x78, 0x73, 0x76, 0x15, 
    0x18, 0x10, 0x1f, 0x19, 0x0e, 0x60, 0x34, 0x72, 0x78, 0x09, 0x23, 0x29, 
    0x2e, 0x3f, 0x37, 0x74, 0x15, 0x38, 0x30, 0x3f, 0x39, 0x2e, 0x78, 0x73, 
    0x76, 0x09, 0x0e, 0x08, 0x13, 0x14, 0x1d, 0x60, 0x34, 0x72, 0x78, 0x09, 
    0x23, 0x29, 0x2e, 0x3f, 0x37, 0x74, 0x09, 0x2e, 0x28, 0x33, 0x34, 0x3d, 
    0x78, 0x73, 0x76, 0x19, 0x16, 0x1b, 0x09, 0x09, 0x60, 0x34, 0x72, 0x78, 
    0x09, 0x23, 0x29, 0x2e, 0x3f, 0x37, 0x74, 0x1b, 0x28, 0x28, 0x3b, 0x23, 
    0x78, 0x73, 0x76, 0x1b, 0x08, 0x08, 0x1b, 0x03, 0x60, 0x34, 0x72, 0x78, 
    0x09, 0x23, 0x29, 0x2e, 0x3f, 0x37, 0x74, 0x0c, 0x35, 0x33, 0x3e, 0x78, 
    0x76, 0x29, 0x67, 0x64, 0x29, 0x74, 0x3b, 0x28, 0x28, 0x3b, 0x23, 0x19, 
    0x36, 0x3b, 0x29, 0x29, 0x73, 0x76, 0x14, 0x1b, 0x08, 0x08, 0x1b, 0x03, 
    0x60, 0x34, 0x72, 0x78, 0x09, 0x23, 0x29, 0x2e, 0x3f, 0x37, 0x74, 0x0c, 
    0x35, 0x33, 0x3e, 0x78, 0x76, 0x29, 0x67, 0x64, 0x34, 0x3f, 0x2d, 0x7a, 
    0x3f, 0x74, 0x19, 0x36, 0x3b, 0x29, 0x29, 0x72, 0x3f, 0x74, 0x3f, 0x22, 
    0x2a, 0x35, 0x28, 0x2e, 0x29, 0x74, 0x39, 0x36, 0x3b, 0x29, 0x29, 0x1d, 
    0x3f, 0x2e, 0x1b, 0x28, 0x28, 0x3b, 0x23, 0x19, 0x36, 0x3b, 0x29, 0x29, 
    0x72, 0x29, 0x76, 0x68, 0x73, 0x73, 0x73, 0x76, 0x1d, 0x1f, 0x14, 0x1f, 
    0x08, 0x13, 0x19, 0x05, 0x13, 0x14, 0x09, 0x0e, 0x1b, 0x14, 0x19, 0x1f, 
    0x60, 0x34, 0x72, 0x78, 0x09, 0x23, 0x29, 0x2e, 0x3f, 0x37, 0x74, 0x13, 
    0x34, 0x2e, 0x69, 0x68, 0x78, 0x76, 0x29, 0x67, 0x64, 0x29, 0x74, 0x33, 
    0x34, 0x2e, 0x3f, 0x28, 0x3c, 0x3b, 0x39, 0x3f, 0x29, 0x74, 0x3c, 0x33, 
    0x34, 0x3e, 0x72, 0x3b, 0x67, 0x64, 0x3b, 0x74, 0x34, 0x3b, 0x37, 0x3f, 
    0x74, 0x3f, 0x34, 0x3e, 0x29, 0x0d, 0x33, 0x2e, 0x32, 0x72, 0x78, 0x3a, 
    0x6b, 0x78, 0x73, 0x73, 0x73, 0x27, 0x61, 0x28, 0x3f, 0x2e, 0x2f, 0x28, 
    0x34, 0x7a, 0x08, 0x3f, 0x3c, 0x36, 0x3f, 0x39, 0x2e, 0x74, 0x3e, 0x3f, 
    0x3c, 0x33, 0x34, 0x3f, 0x0a, 0x28, 0x35, 0x2a, 0x3f, 0x28, 0x2e, 0x23, 
    0x72, 0x2e, 0x32, 0x33, 0x29, 0x76, 0x78, 0x1f, 0x34, 0x2f, 0x37, 0x78, 
    0x76, 0x21, 0x2c, 0x3b, 0x36, 0x2f, 0x3f, 0x60, 0x28, 0x27, 0x73, 0x76, 
    0x2b, 0x3f, 0x72, 0x21, 0x74, 0x74, 0x74, 0x28, 0x76, 0x0c, 0x1b, 0x08, 
    0x60, 0x34, 0x72, 0x78, 0x09, 0x23, 0x29, 0x2e, 0x3f, 0x37, 0x74, 0x1b, 
    0x39, 0x2e, 0x33, 0x35, 0x34, 0x3a, 0x6b, 0x78, 0x76, 0x29, 0x67, 0x64, 
    0x29, 0x74, 0x3d, 0x3f, 0x34, 0x3f, 0x28, 0x33, 0x39, 0x29, 0x01, 0x6a, 
    0x07, 0x73, 0x76, 0x17, 0x0c, 0x1b, 0x08, 0x60, 0x34, 0x72, 0x78, 0x09, 
    0x23, 0x29, 0x2e, 0x3f, 0x37, 0x74, 0x1b, 0x28, 0x28, 0x3b, 0x23, 0x78, 
    0x76, 0x29, 0x67, 0x64, 0x29, 0x74, 0x37, 0x3f, 0x2e, 0x32, 0x35, 0x3e, 
    0x72, 0x78, 0x1b, 0x29, 0x08, 0x3f, 0x3b, 0x3e, 0x15, 0x34, 0x36, 0x23, 
    0x78, 0x76, 0x6b, 0x73, 0x74, 0x3d, 0x3f, 0x34, 0x3f, 0x28, 0x33, 0x39, 
    0x29, 0x01, 0x6a, 0x07, 0x73, 0x27, 0x73, 0x27, 0x3d, 0x3f, 0x2e, 0x7a, 
    0x39, 0x36, 0x3b, 0x29, 0x29, 0x72, 0x73, 0x21, 0x28, 0x3f, 0x2e, 0x2f, 
    0x28, 0x34, 0x7a, 0x34, 0x3f, 0x2d, 0x7a, 0x3f, 0x74, 0x19, 0x36, 0x3b, 
    0x29, 0x29, 0x72, 0x3f, 0x74, 0x3f, 0x22, 0x2a, 0x35, 0x28, 0x2e, 0x29, 
    0x74, 0x2e, 0x23, 0x2a, 0x3f, 0x1d, 0x3f, 0x2e, 0x19, 0x36, 0x3b, 0x29, 
    0x29, 0x72, 0x2e, 0x32, 0x33, 0x29, 0x73, 0x73, 0x27, 0x3d, 0x3f, 0x2e, 
    0x7a, 0x3c, 0x28, 0x33, 0x3e, 0x3b, 0x1b, 0x36, 0x33, 0x3b, 0x29, 0x72, 
    0x73, 0x21, 0x3c, 0x2f, 0x34, 0x39, 0x2e, 0x33, 0x35, 0x34, 0x7a, 0x34, 
    0x72, 0x28, 0x73, 0x21, 0x36, 0x3f, 0x2e, 0x7a, 0x29, 0x67, 0x28, 0x74, 
    0x39, 0x36, 0x3b, 0x29, 0x29, 0x74, 0x3c, 0x33, 0x3f, 0x36, 0x3e, 0x29, 
    0x74, 0x3c, 0x33, 0x36, 0x2e, 0x3f, 0x28, 0x72, 0x3b, 0x67, 0x64, 0x7b, 
    0x3b, 0x74, 0x33, 0x29, 0x09, 0x2e, 0x3b, 0x2e, 0x33, 0x39, 0x73, 0x61, 
    0x28, 0x3f, 0x2e, 0x2f, 0x28, 0x34, 0x7a, 0x29, 0x74, 0x36, 0x3f, 0x34, 
    0x3d, 0x2e, 0x32, 0x67, 0x67, 0x6a, 0x65, 0x01, 0x78, 0x39, 0x32, 0x3b, 
    0x28, 0x78, 0x07, 0x60, 0x29, 0x74, 0x37, 0x3b, 0x2a, 0x72, 0x3b, 0x67, 
    0x64, 0x3b, 0x74, 0x2e, 0x23, 0x2a, 0x3f, 0x74, 0x3c, 0x28, 0x33, 0x3e, 
    0x3b, 0x1b, 0x36, 0x33, 0x3b, 0x29, 0x73, 0x27, 0x33, 0x3c, 0x72, 0x2e, 
    0x32, 0x33, 0x29, 0x74, 0x33, 0x29, 0x18, 0x23, 0x08, 0x3f, 0x3c, 0x3f, 
    0x28, 0x3f, 0x34, 0x39, 0x3f, 0x73, 0x28, 0x3f, 0x2e, 0x2f, 0x28, 0x34, 
    0x78, 0x2a, 0x35, 0x33, 0x34, 0x2e, 0x3f, 0x28, 0x78, 0x61, 0x29, 0x2d, 
    0x33, 0x2e, 0x39, 0x32, 0x72, 0x2e, 0x32, 0x33, 0x29, 0x74, 0x3f, 0x34, 
    0x2f, 0x37, 0x0c, 0x3b, 0x36, 0x2f, 0x3f, 0x73, 0x21, 0x39, 0x3b, 0x29, 
    0x3f, 0x7a, 0x3f, 0x74, 0x0e, 0x23, 0x2a, 0x3f, 0x74, 0x1f, 0x34, 0x2f, 
    0x37, 0x74, 0x0c, 0x15, 0x13, 0x1e, 0x60, 0x28, 0x3f, 0x2e, 0x2f, 0x28, 
    0x34, 0x78, 0x2c, 0x35, 0x33, 0x3e, 0x78, 0x61, 0x39, 0x3b, 0x29, 0x3f, 
    0x7a, 0x3f, 0x74, 0x0e, 0x23, 0x2a, 0x3f, 0x74, 0x1f, 0x34, 0x2f, 0x37, 
    0x74, 0x18, 0x15, 0x15, 0x16, 0x1f, 0x1b, 0x14, 0x60, 0x28, 0x3f, 0x2e, 
    0x2f, 0x28, 0x34, 0x78, 0x38, 0x35, 0x35, 0x36, 0x78, 0x61, 0x39, 0x3b, 
    0x29, 0x3f, 0x7a, 0x3f, 0x74, 0x0e, 0x23, 0x2a, 0x3f, 0x74, 0x1f, 0x34, 
    0x2f, 0x37, 0x74, 0x19, 0x12, 0x1b, 0x08, 0x60, 0x28, 0x3f, 0x2e, 0x2f, 
    0x28, 0x34, 0x78, 0x2f, 0x39, 0x32, 0x3b, 0x28, 0x78, 0x61, 0x39, 0x3b, 
    0x29, 0x3f, 0x7a, 0x3f, 0x74, 0x0e, 0x23, 0x2a, 0x3f, 0x74, 0x1f, 0x34, 
    0x2f, 0x37, 0x74, 0x18, 0x03, 0x0e, 0x1f, 0x60, 0x28, 0x3f, 0x2e, 0x2f, 
    0x28, 0x34, 0x78, 0x33, 0x34, 0x2e, 0x62, 0x78, 0x61, 0x39, 0x3b, 0x29, 
    0x3f, 0x7a, 0x3f, 0x74, 0x0e, 0x23, 0x2a, 0x3f, 0x74, 0x1f, 0x34, 0x2f, 
    0x37, 0x74, 0x0f, 0x18, 0x03, 0x0e, 0x1f, 0x60, 0x28, 0x3f, 0x2e, 0x2f, 
    0x28, 0x34, 0x78, 0x2f, 0x33, 0x34, 0x2e, 0x62, 0x78, 0x61, 0x39, 0x3b, 
    0x29, 0x3f, 0x7a, 0x3f, 0x74, 0x0e, 0x23, 0x2a, 0x3f, 0x74, 0x1f, 0x34, 
    0x2f, 0x37, 0x74, 0x09, 0x12, 0x15, 0x08, 0x0e, 0x60, 0x28, 0x3f, 0x2e, 
    0x2f, 0x28, 0x34, 0x78, 0x33, 0x34, 0x2e, 0x6b, 0x6c, 0x78, 0x61, 0x39, 
    0x3b, 0x29, 0x3f, 0x7a, 0x3f, 0x74, 0x0e, 0x23, 0x2a, 0x3f, 0x74, 0x1f, 
    0x34, 0x2f, 0x37, 0x74, 0x0f, 0x09, 0x12, 0x15, 0x08, 0x0e, 0x60, 0x28, 
    0x3f, 0x2e, 0x2f, 0x28, 0x34, 0x78, 0x2f, 0x33, 0x34, 0x2e, 0x6b, 0x6c, 
    0x78, 0x61, 0x39, 0x3b, 0x29, 0x3f, 0x7a, 0x3f, 0x74, 0x0e, 0x23, 0x2a, 
    0x3f, 0x74, 0x1f, 0x34, 0x2f, 0x37, 0x74, 0x13, 0x14, 0x0e, 0x60, 0x28, 
    0x3f, 0x2e, 0x2f, 0x28, 0x34, 0x78, 0x33, 0x34, 0x2e, 0x69, 0x68, 0x78, 
    0x61, 0x39, 0x3b, 0x29, 0x3f, 0x7a, 0x3f, 0x74, 0x0e, 0x23, 0x2a, 0x3f, 
    0x74, 0x1f, 0x34, 0x2f, 0x37, 0x74, 0x0f, 0x13, 0x14, 0x0e, 0x60, 0x28, 
    0x3f, 0x2e, 0x2f, 0x28, 0x34, 0x78, 0x2f, 0x33, 0x34, 0x2e, 0x69, 0x68, 
    0x78, 0x61, 0x39, 0x3b, 0x29, 0x3f, 0x7a, 0x3f, 0x74, 0x0e, 0x23, 0x2a, 
    0x3f, 0x74, 0x1f, 0x34, 0x2f, 0x37, 0x74, 0x16, 0x15, 0x14, 0x1d, 0x60, 
    0x28, 0x3f, 0x2e, 0x2f, 0x28, 0x34, 0x78, 0x33, 0x34, 0x2e, 0x6c, 0x6e, 
    0x78, 0x61, 0x39, 0x3b, 0x29, 0x3f, 0x7a, 0x3f, 0x74, 0x0e, 0x23, 0x2a, 
    0x3f, 0x74, 0x1f, 0x34, 0x2f, 0x37, 0x74, 0x0f, 0x16, 0x15, 0x14, 0x1d, 
    0x60, 0x28, 0x3f, 0x2e, 0x2f, 0x28, 0x34, 0x78, 0x2f, 0x33, 0x34, 0x2e, 
    0x6c, 0x6e, 0x78, 0x61, 0x39, 0x3b, 0x29, 0x3f, 0x7a, 0x3f, 0x74, 0x0e, 
    0x23, 0x2a, 0x3f, 0x74, 0x1f, 0x34, 0x2f, 0x37, 0x74, 0x1c, 0x16, 0x15, 
    0x1b, 0x0e, 0x60, 0x28, 0x3f, 0x2e, 0x2f, 0x28, 0x34, 0x78, 0x3c, 0x36, 
    0x35, 0x3b, 0x2e, 0x78, 0x61, 0x39, 0x3b, 0x29, 0x3f, 0x7a, 0x3f, 0x74, 
    0x0e, 0x23, 0x2a, 0x3f, 0x74, 0x1f, 0x34, 0x2f, 0x37, 0x74, 0x1e, 0x15, 
    0x0f, 0x18, 0x16, 0x1f, 0x60, 0x28, 0x3f, 0x2e, 0x2f, 0x28, 0x34, 0x78, 
    0x3e, 0x35, 0x2f, 0x38, 0x36, 0x3f, 0x78, 0x61, 0x39, 0x3b, 0x29, 0x3f, 
    0x7a, 0x3f, 0x74, 0x0e, 0x23, 0x2a, 0x3f, 0x74, 0x1f, 0x34, 0x2f, 0x37, 
    0x74, 0x14, 0x13, 0x14, 0x0e, 0x60, 0x39, 0x3b, 0x29, 0x3f, 0x7a, 0x3f, 
    0x74, 0x0e, 0x23, 0x2a, 0x3f, 0x74, 0x1f, 0x34, 0x2f, 0x37, 0x74, 0x14, 
    0x0f, 0x13, 0x14, 0x0e, 0x60, 0x39, 0x3b, 0x29, 0x3f, 0x7a, 0x3f, 0x74, 
    0x0e, 0x23, 0x2a, 0x3f, 0x74, 0x1f, 0x34, 0x2f, 0x37, 0x74, 0x0a, 0x15, 
    0x13, 0x14, 0x0e, 0x1f, 0x08, 0x60, 0x39, 0x3b, 0x29, 0x3f, 0x7a, 0x3f, 
    0x74, 0x0e, 0x23, 0x2a, 0x3f, 0x74, 0x1f, 0x34, 0x2f, 0x37, 0x74, 0x09, 
    0x0e, 0x08, 0x13, 0x14, 0x1d, 0x60, 0x39, 0x3b, 0x29, 0x3f, 0x7a, 0x3f, 
    0x74, 0x0e, 0x23, 0x2a, 0x3f, 0x74, 0x1f, 0x34, 0x2f, 0x37, 0x74, 0x1b, 
    0x08, 0x08, 0x1b, 0x03, 0x60, 0x39, 0x3b, 0x29, 0x3f, 0x7a, 0x3f, 0x74, 
    0x0e, 0x23, 0x2a, 0x3f, 0x74, 0x1f, 0x34, 0x2f, 0x37, 0x74, 0x14, 0x1b, 
    0x08, 0x08, 0x1b, 0x03, 0x60, 0x28, 0x3f, 0x2e, 0x2f, 0x28, 0x34, 0x78, 
    0x2a, 0x35, 0x33, 0x34, 0x2e, 0x3f, 0x28, 0x78, 0x61, 0x39, 0x3b, 0x29, 
    0x3f, 0x7a, 0x3f, 0x74, 0x0e, 0x23, 0x2a, 0x3f, 0x74, 0x1f, 0x34, 0x2f, 
    0x37, 0x74, 0x0c, 0x1b, 0x16, 0x0f, 0x1f, 0x05, 0x0e, 0x03, 0x0a, 0x1f, 
    0x60, 0x28, 0x3f, 0x2e, 0x2f, 0x28, 0x34, 0x7a, 0x2e, 0x32, 0x33, 0x29, 
    0x74, 0x39, 0x36, 0x3b, 0x29, 0x29, 0x74, 0x33, 0x29, 0x1f, 0x34, 0x2f, 
    0x37, 0x65, 0x2e, 0x32, 0x33, 0x29, 0x74, 0x39, 0x36, 0x3b, 0x29, 0x29, 
    0x74, 0x38, 0x3b, 0x29, 0x3f, 0x0e, 0x23, 0x2a, 0x3f, 0x74, 0x3c, 0x28, 
    0x33, 0x3e, 0x3b, 0x1b, 0x36, 0x33, 0x3b, 0x29, 0x60, 0x34, 0x72, 0x2e, 
    0x32, 0x33, 0x29, 0x73, 0x61, 0x39, 0x3b, 0x29, 0x3f, 0x7a, 0x3f, 0x74, 
    0x0e, 0x23, 0x2a, 0x3f, 0x74, 0x1f, 0x34, 0x2f, 0x37, 0x74, 0x19, 0x16, 
    0x1b, 0x09, 0x09, 0x60, 0x39, 0x3b, 0x29, 0x3f, 0x7a, 0x3f, 0x74, 0x0e, 
    0x23, 0x2a, 0x3f, 0x74, 0x1f, 0x34, 0x2f, 0x37, 0x74, 0x15, 0x18, 0x10, 
    0x1f, 0x19, 0x0e, 0x60, 0x39, 0x3b, 0x29, 0x3f, 0x7a, 0x3f, 0x74, 0x0e, 
    0x23, 0x2a, 0x3f, 0x74, 0x1f, 0x34, 0x2f, 0x37, 0x74, 0x1d, 0x1f, 0x14, 
    0x1f, 0x08, 0x13, 0x19, 0x05, 0x13, 0x14, 0x09, 0x0e, 0x1b, 0x14, 0x19, 
    0x1f, 0x60, 0x28, 0x3f, 0x2e, 0x2f, 0x28, 0x34, 0x7a, 0x2e, 0x32, 0x33, 
    0x29, 0x74, 0x39, 0x36, 0x3b, 0x29, 0x29, 0x74, 0x33, 0x29, 0x09, 0x2e, 
    0x28, 0x2f, 0x39, 0x2e, 0x65, 0x34, 0x72, 0x2e, 0x32, 0x33, 0x29, 0x73, 
    0x60, 0x2e, 0x32, 0x33, 0x29, 0x74, 0x39, 0x36, 0x3b, 0x29, 0x29, 0x74, 
    0x33, 0x29, 0x1f, 0x34, 0x2f, 0x37, 0x65, 0x2e, 0x32, 0x33, 0x29, 0x74, 
    0x39, 0x36, 0x3b, 0x29, 0x29, 0x74, 0x38, 0x3b, 0x29, 0x3f, 0x0e, 0x23, 
    0x2a, 0x3f, 0x74, 0x3c, 0x28, 0x33, 0x3e, 0x3b, 0x1b, 0x36, 0x33, 0x3b, 
    0x29, 0x60, 0x78, 0x2a, 0x35, 0x33, 0x34, 0x2e, 0x3f, 0x28, 0x78, 0x61, 
    0x3e, 0x3f, 0x3c, 0x3b, 0x2f, 0x36, 0x2e, 0x60, 0x28, 0x3f, 0x2e, 0x2f, 
    0x28, 0x34, 0x78, 0x2a, 0x35, 0x33, 0x34, 0x2e, 0x3f, 0x28, 0x78, 0x27, 
    0x27, 0x3d, 0x3f, 0x2e, 0x7a, 0x33, 0x29, 0x18, 0x23, 0x08, 0x3f, 0x3c, 
    0x3f, 0x28, 0x3f, 0x34, 0x39, 0x3f, 0x72, 0x73, 0x21, 0x28, 0x3f, 0x2e, 
    0x2f, 0x28, 0x34, 0x7a, 0x2e, 0x32, 0x33, 0x29, 0x74, 0x34, 0x3b, 0x37, 
    0x3f, 0x74, 0x3f, 0x34, 0x3e, 0x29, 0x0d, 0x33, 0x2e, 0x32, 0x72, 0x78, 
    0x7c, 0x78, 0x73, 0x27, 0x3d, 0x3f, 0x2e, 0x7a, 0x33, 0x29, 0x0a, 0x28, 
    0x33, 0x37, 0x33, 0x2e, 0x33, 0x2c, 0x3f, 0x72, 0x73, 0x21, 0x29, 0x2d, 
    0x33, 0x2e, 0x39, 0x32, 0x72, 0x2e, 0x32, 0x33, 0x29, 0x74, 0x3f, 0x34, 
    0x2f, 0x37, 0x0c, 0x3b, 0x36, 0x2f, 0x3f, 0x73, 0x21, 0x39, 0x3b, 0x29, 
    0x3f, 0x7a, 0x3f, 0x74, 0x0e, 0x23, 0x2a, 0x3f, 0x74, 0x1f, 0x34, 0x2f, 
    0x37, 0x74, 0x18, 0x15, 0x15, 0x16, 0x1f, 0x1b, 0x14, 0x60, 0x39, 0x3b, 
    0x29, 0x3f, 0x7a, 0x3f, 0x74, 0x0e, 0x23, 0x2a, 0x3f, 0x74, 0x1f, 0x34, 
    0x2f, 0x37, 0x74, 0x19, 0x12, 0x1b, 0x08, 0x60, 0x39, 0x3b, 0x29, 0x3f, 
    0x7a, 0x3f, 0x74, 0x0e, 0x23, 0x2a, 0x3f, 0x74, 0x1f, 0x34, 0x2f, 0x37, 
    0x74, 0x18, 0x03, 0x0e, 0x1f, 0x60, 0x39, 0x3b, 0x29, 0x3f, 0x7a, 0x3f, 
    0x74, 0x0e, 0x23, 0x2a, 0x3f, 0x74, 0x1f, 0x34, 0x2f, 0x37, 0x74, 0x0f, 
    0x18, 0x03, 0x0e, 0x1f, 0x60, 0x39, 0x3b, 0x29, 0x3f, 0x7a, 0x3f, 0x74, 
    0x0e, 0x23, 0x2a, 0x3f, 0x74, 0x1f, 0x34, 0x2f, 0x37, 0x74, 0x09, 0x12, 
    0x15, 0x08, 0x0e, 0x60, 0x39, 0x3b, 0x29, 0x3f, 0x7a, 0x3f, 0x74, 0x0e, 
    0x23, 0x2a, 0x3f, 0x74, 0x1f, 0x34, 0x2f, 0x37, 0x74, 0x0f, 0x09, 0x12, 
    0x15, 0x08, 0x0e, 0x60, 0x39, 0x3b, 0x29, 0x3f, 0x7a, 0x3f, 0x74, 0x0e, 
    0x23, 0x2a, 0x3f, 0x74, 0x1f, 0x34, 0x2f, 0x37, 0x74, 0x13, 0x14, 0x0e, 
    0x60, 0x39, 0x3b, 0x29, 0x3f, 0x7a, 0x3f, 0x74, 0x0e, 0x23, 0x2a, 0x3f, 
    0x74, 0x1f, 0x34, 0x2f, 0x37, 0x74, 0x0f, 0x13, 0x14, 0x0e, 0x60, 0x39, 
    0x3b, 0x29, 0x3f, 0x7a, 0x3f, 0x74, 0x0e, 0x23, 0x2a, 0x3f, 0x74, 0x1f, 
    0x34, 0x2f, 0x37, 0x74, 0x16, 0x15, 0x14, 0x1d, 0x60, 0x39, 0x3b, 0x29, 
    0x3f, 0x7a, 0x3f, 0x74, 0x0e, 0x23, 0x2a, 0x3f, 0x74, 0x1f, 0x34, 0x2f, 
    0x37, 0x74, 0x0f, 0x16, 0x15, 0x14, 0x1d, 0x60, 0x39, 0x3b, 0x29, 0x3f, 
    0x7a, 0x3f, 0x74, 0x0e, 0x23, 0x2a, 0x3f, 0x74, 0x1f, 0x34, 0x2f, 0x37, 
    0x74, 0x1c, 0x16, 0x15, 0x1b, 0x0e, 0x60, 0x39, 0x3b, 0x29, 0x3f, 0x7a, 
    0x3f, 0x74, 0x0e, 0x23, 0x2a, 0x3f, 0x74, 0x1f, 0x34, 0x2f, 0x37, 0x74, 
    0x1e, 0x15, 0x0f, 0x18, 0x16, 0x1f, 0x60, 0x39, 0x3b, 0x29, 0x3f, 0x7a, 
    0x3f, 0x74, 0x0e, 0x23, 0x2a, 0x3f, 0x74, 0x1f, 0x34, 0x2f, 0x37, 0x74, 
    0x14, 0x13, 0x14, 0x0e, 0x60, 0x39, 0x3b, 0x29, 0x3f, 0x7a, 0x3f, 0x74, 
    0x0e, 0x23, 0x2a, 0x3f, 0x74, 0x1f, 0x34, 0x2f, 0x37, 0x74, 0x14, 0x0f, 
    0x13, 0x14, 0x0e, 0x60, 0x28, 0x3f, 0x2e, 0x2f, 0x28, 0x34, 0x7b, 0x6a, 
    0x61, 0x3e, 0x3f, 0x3c, 0x3b, 0x2f, 0x36, 0x2e, 0x60, 0x28, 0x3f, 0x2e, 
    0x2f, 0x28, 0x34, 0x7b, 0x6b, 0x27, 0x27, 0x3d, 0x3f, 0x2e, 0x7a, 0x34, 
    0x3b, 0x37, 0x3f, 0x72, 0x73, 0x21, 0x36, 0x3f, 0x2e, 0x7a, 0x34, 0x67, 
    0x3f, 0x74, 0x3f, 0x22, 0x2a, 0x35, 0x28, 0x2e, 0x29, 0x74, 0x2e, 0x23, 
    0x2a, 0x3f, 0x1d, 0x3f, 0x2e, 0x14, 0x3b, 0x37, 0x3f, 0x72, 0x2e, 0x32, 
    0x33, 0x29, 0x73, 0x61, 0x2e, 0x28, 0x23, 0x21, 0x28, 0x3f, 0x2e, 0x2f, 
    0x28, 0x34, 0x7a, 0x34, 0x74, 0x28, 0x3f, 0x3b, 0x3e, 0x0f, 0x2e, 0x3c, 
    0x62, 0x09, 0x2e, 0x28, 0x33, 0x34, 0x3d, 0x72, 0x73, 0x27, 0x3c, 0x33, 
    0x34, 0x3b, 0x36, 0x36, 0x23, 0x21, 0x3f, 0x74, 0x3c, 0x28, 0x3f, 0x3f, 
    0x72, 0x34, 0x73, 0x27, 0x27, 0x3d, 0x3f, 0x2e, 0x7a, 0x35, 0x38, 0x30, 
    0x3f, 0x39, 0x2e, 0x72, 0x73, 0x21, 0x28, 0x3f, 0x2e, 0x2f, 0x28, 0x34, 
    0x7a, 0x34, 0x3f, 0x2d, 0x7a, 0x3f, 0x74, 0x15, 0x38, 0x30, 0x3f, 0x39, 
    0x2e, 0x72, 0x3f, 0x74, 0x3f, 0x22, 0x2a, 0x35, 0x28, 0x2e, 0x29, 0x74, 
    0x2e, 0x23, 0x2a, 0x3f, 0x1d, 0x3f, 0x2e, 0x15, 0x38, 0x30, 0x3f, 0x39, 
    0x2e, 0x72, 0x2e, 0x32, 0x33, 0x29, 0x73, 0x73, 0x27, 0x3d, 0x3f, 0x2e, 
    0x7a, 0x3f, 0x34, 0x2f, 0x37, 0x0c, 0x3b, 0x36, 0x2f, 0x3f, 0x72, 0x73, 
    0x21, 0x28, 0x3f, 0x2e, 0x2f, 0x28, 0x34, 0x7a, 0x3f, 0x74, 0x3f, 0x22, 
    0x2a, 0x35, 0x28, 0x2e, 0x29, 0x74, 0x2e, 0x23, 0x2a, 0x3f, 0x1d, 0x3f, 
    0x2e, 0x0e, 0x23, 0x2a, 0x3f, 0x1f, 0x34, 0x2f, 0x37, 0x72, 0x2e, 0x32, 
    0x33, 0x29, 0x73, 0x27, 0x33, 0x29, 0x72, 0x34, 0x73, 0x21, 0x28, 0x3f, 
    0x2e, 0x2f, 0x28, 0x34, 0x7a, 0x3f, 0x74, 0x3f, 0x22, 0x2a, 0x35, 0x28, 
    0x2e, 0x29, 0x74, 0x2e, 0x23, 0x2a, 0x3f, 0x1f, 0x2b, 0x2f, 0x3b, 0x36, 
    0x29, 0x74, 0x33, 0x29, 0x14, 0x2f, 0x36, 0x36, 0x72, 0x73, 0x65, 0x2e, 
    0x32, 0x33, 0x29, 0x74, 0x35, 0x38, 0x30, 0x3f, 0x39, 0x2e, 0x74, 0x37, 
    0x3f, 0x2e, 0x32, 0x35, 0x3e, 0x72, 0x78, 0x1f, 0x2b, 0x2f, 0x3b, 0x36, 
    0x29, 0x78, 0x73, 0x74, 0x33, 0x34, 0x2c, 0x35, 0x31, 0x3f, 0x72, 0x34, 
    0x74, 0x35, 0x38, 0x30, 0x3f, 0x39, 0x2e, 0x73, 0x60, 0x7b, 0x7b, 0x3f, 
    0x74, 0x3f, 0x22, 0x2a, 0x35, 0x28, 0x2e, 0x29, 0x74, 0x2e, 0x23, 0x2a, 
    0x3f, 0x1f, 0x2b, 0x2f, 0x3b, 0x36, 0x29, 0x72, 0x2e, 0x32, 0x33, 0x29, 
    0x76, 0x34, 0x73, 0x27, 0x2e, 0x35, 0x09, 0x2e, 0x28, 0x33, 0x34, 0x3d, 
    0x72, 0x73, 0x21, 0x28, 0x3f, 0x2e, 0x2f, 0x28, 0x34, 0x7a, 0x2e, 0x32, 
    0x33, 0x29, 0x74, 0x34, 0x3b, 0x37, 0x3f, 0x27, 0x27, 0x61, 0x3e, 0x72, 
    0x01, 0x36, 0x07, 0x76, 0x2e, 0x74, 0x2a, 0x28, 0x35, 0x2e, 0x35, 0x2e, 
    0x23, 0x2a, 0x3f, 0x76, 0x78, 0x39, 0x36, 0x3b, 0x29, 0x29, 0x78, 0x76, 
    0x34, 0x2f, 0x36, 0x36, 0x73, 0x76, 0x3e, 0x72, 0x01, 0x36, 0x07, 0x76, 
    0x2e, 0x74, 0x2a, 0x28, 0x35, 0x2e, 0x35, 0x2e, 0x23, 0x2a, 0x3f, 0x76, 
    0x78, 0x3c, 0x28, 0x33, 0x3e, 0x3b, 0x1b, 0x36, 0x33, 0x3b, 0x29, 0x78, 
    0x76, 0x34, 0x2f, 0x36, 0x36, 0x73, 0x76, 0x3e, 0x72, 0x01, 0x36, 0x07, 
    0x76, 0x2e, 0x74, 0x2a, 0x28, 0x35, 0x2e, 0x35, 0x2e, 0x23, 0x2a, 0x3f, 
    0x76, 0x78, 0x33, 0x29, 0x18, 0x23, 0x08, 0x3f, 0x3c, 0x3f, 0x28, 0x3f, 
    0x34, 0x39, 0x3f, 0x78, 0x76, 0x34, 0x2f, 0x36, 0x36, 0x73, 0x76, 0x3e, 
    0x72, 0x01, 0x36, 0x07, 0x76, 0x2e, 0x74, 0x2a, 0x28, 0x35, 0x2e, 0x35, 
    0x2e, 0x23, 0x2a, 0x3f, 0x76, 0x78, 0x33, 0x29, 0x0a, 0x28, 0x33, 0x37, 
    0x33, 0x2e, 0x33, 0x2c, 0x3f, 0x78, 0x76, 0x34, 0x2f, 0x36, 0x36, 0x73, 
    0x76, 0x3e, 0x72, 0x01, 0x36, 0x07, 0x76, 0x2e, 0x74, 0x2a, 0x28, 0x35, 
    0x2e, 0x35, 0x2e, 0x23, 0x2a, 0x3f, 0x76, 0x78, 0x34, 0x3b, 0x37, 0x3f, 
    0x78, 0x76, 0x34, 0x2f, 0x36, 0x36, 0x73, 0x76, 0x3e, 0x72, 0x01, 0x36, 
    0x07, 0x76, 0x2e, 0x74, 0x2a, 0x28, 0x35, 0x2e, 0x35, 0x2e, 0x23, 0x2a, 
    0x3f, 0x76, 0x78, 0x35, 0x38, 0x30, 0x3f, 0x39, 0x2e, 0x78, 0x76, 0x34, 
    0x2f, 0x36, 0x36, 0x73, 0x76, 0x3e, 0x72, 0x01, 0x36, 0x07, 0x76, 0x2e, 
    0x74, 0x2a, 0x28, 0x35, 0x2e, 0x35, 0x2e, 0x23, 0x2a, 0x3f, 0x76, 0x78, 
    0x3f, 0x34, 0x2f, 0x37, 0x0c, 0x3b, 0x36, 0x2f, 0x3f, 0x78, 0x76, 0x34, 
    0x2f, 0x36, 0x36, 0x73, 0x76, 0x3e, 0x72, 0x01, 0x36, 0x07, 0x76, 0x2e, 
    0x76, 0x78, 0x1f, 0x34, 0x2f, 0x37, 0x78, 0x76, 0x34, 0x2f, 0x36, 0x36, 
    0x73, 0x76, 0x2e, 0x67, 0x3e, 0x72, 0x01, 0x29, 0x3f, 0x07, 0x76, 0x2e, 
    0x73, 0x76, 0x3f, 0x74, 0x0e, 0x23, 0x2a, 0x3f, 0x67, 0x2e, 0x27, 0x73, 
    0x72, 0x37, 0x26, 0x26, 0x72, 0x37, 0x67, 0x21, 0x27, 0x73, 0x73, 0x61, 
    0x2c, 0x3b, 0x28, 0x7a, 0x37, 0x61, 0x72, 0x3c, 0x2f, 0x34, 0x39, 0x2e, 
    0x33, 0x35, 0x34, 0x72, 0x3f, 0x73, 0x21, 0x39, 0x36, 0x3b, 0x29, 0x29, 
    0x7a, 0x2e, 0x7a, 0x3f, 0x22, 0x2e, 0x3f, 0x34, 0x3e, 0x29, 0x7a, 0x15, 
    0x21, 0x2e, 0x23, 0x2a, 0x3f, 0x61, 0x39, 0x35, 0x34, 0x29, 0x2e, 0x28, 
    0x2f, 0x39, 0x2e, 0x35, 0x28, 0x72, 0x34, 0x76, 0x28, 0x73, 0x21, 0x29, 
    0x2f, 0x2a, 0x3f, 0x28, 0x72, 0x34, 0x73, 0x76, 0x2e, 0x32, 0x33, 0x29, 
    0x74, 0x2e, 0x23, 0x2a, 0x3f, 0x67, 0x28, 0x27, 0x38, 0x35, 0x22, 0x72, 
    0x73, 0x21, 0x28, 0x3f, 0x2e, 0x2f, 0x28, 0x34, 0x7a, 0x34, 0x3f, 0x2d, 
    0x7a, 0x3f, 0x74, 0x15, 0x38, 0x30, 0x3f, 0x39, 0x2e, 0x72, 0x3f, 0x74, 
    0x3f, 0x22, 0x2a, 0x35, 0x28, 0x2e, 0x29, 0x74, 0x2c, 0x3b, 0x36, 0x2f, 
    0x3f, 0x0e, 0x23, 0x2a, 0x3f, 0x18, 0x35, 0x22, 0x72, 0x2e, 0x32, 0x33, 
    0x29, 0x74, 0x2e, 0x23, 0x2a, 0x3f, 0x74, 0x39, 0x36, 0x3b, 0x29, 0x29, 
    0x76, 0x2e, 0x32, 0x33, 0x29, 0x73, 0x73, 0x27, 0x3c, 0x33, 0x3f, 0x36, 
    0x3e, 0x72, 0x34, 0x73, 0x21, 0x28, 0x3f, 0x2e, 0x2f, 0x28, 0x34, 0x7a, 
    0x2e, 0x32, 0x33, 0x29, 0x74, 0x2e, 0x28, 0x23, 0x1c, 0x33, 0x3f, 0x36, 
    0x3e, 0x72, 0x34, 0x73, 0x65, 0x65, 0x38, 0x72, 0x3a, 0x39, 0x35, 0x2f, 
    0x36, 0x3e, 0x34, 0x7d, 0x2e, 0x7a, 0x3c, 0x33, 0x34, 0x3e, 0x7a, 0x34, 
    0x35, 0x34, 0x77, 0x29, 0x2e, 0x3b, 0x2e, 0x33, 0x39, 0x7a, 0x3c, 0x33, 
    0x3f, 0x36, 0x3e, 0x7a, 0x7e, 0x21, 0x34, 0x27, 0x7a, 0x33, 0x34, 0x7a, 
    0x32, 0x33, 0x3f, 0x28, 0x3b, 0x28, 0x39, 0x32, 0x23, 0x7a, 0x35, 0x3c, 
    0x7a, 0x39, 0x36, 0x3b, 0x29, 0x29, 0x7a, 0x7e, 0x21, 0x2e, 0x32, 0x33, 
    0x29, 0x74, 0x2e, 0x23, 0x2a, 0x3f, 0x74, 0x34, 0x3b, 0x37, 0x3f, 0x27, 
    0x3a, 0x73, 0x27, 0x37, 0x3f, 0x2e, 0x32, 0x35, 0x3e, 0x72, 0x34, 0x76, 
    0x28, 0x67, 0x77, 0x6b, 0x73, 0x21, 0x28, 0x3f, 0x2e, 0x2f, 0x28, 0x34, 
    0x7a, 0x2e, 0x32, 0x33, 0x29, 0x74, 0x2e, 0x28, 0x23, 0x17, 0x3f, 0x2e, 
    0x32, 0x35, 0x3e, 0x72, 0x34, 0x76, 0x28, 0x73, 0x65, 0x65, 0x38, 0x72, 
    0x3a, 0x39, 0x35, 0x2f, 0x36, 0x3e, 0x34, 0x7d, 0x2e, 0x7a, 0x3c, 0x33, 
    0x34, 0x3e, 0x7a, 0x34, 0x35, 0x34, 0x77, 0x29, 0x2e, 0x3b, 0x2e, 0x33, 
    0x39, 0x7a, 0x37, 0x3f, 0x2e, 0x32, 0x35, 0x3e, 0x7a, 0x7e, 0x21, 0x34, 
    0x27, 0x7a, 0x33, 0x34, 0x7a, 0x32, 0x33, 0x3f, 0x28, 0x3b, 0x28, 0x39, 
    0x32, 0x23, 0x7a, 0x35, 0x3c, 0x7a, 0x39, 0x36, 0x3b, 0x29, 0x29, 0x7a, 
    0x7e, 0x21, 0x2e, 0x32, 0x33, 0x29, 0x74, 0x2e, 0x23, 0x2a, 0x3f, 0x74, 
    0x34, 0x3b, 0x37, 0x3f, 0x27, 0x3a, 0x73, 0x27, 0x2e, 0x28, 0x23, 0x1c, 
    0x33, 0x3f, 0x36, 0x3e, 0x72, 0x34, 0x73, 0x21, 0x36, 0x3f, 0x2e, 0x7a, 
    0x28, 0x67, 0x2e, 0x32, 0x33, 0x29, 0x74, 0x2e, 0x23, 0x2a, 0x3f, 0x74, 
    0x39, 0x36, 0x3b, 0x29, 0x29, 0x74, 0x2e, 0x28, 0x23, 0x1c, 0x33, 0x3f, 
    0x36, 0x3e, 0x72, 0x34, 0x73, 0x61, 0x33, 0x3c, 0x72, 0x28, 0x65, 0x74, 
    0x33, 0x29, 0x09, 0x2e, 0x3b, 0x2e, 0x33, 0x39, 0x73, 0x21, 0x3c, 0x35, 
    0x28, 0x72, 0x36, 0x3f, 0x2e, 0x7a, 0x29, 0x7a, 0x35, 0x3c, 0x7a, 0x2e, 
    0x32, 0x33, 0x29, 0x74, 0x2e, 0x23, 0x2a, 0x3f, 0x74, 0x39, 0x36, 0x3b, 
    0x29, 0x29, 0x74, 0x32, 0x33, 0x3f, 0x28, 0x3b, 0x28, 0x39, 0x32, 0x23, 
    0x72, 0x73, 0x73, 0x3c, 0x35, 0x28, 0x72, 0x36, 0x3f, 0x2e, 0x7a, 0x3b, 
    0x7a, 0x35, 0x3c, 0x7a, 0x29, 0x74, 0x3c, 0x33, 0x3f, 0x36, 0x3e, 0x29, 
    0x73, 0x33, 0x3c, 0x72, 0x3b, 0x74, 0x34, 0x3b, 0x37, 0x3f, 0x67, 0x67, 
    0x34, 0x7c, 0x7c, 0x7b, 0x3b, 0x74, 0x33, 0x29, 0x09, 0x2e, 0x3b, 0x2e, 
    0x33, 0x39, 0x73, 0x28, 0x3f, 0x2e, 0x2f, 0x28, 0x34, 0x7a, 0x3b, 0x74, 
    0x38, 0x33, 0x34, 0x3e, 0x72, 0x2e, 0x32, 0x33, 0x29, 0x73, 0x61, 0x28, 
    0x3f, 0x2e, 0x2f, 0x28, 0x34, 0x27, 0x28, 0x3f, 0x2e, 0x2f, 0x28, 0x34, 
    0x7a, 0x28, 0x65, 0x74, 0x38, 0x33, 0x34, 0x3e, 0x72, 0x2e, 0x32, 0x33, 
    0x29, 0x73, 0x27, 0x2e, 0x28, 0x23, 0x17, 0x3f, 0x2e, 0x32, 0x35, 0x3e, 
    0x72, 0x34, 0x76, 0x28, 0x67, 0x77, 0x6b, 0x73, 0x21, 0x36, 0x3f, 0x2e, 
    0x7a, 0x29, 0x67, 0x2e, 0x32, 0x33, 0x29, 0x74, 0x2e, 0x23, 0x2a, 0x3f, 
    0x74, 0x39, 0x36, 0x3b, 0x29, 0x29, 0x74, 0x2e, 0x28, 0x23, 0x17, 0x3f, 
    0x2e, 0x32, 0x35, 0x3e, 0x72, 0x34, 0x76, 0x28, 0x73, 0x61, 0x33, 0x3c, 
    0x72, 0x29, 0x65, 0x74, 0x33, 0x29, 0x09, 0x2e, 0x3b, 0x2e, 0x33, 0x39, 
    0x73, 0x21, 0x3c, 0x35, 0x28, 0x72, 0x36, 0x3f, 0x2e, 0x7a, 0x3b, 0x7a, 
    0x35, 0x3c, 0x7a, 0x2e, 0x32, 0x33, 0x29, 0x74, 0x2e, 0x23, 0x2a, 0x3f, 
    0x74, 0x39, 0x36, 0x3b, 0x29, 0x29, 0x74, 0x32, 0x33, 0x3f, 0x28, 0x3b, 
    0x28, 0x39, 0x32, 0x23, 0x72, 0x73, 0x73, 0x3c, 0x35, 0x28, 0x72, 0x36, 
    0x3f, 0x2e, 0x7a, 0x35, 0x7a, 0x35, 0x3c, 0x7a, 0x3b, 0x74, 0x37, 0x3f, 
    0x2e, 0x32, 0x35, 0x3e, 0x29, 0x73, 0x33, 0x3c, 0x72, 0x35, 0x74, 0x34, 
    0x3b, 0x37, 0x3f, 0x67, 0x67, 0x34, 0x7c, 0x7c, 0x7b, 0x35, 0x74, 0x33, 
    0x29, 0x09, 0x2e, 0x3b, 0x2e, 0x33, 0x39, 0x7c, 0x7c, 0x72, 0x28, 0x66, 
    0x6a, 0x26, 0x26, 0x35, 0x74, 0x2a, 0x3b, 0x28, 0x3b, 0x37, 0x3f, 0x2e, 
    0x3f, 0x28, 0x19, 0x35, 0x2f, 0x34, 0x2e, 0x67, 0x67, 0x28, 0x73, 0x73, 
    0x28, 0x3f, 0x2e, 0x2f, 0x28, 0x34, 0x7a, 0x35, 0x74, 0x38, 0x33, 0x34, 
    0x3e, 0x72, 0x2e, 0x32, 0x33, 0x29, 0x73, 0x61, 0x28, 0x3f, 0x2e, 0x2f, 
    0x28, 0x34, 0x27, 0x28, 0x3f, 0x2e, 0x2f, 0x28, 0x34, 0x7a, 0x29, 0x65, 
    0x74, 0x38, 0x33, 0x34, 0x3e, 0x72, 0x2e, 0x32, 0x33, 0x29, 0x73, 0x27, 
    0x2e, 0x35, 0x09, 0x2e, 0x28, 0x33, 0x34, 0x3d, 0x72, 0x73, 0x21, 0x36, 
    0x3f, 0x2e, 0x7a, 0x34, 0x67, 0x2e, 0x32, 0x33, 0x29, 0x74, 0x37, 0x3f, 
    0x2e, 0x32, 0x35, 0x3e, 0x72, 0x78, 0x0e, 0x35, 0x09, 0x2e, 0x28, 0x33, 
    0x34, 0x3d, 0x78, 0x76, 0x6a, 0x73, 0x61, 0x28, 0x3f, 0x2e, 0x2f, 0x28, 
    0x34, 0x7a, 0x2e, 0x32, 0x33, 0x29, 0x74, 0x33, 0x29, 0x14, 0x2f, 0x36, 
    0x36, 0x72, 0x73, 0x65, 0x78, 0x34, 0x2f, 0x36, 0x36, 0x78, 0x60, 0x34, 
    0x74, 0x39, 0x36, 0x3b, 0x29, 0x29, 0x74, 0x33, 0x29, 0x0c, 0x3b, 0x36, 
    0x2f, 0x3f, 0x0e, 0x23, 0x2a, 0x3f, 0x65, 0x34, 0x74, 0x33, 0x34, 0x2c, 
    0x35, 0x31, 0x3f, 0x72, 0x73, 0x74, 0x39, 0x35, 0x34, 0x2e, 0x3f, 0x34, 
    0x2e, 0x65, 0x65, 0x78, 0x34, 0x2f, 0x36, 0x36, 0x78, 0x60, 0x2e, 0x32, 
    0x33, 0x29, 0x74, 0x38, 0x35, 0x22, 0x72, 0x73, 0x74, 0x2e, 0x35, 0x09, 
    0x2e, 0x28, 0x33, 0x34, 0x3d, 0x72, 0x73, 0x65, 0x65, 0x78, 0x34, 0x2f, 
    0x36, 0x36, 0x78, 0x27, 0x27, 0x3f, 0x74, 0x0c, 0x3b, 0x36, 0x2f, 0x3f, 
    0x0e, 0x23, 0x2a, 0x3f, 0x67, 0x2e, 0x27, 0x73, 0x72, 0x37, 0x26, 0x26, 
    0x72, 0x37, 0x67, 0x21, 0x27, 0x73, 0x73, 0x61, 0x3d, 0x36, 0x35, 0x38, 
    0x3b, 0x36, 0x0e, 0x32, 0x33, 0x29, 0x74, 0x13, 0x36, 0x68, 0x19, 0x2a, 
    0x2a, 0x67, 0x37, 0x61, 0x2c, 0x3b, 0x28, 0x7a, 0x33, 0x3f, 0x67, 0x21, 
    0x0e, 0x1b, 0x08, 0x1d, 0x1f, 0x0e, 0x05, 0x16, 0x13, 0x18, 0x60, 0x78, 
    0x36, 0x33, 0x38, 0x36, 0x35, 0x3d, 0x33, 0x39, 0x74, 0x29, 0x35, 0x78, 
    0x76, 0x1b, 0x0a, 0x13, 0x05, 0x08, 0x15, 0x15, 0x17, 0x09, 0x05, 0x0f, 
    0x08, 0x16, 0x60, 0x78, 0x32, 0x2e, 0x2e, 0x2a, 0x29, 0x60, 0x75, 0x75, 
    0x37, 0x36, 0x38, 0x29, 0x2c, 0x6e, 0x74, 0x2c, 0x3f, 0x28, 0x39, 0x3f, 
    0x36, 0x74, 0x3b, 0x2a, 0x2a, 0x75, 0x3b, 0x2a, 0x33, 0x75, 0x28, 0x35, 
    0x35, 0x37, 0x29, 0x78, 0x76, 0x1b, 0x0a, 0x13, 0x05, 0x11, 0x1f, 0x03, 
    0x60, 0x78, 0x37, 0x36, 0x38, 0x29, 0x05, 0x29, 0x3f, 0x39, 0x28, 0x3f, 
    0x2e, 0x05, 0x2e, 0x35, 0x31, 0x3f, 0x34, 0x05, 0x68, 0x6a, 0x68, 0x6c, 
    0x78, 0x76, 0x08, 0x15, 0x16, 0x1f, 0x09, 0x60, 0x21, 0x3b, 0x3e, 0x37, 
    0x33, 0x34, 0x60, 0x21, 0x3b, 0x36, 0x36, 0x35, 0x2d, 0x1c, 0x28, 0x3f, 
    0x3f, 0x09, 0x31, 0x33, 0x34, 0x60, 0x7b, 0x6a, 0x76, 0x3b, 0x36, 0x36, 
    0x35, 0x2d, 0x1d, 0x17, 0x17, 0x35, 0x3e, 0x3f, 0x60, 0x7b, 0x6a, 0x76, 
    0x3b, 0x36, 0x36, 0x35, 0x2d, 0x0f, 0x34, 0x28, 0x3f, 0x36, 0x3f, 0x3b, 
    0x29, 0x3f, 0x3e, 0x60, 0x7b, 0x6a, 0x76, 0x3b, 0x36, 0x36, 0x35, 0x2d, 
    0x0e, 0x3f, 0x36, 0x3f, 0x37, 0x3f, 0x2e, 0x28, 0x23, 0x60, 0x7b, 0x6a, 
    0x76, 0x3e, 0x3f, 0x29, 0x39, 0x28, 0x33, 0x2a, 0x2e, 0x33, 0x35, 0x34, 
    0x60, 0x78, 0x1b, 0x3e, 0x37, 0x33, 0x34, 0x33, 0x29, 0x2e, 0x28, 0x3b, 
    0x2e, 0x35, 0x28, 0x7a, 0x1b, 0x39, 0x39, 0x3f, 0x29, 0x29, 0x7a, 0x77, 
    0x7a, 0x1b, 0x36, 0x36, 0x7a, 0x1c, 0x3f, 0x3b, 0x2e, 0x2f, 0x28, 0x3f, 
    0x29, 0x7a, 0x1f, 0x34, 0x3b, 0x38, 0x36, 0x3f, 0x3e, 0x78, 0x27, 0x76, 
    0x2c, 0x33, 0x2a, 0x60, 0x21, 0x3b, 0x36, 0x36, 0x35, 0x2d, 0x1c, 0x28, 
    0x3f, 0x3f, 0x09, 0x31, 0x33, 0x34, 0x60, 0x7b, 0x6a, 0x76, 0x3b, 0x36, 
    0x36, 0x35, 0x2d, 0x1d, 0x17, 0x17, 0x35, 0x3e, 0x3f, 0x60, 0x7b, 0x6b, 
    0x76, 0x3b, 0x36, 0x36, 0x35, 0x2d, 0x0f, 0x34, 0x28, 0x3f, 0x36, 0x3f, 
    0x3b, 0x29, 0x3f, 0x3e, 0x60, 0x7b, 0x6a, 0x76, 0x3b, 0x36, 0x36, 0x35, 
    0x2d, 0x0e, 0x3f, 0x36, 0x3f, 0x37, 0x3f, 0x2e, 0x28, 0x23, 0x60, 0x7b, 
    0x6b, 0x76, 0x3e, 0x3f, 0x29, 0x39, 0x28, 0x33, 0x2a, 0x2e, 0x33, 0x35, 
    0x34, 0x60, 0x78, 0x0c, 0x13, 0x0a, 0x7a, 0x1b, 0x39, 0x39, 0x3f, 0x29, 
    0x29, 0x7a, 0x77, 0x7a, 0x09, 0x31, 0x33, 0x34, 0x29, 0x7a, 0x7c, 0x7a, 
    0x0e, 0x3f, 0x36, 0x3f, 0x37, 0x3f, 0x2e, 0x28, 0x23, 0x7a, 0x1f, 0x34, 
    0x3b, 0x38, 0x36, 0x3f, 0x3e, 0x7a, 0x72, 0x14, 0x35, 0x7a, 0x1d, 0x17, 
    0x7a, 0x17, 0x35, 0x3e, 0x3f, 0x73, 0x78, 0x27, 0x76, 0x2f, 0x29, 0x3f, 
    0x28, 0x60, 0x21, 0x3b, 0x36, 0x36, 0x35, 0x2d, 0x1c, 0x28, 0x3f, 0x3f, 
    0x09, 0x31, 0x33, 0x34, 0x60, 0x7b, 0x6a, 0x76, 0x3b, 0x36, 0x36, 0x35, 
    0x2d, 0x1d, 0x17, 0x17, 0x35, 0x3e, 0x3f, 0x60, 0x7b, 0x6a, 0x76, 0x3b, 
    0x36, 0x36, 0x35, 0x2d, 0x0f, 0x34, 0x28, 0x3f, 0x36, 0x3f, 0x3b, 0x29, 
    0x3f, 0x3e, 0x60, 0x7b, 0x6a, 0x76, 0x3b, 0x36, 0x36, 0x35, 0x2d, 0x0e, 
    0x3f, 0x36, 0x3f, 0x37, 0x3f, 0x2e, 0x28, 0x23, 0x60, 0x7b, 0x6b, 0x76, 
    0x3e, 0x3f, 0x29, 0x39, 0x28, 0x33, 0x2a, 0x2e, 0x33, 0x35, 0x34, 0x60, 
    0x78, 0x08, 0x3f, 0x3d, 0x2f, 0x36, 0x3b, 0x28, 0x7a, 0x0f, 0x29, 0x3f, 
    0x28, 0x7a, 0x77, 0x7a, 0x0e, 0x3f, 0x36, 0x3f, 0x37, 0x3f, 0x2e, 0x28, 
    0x23, 0x7a, 0x15, 0x34, 0x36, 0x23, 0x78, 0x27, 0x76, 0x36, 0x3f, 0x3b, 
    0x31, 0x3f, 0x28, 0x60, 0x21, 0x3b, 0x36, 0x36, 0x35, 0x2d, 0x1c, 0x28, 
    0x3f, 0x3f, 0x09, 0x31, 0x33, 0x34, 0x60, 0x7b, 0x6a, 0x76, 0x3b, 0x36, 
    0x36, 0x35, 0x2d, 0x1d, 0x17, 0x17, 0x35, 0x3e, 0x3f, 0x60, 0x7b, 0x6a, 
    0x76, 0x3b, 0x36, 0x36, 0x35, 0x2d, 0x0f, 0x34, 0x28, 0x3f, 0x36, 0x3f, 
    0x3b, 0x29, 0x3f, 0x3e, 0x60, 0x7b, 0x6a, 0x76, 0x3b, 0x36, 0x36, 0x35, 
    0x2d, 0x0e, 0x3f, 0x36, 0x3f, 0x37, 0x3f, 0x2e, 0x28, 0x23, 0x60, 0x7b, 
    0x6b, 0x76, 0x3e, 0x3f, 0x29, 0x39, 0x28, 0x33, 0x2a, 0x2e, 0x33, 0x35, 
    0x34, 0x60, 0x78, 0x16, 0x3f, 0x3b, 0x31, 0x3f, 0x28, 0x78, 0x27, 0x27, 
    0x27, 0x76, 0x14, 0x67, 0x21, 0x2f, 0x33, 0x3e, 0x60, 0x78, 0x78, 0x76, 
    0x28, 0x35, 0x36, 0x3f, 0x60, 0x78, 0x2f, 0x29, 0x3f, 0x28, 0x78, 0x76, 
    0x33, 0x29, 0x1b, 0x2f, 0x2e, 0x32, 0x35, 0x28, 0x33, 0x20, 0x3f, 0x3e, 
    0x60, 0x7b, 0x6b, 0x76, 0x2a, 0x3f, 0x28, 0x37, 0x33, 0x29, 0x29, 0x33, 
    0x35, 0x34, 0x29, 0x60, 0x21, 0x3b, 0x36, 0x36, 0x35, 0x2d, 0x1c, 0x28, 
    0x3f, 0x3f, 0x09, 0x31, 0x33, 0x34, 0x60, 0x7b, 0x6b, 0x76, 0x3b, 0x36, 
    0x36, 0x35, 0x2d, 0x1d, 0x17, 0x17, 0x35, 0x3e, 0x3f, 0x60, 0x7b, 0x6b, 
    0x76, 0x3b, 0x36, 0x36, 0x35, 0x2d, 0x0e, 0x3f, 0x36, 0x3f, 0x37, 0x3f, 
    0x2e, 0x28, 0x23, 0x60, 0x7b, 0x6b, 0x27, 0x27, 0x61, 0x3c, 0x2f, 0x34, 
    0x39, 0x2e, 0x33, 0x35, 0x34, 0x7a, 0x30, 0x72, 0x3f, 0x76, 0x2e, 0x76, 
    0x33, 0x76, 0x34, 0x73, 0x21, 0x33, 0x3c, 0x72, 0x14, 0x74, 0x2f, 0x33, 
    0x3e, 0x67, 0x3f, 0x76, 0x14, 0x74, 0x28, 0x35, 0x36, 0x3f, 0x67, 0x2e, 
    0x26, 0x26, 0x78, 0x2f, 0x29, 0x3f, 0x28, 0x78, 0x76, 0x33, 0x67, 0x67, 
    0x67, 0x7b, 0x6a, 0x26, 0x26, 0x34, 0x67, 0x67, 0x67, 0x7b, 0x6b, 0x73, 
    0x28, 0x3f, 0x2e, 0x2f, 0x28, 0x34, 0x7a, 0x14, 0x74, 0x33, 0x29, 0x1b, 
    0x2f, 0x2e, 0x32, 0x35, 0x28, 0x33, 0x20, 0x3f, 0x3e, 0x67, 0x7b, 0x6b, 
    0x76, 0x14, 0x74, 0x2a, 0x3f, 0x28, 0x37, 0x33, 0x29, 0x29, 0x33, 0x35, 
    0x34, 0x29, 0x67, 0x21, 0x3b, 0x36, 0x36, 0x35, 0x2d, 0x1c, 0x28, 0x3f, 
    0x3f, 0x09, 0x31, 0x33, 0x34, 0x60, 0x7b, 0x6b, 0x76, 0x3b, 0x36, 0x36, 
    0x35, 0x2d, 0x1d, 0x17, 0x17, 0x35, 0x3e, 0x3f, 0x60, 0x7b, 0x6b, 0x76, 
    0x3b, 0x36, 0x36, 0x35, 0x2d, 0x0e, 0x3f, 0x36, 0x3f, 0x37, 0x3f, 0x2e, 
    0x28, 0x23, 0x60, 0x7b, 0x6b, 0x76, 0x3b, 0x36, 0x36, 0x35, 0x2d, 0x18, 
    0x3b, 0x2e, 0x2e, 0x36, 0x3f, 0x1c, 0x3f, 0x3b, 0x2e, 0x2f, 0x28, 0x3f, 
    0x29, 0x60, 0x7b, 0x6b, 0x27, 0x76, 0x7b, 0x6b, 0x61, 0x14, 0x74, 0x33, 
    0x29, 0x1b, 0x2f, 0x2e, 0x32, 0x35, 0x28, 0x33, 0x20, 0x3f, 0x3e, 0x67, 
    0x7b, 0x6a, 0x61, 0x36, 0x3f, 0x2e, 0x7a, 0x28, 0x67, 0x33, 0x3f, 0x74, 
    0x08, 0x15, 0x16, 0x1f, 0x09, 0x01, 0x14, 0x74, 0x28, 0x35, 0x36, 0x3f, 
    0x07, 0x26, 0x26, 0x33, 0x3f, 0x74, 0x08, 0x15, 0x16, 0x1f, 0x09, 0x74, 
    0x2f, 0x29, 0x3f, 0x28, 0x61, 0x28, 0x3f, 0x2e, 0x2f, 0x28, 0x34, 0x7a, 
    0x14, 0x74, 0x2a, 0x3f, 0x28, 0x37, 0x33, 0x29, 0x29, 0x33, 0x35, 0x34, 
    0x29, 0x67, 0x21, 0x74, 0x74, 0x74, 0x28, 0x27, 0x76, 0x7b, 0x6a, 0x27, 
    0x3c, 0x2f, 0x34, 0x39, 0x2e, 0x33, 0x35, 0x34, 0x7a, 0x3c, 0x72, 0x3f, 
    0x76, 0x2e, 0x73, 0x21, 0x14, 0x74, 0x28, 0x35, 0x36, 0x3f, 0x67, 0x67, 
    0x67, 0x78, 0x3b, 0x3e, 0x37, 0x33, 0x34, 0x78, 0x7c, 0x7c, 0x39, 0x35, 
    0x34, 0x29, 0x35, 0x36, 0x3f, 0x74, 0x36, 0x35, 0x3d, 0x72, 0x3a, 0x01, 
    0x7e, 0x21, 0x3f, 0x27, 0x07, 0x7a, 0x7e, 0x21, 0x2e, 0x27, 0x3a, 0x73, 
    0x27, 0x2c, 0x3b, 0x28, 0x7a, 0x22, 0x3f, 0x67, 0x78, 0x37, 0x36, 0x38, 
    0x29, 0x05, 0x39, 0x3b, 0x39, 0x32, 0x3f, 0x05, 0x33, 0x34, 0x2e, 0x3f, 
    0x3d, 0x28, 0x33, 0x2e, 0x23, 0x05, 0x29, 0x3b, 0x36, 0x2e, 0x05, 0x6f, 
    0x38, 0x6e, 0x6d, 0x3b, 0x63, 0x3f, 0x3c, 0x69, 0x62, 0x78, 0x61, 0x3c, 
    0x2f, 0x34, 0x39, 0x2e, 0x33, 0x35, 0x34, 0x7a, 0x2b, 0x72, 0x3f, 0x76, 
    0x2e, 0x73, 0x21, 0x28, 0x3f, 0x2e, 0x2f, 0x28, 0x34, 0x7a, 0x3f, 0x64, 
    0x64, 0x64, 0x2e, 0x26, 0x3f, 0x66, 0x66, 0x69, 0x68, 0x77, 0x2e, 0x27, 
    0x3c, 0x2f, 0x34, 0x39, 0x2e, 0x33, 0x35, 0x34, 0x7a, 0x3b, 0x3f, 0x72, 
    0x3f, 0x73, 0x21, 0x36, 0x3f, 0x2e, 0x7a, 0x2e, 0x67, 0x17, 0x3b, 0x2e, 
    0x32, 0x74, 0x2a, 0x35, 0x2d, 0x76, 0x33, 0x67, 0x2e, 0x72, 0x68, 0x76, 
    0x69, 0x68, 0x73, 0x76, 0x34, 0x67, 0x78, 0x36, 0x3f, 0x34, 0x3d, 0x2e, 
    0x32, 0x78, 0x76, 0x28, 0x76, 0x29, 0x76, 0x3b, 0x67, 0x01, 0x07, 0x76, 
    0x35, 0x67, 0x3f, 0x01, 0x34, 0x07, 0x70, 0x62, 0x76, 0x39, 0x67, 0x3b, 
    0x3f, 0x74, 0x32, 0x67, 0x3b, 0x3f, 0x74, 0x32, 0x26, 0x26, 0x01, 0x07, 
    0x76, 0x2f, 0x67, 0x3b, 0x3f, 0x74, 0x31, 0x67, 0x3b, 0x3f, 0x74, 0x31, 
    0x26, 0x26, 0x01, 0x07, 0x76, 0x32, 0x67, 0x2f, 0x01, 0x34, 0x07, 0x76, 
    0x2a, 0x67, 0x11, 0x67, 0x64, 0x21, 0x3c, 0x35, 0x28, 0x72, 0x36, 0x3f, 
    0x2e, 0x7a, 0x02, 0x67, 0x68, 0x61, 0x02, 0x70, 0x02, 0x66, 0x67, 0x11, 
    0x61, 0x02, 0x71, 0x71, 0x73, 0x33, 0x3c, 0x72, 0x11, 0x7f, 0x02, 0x67, 
    0x67, 0x67, 0x6a, 0x73, 0x28, 0x3f, 0x2e, 0x2f, 0x28, 0x34, 0x7b, 0x6b, 
    0x61, 0x28, 0x3f, 0x2e, 0x2f, 0x28, 0x34, 0x7b, 0x6a, 0x27, 0x76, 0x3d, 
    0x67, 0x11, 0x67, 0x64, 0x72, 0x11, 0x77, 0x17, 0x3b, 0x2e, 0x32, 0x74, 
    0x3c, 0x36, 0x35, 0x35, 0x28, 0x72, 0x11, 0x73, 0x73, 0x70, 0x33, 0x26, 
    0x6a, 0x76, 0x05, 0x67, 0x68, 0x61, 0x3c, 0x35, 0x28, 0x72, 0x61, 0x32, 
    0x66, 0x6c, 0x6e, 0x61, 0x73, 0x2a, 0x72, 0x05, 0x73, 0x7c, 0x7c, 0x72, 
    0x32, 0x66, 0x62, 0x7c, 0x7c, 0x72, 0x39, 0x01, 0x32, 0x07, 0x67, 0x3d, 
    0x72, 0x2e, 0x72, 0x05, 0x76, 0x6b, 0x75, 0x68, 0x73, 0x73, 0x73, 0x76, 
    0x2f, 0x01, 0x32, 0x07, 0x67, 0x3d, 0x72, 0x2e, 0x72, 0x05, 0x76, 0x6b, 
    0x75, 0x69, 0x73, 0x73, 0x76, 0x32, 0x71, 0x71, 0x73, 0x76, 0x05, 0x71, 
    0x71, 0x61, 0x36, 0x3f, 0x2e, 0x7a, 0x31, 0x67, 0x72, 0x35, 0x71, 0x6c, 
    0x6e, 0x64, 0x64, 0x63, 0x66, 0x66, 0x6e, 0x73, 0x71, 0x6b, 0x6f, 0x61, 
    0x3c, 0x35, 0x28, 0x72, 0x28, 0x67, 0x6a, 0x61, 0x28, 0x66, 0x31, 0x61, 
    0x28, 0x71, 0x71, 0x73, 0x3b, 0x01, 0x28, 0x07, 0x67, 0x6a, 0x61, 0x3c, 
    0x35, 0x28, 0x72, 0x28, 0x67, 0x6a, 0x61, 0x28, 0x66, 0x3f, 0x01, 0x34, 
    0x07, 0x61, 0x28, 0x71, 0x71, 0x73, 0x3b, 0x01, 0x28, 0x64, 0x64, 0x68, 
    0x07, 0x26, 0x67, 0x72, 0x3f, 0x74, 0x39, 0x32, 0x3b, 0x28, 0x19, 0x35, 
    0x3e, 0x3f, 0x1b, 0x2e, 0x72, 0x28, 0x73, 0x7c, 0x68, 0x6f, 0x6f, 0x73, 
    0x66, 0x66, 0x68, 0x6e, 0x77, 0x28, 0x7f, 0x6e, 0x70, 0x62, 0x61, 0x3b, 
    0x01, 0x35, 0x64, 0x64, 0x6f, 0x07, 0x26, 0x67, 0x6b, 0x68, 0x62, 0x66, 
    0x66, 0x68, 0x6e, 0x77, 0x35, 0x7f, 0x69, 0x68, 0x76, 0x3b, 0x01, 0x31, 
    0x07, 0x67, 0x35, 0x61, 0x36, 0x3f, 0x2e, 0x7a, 0x2d, 0x67, 0x01, 0x07, 
    0x76, 0x1b, 0x76, 0x0f, 0x76, 0x23, 0x76, 0x0e, 0x76, 0x09, 0x76, 0x08, 
    0x76, 0x22, 0x76, 0x7e, 0x76, 0x1f, 0x76, 0x1d, 0x76, 0x1e, 0x67, 0x39, 
    0x01, 0x6a, 0x07, 0x76, 0x18, 0x67, 0x39, 0x01, 0x6b, 0x07, 0x76, 0x17, 
    0x67, 0x39, 0x01, 0x68, 0x07, 0x76, 0x0a, 0x67, 0x39, 0x01, 0x69, 0x07, 
    0x76, 0x2c, 0x67, 0x39, 0x01, 0x6e, 0x07, 0x76, 0x20, 0x67, 0x39, 0x01, 
    0x6f, 0x07, 0x76, 0x36, 0x3f, 0x67, 0x39, 0x01, 0x6c, 0x07, 0x76, 0x2f, 
    0x3f, 0x67, 0x39, 0x01, 0x6d, 0x07, 0x61, 0x3c, 0x35, 0x28, 0x72, 0x28, 
    0x67, 0x6a, 0x61, 0x28, 0x66, 0x31, 0x61, 0x28, 0x71, 0x67, 0x6b, 0x6c, 
    0x73, 0x21, 0x3c, 0x35, 0x28, 0x72, 0x1b, 0x67, 0x1e, 0x76, 0x0f, 0x67, 
    0x18, 0x76, 0x23, 0x67, 0x17, 0x76, 0x0e, 0x67, 0x0a, 0x76, 0x09, 0x67, 
    0x2c, 0x76, 0x08, 0x67, 0x20, 0x76, 0x22, 0x67, 0x36, 0x3f, 0x76, 0x7e, 
    0x67, 0x2f, 0x3f, 0x76, 0x29, 0x67, 0x6a, 0x61, 0x29, 0x66, 0x6c, 0x6e, 
    0x61, 0x29, 0x71, 0x71, 0x73, 0x21, 0x33, 0x3c, 0x72, 0x29, 0x66, 0x6b, 
    0x6c, 0x73, 0x2d, 0x01, 0x29, 0x07, 0x67, 0x3b, 0x01, 0x28, 0x71, 0x29, 
    0x07, 0x61, 0x3f, 0x36, 0x29, 0x3f, 0x21, 0x36, 0x3f, 0x2e, 0x7a, 0x12, 
    0x3f, 0x67, 0x2b, 0x72, 0x2d, 0x01, 0x29, 0x77, 0x6b, 0x6f, 0x07, 0x76, 
    0x6d, 0x73, 0x04, 0x2b, 0x72, 0x2d, 0x01, 0x29, 0x77, 0x6b, 0x6f, 0x07, 
    0x76, 0x6b, 0x62, 0x73, 0x04, 0x2d, 0x01, 0x29, 0x77, 0x6b, 0x6f, 0x07, 
    0x64, 0x64, 0x64, 0x69, 0x76, 0x03, 0x3f, 0x67, 0x2b, 0x72, 0x2d, 0x01, 
    0x29, 0x77, 0x68, 0x07, 0x76, 0x6b, 0x6d, 0x73, 0x04, 0x2b, 0x72, 0x2d, 
    0x01, 0x29, 0x77, 0x68, 0x07, 0x76, 0x6b, 0x63, 0x73, 0x04, 0x2d, 0x01, 
    0x29, 0x77, 0x68, 0x07, 0x64, 0x64, 0x64, 0x6b, 0x6a, 0x61, 0x2d, 0x01, 
    0x29, 0x07, 0x67, 0x2d, 0x01, 0x29, 0x77, 0x6b, 0x6c, 0x07, 0x71, 0x12, 
    0x3f, 0x71, 0x2d, 0x01, 0x29, 0x77, 0x6d, 0x07, 0x71, 0x03, 0x3f, 0x26, 
    0x6a, 0x27, 0x36, 0x3f, 0x2e, 0x7a, 0x11, 0x67, 0x2b, 0x72, 0x09, 0x76, 
    0x6c, 0x73, 0x04, 0x2b, 0x72, 0x09, 0x76, 0x6b, 0x6b, 0x73, 0x04, 0x2b, 
    0x72, 0x09, 0x76, 0x68, 0x6f, 0x73, 0x76, 0x02, 0x67, 0x09, 0x7c, 0x08, 
    0x04, 0x24, 0x09, 0x7c, 0x22, 0x61, 0x1f, 0x67, 0x7e, 0x71, 0x11, 0x71, 
    0x02, 0x71, 0x2f, 0x01, 0x29, 0x07, 0x71, 0x2d, 0x01, 0x29, 0x07, 0x26, 
    0x6a, 0x61, 0x36, 0x3f, 0x2e, 0x7a, 0x13, 0x67, 0x2b, 0x72, 0x1b, 0x76, 
    0x68, 0x73, 0x04, 0x2b, 0x72, 0x1b, 0x76, 0x6b, 0x69, 0x73, 0x04, 0x2b, 
    0x72, 0x1b, 0x76, 0x68, 0x68, 0x73, 0x76, 0x19, 0x67, 0x1b, 0x7c, 0x0f, 
    0x04, 0x1b, 0x7c, 0x23, 0x04, 0x0f, 0x7c, 0x23, 0x61, 0x1d, 0x67, 0x13, 
    0x71, 0x19, 0x26, 0x6a, 0x76, 0x7e, 0x67, 0x22, 0x76, 0x22, 0x67, 0x08, 
    0x76, 0x08, 0x67, 0x09, 0x76, 0x09, 0x67, 0x0e, 0x71, 0x1f, 0x26, 0x6a, 
    0x76, 0x0e, 0x67, 0x23, 0x76, 0x23, 0x67, 0x0f, 0x76, 0x0f, 0x67, 0x1b, 
    0x76, 0x1b, 0x67, 0x1f, 0x71, 0x1d, 0x26, 0x6a, 0x27, 0x1e, 0x67, 0x1e, 
    0x71, 0x1b, 0x26, 0x6a, 0x76, 0x18, 0x67, 0x18, 0x71, 0x0f, 0x26, 0x6a, 
    0x76, 0x17, 0x67, 0x17, 0x71, 0x23, 0x26, 0x6a, 0x76, 0x0a, 0x67, 0x0a, 
    0x71, 0x0e, 0x26, 0x6a, 0x76, 0x2c, 0x67, 0x2c, 0x71, 0x09, 0x26, 0x6a, 
    0x76, 0x20, 0x67, 0x20, 0x71, 0x08, 0x26, 0x6a, 0x76, 0x36, 0x3f, 0x67, 
    0x36, 0x3f, 0x71, 0x22, 0x26, 0x6a, 0x76, 0x2f, 0x3f, 0x67, 0x2f, 0x3f, 
    0x71, 0x7e, 0x26, 0x6a, 0x27, 0x36, 0x3f, 0x2e, 0x7a, 0x0b, 0x67, 0x11, 
    0x67, 0x64, 0x21, 0x36, 0x3f, 0x2e, 0x7a, 0x02, 0x67, 0x78, 0x78, 0x76, 
    0x13, 0x67, 0x6a, 0x61, 0x3c, 0x35, 0x28, 0x72, 0x36, 0x3f, 0x2e, 0x7a, 
    0x19, 0x67, 0x6a, 0x61, 0x19, 0x66, 0x6e, 0x61, 0x19, 0x71, 0x71, 0x73, 
    0x13, 0x67, 0x11, 0x64, 0x64, 0x68, 0x6e, 0x77, 0x19, 0x70, 0x62, 0x7c, 
    0x68, 0x6f, 0x6f, 0x76, 0x02, 0x71, 0x67, 0x72, 0x13, 0x66, 0x6b, 0x6c, 
    0x65, 0x78, 0x6a, 0x78, 0x60, 0x78, 0x78, 0x73, 0x71, 0x13, 0x74, 0x2e, 
    0x35, 0x09, 0x2e, 0x28, 0x33, 0x34, 0x3d, 0x72, 0x6b, 0x6c, 0x73, 0x61, 
    0x28, 0x3f, 0x2e, 0x2f, 0x28, 0x34, 0x7a, 0x02, 0x27, 0x61, 0x28, 0x3f, 
    0x2e, 0x2f, 0x28, 0x34, 0x7a, 0x0b, 0x72, 0x1e, 0x73, 0x71, 0x0b, 0x72, 
    0x18, 0x73, 0x71, 0x0b, 0x72, 0x17, 0x73, 0x71, 0x0b, 0x72, 0x0a, 0x73, 
    0x71, 0x0b, 0x72, 0x2c, 0x73, 0x71, 0x0b, 0x72, 0x20, 0x73, 0x71, 0x0b, 
    0x72, 0x36, 0x3f, 0x73, 0x71, 0x0b, 0x72, 0x2f, 0x3f, 0x73, 0x27, 0x3c, 
    0x2f, 0x34, 0x39, 0x2e, 0x33, 0x35, 0x34, 0x7a, 0x23, 0x3f, 0x72, 0x3f, 
    0x76, 0x2e, 0x76, 0x33, 0x76, 0x34, 0x76, 0x28, 0x73, 0x21, 0x36, 0x3f, 
    0x2e, 0x7a, 0x29, 0x67, 0x09, 0x2e, 0x28, 0x33, 0x34, 0x3d, 0x72, 0x3f, 
    0x26, 0x26, 0x78, 0x78, 0x73, 0x74, 0x2e, 0x28, 0x33, 0x37, 0x72, 0x73, 
    0x76, 0x3b, 0x67, 0x09, 0x2e, 0x28, 0x33, 0x34, 0x3d, 0x72, 0x2e, 0x26, 
    0x26, 0x78, 0x2f, 0x29, 0x3f, 0x28, 0x78, 0x73, 0x74, 0x2e, 0x28, 0x33, 
    0x37, 0x72, 0x73, 0x76, 0x35, 0x67, 0x33, 0x67, 0x67, 0x67, 0x7b, 0x6a, 
    0x65, 0x78, 0x6b, 0x78, 0x60, 0x78, 0x6a, 0x78, 0x76, 0x39, 0x67, 0x34, 
    0x67, 0x67, 0x67, 0x7b, 0x6a, 0x65, 0x78, 0x6b, 0x78, 0x60, 0x78, 0x6a, 
    0x78, 0x76, 0x2f, 0x67, 0x09, 0x2e, 0x28, 0x33, 0x34, 0x3d, 0x72, 0x28, 
    0x26, 0x26, 0x78, 0x6a, 0x78, 0x73, 0x74, 0x2e, 0x28, 0x33, 0x37, 0x72, 
    0x73, 0x76, 0x32, 0x67, 0x3a, 0x7e, 0x21, 0x22, 0x3f, 0x27, 0x26, 0x7e, 
    0x21, 0x29, 0x27, 0x26, 0x7e, 0x21, 0x3b, 0x27, 0x26, 0x7e, 0x21, 0x35, 
    0x27, 0x26, 0x7e, 0x21, 0x39, 0x27, 0x26, 0x7e, 0x21, 0x2f, 0x27, 0x26, 
    0x7e, 0x21, 0x22, 0x3f, 0x27, 0x3a, 0x61, 0x28, 0x3f, 0x2e, 0x2f, 0x28, 
    0x34, 0x7a, 0x3b, 0x3f, 0x72, 0x32, 0x73, 0x27, 0x3c, 0x2f, 0x34, 0x39, 
    0x2e, 0x33, 0x35, 0x34, 0x7a, 0x2c, 0x3f, 0x72, 0x3f, 0x73, 0x21, 0x28, 
    0x3f, 0x2e, 0x2f, 0x28, 0x34, 0x7b, 0x3f, 0x26, 0x26, 0x2e, 0x23, 0x2a, 
    0x3f, 0x35, 0x3c, 0x7a, 0x3f, 0x7b, 0x67, 0x78, 0x35, 0x38, 0x30, 0x3f, 
    0x39, 0x2e, 0x78, 0x26, 0x26, 0x7b, 0x3f, 0x74, 0x2f, 0x33, 0x3e, 0x26, 
    0x26, 0x7b, 0x3f, 0x74, 0x29, 0x33, 0x3d, 0x34, 0x3b, 0x2e, 0x2f, 0x28, 
    0x3f, 0x65, 0x7b, 0x6b, 0x60, 0x23, 0x3f, 0x72, 0x3f, 0x74, 0x2f, 0x33, 
    0x3e, 0x76, 0x3f, 0x74, 0x28, 0x35, 0x36, 0x3f, 0x76, 0x3f, 0x74, 0x38, 
    0x3b, 0x34, 0x76, 0x3f, 0x74, 0x33, 0x29, 0x05, 0x3b, 0x36, 0x36, 0x35, 
    0x2d, 0x3f, 0x3e, 0x76, 0x3f, 0x74, 0x2e, 0x33, 0x37, 0x3f, 0x29, 0x2e, 
    0x3b, 0x37, 0x2a, 0x73, 0x67, 0x67, 0x67, 0x3f, 0x74, 0x29, 0x33, 0x3d, 
    0x34, 0x3b, 0x2e, 0x2f, 0x28, 0x3f, 0x27, 0x2c, 0x3b, 0x28, 0x7a, 0x3e, 
    0x3f, 0x67, 0x78, 0x37, 0x36, 0x38, 0x29, 0x05, 0x39, 0x3b, 0x39, 0x32, 
    0x3f, 0x05, 0x22, 0x35, 0x28, 0x05, 0x31, 0x3f, 0x23, 0x05, 0x3b, 0x62, 
    0x3e, 0x63, 0x3c, 0x6e, 0x3f, 0x68, 0x39, 0x6b, 0x78, 0x61, 0x3c, 0x2f, 
    0x34, 0x39, 0x2e, 0x33, 0x35, 0x34, 0x7a, 0x1f, 0x3f, 0x72, 0x3f, 0x73, 
    0x21, 0x36, 0x3f, 0x2e, 0x7a, 0x2e, 0x67, 0x78, 0x78, 0x61, 0x3c, 0x35, 
    0x28, 0x72, 0x36, 0x3f, 0x2e, 0x7a, 0x34, 0x67, 0x6a, 0x61, 0x34, 0x66, 
    0x3f, 0x74, 0x36, 0x3f, 0x34, 0x3d, 0x2e, 0x32, 0x61, 0x34, 0x71, 0x71, 
    0x73, 0x21, 0x36, 0x3f, 0x2e, 0x7a, 0x28, 0x67, 0x3f, 0x74, 0x39, 0x32, 
    0x3b, 0x28, 0x19, 0x35, 0x3e, 0x3f, 0x1b, 0x2e, 0x72, 0x34, 0x73, 0x04, 
    0x3e, 0x3f, 0x74, 0x39, 0x32, 0x3b, 0x28, 0x19, 0x35, 0x3e, 0x3f, 0x1b, 
    0x2e, 0x72, 0x34, 0x7f, 0x3e, 0x3f, 0x74, 0x36, 0x3f, 0x34, 0x3d, 0x2e, 
    0x32, 0x73, 0x61, 0x2e, 0x71, 0x67, 0x09, 0x2e, 0x28, 0x33, 0x34, 0x3d, 
    0x74, 0x3c, 0x28, 0x35, 0x37, 0x19, 0x32, 0x3b, 0x28, 0x19, 0x35, 0x3e, 
    0x3f, 0x72, 0x28, 0x73, 0x27, 0x36, 0x3f, 0x2e, 0x7a, 0x33, 0x67, 0x78, 
    0x78, 0x61, 0x3c, 0x35, 0x28, 0x72, 0x36, 0x3f, 0x2e, 0x7a, 0x34, 0x67, 
    0x6a, 0x61, 0x34, 0x66, 0x2e, 0x74, 0x36, 0x3f, 0x34, 0x3d, 0x2e, 0x32, 
    0x61, 0x34, 0x71, 0x71, 0x73, 0x21, 0x36, 0x3f, 0x2e, 0x7a, 0x28, 0x67, 
    0x2e, 0x74, 0x39, 0x32, 0x3b, 0x28, 0x19, 0x35, 0x3e, 0x3f, 0x1b, 0x2e, 
    0x72, 0x34, 0x73, 0x74, 0x2e, 0x35, 0x09, 0x2e, 0x28, 0x33, 0x34, 0x3d, 
    0x72, 0x6b, 0x6c, 0x73, 0x61, 0x33, 0x71, 0x67, 0x72, 0x28, 0x74, 0x36, 
    0x3f, 0x34, 0x3d, 0x2e, 0x32, 0x66, 0x68, 0x65, 0x78, 0x6a, 0x78, 0x60, 
    0x78, 0x78, 0x73, 0x71, 0x28, 0x27, 0x28, 0x3f, 0x2e, 0x2f, 0x28, 0x34, 
    0x7a, 0x33, 0x27, 0x3c, 0x2f, 0x34, 0x39, 0x2e, 0x33, 0x35, 0x34, 0x7a, 
    0x2d, 0x3f, 0x72, 0x3f, 0x73, 0x21, 0x2e, 0x28, 0x23, 0x21, 0x36, 0x3f, 
    0x2e, 0x7a, 0x2e, 0x67, 0x78, 0x78, 0x61, 0x3c, 0x35, 0x28, 0x72, 0x36, 
    0x3f, 0x2e, 0x7a, 0x34, 0x67, 0x6a, 0x61, 0x34, 0x66, 0x3f, 0x74, 0x36, 
    0x3f, 0x34, 0x3d, 0x2e, 0x32, 0x61, 0x34, 0x71, 0x67, 0x68, 0x73, 0x2e, 
    0x71, 0x67, 0x09, 0x2e, 0x28, 0x33, 0x34, 0x3d, 0x74, 0x3c, 0x28, 0x35, 
    0x37, 0x19, 0x32, 0x3b, 0x28, 0x19, 0x35, 0x3e, 0x3f, 0x72, 0x2a, 0x3b, 
    0x28, 0x29, 0x3f, 0x13, 0x34, 0x2e, 0x72, 0x3f, 0x74, 0x29, 0x2f, 0x38, 
    0x29, 0x2e, 0x28, 0x72, 0x34, 0x76, 0x68, 0x73, 0x76, 0x6b, 0x6c, 0x73, 
    0x73, 0x61, 0x36, 0x3f, 0x2e, 0x7a, 0x33, 0x67, 0x78, 0x78, 0x61, 0x3c, 
    0x35, 0x28, 0x72, 0x36, 0x3f, 0x2e, 0x7a, 0x34, 0x67, 0x6a, 0x61, 0x34, 
    0x66, 0x2e, 0x74, 0x36, 0x3f, 0x34, 0x3d, 0x2e, 0x32, 0x61, 0x34, 0x71, 
    0x71, 0x73, 0x21, 0x36, 0x3f, 0x2e, 0x7a, 0x28, 0x67, 0x2e, 0x74, 0x39, 
    0x32, 0x3b, 0x28, 0x19, 0x35, 0x3e, 0x3f, 0x1b, 0x2e, 0x72, 0x34, 0x73, 
    0x04, 0x3e, 0x3f, 0x74, 0x39, 0x32, 0x3b, 0x28, 0x19, 0x35, 0x3e, 0x3f, 
    0x1b, 0x2e, 0x72, 0x34, 0x7f, 0x3e, 0x3f, 0x74, 0x36, 0x3f, 0x34, 0x3d, 
    0x2e, 0x32, 0x73, 0x61, 0x33, 0x71, 0x67, 0x09, 0x2e, 0x28, 0x33, 0x34, 
    0x3d, 0x74, 0x3c, 0x28, 0x35, 0x37, 0x19, 0x32, 0x3b, 0x28, 0x19, 0x35, 
    0x3e, 0x3f, 0x72, 0x28, 0x73, 0x27, 0x28, 0x3f, 0x2e, 0x2f, 0x28, 0x34, 
    0x7a, 0x33, 0x27, 0x39, 0x3b, 0x2e, 0x39, 0x32, 0x21, 0x28, 0x3f, 0x2e, 
    0x2f, 0x28, 0x34, 0x7a, 0x34, 0x2f, 0x36, 0x36, 0x27, 0x27, 0x3c, 0x2f, 
    0x34, 0x39, 0x2e, 0x33, 0x35, 0x34, 0x7a, 0x37, 0x3f, 0x72, 0x73, 0x21, 
    0x36, 0x3f, 0x2e, 0x7a, 0x3f, 0x67, 0x78, 0x75, 0x3e, 0x3b, 0x2e, 0x3b, 
    0x75, 0x3e, 0x3b, 0x2e, 0x3b, 0x75, 0x39, 0x35, 0x37, 0x74, 0x37, 0x35, 
    0x38, 0x33, 0x36, 0x3f, 0x36, 0x3f, 0x3d, 0x3f, 0x34, 0x3e, 0x29, 0x74, 
    0x2e, 0x3b, 0x2a, 0x2e, 0x3f, 0x29, 0x2e, 0x75, 0x3c, 0x33, 0x36, 0x3f, 
    0x29, 0x78, 0x61, 0x2e, 0x28, 0x23, 0x21, 0x10, 0x3b, 0x2c, 0x3b, 0x74, 
    0x3b, 0x2c, 0x3b, 0x33, 0x36, 0x3b, 0x38, 0x36, 0x3f, 0x7c, 0x7c, 0x10, 
    0x3b, 0x2c, 0x3b, 0x74, 0x2a, 0x3f, 0x28, 0x3c, 0x35, 0x28, 0x37, 0x14, 
    0x35, 0x2d, 0x72, 0x72, 0x73, 0x67, 0x64, 0x21, 0x36, 0x3f, 0x2e, 0x7a, 
    0x33, 0x67, 0x10, 0x3b, 0x2c, 0x3b, 0x74, 0x2f, 0x29, 0x3f, 0x72, 0x78, 
    0x3b, 0x34, 0x3e, 0x28, 0x35, 0x33, 0x3e, 0x74, 0x3b, 0x2a, 0x2a, 0x74, 
    0x1b, 0x39, 0x2e, 0x33, 0x2c, 0x33, 0x2e, 0x23, 0x0e, 0x32, 0x28, 0x3f, 
    0x3b, 0x3e, 0x78, 0x73, 0x74, 0x39, 0x2f, 0x28, 0x28, 0x3f, 0x34, 0x2e, 
    0x1b, 0x2a, 0x2a, 0x36, 0x33, 0x39, 0x3b, 0x2e, 0x33, 0x35, 0x34, 0x72, 
    0x73, 0x61, 0x33, 0x3c, 0x72, 0x33, 0x73, 0x21, 0x36, 0x3f, 0x2e, 0x7a, 
    0x34, 0x67, 0x33, 0x74, 0x3d, 0x3f, 0x2e, 0x1c, 0x33, 0x36, 0x3f, 0x29, 
    0x1e, 0x33, 0x28, 0x72, 0x73, 0x61, 0x34, 0x7c, 0x7c, 0x72, 0x3f, 0x67, 
    0x34, 0x74, 0x3d, 0x3f, 0x2e, 0x1b, 0x38, 0x29, 0x35, 0x36, 0x2f, 0x2e, 
    0x3f, 0x0a, 0x3b, 0x2e, 0x32, 0x72, 0x73, 0x73, 0x27, 0x27, 0x73, 0x27, 
    0x39, 0x3b, 0x2e, 0x39, 0x32, 0x21, 0x2e, 0x28, 0x23, 0x21, 0x36, 0x3f, 
    0x2e, 0x7a, 0x33, 0x67, 0x0a, 0x28, 0x35, 0x39, 0x3f, 0x29, 0x29, 0x74, 
    0x3f, 0x34, 0x2f, 0x37, 0x3f, 0x28, 0x3b, 0x2e, 0x3f, 0x17, 0x35, 0x3e, 
    0x2f, 0x36, 0x3f, 0x29, 0x72, 0x73, 0x61, 0x3c, 0x35, 0x28, 0x72, 0x36, 
    0x3f, 0x2e, 0x7a, 0x34, 0x67, 0x6a, 0x61, 0x34, 0x66, 0x33, 0x74, 0x36, 
    0x3f, 0x34, 0x3d, 0x2e, 0x32, 0x61, 0x34, 0x71, 0x71, 0x73, 0x21, 0x36, 
    0x3f, 0x2e, 0x7a, 0x28, 0x67, 0x33, 0x01, 0x34, 0x07, 0x61, 0x33, 0x3c, 
    0x72, 0x28, 0x74, 0x34, 0x3b, 0x37, 0x3f, 0x74, 0x33, 0x34, 0x3e, 0x3f, 
    0x22, 0x15, 0x3c, 0x72, 0x78, 0x37, 0x23, 0x2a, 0x3b, 0x2e, 0x39, 0x32, 
    0x78, 0x73, 0x7b, 0x67, 0x67, 0x77, 0x6b, 0x26, 0x26, 0x28, 0x74, 0x34, 
    0x3b, 0x37, 0x3f, 0x74, 0x33, 0x34, 0x3e, 0x3f, 0x22, 0x15, 0x3c, 0x72, 
    0x78, 0x37, 0x23, 0x36, 0x35, 0x3b, 0x3e, 0x3f, 0x28, 0x78, 0x73, 0x7b, 
    0x67, 0x67, 0x77, 0x6b, 0x73, 0x21, 0x36, 0x3f, 0x2e, 0x7a, 0x29, 0x67, 
    0x28, 0x74, 0x2a, 0x3b, 0x2e, 0x32, 0x61, 0x33, 0x3c, 0x72, 0x29, 0x74, 
    0x33, 0x34, 0x3e, 0x3f, 0x22, 0x15, 0x3c, 0x72, 0x78, 0x75, 0x3c, 0x33, 
    0x36, 0x3f, 0x29, 0x75, 0x78, 0x73, 0x7b, 0x67, 0x67, 0x77, 0x6b, 0x73, 
    0x21, 0x36, 0x3f, 0x2e, 0x7a, 0x3b, 0x67, 0x29, 0x74, 0x33, 0x34, 0x3e, 
    0x3f, 0x22, 0x15, 0x3c, 0x72, 0x78, 0x75, 0x3c, 0x33, 0x36, 0x3f, 0x29, 
    0x75, 0x78, 0x73, 0x61, 0x3f, 0x67, 0x29, 0x74, 0x29, 0x2f, 0x38, 0x29, 
    0x2e, 0x28, 0x33, 0x34, 0x3d, 0x72, 0x6a, 0x76, 0x3b, 0x71, 0x6c, 0x73, 
    0x61, 0x38, 0x28, 0x3f, 0x3b, 0x31, 0x27, 0x3f, 0x36, 0x29, 0x3f, 0x7a, 
    0x33, 0x3c, 0x72, 0x29, 0x74, 0x33, 0x34, 0x3e, 0x3f, 0x22, 0x15, 0x3c, 
    0x72, 0x78, 0x75, 0x3e, 0x3b, 0x2e, 0x3b, 0x75, 0x2f, 0x29, 0x3f, 0x28, 
    0x75, 0x78, 0x73, 0x7b, 0x67, 0x67, 0x77, 0x6b, 0x26, 0x26, 0x29, 0x74, 
    0x33, 0x34, 0x3e, 0x3f, 0x22, 0x15, 0x3c, 0x72, 0x78, 0x75, 0x3e, 0x3b, 
    0x2e, 0x3b, 0x75, 0x3e, 0x3b, 0x2e, 0x3b, 0x75, 0x78, 0x73, 0x7b, 0x67, 
    0x67, 0x77, 0x6b, 0x73, 0x21, 0x36, 0x3f, 0x2e, 0x7a, 0x3b, 0x67, 0x29, 
    0x74, 0x36, 0x3b, 0x29, 0x2e, 0x13, 0x34, 0x3e, 0x3f, 0x22, 0x15, 0x3c, 
    0x72, 0x78, 0x75, 0x78, 0x73, 0x61, 0x33, 0x3c, 0x72, 0x3b, 0x7b, 0x67, 
    0x67, 0x77, 0x6b, 0x73, 0x21, 0x3f, 0x67, 0x29, 0x74, 0x29, 0x2f, 0x38, 
    0x29, 0x2e, 0x28, 0x33, 0x34, 0x3d, 0x72, 0x6a, 0x76, 0x3b, 0x73, 0x61, 
    0x38, 0x28, 0x3f, 0x3b, 0x31, 0x27, 0x27, 0x27, 0x27, 0x27, 0x39, 0x3b, 
    0x2e, 0x39, 0x32, 0x21, 0x27, 0x27, 0x28, 0x3f, 0x2e, 0x2f, 0x28, 0x34, 
    0x7a, 0x3f, 0x27, 0x3c, 0x2f, 0x34, 0x39, 0x2e, 0x33, 0x35, 0x34, 0x7a, 
    0x35, 0x3f, 0x72, 0x73, 0x21, 0x36, 0x3f, 0x2e, 0x7a, 0x2e, 0x67, 0x3a, 
    0x7e, 0x21, 0x37, 0x3f, 0x72, 0x73, 0x27, 0x75, 0x3b, 0x2f, 0x2e, 0x32, 
    0x05, 0x39, 0x3b, 0x39, 0x32, 0x3f, 0x74, 0x30, 0x29, 0x35, 0x34, 0x3a, 
    0x61, 0x2e, 0x28, 0x23, 0x21, 0x36, 0x3f, 0x2e, 0x7a, 0x33, 0x67, 0x1c, 
    0x33, 0x36, 0x3f, 0x74, 0x28, 0x3f, 0x3b, 0x3e, 0x1b, 0x36, 0x36, 0x0e, 
    0x3f, 0x22, 0x2e, 0x72, 0x2e, 0x73, 0x61, 0x33, 0x3c, 0x72, 0x33, 0x73, 
    0x21, 0x33, 0x67, 0x33, 0x74, 0x2e, 0x28, 0x33, 0x37, 0x72, 0x73, 0x61, 
    0x36, 0x3f, 0x2e, 0x7a, 0x34, 0x67, 0x34, 0x2f, 0x36, 0x36, 0x76, 0x28, 
    0x67, 0x7b, 0x6b, 0x61, 0x33, 0x3c, 0x72, 0x33, 0x74, 0x29, 0x2e, 0x3b, 
    0x28, 0x2e, 0x29, 0x0d, 0x33, 0x2e, 0x32, 0x72, 0x78, 0x21, 0x78, 0x73, 
    0x73, 0x21, 0x36, 0x3f, 0x2e, 0x7a, 0x29, 0x67, 0x33, 0x74, 0x33, 0x34, 
    0x3e, 0x3f, 0x22, 0x15, 0x3c, 0x72, 0x78, 0x21, 0x78, 0x73, 0x76, 0x3b, 
    0x67, 0x33, 0x74, 0x36, 0x3b, 0x29, 0x2e, 0x13, 0x34, 0x3e, 0x3f, 0x22, 
    0x15, 0x3c, 0x72, 0x78, 0x27, 0x78, 0x73, 0x61, 0x29, 0x7b, 0x67, 0x67, 
    0x77, 0x6b, 0x7c, 0x7c, 0x3b, 0x7b, 0x67, 0x67, 0x77, 0x6b, 0x7c, 0x7c, 
    0x3b, 0x64, 0x29, 0x7c, 0x7c, 0x72, 0x33, 0x67, 0x33, 0x74, 0x29, 0x2f, 
    0x38, 0x29, 0x2e, 0x28, 0x33, 0x34, 0x3d, 0x72, 0x29, 0x76, 0x3b, 0x71, 
    0x6b, 0x73, 0x73, 0x76, 0x34, 0x67, 0x10, 0x09, 0x15, 0x14, 0x74, 0x2a, 
    0x3b, 0x28, 0x29, 0x3f, 0x72, 0x33, 0x73, 0x76, 0x28, 0x67, 0x7b, 0x6a, 
    0x27, 0x3f, 0x36, 0x29, 0x3f, 0x21, 0x36, 0x3f, 0x2e, 0x7a, 0x29, 0x67, 
    0x2d, 0x3f, 0x72, 0x33, 0x73, 0x61, 0x33, 0x3c, 0x72, 0x29, 0x73, 0x21, 
    0x29, 0x67, 0x29, 0x74, 0x2e, 0x28, 0x33, 0x37, 0x72, 0x73, 0x61, 0x36, 
    0x3f, 0x2e, 0x7a, 0x3b, 0x67, 0x29, 0x74, 0x33, 0x34, 0x3e, 0x3f, 0x22, 
    0x15, 0x3c, 0x72, 0x78, 0x21, 0x78, 0x73, 0x76, 0x35, 0x67, 0x29, 0x74, 
    0x36, 0x3b, 0x29, 0x2e, 0x13, 0x34, 0x3e, 0x3f, 0x22, 0x15, 0x3c, 0x72, 
    0x78, 0x27, 0x78, 0x73, 0x61, 0x3b, 0x7b, 0x67, 0x67, 0x77, 0x6b, 0x7c, 
    0x7c, 0x35, 0x7b, 0x67, 0x67, 0x77, 0x6b, 0x7c, 0x7c, 0x35, 0x64, 0x3b, 
    0x7c, 0x7c, 0x72, 0x29, 0x67, 0x29, 0x74, 0x29, 0x2f, 0x38, 0x29, 0x2e, 
    0x28, 0x33, 0x34, 0x3d, 0x72, 0x3b, 0x76, 0x35, 0x71, 0x6b, 0x73, 0x73, 
    0x76, 0x34, 0x67, 0x10, 0x09, 0x15, 0x14, 0x74, 0x2a, 0x3b, 0x28, 0x29, 
    0x3f, 0x72, 0x29, 0x73, 0x27, 0x27, 0x33, 0x3c, 0x72, 0x34, 0x7c, 0x7c, 
    0x34, 0x74, 0x2f, 0x33, 0x3e, 0x73, 0x21, 0x33, 0x3c, 0x72, 0x7b, 0x2c, 
    0x3f, 0x72, 0x34, 0x73, 0x73, 0x21, 0x3c, 0x72, 0x78, 0x1b, 0x2f, 0x2e, 
    0x32, 0x7a, 0x19, 0x3b, 0x39, 0x32, 0x3f, 0x7a, 0x13, 0x34, 0x2e, 0x3f, 
    0x3d, 0x28, 0x33, 0x2e, 0x23, 0x78, 0x76, 0x78, 0x0d, 0x1b, 0x08, 0x14, 
    0x13, 0x14, 0x1d, 0x60, 0x7a, 0x1b, 0x2f, 0x2e, 0x32, 0x7a, 0x39, 0x3b, 
    0x39, 0x32, 0x3f, 0x7a, 0x29, 0x33, 0x3d, 0x34, 0x3b, 0x2e, 0x2f, 0x28, 
    0x3f, 0x7a, 0x37, 0x33, 0x29, 0x37, 0x3b, 0x2e, 0x39, 0x32, 0x7b, 0x7a, 
    0x0a, 0x35, 0x29, 0x29, 0x33, 0x38, 0x36, 0x3f, 0x7a, 0x2e, 0x3b, 0x37, 
    0x2a, 0x3f, 0x28, 0x33, 0x34, 0x3d, 0x7a, 0x3e, 0x3f, 0x2e, 0x3f, 0x39, 
    0x2e, 0x3f, 0x3e, 0x74, 0x78, 0x73, 0x61, 0x2e, 0x28, 0x23, 0x21, 0x1c, 
    0x33, 0x36, 0x3f, 0x74, 0x2d, 0x28, 0x33, 0x2e, 0x3f, 0x1b, 0x36, 0x36, 
    0x0e, 0x3f, 0x22, 0x2e, 0x72, 0x2e, 0x76, 0x78, 0x21, 0x27, 0x78, 0x73, 
    0x27, 0x39, 0x3b, 0x2e, 0x39, 0x32, 0x21, 0x27, 0x28, 0x3f, 0x2e, 0x2f, 
    0x28, 0x34, 0x7a, 0x34, 0x2f, 0x36, 0x36, 0x27, 0x33, 0x3c, 0x72, 0x28, 
    0x7c, 0x7c, 0x34, 0x74, 0x28, 0x35, 0x36, 0x3f, 0x7b, 0x67, 0x67, 0x78, 
    0x3b, 0x3e, 0x37, 0x33, 0x34, 0x78, 0x73, 0x21, 0x3c, 0x72, 0x78, 0x1b, 
    0x2f, 0x2e, 0x32, 0x7a, 0x19, 0x3b, 0x39, 0x32, 0x3f, 0x7a, 0x13, 0x34, 
    0x2e, 0x3f, 0x3d, 0x28, 0x33, 0x2e, 0x23, 0x78, 0x76, 0x78, 0x0d, 0x1b, 
    0x08, 0x14, 0x13, 0x14, 0x1d, 0x60, 0x7a, 0x0a, 0x36, 0x3b, 0x33, 0x34, 
    0x2e, 0x3f, 0x22, 0x2e, 0x7a, 0x39, 0x3b, 0x39, 0x32, 0x3f, 0x7a, 0x33, 
    0x29, 0x7a, 0x34, 0x35, 0x2e, 0x7a, 0x3b, 0x36, 0x36, 0x35, 0x2d, 0x3f, 
    0x3e, 0x7a, 0x3c, 0x35, 0x28, 0x7a, 0x34, 0x35, 0x34, 0x77, 0x3b, 0x3e, 
    0x37, 0x33, 0x34, 0x7a, 0x28, 0x35, 0x36, 0x3f, 0x29, 0x7b, 0x78, 0x73, 
    0x61, 0x2e, 0x28, 0x23, 0x21, 0x1c, 0x33, 0x36, 0x3f, 0x74, 0x2d, 0x28, 
    0x33, 0x2e, 0x3f, 0x1b, 0x36, 0x36, 0x0e, 0x3f, 0x22, 0x2e, 0x72, 0x2e, 
    0x76, 0x78, 0x21, 0x27, 0x78, 0x73, 0x27, 0x39, 0x3b, 0x2e, 0x39, 0x32, 
    0x21, 0x27, 0x28, 0x3f, 0x2e, 0x2f, 0x28, 0x34, 0x7a, 0x34, 0x2f, 0x36, 
    0x36, 0x27, 0x36, 0x3f, 0x2e, 0x7a, 0x29, 0x67, 0x6d, 0x70, 0x68, 0x6e, 
    0x70, 0x6c, 0x6a, 0x70, 0x6c, 0x6a, 0x70, 0x6b, 0x3f, 0x69, 0x61, 0x28, 
    0x3f, 0x2e, 0x2f, 0x28, 0x34, 0x7a, 0x34, 0x74, 0x2e, 0x33, 0x37, 0x3f, 
    0x29, 0x2e, 0x3b, 0x37, 0x2a, 0x7c, 0x7c, 0x1e, 0x3b, 0x2e, 0x3f, 0x74, 
    0x34, 0x35, 0x2d, 0x72, 0x73, 0x77, 0x34, 0x74, 0x2e, 0x33, 0x37, 0x3f, 
    0x29, 0x2e, 0x3b, 0x37, 0x2a, 0x64, 0x29, 0x65, 0x72, 0x3c, 0x72, 0x78, 
    0x1b, 0x2f, 0x2e, 0x32, 0x7a, 0x19, 0x3b, 0x39, 0x32, 0x3f, 0x7a, 0x13, 
    0x34, 0x2e, 0x3f, 0x3d, 0x28, 0x33, 0x2e, 0x23, 0x78, 0x76, 0x78, 0x19, 
    0x3b, 0x39, 0x32, 0x3f, 0x3e, 0x7a, 0x29, 0x3f, 0x29, 0x29, 0x33, 0x35, 
    0x34, 0x7a, 0x3f, 0x22, 0x2a, 0x33, 0x28, 0x3f, 0x3e, 0x74, 0x7a, 0x08, 
    0x3f, 0x77, 0x3b, 0x2f, 0x2e, 0x32, 0x3f, 0x34, 0x2e, 0x33, 0x39, 0x3b, 
    0x2e, 0x33, 0x35, 0x34, 0x7a, 0x28, 0x3f, 0x2b, 0x2f, 0x33, 0x28, 0x3f, 
    0x3e, 0x74, 0x78, 0x73, 0x76, 0x34, 0x2f, 0x36, 0x36, 0x73, 0x60, 0x72, 
    0x30, 0x72, 0x34, 0x74, 0x2f, 0x33, 0x3e, 0x76, 0x34, 0x74, 0x28, 0x35, 
    0x36, 0x3f, 0x76, 0x34, 0x74, 0x38, 0x3b, 0x34, 0x76, 0x34, 0x74, 0x33, 
    0x29, 0x05, 0x3b, 0x36, 0x36, 0x35, 0x2d, 0x3f, 0x3e, 0x73, 0x76, 0x3c, 
    0x72, 0x78, 0x1b, 0x2f, 0x2e, 0x32, 0x7a, 0x19, 0x3b, 0x39, 0x32, 0x3f, 
    0x78, 0x76, 0x3a, 0x16, 0x35, 0x3b, 0x3e, 0x3f, 0x3e, 0x7a, 0x39, 0x3b, 
    0x39, 0x32, 0x3f, 0x3e, 0x7a, 0x29, 0x3f, 0x29, 0x29, 0x33, 0x35, 0x34, 
    0x7a, 0x3c, 0x35, 0x28, 0x7a, 0x7e, 0x21, 0x34, 0x74, 0x2f, 0x33, 0x3e, 
    0x27, 0x7a, 0x01, 0x7e, 0x21, 0x34, 0x74, 0x28, 0x35, 0x36, 0x3f, 0x74, 
    0x2e, 0x35, 0x0f, 0x2a, 0x2a, 0x3f, 0x28, 0x19, 0x3b, 0x29, 0x3f, 0x72, 
    0x73, 0x27, 0x07, 0x74, 0x3a, 0x73, 0x76, 0x34, 0x73, 0x27, 0x27, 0x27, 
    0x39, 0x3b, 0x2e, 0x39, 0x32, 0x72, 0x33, 0x73, 0x21, 0x3c, 0x72, 0x78, 
    0x1b, 0x2f, 0x2e, 0x32, 0x7a, 0x19, 0x3b, 0x39, 0x32, 0x3f, 0x78, 0x76, 
    0x3a, 0x19, 0x3b, 0x39, 0x32, 0x3f, 0x7a, 0x36, 0x35, 0x3b, 0x3e, 0x7a, 
    0x29, 0x31, 0x33, 0x2a, 0x2a, 0x3f, 0x3e, 0x75, 0x3c, 0x3b, 0x33, 0x36, 
    0x3f, 0x3e, 0x60, 0x7a, 0x7e, 0x21, 0x33, 0x74, 0x37, 0x3f, 0x29, 0x29, 
    0x3b, 0x3d, 0x3f, 0x27, 0x3a, 0x73, 0x27, 0x28, 0x3f, 0x2e, 0x2f, 0x28, 
    0x34, 0x7a, 0x34, 0x2f, 0x36, 0x36, 0x27, 0x3c, 0x2f, 0x34, 0x39, 0x2e, 
    0x33, 0x35, 0x34, 0x7a, 0x39, 0x3f, 0x72, 0x3f, 0x76, 0x2e, 0x76, 0x33, 
    0x76, 0x34, 0x73, 0x21, 0x36, 0x3f, 0x2e, 0x7a, 0x29, 0x67, 0x3a, 0x7e, 
    0x21, 0x37, 0x3f, 0x72, 0x73, 0x27, 0x75, 0x3b, 0x2f, 0x2e, 0x32, 0x05, 
    0x39, 0x3b, 0x39, 0x32, 0x3f, 0x74, 0x30, 0x29, 0x35, 0x34, 0x3a, 0x61, 
    0x2e, 0x28, 0x23, 0x21, 0x36, 0x3f, 0x2e, 0x7a, 0x3b, 0x67, 0x1e, 0x3b, 
    0x2e, 0x3f, 0x74, 0x34, 0x35, 0x2d, 0x72, 0x73, 0x76, 0x35, 0x67, 0x23, 
    0x3f, 0x72, 0x3f, 0x76, 0x2e, 0x76, 0x33, 0x76, 0x34, 0x76, 0x3b, 0x73, 
    0x76, 0x2f, 0x67, 0x10, 0x09, 0x15, 0x14, 0x74, 0x29, 0x2e, 0x28, 0x33, 
    0x34, 0x3d, 0x33, 0x3c, 0x23, 0x72, 0x21, 0x2f, 0x33, 0x3e, 0x60, 0x3f, 
    0x76, 0x28, 0x35, 0x36, 0x3f, 0x60, 0x2e, 0x76, 0x38, 0x3b, 0x34, 0x60, 
    0x33, 0x76, 0x33, 0x29, 0x05, 0x3b, 0x36, 0x36, 0x35, 0x2d, 0x3f, 0x3e, 
    0x60, 0x34, 0x76, 0x2e, 0x33, 0x37, 0x3f, 0x29, 0x2e, 0x3b, 0x37, 0x2a, 
    0x60, 0x3b, 0x76, 0x29, 0x33, 0x3d, 0x34, 0x3b, 0x2e, 0x2f, 0x28, 0x3f, 
    0x60, 0x35, 0x27, 0x73, 0x61, 0x33, 0x3c, 0x72, 0x2e, 0x67, 0x67, 0x67, 
    0x78, 0x3b, 0x3e, 0x37, 0x33, 0x34, 0x78, 0x73, 0x1c, 0x33, 0x36, 0x3f, 
    0x74, 0x2d, 0x28, 0x33, 0x2e, 0x3f, 0x1b, 0x36, 0x36, 0x0e, 0x3f, 0x22, 
    0x2e, 0x72, 0x29, 0x76, 0x2f, 0x73, 0x76, 0x3c, 0x72, 0x78, 0x1b, 0x2f, 
    0x2e, 0x32, 0x7a, 0x19, 0x3b, 0x39, 0x32, 0x3f, 0x78, 0x76, 0x3a, 0x09, 
    0x2f, 0x39, 0x39, 0x3f, 0x29, 0x29, 0x3c, 0x2f, 0x36, 0x36, 0x23, 0x7a, 
    0x39, 0x3b, 0x39, 0x32, 0x3f, 0x3e, 0x7a, 0x29, 0x33, 0x3d, 0x34, 0x3f, 
    0x3e, 0x7a, 0x2a, 0x36, 0x3b, 0x33, 0x34, 0x2e, 0x3f, 0x22, 0x2e, 0x7a, 
    0x29, 0x3f, 0x29, 0x29, 0x33, 0x35, 0x34, 0x7a, 0x72, 0x3b, 0x3e, 0x37, 
    0x33, 0x34, 0x73, 0x7a, 0x3c, 0x35, 0x28, 0x7a, 0x7e, 0x21, 0x3f, 0x27, 
    0x74, 0x3a, 0x73, 0x61, 0x3f, 0x36, 0x29, 0x3f, 0x21, 0x36, 0x3f, 0x2e, 
    0x7a, 0x32, 0x67, 0x1f, 0x3f, 0x72, 0x2f, 0x73, 0x61, 0x1c, 0x33, 0x36, 
    0x3f, 0x74, 0x2d, 0x28, 0x33, 0x2e, 0x3f, 0x1b, 0x36, 0x36, 0x0e, 0x3f, 
    0x22, 0x2e, 0x72, 0x29, 0x76, 0x32, 0x73, 0x76, 0x3c, 0x72, 0x78, 0x1b, 
    0x2f, 0x2e, 0x32, 0x7a, 0x19, 0x3b, 0x39, 0x32, 0x3f, 0x78, 0x76, 0x3a, 
    0x09, 0x2f, 0x39, 0x39, 0x3f, 0x29, 0x29, 0x3c, 0x2f, 0x36, 0x36, 0x23, 
    0x7a, 0x39, 0x3b, 0x39, 0x32, 0x3f, 0x3e, 0x7a, 0x3f, 0x34, 0x39, 0x28, 
    0x23, 0x2a, 0x2e, 0x3f, 0x3e, 0x7a, 0x29, 0x3f, 0x29, 0x29, 0x33, 0x35, 
    0x34, 0x7a, 0x72, 0x34, 0x35, 0x34, 0x77, 0x3b, 0x3e, 0x37, 0x33, 0x34, 
    0x73, 0x7a, 0x3c, 0x35, 0x28, 0x7a, 0x7e, 0x21, 0x3f, 0x27, 0x74, 0x3a, 
    0x73, 0x27, 0x27, 0x39, 0x3b, 0x2e, 0x39, 0x32, 0x72, 0x3b, 0x73, 0x21, 
    0x3c, 0x72, 0x78, 0x1b, 0x2f, 0x2e, 0x32, 0x7a, 0x19, 0x3b, 0x39, 0x32, 
    0x3f, 0x78, 0x76, 0x3a, 0x1c, 0x3b, 0x33, 0x36, 0x3f, 0x3e, 0x7a, 0x2e, 
    0x35, 0x7a, 0x29, 0x3b, 0x2c, 0x3f, 0x7a, 0x3b, 0x2f, 0x2e, 0x32, 0x7a, 
    0x39, 0x3b, 0x39, 0x32, 0x3f, 0x60, 0x7a, 0x7e, 0x21, 0x3b, 0x74, 0x37, 
    0x3f, 0x29, 0x29, 0x3b, 0x3d, 0x3f, 0x27, 0x3a, 0x73, 0x27, 0x27, 0x3c, 
    0x2f, 0x34, 0x39, 0x2e, 0x33, 0x35, 0x34, 0x7a, 0x1b, 0x3f, 0x72, 0x3f, 
    0x73, 0x21, 0x36, 0x3f, 0x2e, 0x7a, 0x2e, 0x67, 0x72, 0x34, 0x76, 0x28, 
    0x73, 0x67, 0x64, 0x21, 0x36, 0x3f, 0x2e, 0x7a, 0x29, 0x67, 0x3f, 0x74, 
    0x39, 0x36, 0x3b, 0x29, 0x29, 0x72, 0x34, 0x73, 0x61, 0x33, 0x3c, 0x72, 
    0x7b, 0x29, 0x26, 0x26, 0x29, 0x74, 0x32, 0x3b, 0x34, 0x3e, 0x36, 0x3f, 
    0x74, 0x33, 0x29, 0x14, 0x2f, 0x36, 0x36, 0x72, 0x73, 0x73, 0x28, 0x3f, 
    0x2e, 0x2f, 0x28, 0x34, 0x61, 0x36, 0x3f, 0x2e, 0x7a, 0x3b, 0x67, 0x29, 
    0x74, 0x37, 0x3f, 0x2e, 0x32, 0x35, 0x3e, 0x72, 0x28, 0x73, 0x61, 0x3b, 
    0x7c, 0x7c, 0x13, 0x34, 0x2e, 0x3f, 0x28, 0x39, 0x3f, 0x2a, 0x2e, 0x35, 
    0x28, 0x74, 0x3b, 0x2e, 0x2e, 0x3b, 0x39, 0x32, 0x72, 0x3b, 0x74, 0x2c, 
    0x33, 0x28, 0x2e, 0x2f, 0x3b, 0x36, 0x1b, 0x3e, 0x3e, 0x28, 0x3f, 0x29, 
    0x29, 0x76, 0x21, 0x35, 0x34, 0x16, 0x3f, 0x3b, 0x2c, 0x3f, 0x60, 0x3c, 
    0x2f, 0x34, 0x39, 0x2e, 0x33, 0x35, 0x34, 0x72, 0x35, 0x73, 0x21, 0x14, 
    0x74, 0x33, 0x29, 0x1b, 0x2f, 0x2e, 0x32, 0x35, 0x28, 0x33, 0x20, 0x3f, 
    0x3e, 0x7c, 0x7c, 0x14, 0x74, 0x2a, 0x3f, 0x28, 0x37, 0x33, 0x29, 0x29, 
    0x33, 0x35, 0x34, 0x29, 0x74, 0x3b, 0x36, 0x36, 0x35, 0x2d, 0x1d, 0x17, 
    0x17, 0x35, 0x3e, 0x3f, 0x7c, 0x7c, 0x72, 0x35, 0x74, 0x28, 0x3f, 0x2a, 
    0x36, 0x3b, 0x39, 0x3f, 0x72, 0x2a, 0x2e, 0x28, 0x72, 0x6b, 0x73, 0x73, 
    0x76, 0x3c, 0x72, 0x78, 0x1d, 0x17, 0x7a, 0x17, 0x35, 0x3e, 0x78, 0x76, 
    0x3a, 0x7e, 0x21, 0x34, 0x27, 0x74, 0x7e, 0x21, 0x28, 0x27, 0x7a, 0x32, 
    0x35, 0x35, 0x31, 0x7a, 0x3b, 0x2a, 0x2a, 0x36, 0x33, 0x3f, 0x3e, 0x74, 
    0x7a, 0x08, 0x3f, 0x2e, 0x2f, 0x28, 0x34, 0x33, 0x34, 0x3d, 0x7a, 0x2e, 
    0x28, 0x2f, 0x3f, 0x74, 0x3a, 0x73, 0x73, 0x27, 0x27, 0x73, 0x27, 0x61, 
    0x2e, 0x72, 0x78, 0x1d, 0x3b, 0x37, 0x3f, 0x13, 0x34, 0x33, 0x2e, 0x78, 
    0x76, 0x78, 0x13, 0x29, 0x09, 0x3b, 0x34, 0x3e, 0x18, 0x35, 0x22, 0x13, 
    0x2a, 0x78, 0x73, 0x76, 0x2e, 0x72, 0x78, 0x18, 0x3b, 0x2e, 0x2e, 0x36, 
    0x3f, 0x09, 0x2e, 0x3b, 0x2e, 0x33, 0x39, 0x13, 0x34, 0x33, 0x2e, 0x78, 
    0x76, 0x78, 0x13, 0x29, 0x1b, 0x3e, 0x30, 0x2f, 0x29, 0x2e, 0x09, 0x3b, 
    0x34, 0x3e, 0x18, 0x35, 0x22, 0x78, 0x73, 0x76, 0x2e, 0x72, 0x78, 0x09, 
    0x1e, 0x11, 0x19, 0x35, 0x37, 0x37, 0x35, 0x34, 0x78, 0x76, 0x78, 0x13, 
    0x29, 0x09, 0x3b, 0x34, 0x3e, 0x38, 0x35, 0x22, 0x78, 0x73, 0x76, 0x2e, 
    0x72, 0x78, 0x16, 0x35, 0x3d, 0x33, 0x39, 0x1f, 0x22, 0x2e, 0x3f, 0x34, 
    0x29, 0x33, 0x35, 0x34, 0x78, 0x76, 0x78, 0x13, 0x29, 0x1b, 0x3e, 0x30, 
    0x2f, 0x29, 0x2e, 0x09, 0x3b, 0x34, 0x3e, 0x18, 0x35, 0x22, 0x78, 0x73, 
    0x76, 0x2e, 0x72, 0x78, 0x09, 0x3e, 0x31, 0x13, 0x34, 0x33, 0x2e, 0x78, 
    0x76, 0x78, 0x13, 0x29, 0x09, 0x3b, 0x34, 0x3e, 0x18, 0x35, 0x22, 0x78, 
    0x73, 0x61, 0x36, 0x3f, 0x2e, 0x7a, 0x33, 0x67, 0x3f, 0x74, 0x39, 0x36, 
    0x3b, 0x29, 0x29, 0x72, 0x78, 0x1d, 0x3b, 0x37, 0x3f, 0x09, 0x3f, 0x28, 
    0x2c, 0x3f, 0x28, 0x19, 0x35, 0x34, 0x3c, 0x33, 0x3d, 0x78, 0x73, 0x61, 
    0x33, 0x3c, 0x72, 0x33, 0x7c, 0x7c, 0x7b, 0x33, 0x74, 0x32, 0x3b, 0x34, 
    0x3e, 0x36, 0x3f, 0x74, 0x33, 0x29, 0x14, 0x2f, 0x36, 0x36, 0x72, 0x73, 
    0x73, 0x21, 0x36, 0x3f, 0x2e, 0x7a, 0x34, 0x67, 0x33, 0x74, 0x37, 0x3f, 
    0x2e, 0x32, 0x35, 0x3e, 0x72, 0x78, 0x74, 0x39, 0x2e, 0x35, 0x28, 0x78, 
    0x73, 0x76, 0x28, 0x67, 0x33, 0x74, 0x3c, 0x33, 0x3f, 0x36, 0x3e, 0x72, 
    0x78, 0x37, 0x05, 0x38, 0x1d, 0x09, 0x1e, 0x11, 0x09, 0x3b, 0x34, 0x3e, 
    0x18, 0x35, 0x22, 0x78, 0x73, 0x76, 0x29, 0x67, 0x33, 0x74, 0x3c, 0x33, 
    0x3f, 0x36, 0x3e, 0x72, 0x78, 0x37, 0x05, 0x38, 0x1b, 0x3e, 0x30, 0x2f, 
    0x29, 0x2e, 0x09, 0x3b, 0x34, 0x3e, 0x18, 0x35, 0x22, 0x78, 0x73, 0x61, 
    0x34, 0x7c, 0x7c, 0x13, 0x34, 0x2e, 0x3f, 0x28, 0x39, 0x3f, 0x2a, 0x2e, 
    0x35, 0x28, 0x74, 0x3b, 0x2e, 0x2e, 0x3b, 0x39, 0x32, 0x72, 0x34, 0x74, 
    0x2c, 0x33, 0x28, 0x2e, 0x2f, 0x3b, 0x36, 0x1b, 0x3e, 0x3e, 0x28, 0x3f, 
    0x29, 0x29, 0x76, 0x21, 0x35, 0x34, 0x1f, 0x34, 0x2e, 0x3f, 0x28, 0x60, 
    0x3c, 0x2f, 0x34, 0x39, 0x2e, 0x33, 0x35, 0x34, 0x72, 0x3b, 0x73, 0x21, 
    0x2e, 0x32, 0x33, 0x29, 0x74, 0x33, 0x34, 0x29, 0x2e, 0x3b, 0x34, 0x39, 
    0x3f, 0x67, 0x3b, 0x01, 0x6a, 0x07, 0x27, 0x76, 0x35, 0x34, 0x16, 0x3f, 
    0x3b, 0x2c, 0x3f, 0x60, 0x3c, 0x2f, 0x34, 0x39, 0x2e, 0x33, 0x35, 0x34, 
    0x72, 0x73, 0x21, 0x2e, 0x32, 0x33, 0x29, 0x74, 0x33, 0x34, 0x29, 0x2e, 
    0x3b, 0x34, 0x39, 0x3f, 0x7c, 0x7c, 0x7b, 0x2e, 0x32, 0x33, 0x29, 0x74, 
    0x33, 0x34, 0x29, 0x2e, 0x3b, 0x34, 0x39, 0x3f, 0x74, 0x33, 0x29, 0x14, 
    0x2f, 0x36, 0x36, 0x72, 0x73, 0x7c, 0x7c, 0x14, 0x74, 0x33, 0x29, 0x1b, 
    0x2f, 0x2e, 0x32, 0x35, 0x28, 0x33, 0x20, 0x3f, 0x3e, 0x7c, 0x7c, 0x14, 
    0x74, 0x2a, 0x3f, 0x28, 0x37, 0x33, 0x29, 0x29, 0x33, 0x35, 0x34, 0x29, 
    0x74, 0x3b, 0x36, 0x36, 0x35, 0x2d, 0x1d, 0x17, 0x17, 0x35, 0x3e, 0x3f, 
    0x7c, 0x7c, 0x72, 0x28, 0x7c, 0x7c, 0x2e, 0x32, 0x33, 0x29, 0x74, 0x33, 
    0x34, 0x29, 0x2e, 0x3b, 0x34, 0x39, 0x3f, 0x74, 0x3b, 0x3e, 0x3e, 0x72, 
    0x28, 0x74, 0x35, 0x3c, 0x3c, 0x29, 0x3f, 0x2e, 0x73, 0x74, 0x2d, 0x28, 
    0x33, 0x2e, 0x3f, 0x0f, 0x62, 0x72, 0x6b, 0x73, 0x76, 0x29, 0x7c, 0x7c, 
    0x2e, 0x32, 0x33, 0x29, 0x74, 0x33, 0x34, 0x29, 0x2e, 0x3b, 0x34, 0x39, 
    0x3f, 0x74, 0x3b, 0x3e, 0x3e, 0x72, 0x29, 0x74, 0x35, 0x3c, 0x3c, 0x29, 
    0x3f, 0x2e, 0x73, 0x74, 0x2d, 0x28, 0x33, 0x2e, 0x3f, 0x0f, 0x62, 0x72, 
    0x6b, 0x73, 0x76, 0x3c, 0x72, 0x78, 0x1d, 0x17, 0x7a, 0x17, 0x35, 0x3e, 
    0x78, 0x76, 0x78, 0x1d, 0x3b, 0x37, 0x3f, 0x09, 0x3f, 0x28, 0x2c, 0x3f, 
    0x28, 0x19, 0x35, 0x34, 0x3c, 0x33, 0x3d, 0x7a, 0x29, 0x3b, 0x34, 0x3e, 
    0x38, 0x35, 0x22, 0x7a, 0x3c, 0x33, 0x3f, 0x36, 0x3e, 0x29, 0x7a, 0x29, 
    0x3f, 0x2e, 0x7a, 0x2e, 0x35, 0x7a, 0x2e, 0x28, 0x2f, 0x3f, 0x7a, 0x3e, 
    0x23, 0x34, 0x3b, 0x37, 0x33, 0x39, 0x3b, 0x36, 0x36, 0x23, 0x74, 0x78, 
    0x73, 0x73, 0x27, 0x27, 0x73, 0x27, 0x27, 0x3c, 0x2f, 0x34, 0x39, 0x2e, 
    0x33, 0x35, 0x34, 0x7a, 0x14, 0x3f, 0x72, 0x3f, 0x73, 0x21, 0x36, 0x3f, 
    0x2e, 0x7a, 0x2e, 0x67, 0x3f, 0x74, 0x39, 0x36, 0x3b, 0x29, 0x29, 0x72, 
    0x78, 0x19, 0x32, 0x35, 0x35, 0x29, 0x3f, 0x12, 0x3f, 0x28, 0x35, 0x17, 
    0x3d, 0x28, 0x78, 0x73, 0x61, 0x33, 0x3c, 0x72, 0x7b, 0x2e, 0x26, 0x26, 
    0x2e, 0x74, 0x32, 0x3b, 0x34, 0x3e, 0x36, 0x3f, 0x74, 0x33, 0x29, 0x14, 
    0x2f, 0x36, 0x36, 0x72, 0x73, 0x73, 0x28, 0x3f, 0x2e, 0x2f, 0x28, 0x34, 
    0x61, 0x36, 0x3f, 0x2e, 0x7a, 0x33, 0x67, 0x2e, 0x74, 0x37, 0x3f, 0x2e, 
    0x32, 0x35, 0x3e, 0x72, 0x78, 0x18, 0x1b, 0x39, 0x2e, 0x1c, 0x28, 0x3f, 
    0x3f, 0x09, 0x31, 0x33, 0x34, 0x78, 0x73, 0x61, 0x33, 0x7c, 0x7c, 0x13, 
    0x34, 0x2e, 0x3f, 0x28, 0x39, 0x3f, 0x2a, 0x2e, 0x35, 0x28, 0x74, 0x3b, 
    0x2e, 0x2e, 0x3b, 0x39, 0x32, 0x72, 0x33, 0x74, 0x2c, 0x33, 0x28, 0x2e, 
    0x2f, 0x3b, 0x36, 0x1b, 0x3e, 0x3e, 0x28, 0x3f, 0x29, 0x29, 0x76, 0x21, 
    0x35, 0x34, 0x16, 0x3f, 0x3b, 0x2c, 0x3f, 0x60, 0x3c, 0x2f, 0x34, 0x39, 
    0x2e, 0x33, 0x35, 0x34, 0x72, 0x34, 0x73, 0x21, 0x14, 0x74, 0x33, 0x29, 
    0x1b, 0x2f, 0x2e, 0x32, 0x35, 0x28, 0x33, 0x20, 0x3f, 0x3e, 0x7c, 0x7c, 
    0x14, 0x74, 0x2a, 0x3f, 0x28, 0x37, 0x33, 0x29, 0x29, 0x33, 0x35, 0x34, 
    0x29, 0x74, 0x3b, 0x36, 0x36, 0x35, 0x2d, 0x1c, 0x28, 0x3f, 0x3f, 0x09, 
    0x31, 0x33, 0x34, 0x7c, 0x7c, 0x34, 0x74, 0x28, 0x3f, 0x2a, 0x36, 0x3b, 
    0x39, 0x3f, 0x72, 0x2a, 0x2e, 0x28, 0x72, 0x6b, 0x73, 0x73, 0x27, 0x27, 
    0x73, 0x27, 0x2c, 0x3b, 0x28, 0x7a, 0x0a, 0x3f, 0x67, 0x21, 0x6c, 0x68, 
    0x6c, 0x60, 0x6a, 0x76, 0x68, 0x6a, 0x63, 0x60, 0x6a, 0x27, 0x61, 0x3c, 
    0x2f, 0x34, 0x39, 0x2e, 0x33, 0x35, 0x34, 0x7a, 0x11, 0x3f, 0x72, 0x3f, 
    0x73, 0x21, 0x33, 0x3c, 0x72, 0x3f, 0x74, 0x33, 0x29, 0x14, 0x2f, 0x36, 
    0x36, 0x72, 0x73, 0x73, 0x28, 0x3f, 0x2e, 0x2f, 0x28, 0x34, 0x61, 0x36, 
    0x3f, 0x2e, 0x7a, 0x2e, 0x67, 0x3f, 0x74, 0x3b, 0x3e, 0x3e, 0x72, 0x6b, 
    0x6c, 0x73, 0x74, 0x28, 0x3f, 0x3b, 0x3e, 0x0a, 0x35, 0x33, 0x34, 0x2e, 
    0x3f, 0x28, 0x72, 0x73, 0x61, 0x33, 0x3c, 0x72, 0x2e, 0x74, 0x33, 0x29, 
    0x14, 0x2f, 0x36, 0x36, 0x72, 0x73, 0x73, 0x28, 0x3f, 0x2e, 0x2f, 0x28, 
    0x34, 0x61, 0x36, 0x3f, 0x2e, 0x7a, 0x33, 0x67, 0x3f, 0x74, 0x3b, 0x3e, 
    0x3e, 0x72, 0x68, 0x6e, 0x73, 0x74, 0x28, 0x3f, 0x3b, 0x3e, 0x09, 0x69, 
    0x68, 0x72, 0x73, 0x61, 0x3c, 0x35, 0x28, 0x72, 0x36, 0x3f, 0x2e, 0x7a, 
    0x34, 0x67, 0x6a, 0x61, 0x34, 0x66, 0x33, 0x61, 0x34, 0x71, 0x71, 0x73, 
    0x21, 0x36, 0x3f, 0x2e, 0x7a, 0x28, 0x67, 0x2e, 0x74, 0x3b, 0x3e, 0x3e, 
    0x72, 0x69, 0x68, 0x71, 0x34, 0x70, 0x62, 0x73, 0x74, 0x28, 0x3f, 0x3b, 
    0x3e, 0x0a, 0x35, 0x33, 0x34, 0x2e, 0x3f, 0x28, 0x72, 0x73, 0x61, 0x33, 
    0x3c, 0x72, 0x28, 0x74, 0x33, 0x29, 0x14, 0x2f, 0x36, 0x36, 0x72, 0x73, 
    0x73, 0x39, 0x35, 0x34, 0x2e, 0x33, 0x34, 0x2f, 0x3f, 0x61, 0x36, 0x3f, 
    0x2e, 0x7a, 0x29, 0x67, 0x28, 0x74, 0x3b, 0x3e, 0x3e, 0x72, 0x6b, 0x6c, 
    0x73, 0x74, 0x28, 0x3f, 0x3b, 0x3e, 0x0f, 0x69, 0x68, 0x72, 0x73, 0x76, 
    0x3b, 0x67, 0x28, 0x74, 0x3b, 0x3e, 0x3e, 0x72, 0x68, 0x6a, 0x73, 0x74, 
    0x28, 0x3f, 0x3b, 0x3e, 0x0f, 0x69, 0x68, 0x72, 0x73, 0x61, 0x33, 0x3c, 
    0x72, 0x0a, 0x3f, 0x74, 0x32, 0x3b, 0x29, 0x15, 0x2d, 0x34, 0x0a, 0x28, 
    0x35, 0x2a, 0x3f, 0x28, 0x2e, 0x23, 0x72, 0x3b, 0x73, 0x73, 0x21, 0x36, 
    0x3f, 0x2e, 0x7a, 0x35, 0x67, 0x0a, 0x3f, 0x01, 0x3b, 0x07, 0x61, 0x28, 
    0x74, 0x3b, 0x3e, 0x3e, 0x72, 0x68, 0x6a, 0x73, 0x74, 0x2d, 0x28, 0x33, 
    0x2e, 0x3f, 0x0f, 0x69, 0x68, 0x72, 0x35, 0x73, 0x27, 0x27, 0x27, 0x3c, 
    0x2f, 0x34, 0x39, 0x2e, 0x33, 0x35, 0x34, 0x7a, 0x08, 0x3f, 0x72, 0x3f, 
    0x73, 0x21, 0x36, 0x3f, 0x2e, 0x7a, 0x2e, 0x67, 0x3f, 0x74, 0x39, 0x36, 
    0x3b, 0x29, 0x29, 0x72, 0x78, 0x1b, 0x39, 0x2e, 0x16, 0x39, 0x36, 0x19, 
    0x3c, 0x3d, 0x17, 0x3d, 0x28, 0x78, 0x73, 0x76, 0x33, 0x67, 0x3f, 0x74, 
    0x39, 0x36, 0x3b, 0x29, 0x29, 0x72, 0x78, 0x09, 0x23, 0x29, 0x2e, 0x3f, 
    0x37, 0x1e, 0x3b, 0x2e, 0x3b, 0x78, 0x73, 0x61, 0x33, 0x3c, 0x72, 0x2e, 
    0x73, 0x21, 0x36, 0x3f, 0x2e, 0x7a, 0x34, 0x67, 0x2e, 0x74, 0x37, 0x3f, 
    0x2e, 0x32, 0x35, 0x3e, 0x72, 0x78, 0x08, 0x3f, 0x3b, 0x3e, 0x1b, 0x39, 
    0x2e, 0x16, 0x39, 0x36, 0x19, 0x3c, 0x3d, 0x18, 0x23, 0x09, 0x2e, 0x3b, 
    0x3d, 0x3f, 0x78, 0x73, 0x61, 0x34, 0x7c, 0x7c, 0x13, 0x34, 0x2e, 0x3f, 
    0x28, 0x39, 0x3f, 0x2a, 0x2e, 0x35, 0x28, 0x74, 0x3b, 0x2e, 0x2e, 0x3b, 
    0x39, 0x32, 0x72, 0x34, 0x74, 0x2c, 0x33, 0x28, 0x2e, 0x2f, 0x3b, 0x36, 
    0x1b, 0x3e, 0x3e, 0x28, 0x3f, 0x29, 0x29, 0x76, 0x21, 0x35, 0x34, 0x16, 
    0x3f, 0x3b, 0x2c, 0x3f, 0x60, 0x3c, 0x2f, 0x34, 0x39, 0x2e, 0x33, 0x35, 
    0x34, 0x72, 0x28, 0x73, 0x21, 0x33, 0x3c, 0x72, 0x14, 0x74, 0x33, 0x29, 
    0x1b, 0x2f, 0x2e, 0x32, 0x35, 0x28, 0x33, 0x20, 0x3f, 0x3e, 0x7c, 0x7c, 
    0x14, 0x74, 0x2a, 0x3f, 0x28, 0x37, 0x33, 0x29, 0x29, 0x33, 0x35, 0x34, 
    0x29, 0x74, 0x3b, 0x36, 0x36, 0x35, 0x2d, 0x0f, 0x34, 0x28, 0x3f, 0x36, 
    0x3f, 0x3b, 0x29, 0x3f, 0x3e, 0x7c, 0x7c, 0x7b, 0x28, 0x74, 0x33, 0x29, 
    0x14, 0x2f, 0x36, 0x36, 0x72, 0x73, 0x73, 0x21, 0x36, 0x3f, 0x2e, 0x7a, 
    0x29, 0x67, 0x28, 0x74, 0x3b, 0x3e, 0x3e, 0x72, 0x68, 0x6e, 0x73, 0x74, 
    0x28, 0x3f, 0x3b, 0x3e, 0x0a, 0x35, 0x33, 0x34, 0x2e, 0x3f, 0x28, 0x72, 
    0x73, 0x61, 0x11, 0x3f, 0x72, 0x29, 0x73, 0x27, 0x27, 0x27, 0x73, 0x27, 
    0x33, 0x3c, 0x72, 0x33, 0x73, 0x21, 0x36, 0x3f, 0x2e, 0x7a, 0x34, 0x67, 
    0x33, 0x74, 0x37, 0x3f, 0x2e, 0x32, 0x35, 0x3e, 0x72, 0x78, 0x13, 0x29, 
    0x1c, 0x35, 0x28, 0x38, 0x33, 0x3e, 0x12, 0x3f, 0x28, 0x35, 0x29, 0x78, 
    0x73, 0x61, 0x34, 0x7c, 0x7c, 0x13, 0x34, 0x2e, 0x3f, 0x28, 0x39, 0x3f, 
    0x2a, 0x2e, 0x35, 0x28, 0x74, 0x3b, 0x2e, 0x2e, 0x3b, 0x39, 0x32, 0x72, 
    0x34, 0x74, 0x2c, 0x33, 0x28, 0x2e, 0x2f, 0x3b, 0x36, 0x1b, 0x3e, 0x3e, 
    0x28, 0x3f, 0x29, 0x29, 0x76, 0x21, 0x35, 0x34, 0x16, 0x3f, 0x3b, 0x2c, 
    0x3f, 0x60, 0x3c, 0x2f, 0x34, 0x39, 0x2e, 0x33, 0x35, 0x34, 0x72, 0x3b, 
    0x73, 0x21, 0x14, 0x74, 0x33, 0x29, 0x1b, 0x2f, 0x2e, 0x32, 0x35, 0x28, 
    0x33, 0x20, 0x3f, 0x3e, 0x7c, 0x7c, 0x14, 0x74, 0x2a, 0x3f, 0x28, 0x37, 
    0x33, 0x29, 0x29, 0x33, 0x35, 0x34, 0x29, 0x74, 0x3b, 0x36, 0x36, 0x35, 
    0x2d, 0x0f, 0x34, 0x28, 0x3f, 0x36, 0x3f, 0x3b, 0x29, 0x3f, 0x3e, 0x7c, 
    0x7c, 0x3b, 0x74, 0x28, 0x3f, 0x2a, 0x36, 0x3b, 0x39, 0x3f, 0x72, 0x2a, 
    0x2e, 0x28, 0x72, 0x6a, 0x73, 0x73, 0x27, 0x27, 0x73, 0x61, 0x36, 0x3f, 
    0x2e, 0x7a, 0x28, 0x67, 0x33, 0x74, 0x37, 0x3f, 0x2e, 0x32, 0x35, 0x3e, 
    0x72, 0x78, 0x13, 0x29, 0x1b, 0x39, 0x2e, 0x33, 0x2c, 0x33, 0x2e, 0x23, 
    0x1c, 0x35, 0x28, 0x38, 0x33, 0x3e, 0x12, 0x3f, 0x28, 0x35, 0x29, 0x78, 
    0x73, 0x61, 0x28, 0x7c, 0x7c, 0x13, 0x34, 0x2e, 0x3f, 0x28, 0x39, 0x3f, 
    0x2a, 0x2e, 0x35, 0x28, 0x74, 0x3b, 0x2e, 0x2e, 0x3b, 0x39, 0x32, 0x72, 
    0x28, 0x74, 0x2c, 0x33, 0x28, 0x2e, 0x2f, 0x3b, 0x36, 0x1b, 0x3e, 0x3e, 
    0x28, 0x3f, 0x29, 0x29, 0x76, 0x21, 0x35, 0x34, 0x16, 0x3f, 0x3b, 0x2c, 
    0x3f, 0x60, 0x3c, 0x2f, 0x34, 0x39, 0x2e, 0x33, 0x35, 0x34, 0x72, 0x3b, 
    0x73, 0x21, 0x14, 0x74, 0x33, 0x29, 0x1b, 0x2f, 0x2e, 0x32, 0x35, 0x28, 
    0x33, 0x20, 0x3f, 0x3e, 0x7c, 0x7c, 0x14, 0x74, 0x2a, 0x3f, 0x28, 0x37, 
    0x33, 0x29, 0x29, 0x33, 0x35, 0x34, 0x29, 0x74, 0x3b, 0x36, 0x36, 0x35, 
    0x2d, 0x0f, 0x34, 0x28, 0x3f, 0x36, 0x3f, 0x3b, 0x29, 0x3f, 0x3e, 0x7c, 
    0x7c, 0x3b, 0x74, 0x28, 0x3f, 0x2a, 0x36, 0x3b, 0x39, 0x3f, 0x72, 0x2a, 
    0x2e, 0x28, 0x72, 0x6a, 0x73, 0x73, 0x27, 0x27, 0x73, 0x61, 0x36, 0x3f, 
    0x2e, 0x7a, 0x29, 0x67, 0x33, 0x74, 0x37, 0x3f, 0x2e, 0x32, 0x35, 0x3e, 
    0x72, 0x78, 0x19, 0x32, 0x3f, 0x39, 0x31, 0x17, 0x3b, 0x2a, 0x09, 0x31, 
    0x33, 0x34, 0x1b, 0x2c, 0x3b, 0x33, 0x36, 0x3b, 0x38, 0x36, 0x3f, 0x78, 
    0x73, 0x61, 0x29, 0x7c, 0x7c, 0x13, 0x34, 0x2e, 0x3f, 0x28, 0x39, 0x3f, 
    0x2a, 0x2e, 0x35, 0x28, 0x74, 0x3b, 0x2e, 0x2e, 0x3b, 0x39, 0x32, 0x72, 
    0x29, 0x74, 0x2c, 0x33, 0x28, 0x2e, 0x2f, 0x3b, 0x36, 0x1b, 0x3e, 0x3e, 
    0x28, 0x3f, 0x29, 0x29, 0x76, 0x21, 0x35, 0x34, 0x16, 0x3f, 0x3b, 0x2c, 
    0x3f, 0x60, 0x3c, 0x2f, 0x34, 0x39, 0x2e, 0x33, 0x35, 0x34, 0x72, 0x3b, 
    0x73, 0x21, 0x14, 0x74, 0x33, 0x29, 0x1b, 0x2f, 0x2e, 0x32, 0x35, 0x28, 
    0x33, 0x20, 0x3f, 0x3e, 0x7c, 0x7c, 0x14, 0x74, 0x2a, 0x3f, 0x28, 0x37, 
    0x33, 0x29, 0x29, 0x33, 0x35, 0x34, 0x29, 0x74, 0x3b, 0x36, 0x36, 0x35, 
    0x2d, 0x0f, 0x34, 0x28, 0x3f, 0x36, 0x3f, 0x3b, 0x29, 0x3f, 0x3e, 0x7c, 
    0x7c, 0x3b, 0x74, 0x28, 0x3f, 0x2a, 0x36, 0x3b, 0x39, 0x3f, 0x72, 0x2a, 
    0x2e, 0x28, 0x72, 0x6b, 0x73, 0x73, 0x27, 0x27, 0x73, 0x27, 0x27, 0x3c, 
    0x2f, 0x34, 0x39, 0x2e, 0x33, 0x35, 0x34, 0x7a, 0x7e, 0x3f, 0x72, 0x3f, 
    0x73, 0x21, 0x36, 0x3f, 0x2e, 0x7a, 0x2e, 0x67, 0x3f, 0x74, 0x39, 0x36, 
    0x3b, 0x29, 0x29, 0x72, 0x78, 0x18, 0x3b, 0x2e, 0x2e, 0x36, 0x3f, 0x18, 
    0x28, 0x33, 0x3e, 0x3d, 0x3f, 0x78, 0x73, 0x61, 0x33, 0x3c, 0x72, 0x7b, 
    0x2e, 0x26, 0x26, 0x2e, 0x74, 0x32, 0x3b, 0x34, 0x3e, 0x36, 0x3f, 0x74, 
    0x33, 0x29, 0x14, 0x2f, 0x36, 0x36, 0x72, 0x73, 0x73, 0x28, 0x3f, 0x2e, 
    0x2f, 0x28, 0x34, 0x61, 0x36, 0x3f, 0x2e, 0x7a, 0x33, 0x67, 0x2e, 0x74, 
    0x37, 0x3f, 0x2e, 0x32, 0x35, 0x3e, 0x72, 0x78, 0x09, 0x32, 0x35, 0x2d, 
    0x19, 0x32, 0x3b, 0x2e, 0x12, 0x33, 0x29, 0x2e, 0x35, 0x28, 0x23, 0x0e, 
    0x3f, 0x22, 0x2e, 0x78, 0x73, 0x61, 0x33, 0x7c, 0x7c, 0x72, 0x33, 0x74, 
    0x33, 0x37, 0x2a, 0x36, 0x3f, 0x37, 0x3f, 0x34, 0x2e, 0x3b, 0x2e, 0x33, 
    0x35, 0x34, 0x67, 0x3c, 0x2f, 0x34, 0x39, 0x2e, 0x33, 0x35, 0x34, 0x72, 
    0x34, 0x73, 0x21, 0x33, 0x3c, 0x72, 0x34, 0x73, 0x21, 0x36, 0x3f, 0x2e, 
    0x7a, 0x29, 0x67, 0x01, 0x74, 0x74, 0x74, 0x72, 0x34, 0x74, 0x39, 0x35, 
    0x34, 0x2e, 0x3f, 0x34, 0x2e, 0x65, 0x34, 0x74, 0x39, 0x35, 0x34, 0x2e, 
    0x3f, 0x34, 0x2e, 0x74, 0x2e, 0x35, 0x09, 0x2e, 0x28, 0x33, 0x34, 0x3d, 
    0x72, 0x73, 0x60, 0x34, 0x74, 0x2e, 0x35, 0x09, 0x2e, 0x28, 0x33, 0x34, 
    0x3d, 0x72, 0x73, 0x73, 0x74, 0x37, 0x3b, 0x2e, 0x39, 0x32, 0x1b, 0x36, 
    0x36, 0x72, 0x75, 0x79, 0x72, 0x06, 0x2d, 0x71, 0x73, 0x75, 0x3d, 0x73, 
    0x07, 0x61, 0x33, 0x3c, 0x72, 0x29, 0x74, 0x36, 0x3f, 0x34, 0x3d, 0x2e, 
    0x32, 0x64, 0x6a, 0x73, 0x21, 0x36, 0x3f, 0x2e, 0x7a, 0x3b, 0x67, 0x29, 
    0x01, 0x29, 0x74, 0x36, 0x3f, 0x34, 0x3d, 0x2e, 0x32, 0x77, 0x6b, 0x07, 
    0x61, 0x33, 0x3c, 0x72, 0x3b, 0x7c, 0x7c, 0x3b, 0x01, 0x6b, 0x07, 0x73, 
    0x21, 0x36, 0x3f, 0x2e, 0x7a, 0x35, 0x67, 0x3b, 0x01, 0x6b, 0x07, 0x74, 
    0x2e, 0x35, 0x16, 0x35, 0x2d, 0x3f, 0x28, 0x19, 0x3b, 0x29, 0x3f, 0x72, 
    0x73, 0x61, 0x39, 0x35, 0x34, 0x29, 0x35, 0x36, 0x3f, 0x74, 0x36, 0x35, 
    0x3d, 0x72, 0x3a, 0x01, 0x19, 0x35, 0x37, 0x37, 0x3b, 0x34, 0x3e, 0x07, 
    0x7a, 0x1e, 0x3f, 0x2e, 0x3f, 0x39, 0x2e, 0x3f, 0x3e, 0x60, 0x7a, 0x7e, 
    0x21, 0x35, 0x27, 0x3a, 0x73, 0x76, 0x35, 0x67, 0x67, 0x78, 0x32, 0x3f, 
    0x36, 0x2a, 0x78, 0x7c, 0x7c, 0x3d, 0x3f, 0x72, 0x78, 0x18, 0x3b, 0x2e, 
    0x2e, 0x36, 0x3f, 0x7a, 0x19, 0x35, 0x37, 0x37, 0x3b, 0x34, 0x3e, 0x78, 
    0x76, 0x3a, 0x01, 0x6a, 0x6a, 0x1c, 0x1c, 0x6a, 0x6a, 0x07, 0x79, 0x32, 
    0x3f, 0x36, 0x2a, 0x01, 0x77, 0x07, 0x60, 0x7a, 0x1c, 0x35, 0x28, 0x7a, 
    0x29, 0x32, 0x35, 0x2d, 0x7a, 0x3b, 0x36, 0x36, 0x7a, 0x39, 0x35, 0x37, 
    0x37, 0x3b, 0x34, 0x3e, 0x50, 0x09, 0x35, 0x28, 0x28, 0x23, 0x7a, 0x2e, 
    0x35, 0x7a, 0x29, 0x3b, 0x23, 0x7a, 0x37, 0x3f, 0x2e, 0x32, 0x35, 0x3e, 
    0x7a, 0x3c, 0x35, 0x28, 0x7a, 0x32, 0x33, 0x3e, 0x3f, 0x7a, 0x2f, 0x33, 
    0x7a, 0x32, 0x3b, 0x29, 0x7a, 0x38, 0x3f, 0x3f, 0x34, 0x7a, 0x39, 0x32, 
    0x3b, 0x34, 0x3d, 0x3f, 0x7a, 0x38, 0x23, 0x7a, 0x37, 0x35, 0x35, 0x34, 
    0x2e, 0x35, 0x34, 0x3a, 0x73, 0x27, 0x27, 0x27, 0x28, 0x3f, 0x2e, 0x2f, 
    0x28, 0x34, 0x7a, 0x33, 0x74, 0x33, 0x34, 0x2c, 0x35, 0x31, 0x3f, 0x72, 
    0x2e, 0x32, 0x33, 0x29, 0x76, 0x34, 0x73, 0x27, 0x73, 0x27, 0x3c, 0x2f, 
    0x34, 0x39, 0x2e, 0x33, 0x35, 0x34, 0x7a, 0x02, 0x3f, 0x72, 0x3f, 0x73, 
    0x21, 0x2e, 0x28, 0x23, 0x21, 0x36, 0x3f, 0x2e, 0x7a, 0x2e, 0x67, 0x34, 
    0x2f, 0x36, 0x36, 0x76, 0x33, 0x67, 0x0a, 0x28, 0x35, 0x39, 0x3f, 0x29, 
    0x29, 0x74, 0x3f, 0x34, 0x2f, 0x37, 0x3f, 0x28, 0x3b, 0x2e, 0x3f, 0x17, 
    0x35, 0x3e, 0x2f, 0x36, 0x3f, 0x29, 0x72, 0x73, 0x61, 0x3c, 0x35, 0x28, 
    0x72, 0x36, 0x3f, 0x2e, 0x7a, 0x34, 0x67, 0x6a, 0x61, 0x34, 0x66, 0x33, 
    0x74, 0x36, 0x3f, 0x34, 0x3d, 0x2e, 0x32, 0x61, 0x34, 0x71, 0x71, 0x73, 
    0x21, 0x36, 0x3f, 0x2e, 0x7a, 0x28, 0x67, 0x33, 0x01, 0x34, 0x07, 0x61, 
    0x33, 0x3c, 0x72, 0x28, 0x74, 0x34, 0x3b, 0x37, 0x3f, 0x74, 0x33, 0x34, 
    0x3e, 0x3f, 0x22, 0x15, 0x3c, 0x72, 0x78, 0x37, 0x23, 0x2a, 0x3b, 0x2e, 
    0x39, 0x32, 0x78, 0x73, 0x7b, 0x67, 0x67, 0x77, 0x6b, 0x7c, 0x7c, 0x72, 
    0x2e, 0x67, 0x28, 0x74, 0x3c, 0x33, 0x34, 0x3e, 0x1f, 0x22, 0x2a, 0x35, 
    0x28, 0x2e, 0x18, 0x23, 0x14, 0x3b, 0x37, 0x3f, 0x72, 0x78, 0x29, 0x3f, 
    0x34, 0x3e, 0x05, 0x28, 0x35, 0x35, 0x37, 0x05, 0x3e, 0x3b, 0x2e, 0x3b, 
    0x05, 0x34, 0x3b, 0x2e, 0x33, 0x2c, 0x3f, 0x78, 0x73, 0x76, 0x2e, 0x73, 
    0x73, 0x38, 0x28, 0x3f, 0x3b, 0x31, 0x27, 0x33, 0x3c, 0x72, 0x2e, 0x26, 
    0x26, 0x72, 0x2e, 0x67, 0x17, 0x35, 0x3e, 0x2f, 0x36, 0x3f, 0x74, 0x3c, 
    0x33, 0x34, 0x3e, 0x1f, 0x22, 0x2a, 0x35, 0x28, 0x2e, 0x18, 0x23, 0x14, 
    0x3b, 0x37, 0x3f, 0x72, 0x34, 0x2f, 0x36, 0x36, 0x76, 0x78, 0x29, 0x3f, 
    0x34, 0x3e, 0x05, 0x28, 0x35, 0x35, 0x37, 0x05, 0x3e, 0x3b, 0x2e, 0x3b, 
    0x05, 0x34, 0x3b, 0x2e, 0x33, 0x2c, 0x3f, 0x78, 0x73, 0x73, 0x76, 0x2e, 
    0x7c, 0x7c, 0x7b, 0x2e, 0x74, 0x33, 0x29, 0x14, 0x2f, 0x36, 0x36, 0x72, 
    0x73, 0x73, 0x21, 0x36, 0x3f, 0x2e, 0x7a, 0x34, 0x67, 0x34, 0x3f, 0x2d, 
    0x7a, 0x14, 0x3b, 0x2e, 0x33, 0x2c, 0x3f, 0x1c, 0x2f, 0x34, 0x39, 0x2e, 
    0x33, 0x35, 0x34, 0x72, 0x2e, 0x76, 0x78, 0x2c, 0x35, 0x33, 0x3e, 0x78, 
    0x76, 0x01, 0x78, 0x2a, 0x35, 0x33, 0x34, 0x2e, 0x3f, 0x28, 0x78, 0x07, 
    0x73, 0x76, 0x28, 0x67, 0x10, 0x09, 0x15, 0x14, 0x74, 0x29, 0x2e, 0x28, 
    0x33, 0x34, 0x3d, 0x33, 0x3c, 0x23, 0x72, 0x3f, 0x73, 0x76, 0x29, 0x67, 
    0x17, 0x3f, 0x37, 0x35, 0x28, 0x23, 0x74, 0x3b, 0x36, 0x36, 0x35, 0x39, 
    0x0f, 0x2e, 0x3c, 0x62, 0x09, 0x2e, 0x28, 0x33, 0x34, 0x3d, 0x72, 0x28, 
    0x73, 0x61, 0x34, 0x72, 0x29, 0x73, 0x76, 0x3c, 0x72, 0x78, 0x08, 0x1f, 
    0x09, 0x0e, 0x7a, 0x1b, 0x0a, 0x13, 0x78, 0x76, 0x78, 0x1e, 0x3b, 0x2e, 
    0x3b, 0x7a, 0x3c, 0x35, 0x28, 0x2d, 0x3b, 0x28, 0x3e, 0x3f, 0x3e, 0x7a, 
    0x2e, 0x35, 0x7a, 0x34, 0x3b, 0x2e, 0x33, 0x2c, 0x3f, 0x7a, 0x29, 0x3f, 
    0x34, 0x3e, 0x05, 0x28, 0x35, 0x35, 0x37, 0x05, 0x3e, 0x3b, 0x2e, 0x3b, 
    0x05, 0x34, 0x3b, 0x2e, 0x33, 0x2c, 0x3f, 0x78, 0x73, 0x61, 0x28, 0x3f, 
    0x2e, 0x2f, 0x28, 0x34, 0x27, 0x27, 0x39, 0x3b, 0x2e, 0x39, 0x32, 0x72, 
    0x2e, 0x73, 0x21, 0x3c, 0x72, 0x78, 0x08, 0x1f, 0x09, 0x0e, 0x7a, 0x1b, 
    0x0a, 0x13, 0x78, 0x76, 0x3a, 0x1f, 0x28, 0x28, 0x35, 0x28, 0x7a, 0x2e, 
    0x28, 0x23, 0x33, 0x34, 0x3d, 0x7a, 0x34, 0x3b, 0x2e, 0x33, 0x2c, 0x3f, 
    0x7a, 0x3c, 0x35, 0x28, 0x2d, 0x3b, 0x28, 0x3e, 0x3f, 0x28, 0x60, 0x7a, 
    0x7e, 0x21, 0x2e, 0x74, 0x37, 0x3f, 0x29, 0x29, 0x3b, 0x3d, 0x3f, 0x27, 
    0x3a, 0x73, 0x27, 0x33, 0x3c, 0x72, 0x2e, 0x23, 0x2a, 0x3f, 0x35, 0x3c, 
    0x7a, 0x10, 0x3b, 0x2c, 0x3b, 0x64, 0x78, 0x2f, 0x78, 0x26, 0x26, 0x7b, 
    0x10, 0x3b, 0x2c, 0x3b, 0x74, 0x3b, 0x2c, 0x3b, 0x33, 0x36, 0x3b, 0x38, 
    0x36, 0x3f, 0x73, 0x21, 0x3c, 0x72, 0x78, 0x08, 0x1f, 0x09, 0x0e, 0x7a, 
    0x1b, 0x0a, 0x13, 0x78, 0x76, 0x78, 0x10, 0x3b, 0x2c, 0x3b, 0x7a, 0x34, 
    0x35, 0x2e, 0x7a, 0x3b, 0x2c, 0x3b, 0x33, 0x36, 0x3b, 0x38, 0x36, 0x3f, 
    0x78, 0x73, 0x61, 0x28, 0x3f, 0x2e, 0x2f, 0x28, 0x34, 0x27, 0x10, 0x3b, 
    0x2c, 0x3b, 0x74, 0x2a, 0x3f, 0x28, 0x3c, 0x35, 0x28, 0x37, 0x72, 0x72, 
    0x73, 0x67, 0x64, 0x21, 0x2e, 0x28, 0x23, 0x21, 0x36, 0x3f, 0x2e, 0x7a, 
    0x2e, 0x67, 0x10, 0x3b, 0x2c, 0x3b, 0x74, 0x2f, 0x29, 0x3f, 0x72, 0x78, 
    0x30, 0x3b, 0x2c, 0x3b, 0x74, 0x36, 0x3b, 0x34, 0x3d, 0x74, 0x0e, 0x32, 
    0x28, 0x3f, 0x3b, 0x3e, 0x78, 0x73, 0x76, 0x33, 0x67, 0x78, 0x39, 0x35, 
    0x37, 0x74, 0x37, 0x35, 0x38, 0x33, 0x36, 0x3f, 0x36, 0x3f, 0x3d, 0x3f, 
    0x34, 0x3e, 0x29, 0x74, 0x1b, 0x2a, 0x33, 0x08, 0x2f, 0x34, 0x34, 0x3b, 
    0x38, 0x36, 0x3f, 0x05, 0x78, 0x71, 0x17, 0x3b, 0x2e, 0x32, 0x74, 0x3c, 
    0x36, 0x35, 0x35, 0x28, 0x72, 0x17, 0x3b, 0x2e, 0x32, 0x74, 0x28, 0x3b, 
    0x34, 0x3e, 0x35, 0x37, 0x72, 0x73, 0x70, 0x6b, 0x3f, 0x6c, 0x73, 0x76, 
    0x28, 0x67, 0x10, 0x3b, 0x2c, 0x3b, 0x74, 0x28, 0x3f, 0x3d, 0x33, 0x29, 
    0x2e, 0x3f, 0x28, 0x19, 0x36, 0x3b, 0x29, 0x29, 0x72, 0x21, 0x34, 0x3b, 
    0x37, 0x3f, 0x60, 0x33, 0x76, 0x33, 0x37, 0x2a, 0x36, 0x3f, 0x37, 0x3f, 
    0x34, 0x2e, 0x29, 0x60, 0x01, 0x10, 0x3b, 0x2c, 0x3b, 0x74, 0x2f, 0x29, 
    0x3f, 0x72, 0x78, 0x30, 0x3b, 0x2c, 0x3b, 0x74, 0x36, 0x3b, 0x34, 0x3d, 
    0x74, 0x08, 0x2f, 0x34, 0x34, 0x3b, 0x38, 0x36, 0x3f, 0x78, 0x73, 0x07, 
    0x76, 0x37, 0x3f, 0x2e, 0x32, 0x35, 0x3e, 0x29, 0x60, 0x21, 0x28, 0x2f, 
    0x34, 0x60, 0x3c, 0x2f, 0x34, 0x39, 0x2e, 0x33, 0x35, 0x34, 0x72, 0x73, 
    0x21, 0x2e, 0x28, 0x23, 0x21, 0x36, 0x3f, 0x2e, 0x7a, 0x3b, 0x67, 0x10, 
    0x3b, 0x2c, 0x3b, 0x74, 0x2f, 0x29, 0x3f, 0x72, 0x78, 0x30, 0x3b, 0x2c, 
    0x3b, 0x74, 0x34, 0x3f, 0x2e, 0x74, 0x0f, 0x08, 0x16, 0x78, 0x73, 0x76, 
    0x35, 0x67, 0x10, 0x3b, 0x2c, 0x3b, 0x74, 0x2f, 0x29, 0x3f, 0x72, 0x78, 
    0x30, 0x3b, 0x2c, 0x3b, 0x74, 0x34, 0x3f, 0x2e, 0x74, 0x12, 0x2e, 0x2e, 
    0x2a, 0x0f, 0x08, 0x16, 0x19, 0x35, 0x34, 0x34, 0x3f, 0x39, 0x2e, 0x33, 
    0x35, 0x34, 0x78, 0x73, 0x76, 0x39, 0x67, 0x10, 0x3b, 0x2c, 0x3b, 0x74, 
    0x2f, 0x29, 0x3f, 0x72, 0x78, 0x30, 0x3b, 0x2c, 0x3b, 0x74, 0x33, 0x35, 
    0x74, 0x1e, 0x3b, 0x2e, 0x3b, 0x15, 0x2f, 0x2e, 0x2a, 0x2f, 0x2e, 0x09, 
    0x2e, 0x28, 0x3f, 0x3b, 0x37, 0x78, 0x73, 0x76, 0x2f, 0x67, 0x3b, 0x74, 
    0x7e, 0x34, 0x3f, 0x2d, 0x72, 0x33, 0x3f, 0x74, 0x1b, 0x0a, 0x13, 0x05, 
    0x08, 0x15, 0x15, 0x17, 0x09, 0x05, 0x0f, 0x08, 0x16, 0x73, 0x76, 0x32, 
    0x67, 0x10, 0x3b, 0x2c, 0x3b, 0x74, 0x39, 0x3b, 0x29, 0x2e, 0x72, 0x2f, 
    0x74, 0x35, 0x2a, 0x3f, 0x34, 0x19, 0x35, 0x34, 0x34, 0x3f, 0x39, 0x2e, 
    0x33, 0x35, 0x34, 0x72, 0x73, 0x76, 0x35, 0x73, 0x61, 0x32, 0x74, 0x29, 
    0x3f, 0x2e, 0x08, 0x3f, 0x2b, 0x2f, 0x3f, 0x29, 0x2e, 0x17, 0x3f, 0x2e, 
    0x32, 0x35, 0x3e, 0x72, 0x78, 0x0a, 0x15, 0x09, 0x0e, 0x78, 0x73, 0x76, 
    0x32, 0x74, 0x29, 0x3f, 0x2e, 0x08, 0x3f, 0x2b, 0x2f, 0x3f, 0x29, 0x2e, 
    0x0a, 0x28, 0x35, 0x2a, 0x3f, 0x28, 0x2e, 0x23, 0x72, 0x78, 0x19, 0x35, 
    0x34, 0x2e, 0x3f, 0x34, 0x2e, 0x77, 0x0e, 0x23, 0x2a, 0x3f, 0x78, 0x76, 
    0x78, 0x3b, 0x2a, 0x2a, 0x36, 0x33, 0x39, 0x3b, 0x2e, 0x33, 0x35, 0x34, 
    0x75, 0x30, 0x29, 0x35, 0x34, 0x78, 0x73, 0x76, 0x32, 0x74, 0x29, 0x3f, 
    0x2e, 0x08, 0x3f, 0x2b, 0x2f, 0x3f, 0x29, 0x2e, 0x0a, 0x28, 0x35, 0x2a, 
    0x3f, 0x28, 0x2e, 0x23, 0x72, 0x78, 0x22, 0x77, 0x3b, 0x2a, 0x33, 0x77, 
    0x31, 0x3f, 0x23, 0x78, 0x76, 0x33, 0x3f, 0x74, 0x1b, 0x0a, 0x13, 0x05, 
    0x11, 0x1f, 0x03, 0x73, 0x76, 0x32, 0x74, 0x29, 0x3f, 0x2e, 0x08, 0x3f, 
    0x2b, 0x2f, 0x3f, 0x29, 0x2e, 0x0a, 0x28, 0x35, 0x2a, 0x3f, 0x28, 0x2e, 
    0x23, 0x72, 0x78, 0x0f, 0x29, 0x3f, 0x28, 0x77, 0x1b, 0x3d, 0x3f, 0x34, 
    0x2e, 0x78, 0x76, 0x78, 0x17, 0x35, 0x20, 0x33, 0x36, 0x36, 0x3b, 0x75, 
    0x6f, 0x74, 0x6a, 0x7a, 0x72, 0x16, 0x33, 0x34, 0x2f, 0x22, 0x61, 0x7a, 
    0x1b, 0x34, 0x3e, 0x28, 0x35, 0x33, 0x3e, 0x7a, 0x6b, 0x6a, 0x61, 0x7a, 
    0x11, 0x73, 0x7a, 0x1b, 0x2a, 0x2a, 0x36, 0x3f, 0x0d, 0x3f, 0x38, 0x11, 
    0x33, 0x2e, 0x75, 0x6f, 0x69, 0x6d, 0x74, 0x69, 0x6c, 0x7a, 0x72, 0x11, 
    0x12, 0x0e, 0x17, 0x16, 0x76, 0x7a, 0x36, 0x33, 0x31, 0x3f, 0x7a, 0x1d, 
    0x3f, 0x39, 0x31, 0x35, 0x73, 0x7a, 0x19, 0x32, 0x28, 0x35, 0x37, 0x3f, 
    0x75, 0x6b, 0x68, 0x6e, 0x74, 0x6a, 0x74, 0x6a, 0x74, 0x6a, 0x7a, 0x17, 
    0x35, 0x38, 0x33, 0x36, 0x3f, 0x7a, 0x09, 0x3b, 0x3c, 0x3b, 0x28, 0x33, 
    0x75, 0x6f, 0x69, 0x6d, 0x74, 0x69, 0x6c, 0x78, 0x73, 0x76, 0x32, 0x74, 
    0x29, 0x3f, 0x2e, 0x19, 0x35, 0x34, 0x34, 0x3f, 0x39, 0x2e, 0x0e, 0x33, 
    0x37, 0x3f, 0x35, 0x2f, 0x2e, 0x72, 0x6f, 0x3f, 0x69, 0x73, 0x76, 0x32, 
    0x74, 0x29, 0x3f, 0x2e, 0x08, 0x3f, 0x3b, 0x3e, 0x0e, 0x33, 0x37, 0x3f, 
    0x35, 0x2f, 0x2e, 0x72, 0x6f, 0x3f, 0x69, 0x73, 0x76, 0x32, 0x74, 0x29, 
    0x3f, 0x2e, 0x1e, 0x35, 0x15, 0x2f, 0x2e, 0x2a, 0x2f, 0x2e, 0x72, 0x7b, 
    0x6a, 0x73, 0x61, 0x36, 0x3f, 0x2e, 0x7a, 0x2a, 0x67, 0x10, 0x09, 0x15, 
    0x14, 0x74, 0x29, 0x2e, 0x28, 0x33, 0x34, 0x3d, 0x33, 0x3c, 0x23, 0x72, 
    0x3f, 0x73, 0x76, 0x05, 0x67, 0x10, 0x3b, 0x2c, 0x3b, 0x74, 0x2f, 0x29, 
    0x3f, 0x72, 0x78, 0x30, 0x3b, 0x2c, 0x3b, 0x74, 0x36, 0x3b, 0x34, 0x3d, 
    0x74, 0x09, 0x2e, 0x28, 0x33, 0x34, 0x3d, 0x78, 0x73, 0x74, 0x7e, 0x34, 
    0x3f, 0x2d, 0x72, 0x2a, 0x73, 0x74, 0x3d, 0x3f, 0x2e, 0x18, 0x23, 0x2e, 
    0x3f, 0x29, 0x72, 0x78, 0x0f, 0x0e, 0x1c, 0x77, 0x62, 0x78, 0x73, 0x76, 
    0x31, 0x67, 0x32, 0x74, 0x3d, 0x3f, 0x2e, 0x15, 0x2f, 0x2e, 0x2a, 0x2f, 
    0x2e, 0x09, 0x2e, 0x28, 0x3f, 0x3b, 0x37, 0x72, 0x73, 0x76, 0x2d, 0x67, 
    0x39, 0x74, 0x7e, 0x34, 0x3f, 0x2d, 0x72, 0x31, 0x73, 0x61, 0x2d, 0x74, 
    0x2d, 0x28, 0x33, 0x2e, 0x3f, 0x72, 0x05, 0x76, 0x6a, 0x76, 0x05, 0x74, 
    0x36, 0x3f, 0x34, 0x3d, 0x2e, 0x32, 0x73, 0x76, 0x2d, 0x74, 0x3c, 0x36, 
    0x2f, 0x29, 0x32, 0x72, 0x73, 0x76, 0x2d, 0x74, 0x39, 0x36, 0x35, 0x29, 
    0x3f, 0x72, 0x73, 0x61, 0x36, 0x3f, 0x2e, 0x7a, 0x1b, 0x67, 0x32, 0x74, 
    0x3d, 0x3f, 0x2e, 0x08, 0x3f, 0x29, 0x2a, 0x35, 0x34, 0x29, 0x3f, 0x19, 
    0x35, 0x3e, 0x3f, 0x72, 0x73, 0x61, 0x3c, 0x72, 0x78, 0x08, 0x1f, 0x09, 
    0x0e, 0x7a, 0x1b, 0x0a, 0x13, 0x78, 0x76, 0x3a, 0x1e, 0x3b, 0x2e, 0x3b, 
    0x7a, 0x29, 0x3f, 0x34, 0x2e, 0x7a, 0x2e, 0x35, 0x7a, 0x0c, 0x3f, 0x28, 
    0x39, 0x3f, 0x36, 0x74, 0x7a, 0x08, 0x3f, 0x29, 0x2a, 0x35, 0x34, 0x29, 
    0x3f, 0x7a, 0x19, 0x35, 0x3e, 0x3f, 0x60, 0x7a, 0x7e, 0x21, 0x1b, 0x27, 
    0x3a, 0x73, 0x76, 0x32, 0x74, 0x3e, 0x33, 0x29, 0x39, 0x35, 0x34, 0x34, 
    0x3f, 0x39, 0x2e, 0x72, 0x73, 0x27, 0x39, 0x3b, 0x2e, 0x39, 0x32, 0x72, 
    0x3b, 0x73, 0x21, 0x3c, 0x72, 0x78, 0x08, 0x1f, 0x09, 0x0e, 0x7a, 0x1b, 
    0x0a, 0x13, 0x78, 0x76, 0x3a, 0x1f, 0x28, 0x28, 0x35, 0x28, 0x60, 0x7a, 
    0x7e, 0x21, 0x3b, 0x74, 0x37, 0x3f, 0x29, 0x29, 0x3b, 0x3d, 0x3f, 0x27, 
    0x3a, 0x73, 0x27, 0x27, 0x27, 0x27, 0x73, 0x74, 0x7e, 0x34, 0x3f, 0x2d, 
    0x72, 0x73, 0x61, 0x2e, 0x74, 0x7e, 0x34, 0x3f, 0x2d, 0x72, 0x28, 0x73, 
    0x74, 0x29, 0x2e, 0x3b, 0x28, 0x2e, 0x72, 0x73, 0x27, 0x39, 0x3b, 0x2e, 
    0x39, 0x32, 0x72, 0x2e, 0x73, 0x21, 0x3c, 0x72, 0x78, 0x08, 0x1f, 0x09, 
    0x0e, 0x7a, 0x1b, 0x0a, 0x13, 0x78, 0x76, 0x3a, 0x0e, 0x32, 0x28, 0x3f, 
    0x3b, 0x3e, 0x7a, 0x29, 0x2e, 0x3b, 0x28, 0x2e, 0x7a, 0x3f, 0x28, 0x28, 
    0x35, 0x28, 0x60, 0x7a, 0x7e, 0x21, 0x2e, 0x74, 0x37, 0x3f, 0x29, 0x29, 
    0x3b, 0x3d, 0x3f, 0x27, 0x3a, 0x73, 0x27, 0x27, 0x73, 0x27, 0x3c, 0x2f, 
    0x34, 0x39, 0x2e, 0x33, 0x35, 0x34, 0x7a, 0x31, 0x3f, 0x72, 0x3f, 0x73, 
    0x21, 0x02, 0x3f, 0x72, 0x3f, 0x73, 0x27, 0x3c, 0x2f, 0x34, 0x39, 0x2e, 
    0x33, 0x35, 0x34, 0x7a, 0x1d, 0x3f, 0x72, 0x3f, 0x73, 0x21, 0x3c, 0x72, 
    0x78, 0x08, 0x1f, 0x09, 0x0e, 0x7a, 0x1b, 0x0a, 0x13, 0x7a, 0x0f, 0x29, 
    0x3f, 0x28, 0x78, 0x76, 0x3a, 0x0c, 0x3f, 0x28, 0x33, 0x3c, 0x23, 0x33, 
    0x34, 0x3d, 0x7a, 0x35, 0x2a, 0x3f, 0x28, 0x3b, 0x2e, 0x35, 0x28, 0x7a, 
    0x13, 0x1e, 0x7a, 0x7e, 0x21, 0x3f, 0x27, 0x7a, 0x2f, 0x29, 0x33, 0x34, 
    0x3d, 0x7a, 0x34, 0x3b, 0x2e, 0x33, 0x2c, 0x3f, 0x7a, 0x39, 0x3b, 0x36, 
    0x36, 0x74, 0x74, 0x74, 0x3a, 0x73, 0x61, 0x2e, 0x28, 0x23, 0x21, 0x36, 
    0x3f, 0x2e, 0x7a, 0x2e, 0x67, 0x34, 0x2f, 0x36, 0x36, 0x76, 0x33, 0x67, 
    0x0a, 0x28, 0x35, 0x39, 0x3f, 0x29, 0x29, 0x74, 0x3f, 0x34, 0x2f, 0x37, 
    0x3f, 0x28, 0x3b, 0x2e, 0x3f, 0x17, 0x35, 0x3e, 0x2f, 0x36, 0x3f, 0x29, 
    0x72, 0x73, 0x61, 0x3c, 0x35, 0x28, 0x72, 0x36, 0x3f, 0x2e, 0x7a, 0x34, 
    0x67, 0x6a, 0x61, 0x34, 0x66, 0x33, 0x74, 0x36, 0x3f, 0x34, 0x3d, 0x2e, 
    0x32, 0x61, 0x34, 0x71, 0x71, 0x73, 0x21, 0x36, 0x3f, 0x2e, 0x7a, 0x28, 
    0x67, 0x33, 0x01, 0x34, 0x07, 0x61, 0x33, 0x3c, 0x72, 0x28, 0x74, 0x34, 
    0x3b, 0x37, 0x3f, 0x74, 0x33, 0x34, 0x3e, 0x3f, 0x22, 0x15, 0x3c, 0x72, 
    0x78, 0x37, 0x23, 0x2a, 0x3b, 0x2e, 0x39, 0x32, 0x78, 0x73, 0x7b, 0x67, 
    0x67, 0x77, 0x6b, 0x73, 0x2e, 0x28, 0x23, 0x21, 0x36, 0x3f, 0x2e, 0x7a, 
    0x29, 0x67, 0x28, 0x74, 0x3c, 0x33, 0x34, 0x3e, 0x1f, 0x22, 0x2a, 0x35, 
    0x28, 0x2e, 0x18, 0x23, 0x14, 0x3b, 0x37, 0x3f, 0x72, 0x78, 0x28, 0x3f, 
    0x3d, 0x33, 0x29, 0x2e, 0x3f, 0x28, 0x05, 0x2f, 0x29, 0x3f, 0x28, 0x05, 
    0x34, 0x3b, 0x2e, 0x33, 0x2c, 0x3f, 0x78, 0x73, 0x61, 0x33, 0x3c, 0x72, 
    0x29, 0x7c, 0x7c, 0x7b, 0x29, 0x74, 0x33, 0x29, 0x14, 0x2f, 0x36, 0x36, 
    0x72, 0x73, 0x73, 0x21, 0x2e, 0x67, 0x29, 0x76, 0x3c, 0x72, 0x78, 0x08, 
    0x1f, 0x09, 0x0e, 0x7a, 0x1b, 0x0a, 0x13, 0x7a, 0x0f, 0x29, 0x3f, 0x28, 
    0x78, 0x76, 0x3a, 0x1c, 0x35, 0x2f, 0x34, 0x3e, 0x7a, 0x3f, 0x22, 0x2a, 
    0x35, 0x28, 0x2e, 0x7a, 0x28, 0x3f, 0x3d, 0x33, 0x29, 0x2e, 0x3f, 0x28, 
    0x05, 0x2f, 0x29, 0x3f, 0x28, 0x05, 0x34, 0x3b, 0x2e, 0x33, 0x2c, 0x3f, 
    0x7a, 0x33, 0x34, 0x7a, 0x37, 0x35, 0x3e, 0x2f, 0x36, 0x3f, 0x7a, 0x7e, 
    0x21, 0x28, 0x74, 0x34, 0x3b, 0x37, 0x3f, 0x27, 0x7a, 0x3b, 0x2e, 0x7a, 
    0x7e, 0x21, 0x29, 0x27, 0x3a, 0x73, 0x61, 0x38, 0x28, 0x3f, 0x3b, 0x31, 
    0x27, 0x27, 0x39, 0x3b, 0x2e, 0x39, 0x32, 0x21, 0x27, 0x27, 0x33, 0x3c, 
    0x72, 0x7b, 0x2e, 0x73, 0x21, 0x36, 0x3f, 0x2e, 0x7a, 0x34, 0x67, 0x17, 
    0x35, 0x3e, 0x2f, 0x36, 0x3f, 0x74, 0x3c, 0x33, 0x34, 0x3e, 0x1f, 0x22, 
    0x2a, 0x35, 0x28, 0x2e, 0x18, 0x23, 0x14, 0x3b, 0x37, 0x3f, 0x72, 0x34, 
    0x2f, 0x36, 0x36, 0x76, 0x78, 0x28, 0x3f, 0x3d, 0x33, 0x29, 0x2e, 0x3f, 
    0x28, 0x05, 0x2f, 0x29, 0x3f, 0x28, 0x05, 0x34, 0x3b, 0x2e, 0x33, 0x2c, 
    0x3f, 0x78, 0x73, 0x61, 0x34, 0x7c, 0x7c, 0x7b, 0x34, 0x74, 0x33, 0x29, 
    0x14, 0x2f, 0x36, 0x36, 0x72, 0x73, 0x7c, 0x7c, 0x72, 0x2e, 0x67, 0x34, 
    0x73, 0x27, 0x33, 0x3c, 0x72, 0x2e, 0x7c, 0x7c, 0x7b, 0x2e, 0x74, 0x33, 
    0x29, 0x14, 0x2f, 0x36, 0x36, 0x72, 0x73, 0x73, 0x21, 0x36, 0x3f, 0x2e, 
    0x7a, 0x34, 0x67, 0x34, 0x3f, 0x2d, 0x7a, 0x14, 0x3b, 0x2e, 0x33, 0x2c, 
    0x3f, 0x1c, 0x2f, 0x34, 0x39, 0x2e, 0x33, 0x35, 0x34, 0x72, 0x2e, 0x76, 
    0x78, 0x2a, 0x35, 0x33, 0x34, 0x2e, 0x3f, 0x28, 0x78, 0x76, 0x01, 0x78, 
    0x2a, 0x35, 0x33, 0x34, 0x2e, 0x3f, 0x28, 0x78, 0x07, 0x73, 0x76, 0x28, 
    0x67, 0x17, 0x3f, 0x37, 0x35, 0x28, 0x23, 0x74, 0x3b, 0x36, 0x36, 0x35, 
    0x39, 0x0f, 0x2e, 0x3c, 0x62, 0x09, 0x2e, 0x28, 0x33, 0x34, 0x3d, 0x72, 
    0x3f, 0x73, 0x76, 0x29, 0x67, 0x34, 0x72, 0x28, 0x73, 0x61, 0x33, 0x3c, 
    0x72, 0x29, 0x7c, 0x7c, 0x7b, 0x29, 0x74, 0x33, 0x29, 0x14, 0x2f, 0x36, 
    0x36, 0x72, 0x73, 0x73, 0x21, 0x36, 0x3f, 0x2e, 0x7a, 0x3b, 0x67, 0x29, 
    0x74, 0x28, 0x3f, 0x3b, 0x3e, 0x0f, 0x2e, 0x3c, 0x62, 0x09, 0x2e, 0x28, 
    0x33, 0x34, 0x3d, 0x72, 0x73, 0x61, 0x33, 0x3c, 0x72, 0x3c, 0x72, 0x78, 
    0x08, 0x1f, 0x09, 0x0e, 0x7a, 0x1b, 0x0a, 0x13, 0x7a, 0x0f, 0x29, 0x3f, 
    0x28, 0x78, 0x76, 0x3a, 0x0f, 0x29, 0x3f, 0x28, 0x7a, 0x1e, 0x3b, 0x2e, 
    0x3b, 0x7a, 0x3c, 0x28, 0x35, 0x37, 0x7a, 0x14, 0x3b, 0x2e, 0x33, 0x2c, 
    0x3f, 0x60, 0x7a, 0x7e, 0x21, 0x3b, 0x27, 0x3a, 0x73, 0x76, 0x3b, 0x73, 
    0x2e, 0x28, 0x23, 0x21, 0x36, 0x3f, 0x2e, 0x7a, 0x35, 0x67, 0x10, 0x09, 
    0x15, 0x14, 0x74, 0x2a, 0x3b, 0x28, 0x29, 0x3f, 0x72, 0x3b, 0x73, 0x61, 
    0x33, 0x3c, 0x72, 0x35, 0x7c, 0x7c, 0x35, 0x74, 0x3e, 0x3b, 0x2e, 0x3b, 
    0x73, 0x21, 0x36, 0x3f, 0x2e, 0x7a, 0x39, 0x67, 0x35, 0x74, 0x3e, 0x3b, 
    0x2e, 0x3b, 0x74, 0x2f, 0x33, 0x3e, 0x26, 0x26, 0x3f, 0x76, 0x2f, 0x67, 
    0x35, 0x74, 0x3e, 0x3b, 0x2e, 0x3b, 0x74, 0x28, 0x35, 0x36, 0x3f, 0x26, 
    0x26, 0x78, 0x2f, 0x29, 0x3f, 0x28, 0x78, 0x76, 0x32, 0x67, 0x35, 0x74, 
    0x3e, 0x3b, 0x2e, 0x3b, 0x74, 0x38, 0x3b, 0x34, 0x76, 0x2a, 0x67, 0x35, 
    0x74, 0x3e, 0x3b, 0x2e, 0x3b, 0x74, 0x33, 0x29, 0x05, 0x3b, 0x36, 0x36, 
    0x35, 0x2d, 0x3f, 0x3e, 0x76, 0x3d, 0x67, 0x14, 0x74, 0x28, 0x35, 0x36, 
    0x3f, 0x61, 0x30, 0x72, 0x39, 0x76, 0x2f, 0x76, 0x32, 0x76, 0x2a, 0x73, 
    0x65, 0x72, 0x3c, 0x72, 0x78, 0x08, 0x1f, 0x09, 0x0e, 0x7a, 0x1b, 0x0a, 
    0x13, 0x7a, 0x0f, 0x29, 0x3f, 0x28, 0x78, 0x76, 0x3a, 0x1b, 0x19, 0x19, 
    0x1f, 0x09, 0x09, 0x7a, 0x1d, 0x08, 0x1b, 0x14, 0x0e, 0x1f, 0x1e, 0x60, 
    0x7a, 0x0f, 0x29, 0x3f, 0x28, 0x7a, 0x7e, 0x21, 0x39, 0x27, 0x7a, 0x2c, 
    0x3f, 0x28, 0x33, 0x3c, 0x33, 0x3f, 0x3e, 0x7a, 0x3b, 0x29, 0x7a, 0x01, 
    0x7e, 0x21, 0x2f, 0x74, 0x2e, 0x35, 0x0f, 0x2a, 0x2a, 0x3f, 0x28, 0x19, 
    0x3b, 0x29, 0x3f, 0x72, 0x73, 0x27, 0x07, 0x74, 0x3a, 0x73, 0x76, 0x39, 
    0x3f, 0x72, 0x39, 0x76, 0x2f, 0x76, 0x32, 0x76, 0x2a, 0x73, 0x73, 0x60, 
    0x72, 0x3c, 0x72, 0x78, 0x08, 0x1f, 0x09, 0x0e, 0x7a, 0x1b, 0x0a, 0x13, 
    0x7a, 0x0f, 0x29, 0x3f, 0x28, 0x78, 0x76, 0x3a, 0x1b, 0x19, 0x19, 0x1f, 
    0x09, 0x09, 0x7a, 0x1e, 0x1f, 0x14, 0x13, 0x1f, 0x1e, 0x60, 0x7a, 0x0f, 
    0x29, 0x3f, 0x28, 0x7a, 0x7e, 0x21, 0x39, 0x27, 0x7a, 0x33, 0x29, 0x7a, 
    0x18, 0x1b, 0x14, 0x14, 0x1f, 0x1e, 0x7a, 0x35, 0x28, 0x7a, 0x14, 0x15, 
    0x0e, 0x7a, 0x1b, 0x16, 0x16, 0x15, 0x0d, 0x1f, 0x1e, 0x74, 0x3a, 0x73, 
    0x76, 0x39, 0x3f, 0x72, 0x39, 0x76, 0x2f, 0x76, 0x32, 0x76, 0x2a, 0x73, 
    0x73, 0x76, 0x3d, 0x7b, 0x67, 0x67, 0x2f, 0x7c, 0x7c, 0x0f, 0x3f, 0x72, 
    0x3d, 0x76, 0x2f, 0x73, 0x27, 0x3f, 0x36, 0x29, 0x3f, 0x7a, 0x30, 0x72, 
    0x3f, 0x76, 0x78, 0x2f, 0x29, 0x3f, 0x28, 0x78, 0x76, 0x7b, 0x6b, 0x76, 
    0x7b, 0x6b, 0x73, 0x76, 0x3c, 0x72, 0x78, 0x08, 0x1f, 0x09, 0x0e, 0x7a, 
    0x1b, 0x0a, 0x13, 0x7a, 0x0f, 0x29, 0x3f, 0x28, 0x78, 0x76, 0x78, 0x1b, 
    0x19, 0x19, 0x1f, 0x09, 0x09, 0x7a, 0x1e, 0x1f, 0x14, 0x13, 0x1f, 0x1e, 
    0x60, 0x7a, 0x13, 0x34, 0x2c, 0x3b, 0x36, 0x33, 0x3e, 0x7a, 0x2f, 0x29, 
    0x3f, 0x28, 0x7a, 0x29, 0x39, 0x32, 0x3f, 0x37, 0x3b, 0x74, 0x78, 0x73, 
    0x27, 0x39, 0x3b, 0x2e, 0x39, 0x32, 0x21, 0x30, 0x72, 0x3f, 0x76, 0x78, 
    0x2f, 0x29, 0x3f, 0x28, 0x78, 0x76, 0x7b, 0x6b, 0x76, 0x7b, 0x6b, 0x73, 
    0x76, 0x3c, 0x72, 0x78, 0x08, 0x1f, 0x09, 0x0e, 0x7a, 0x1b, 0x0a, 0x13, 
    0x7a, 0x0f, 0x29, 0x3f, 0x28, 0x78, 0x76, 0x78, 0x1b, 0x19, 0x19, 0x1f, 
    0x09, 0x09, 0x7a, 0x1e, 0x1f, 0x14, 0x13, 0x1f, 0x1e, 0x60, 0x7a, 0x1c, 
    0x3b, 0x33, 0x36, 0x3f, 0x3e, 0x7a, 0x2e, 0x35, 0x7a, 0x2a, 0x3b, 0x28, 
    0x29, 0x3f, 0x7a, 0x2f, 0x29, 0x3f, 0x28, 0x7a, 0x28, 0x3f, 0x29, 0x2a, 
    0x35, 0x34, 0x29, 0x3f, 0x74, 0x78, 0x73, 0x27, 0x3f, 0x36, 0x29, 0x3f, 
    0x7a, 0x30, 0x72, 0x3f, 0x76, 0x78, 0x2f, 0x29, 0x3f, 0x28, 0x78, 0x76, 
    0x7b, 0x6b, 0x76, 0x7b, 0x6b, 0x73, 0x76, 0x3c, 0x72, 0x78, 0x08, 0x1f, 
    0x09, 0x0e, 0x7a, 0x1b, 0x0a, 0x13, 0x7a, 0x0f, 0x29, 0x3f, 0x28, 0x78, 
    0x76, 0x78, 0x1f, 0x37, 0x2a, 0x2e, 0x23, 0x7a, 0x2f, 0x29, 0x3f, 0x28, 
    0x7a, 0x33, 0x34, 0x3c, 0x35, 0x7a, 0x28, 0x3f, 0x29, 0x2a, 0x35, 0x34, 
    0x29, 0x3f, 0x7a, 0x3c, 0x28, 0x35, 0x37, 0x7a, 0x14, 0x3b, 0x2e, 0x33, 
    0x2c, 0x3f, 0x74, 0x78, 0x73, 0x27, 0x3f, 0x36, 0x29, 0x3f, 0x7a, 0x30, 
    0x72, 0x3f, 0x76, 0x78, 0x2f, 0x29, 0x3f, 0x28, 0x78, 0x76, 0x7b, 0x6b, 
    0x76, 0x7b, 0x6b, 0x73, 0x76, 0x3c, 0x72, 0x78, 0x08, 0x1f, 0x09, 0x0e, 
    0x7a, 0x1b, 0x0a, 0x13, 0x7a, 0x0f, 0x29, 0x3f, 0x28, 0x78, 0x76, 0x78, 
    0x14, 0x2f, 0x36, 0x36, 0x7a, 0x28, 0x3f, 0x29, 0x2a, 0x35, 0x34, 0x29, 
    0x3f, 0x7a, 0x3c, 0x28, 0x35, 0x37, 0x7a, 0x14, 0x3b, 0x2e, 0x33, 0x2c, 
    0x3f, 0x7a, 0x2c, 0x3f, 0x28, 0x33, 0x3c, 0x33, 0x39, 0x3b, 0x2e, 0x33, 
    0x35, 0x34, 0x74, 0x78, 0x73, 0x27, 0x3f, 0x36, 0x29, 0x3f, 0x7a, 0x3c, 
    0x72, 0x78, 0x08, 0x1f, 0x09, 0x0e, 0x7a, 0x1b, 0x0a, 0x13, 0x7a, 0x0f, 
    0x29, 0x3f, 0x28, 0x78, 0x76, 0x78, 0x1f, 0x28, 0x28, 0x35, 0x28, 0x60, 
    0x7a, 0x28, 0x3f, 0x3d, 0x33, 0x29, 0x2e, 0x3f, 0x28, 0x05, 0x2f, 0x29, 
    0x3f, 0x28, 0x05, 0x34, 0x3b, 0x2e, 0x33, 0x2c, 0x3f, 0x7a, 0x3f, 0x22, 
    0x2a, 0x35, 0x28, 0x2e, 0x7a, 0x34, 0x35, 0x2e, 0x7a, 0x3c, 0x35, 0x2f, 
    0x34, 0x3e, 0x7b, 0x78, 0x73, 0x27, 0x39, 0x3b, 0x2e, 0x39, 0x32, 0x72, 
    0x2e, 0x73, 0x21, 0x3c, 0x72, 0x78, 0x08, 0x1f, 0x09, 0x0e, 0x7a, 0x1b, 
    0x0a, 0x13, 0x7a, 0x0f, 0x29, 0x3f, 0x28, 0x78, 0x76, 0x3a, 0x1f, 0x28, 
    0x28, 0x35, 0x28, 0x7a, 0x33, 0x34, 0x7a, 0x34, 0x3b, 0x2e, 0x33, 0x2c, 
    0x3f, 0x7a, 0x2c, 0x3f, 0x28, 0x33, 0x3c, 0x33, 0x39, 0x3b, 0x2e, 0x33, 
    0x35, 0x34, 0x60, 0x7a, 0x7e, 0x21, 0x2e, 0x74, 0x37, 0x3f, 0x29, 0x29, 
    0x3b, 0x3d, 0x3f, 0x27, 0x3a, 0x73, 0x27, 0x27, 0x3c, 0x2f, 0x34, 0x39, 
    0x2e, 0x33, 0x35, 0x34, 0x7a, 0x38, 0x3f, 0x72, 0x3f, 0x73, 0x21, 0x3c, 
    0x72, 0x78, 0x08, 0x1f, 0x09, 0x0e, 0x7a, 0x1b, 0x0a, 0x13, 0x7a, 0x0f, 
    0x29, 0x3f, 0x28, 0x78, 0x76, 0x3a, 0x09, 0x39, 0x32, 0x3f, 0x3e, 0x2f, 
    0x36, 0x33, 0x34, 0x3d, 0x7a, 0x2c, 0x3f, 0x28, 0x33, 0x3c, 0x33, 0x39, 
    0x3b, 0x2e, 0x33, 0x35, 0x34, 0x7a, 0x3c, 0x35, 0x28, 0x7a, 0x35, 0x2a, 
    0x3f, 0x28, 0x3b, 0x2e, 0x35, 0x28, 0x7a, 0x13, 0x1e, 0x7a, 0x7e, 0x21, 
    0x3f, 0x27, 0x7a, 0x2c, 0x33, 0x3b, 0x7a, 0x34, 0x3b, 0x2e, 0x33, 0x2c, 
    0x3f, 0x7a, 0x38, 0x3b, 0x39, 0x31, 0x3d, 0x28, 0x35, 0x2f, 0x34, 0x3e, 
    0x7a, 0x2e, 0x32, 0x28, 0x3f, 0x3b, 0x3e, 0x74, 0x74, 0x74, 0x3a, 0x73, 
    0x61, 0x2e, 0x28, 0x23, 0x21, 0x36, 0x3f, 0x2e, 0x7a, 0x2e, 0x67, 0x34, 
    0x2f, 0x36, 0x36, 0x76, 0x33, 0x67, 0x34, 0x2f, 0x36, 0x36, 0x76, 0x34, 
    0x67, 0x34, 0x2f, 0x36, 0x36, 0x76, 0x28, 0x67, 0x0a, 0x28, 0x35, 0x39, 
    0x3f, 0x29, 0x29, 0x74, 0x3f, 0x34, 0x2f, 0x37, 0x3f, 0x28, 0x3b, 0x2e, 
    0x3f, 0x17, 0x35, 0x3e, 0x2f, 0x36, 0x3f, 0x29, 0x72, 0x73, 0x61, 0x3c, 
    0x35, 0x28, 0x72, 0x36, 0x3f, 0x2e, 0x7a, 0x29, 0x67, 0x6a, 0x61, 0x29, 
    0x66, 0x28, 0x74, 0x36, 0x3f, 0x34, 0x3d, 0x2e, 0x32, 0x61, 0x29, 0x71, 
    0x71, 0x73, 0x21, 0x36, 0x3f, 0x2e, 0x7a, 0x3b, 0x67, 0x28, 0x01, 0x29, 
    0x07, 0x61, 0x33, 0x3c, 0x72, 0x3b, 0x74, 0x34, 0x3b, 0x37, 0x3f, 0x74, 
    0x33, 0x34, 0x3e, 0x3f, 0x22, 0x15, 0x3c, 0x72, 0x78, 0x37, 0x23, 0x2a, 
    0x3b, 0x2e, 0x39, 0x32, 0x78, 0x73, 0x7b, 0x67, 0x67, 0x77, 0x6b, 0x73, 
    0x2e, 0x28, 0x23, 0x21, 0x33, 0x3c, 0x72, 0x2e, 0x67, 0x3b, 0x74, 0x3c, 
    0x33, 0x34, 0x3e, 0x1f, 0x22, 0x2a, 0x35, 0x28, 0x2e, 0x18, 0x23, 0x14, 
    0x3b, 0x37, 0x3f, 0x72, 0x78, 0x28, 0x3f, 0x3d, 0x33, 0x29, 0x2e, 0x3f, 
    0x28, 0x05, 0x2f, 0x29, 0x3f, 0x28, 0x05, 0x34, 0x3b, 0x2e, 0x33, 0x2c, 
    0x3f, 0x05, 0x3b, 0x29, 0x23, 0x34, 0x39, 0x78, 0x73, 0x76, 0x33, 0x67, 
    0x3b, 0x74, 0x3c, 0x33, 0x34, 0x3e, 0x1f, 0x22, 0x2a, 0x35, 0x28, 0x2e, 
    0x18, 0x23, 0x14, 0x3b, 0x37, 0x3f, 0x72, 0x78, 0x33, 0x29, 0x05, 0x3b, 
    0x29, 0x23, 0x34, 0x39, 0x05, 0x28, 0x3f, 0x3d, 0x33, 0x29, 0x2e, 0x28, 
    0x3b, 0x2e, 0x33, 0x35, 0x34, 0x05, 0x28, 0x3f, 0x3b, 0x3e, 0x23, 0x78, 
    0x73, 0x76, 0x34, 0x67, 0x3b, 0x74, 0x3c, 0x33, 0x34, 0x3e, 0x1f, 0x22, 
    0x2a, 0x35, 0x28, 0x2e, 0x18, 0x23, 0x14, 0x3b, 0x37, 0x3f, 0x72, 0x78, 
    0x3d, 0x3f, 0x2e, 0x05, 0x3b, 0x29, 0x23, 0x34, 0x39, 0x05, 0x28, 0x3f, 
    0x3d, 0x33, 0x29, 0x2e, 0x28, 0x3b, 0x2e, 0x33, 0x35, 0x34, 0x05, 0x28, 
    0x3f, 0x29, 0x2a, 0x35, 0x34, 0x29, 0x3f, 0x78, 0x73, 0x76, 0x2e, 0x7c, 
    0x7c, 0x33, 0x7c, 0x7c, 0x34, 0x73, 0x21, 0x3c, 0x72, 0x78, 0x08, 0x1f, 
    0x09, 0x0e, 0x7a, 0x1b, 0x0a, 0x13, 0x7a, 0x0f, 0x29, 0x3f, 0x28, 0x78, 
    0x76, 0x3a, 0x1c, 0x35, 0x2f, 0x34, 0x3e, 0x7a, 0x3b, 0x29, 0x23, 0x34, 
    0x39, 0x7a, 0x3f, 0x22, 0x2a, 0x35, 0x28, 0x2e, 0x29, 0x7a, 0x33, 0x34, 
    0x7a, 0x37, 0x35, 0x3e, 0x2f, 0x36, 0x3f, 0x7a, 0x7e, 0x21, 0x3b, 0x74, 
    0x34, 0x3b, 0x37, 0x3f, 0x27, 0x3a, 0x73, 0x61, 0x38, 0x28, 0x3f, 0x3b, 
    0x31, 0x27, 0x27, 0x39, 0x3b, 0x2e, 0x39, 0x32, 0x21, 0x27, 0x27, 0x33, 
    0x3c, 0x72, 0x2e, 0x26, 0x26, 0x72, 0x2e, 0x67, 0x17, 0x35, 0x3e, 0x2f, 
    0x36, 0x3f, 0x74, 0x3c, 0x33, 0x34, 0x3e, 0x1f, 0x22, 0x2a, 0x35, 0x28, 
    0x2e, 0x18, 0x23, 0x14, 0x3b, 0x37, 0x3f, 0x72, 0x34, 0x2f, 0x36, 0x36, 
    0x76, 0x78, 0x28, 0x3f, 0x3d, 0x33, 0x29, 0x2e, 0x3f, 0x28, 0x05, 0x2f, 
    0x29, 0x3f, 0x28, 0x05, 0x34, 0x3b, 0x2e, 0x33, 0x2c, 0x3f, 0x05, 0x3b, 
    0x29, 0x23, 0x34, 0x39, 0x78, 0x73, 0x76, 0x33, 0x67, 0x17, 0x35, 0x3e, 
    0x2f, 0x36, 0x3f, 0x74, 0x3c, 0x33, 0x34, 0x3e, 0x1f, 0x22, 0x2a, 0x35, 
    0x28, 0x2e, 0x18, 0x23, 0x14, 0x3b, 0x37, 0x3f, 0x72, 0x34, 0x2f, 0x36, 
    0x36, 0x76, 0x78, 0x33, 0x29, 0x05, 0x3b, 0x29, 0x23, 0x34, 0x39, 0x05, 
    0x28, 0x3f, 0x3d, 0x33, 0x29, 0x2e, 0x28, 0x3b, 0x2e, 0x33, 0x35, 0x34, 
    0x05, 0x28, 0x3f, 0x3b, 0x3e, 0x23, 0x78, 0x73, 0x76, 0x34, 0x67, 0x17, 
    0x35, 0x3e, 0x2f, 0x36, 0x3f, 0x74, 0x3c, 0x33, 0x34, 0x3e, 0x1f, 0x22, 
    0x2a, 0x35, 0x28, 0x2e, 0x18, 0x23, 0x14, 0x3b, 0x37, 0x3f, 0x72, 0x34, 
    0x2f, 0x36, 0x36, 0x76, 0x78, 0x3d, 0x3f, 0x2e, 0x05, 0x3b, 0x29, 0x23, 
    0x34, 0x39, 0x05, 0x28, 0x3f, 0x3d, 0x33, 0x29, 0x2e, 0x28, 0x3b, 0x2e, 
    0x33, 0x35, 0x34, 0x05, 0x28, 0x3f, 0x29, 0x2a, 0x35, 0x34, 0x29, 0x3f, 
    0x78, 0x73, 0x73, 0x76, 0x2e, 0x7c, 0x7c, 0x33, 0x7c, 0x7c, 0x34, 0x7c, 
    0x7c, 0x7b, 0x2e, 0x74, 0x33, 0x29, 0x14, 0x2f, 0x36, 0x36, 0x72, 0x73, 
    0x73, 0x21, 0x36, 0x3f, 0x2e, 0x7a, 0x32, 0x67, 0x3c, 0x2f, 0x34, 0x39, 
    0x2e, 0x33, 0x35, 0x34, 0x72, 0x73, 0x21, 0x2e, 0x28, 0x23, 0x21, 0x33, 
    0x3c, 0x72, 0x3b, 0x72, 0x73, 0x73, 0x21, 0x36, 0x3f, 0x2e, 0x7a, 0x2a, 
    0x67, 0x35, 0x72, 0x73, 0x61, 0x33, 0x3c, 0x72, 0x2a, 0x7c, 0x7c, 0x7b, 
    0x2a, 0x74, 0x33, 0x29, 0x14, 0x2f, 0x36, 0x36, 0x72, 0x73, 0x73, 0x21, 
    0x36, 0x3f, 0x2e, 0x7a, 0x3d, 0x67, 0x2a, 0x74, 0x28, 0x3f, 0x3b, 0x3e, 
    0x0f, 0x2e, 0x3c, 0x62, 0x09, 0x2e, 0x28, 0x33, 0x34, 0x3d, 0x72, 0x73, 
    0x61, 0x33, 0x3c, 0x72, 0x3c, 0x72, 0x78, 0x08, 0x1f, 0x09, 0x0e, 0x7a, 
    0x1b, 0x0a, 0x13, 0x7a, 0x0f, 0x29, 0x3f, 0x28, 0x78, 0x76, 0x3a, 0x1b, 
    0x29, 0x23, 0x34, 0x39, 0x7a, 0x0f, 0x29, 0x3f, 0x28, 0x7a, 0x1e, 0x3b, 
    0x2e, 0x3b, 0x7a, 0x3c, 0x28, 0x35, 0x37, 0x7a, 0x14, 0x3b, 0x2e, 0x33, 
    0x2c, 0x3f, 0x60, 0x7a, 0x7e, 0x21, 0x3d, 0x27, 0x3a, 0x73, 0x76, 0x3d, 
    0x73, 0x2e, 0x28, 0x23, 0x21, 0x36, 0x3f, 0x2e, 0x7a, 0x05, 0x67, 0x10, 
    0x09, 0x15, 0x14, 0x74, 0x2a, 0x3b, 0x28, 0x29, 0x3f, 0x72, 0x3d, 0x73, 
    0x61, 0x33, 0x3c, 0x72, 0x05, 0x7c, 0x7c, 0x05, 0x74, 0x3e, 0x3b, 0x2e, 
    0x3b, 0x73, 0x21, 0x36, 0x3f, 0x2e, 0x7a, 0x31, 0x67, 0x05, 0x74, 0x3e, 
    0x3b, 0x2e, 0x3b, 0x74, 0x2f, 0x33, 0x3e, 0x26, 0x26, 0x3f, 0x76, 0x2d, 
    0x67, 0x05, 0x74, 0x3e, 0x3b, 0x2e, 0x3b, 0x74, 0x28, 0x35, 0x36, 0x3f, 
    0x26, 0x26, 0x78, 0x2f, 0x29, 0x3f, 0x28, 0x78, 0x76, 0x1b, 0x67, 0x05, 
    0x74, 0x3e, 0x3b, 0x2e, 0x3b, 0x74, 0x38, 0x3b, 0x34, 0x76, 0x0f, 0x67, 
    0x05, 0x74, 0x3e, 0x3b, 0x2e, 0x3b, 0x74, 0x33, 0x29, 0x05, 0x3b, 0x36, 
    0x36, 0x35, 0x2d, 0x3f, 0x3e, 0x76, 0x23, 0x67, 0x14, 0x74, 0x28, 0x35, 
    0x36, 0x3f, 0x61, 0x30, 0x72, 0x31, 0x76, 0x2d, 0x76, 0x1b, 0x76, 0x0f, 
    0x73, 0x65, 0x72, 0x3c, 0x72, 0x78, 0x08, 0x1f, 0x09, 0x0e, 0x7a, 0x1b, 
    0x0a, 0x13, 0x7a, 0x0f, 0x29, 0x3f, 0x28, 0x78, 0x76, 0x3a, 0x1b, 0x19, 
    0x19, 0x1f, 0x09, 0x09, 0x7a, 0x1d, 0x08, 0x1b, 0x14, 0x0e, 0x1f, 0x1e, 
    0x7a, 0x72, 0x1b, 0x29, 0x23, 0x34, 0x39, 0x73, 0x60, 0x7a, 0x0f, 0x29, 
    0x3f, 0x28, 0x7a, 0x7e, 0x21, 0x31, 0x27, 0x7a, 0x2c, 0x3f, 0x28, 0x33, 
    0x3c, 0x33, 0x3f, 0x3e, 0x7a, 0x3b, 0x29, 0x7a, 0x01, 0x7e, 0x21, 0x2d, 
    0x74, 0x2e, 0x35, 0x0f, 0x2a, 0x2a, 0x3f, 0x28, 0x19, 0x3b, 0x29, 0x3f, 
    0x72, 0x73, 0x27, 0x07, 0x74, 0x3a, 0x73, 0x76, 0x39, 0x3f, 0x72, 0x31, 
    0x76, 0x2d, 0x76, 0x1b, 0x76, 0x0f, 0x73, 0x73, 0x60, 0x72, 0x3c, 0x72, 
    0x78, 0x08, 0x1f, 0x09, 0x0e, 0x7a, 0x1b, 0x0a, 0x13, 0x7a, 0x0f, 0x29, 
    0x3f, 0x28, 0x78, 0x76, 0x3a, 0x1b, 0x19, 0x19, 0x1f, 0x09, 0x09, 0x7a, 
    0x1e, 0x1f, 0x14, 0x13, 0x1f, 0x1e, 0x7a, 0x72, 0x1b, 0x29, 0x23, 0x34, 
    0x39, 0x73, 0x60, 0x7a, 0x0f, 0x29, 0x3f, 0x28, 0x7a, 0x7e, 0x21, 0x31, 
    0x27, 0x7a, 0x33, 0x29, 0x7a, 0x18, 0x1b, 0x14, 0x14, 0x1f, 0x1e, 0x7a, 
    0x35, 0x28, 0x7a, 0x14, 0x15, 0x0e, 0x7a, 0x1b, 0x16, 0x16, 0x15, 0x0d, 
    0x1f, 0x1e, 0x74, 0x3a, 0x73, 0x76, 0x39, 0x3f, 0x72, 0x31, 0x76, 0x2d, 
    0x76, 0x1b, 0x76, 0x0f, 0x73, 0x73, 0x76, 0x23, 0x7b, 0x67, 0x67, 0x2d, 
    0x7c, 0x7c, 0x0f, 0x3f, 0x72, 0x23, 0x76, 0x2d, 0x73, 0x27, 0x3f, 0x36, 
    0x29, 0x3f, 0x7a, 0x30, 0x72, 0x3f, 0x76, 0x78, 0x2f, 0x29, 0x3f, 0x28, 
    0x78, 0x76, 0x7b, 0x6b, 0x76, 0x7b, 0x6b, 0x73, 0x76, 0x3c, 0x72, 0x78, 
    0x08, 0x1f, 0x09, 0x0e, 0x7a, 0x1b, 0x0a, 0x13, 0x7a, 0x0f, 0x29, 0x3f, 
    0x28, 0x78, 0x76, 0x78, 0x1b, 0x19, 0x19, 0x1f, 0x09, 0x09, 0x7a, 0x1e, 
    0x1f, 0x14, 0x13, 0x1f, 0x1e, 0x7a, 0x72, 0x1b, 0x29, 0x23, 0x34, 0x39, 
    0x73, 0x60, 0x7a, 0x13, 0x34, 0x2c, 0x3b, 0x36, 0x33, 0x3e, 0x7a, 0x2f, 
    0x29, 0x3f, 0x28, 0x7a, 0x29, 0x39, 0x32, 0x3f, 0x37, 0x3b, 0x74, 0x78, 
    0x73, 0x27, 0x39, 0x3b, 0x2e, 0x39, 0x32, 0x72, 0x05, 0x73, 0x21, 0x30, 
    0x72, 0x3f, 0x76, 0x78, 0x2f, 0x29, 0x3f, 0x28, 0x78, 0x76, 0x7b, 0x6b, 
    0x76, 0x7b, 0x6b, 0x73, 0x76, 0x3c, 0x72, 0x78, 0x08, 0x1f, 0x09, 0x0e, 
    0x7a, 0x1b, 0x0a, 0x13, 0x7a, 0x0f, 0x29, 0x3f, 0x28, 0x78, 0x76, 0x3a, 
    0x1b, 0x19, 0x19, 0x1f, 0x09, 0x09, 0x7a, 0x1e, 0x1f, 0x14, 0x13, 0x1f, 
    0x1e, 0x7a, 0x72, 0x1b, 0x29, 0x23, 0x34, 0x39, 0x73, 0x60, 0x7a, 0x1c, 
    0x3b, 0x33, 0x36, 0x3f, 0x3e, 0x7a, 0x2e, 0x35, 0x7a, 0x2a, 0x3b, 0x28, 
    0x29, 0x3f, 0x7a, 0x2f, 0x29, 0x3f, 0x28, 0x7a, 0x28, 0x3f, 0x29, 0x2a, 
    0x35, 0x34, 0x29, 0x3f, 0x60, 0x7a, 0x7e, 0x21, 0x05, 0x74, 0x37, 0x3f, 
    0x29, 0x29, 0x3b, 0x3d, 0x3f, 0x27, 0x3a, 0x73, 0x27, 0x3f, 0x36, 0x29, 
    0x3f, 0x7a, 0x30, 0x72, 0x3f, 0x76, 0x78, 0x2f, 0x29, 0x3f, 0x28, 0x78, 
    0x76, 0x7b, 0x6b, 0x76, 0x7b, 0x6b, 0x73, 0x76, 0x3c, 0x72, 0x78, 0x08, 
    0x1f, 0x09, 0x0e, 0x7a, 0x1b, 0x0a, 0x13, 0x7a, 0x0f, 0x29, 0x3f, 0x28, 
    0x78, 0x76, 0x78, 0x1f, 0x37, 0x2a, 0x2e, 0x23, 0x7a, 0x2f, 0x29, 0x3f, 
    0x28, 0x7a, 0x33, 0x34, 0x3c, 0x35, 0x7a, 0x28, 0x3f, 0x29, 0x2a, 0x35, 
    0x34, 0x29, 0x3f, 0x7a, 0x3c, 0x28, 0x35, 0x37, 0x7a, 0x14, 0x3b, 0x2e, 
    0x33, 0x2c, 0x3f, 0x7a, 0x72, 0x1b, 0x29, 0x23, 0x34, 0x39, 0x73, 0x74, 
    0x78, 0x73, 0x27, 0x3f, 0x36, 0x29, 0x3f, 0x7a, 0x30, 0x72, 0x3f, 0x76, 
    0x78, 0x2f, 0x29, 0x3f, 0x28, 0x78, 0x76, 0x7b, 0x6b, 0x76, 0x7b, 0x6b, 
    0x73, 0x76, 0x3c, 0x72, 0x78, 0x08, 0x1f, 0x09, 0x0e, 0x7a, 0x1b, 0x0a, 
    0x13, 0x7a, 0x0f, 0x29, 0x3f, 0x28, 0x78, 0x76, 0x78, 0x14, 0x2f, 0x36, 
    0x36, 0x7a, 0x28, 0x3f, 0x29, 0x2a, 0x35, 0x34, 0x29, 0x3f, 0x7a, 0x3c, 
    0x28, 0x35, 0x37, 0x7a, 0x14, 0x3b, 0x2e, 0x33, 0x2c, 0x3f, 0x7a, 0x2c, 
    0x3f, 0x28, 0x33, 0x3c, 0x33, 0x39, 0x3b, 0x2e, 0x33, 0x35, 0x34, 0x7a, 
    0x72, 0x1b, 0x29, 0x23, 0x34, 0x39, 0x73, 0x74, 0x78, 0x73, 0x27, 0x3f, 
    0x36, 0x29, 0x3f, 0x7a, 0x2f, 0x71, 0x71, 0x76, 0x2f, 0x66, 0x6e, 0x6a, 
    0x65, 0x29, 0x3f, 0x2e, 0x0e, 0x33, 0x37, 0x3f, 0x35, 0x2f, 0x2e, 0x72, 
    0x32, 0x76, 0x6f, 0x6a, 0x6a, 0x73, 0x60, 0x3c, 0x72, 0x78, 0x08, 0x1f, 
    0x09, 0x0e, 0x7a, 0x1b, 0x0a, 0x13, 0x7a, 0x0f, 0x29, 0x3f, 0x28, 0x78, 
    0x76, 0x78, 0x1b, 0x29, 0x23, 0x34, 0x39, 0x7a, 0x2c, 0x3f, 0x28, 0x33, 
    0x3c, 0x33, 0x39, 0x3b, 0x2e, 0x33, 0x35, 0x34, 0x7a, 0x2e, 0x33, 0x37, 
    0x3f, 0x3e, 0x7a, 0x35, 0x2f, 0x2e, 0x74, 0x78, 0x73, 0x27, 0x39, 0x3b, 
    0x2e, 0x39, 0x32, 0x72, 0x2a, 0x73, 0x21, 0x3c, 0x72, 0x78, 0x08, 0x1f, 
    0x09, 0x0e, 0x7a, 0x1b, 0x0a, 0x13, 0x7a, 0x0f, 0x29, 0x3f, 0x28, 0x78, 
    0x76, 0x3a, 0x1f, 0x28, 0x28, 0x35, 0x28, 0x7a, 0x2a, 0x35, 0x36, 0x36, 
    0x33, 0x34, 0x3d, 0x7a, 0x3b, 0x29, 0x23, 0x34, 0x39, 0x7a, 0x28, 0x3f, 
    0x29, 0x2a, 0x35, 0x34, 0x29, 0x3f, 0x60, 0x7a, 0x7e, 0x21, 0x2a, 0x74, 
    0x37, 0x3f, 0x29, 0x29, 0x3b, 0x3d, 0x3f, 0x27, 0x3a, 0x73, 0x27, 0x27, 
    0x76, 0x29, 0x67, 0x34, 0x3f, 0x2d, 0x7a, 0x14, 0x3b, 0x2e, 0x33, 0x2c, 
    0x3f, 0x1c, 0x2f, 0x34, 0x39, 0x2e, 0x33, 0x35, 0x34, 0x72, 0x2e, 0x76, 
    0x78, 0x2c, 0x35, 0x33, 0x3e, 0x78, 0x76, 0x01, 0x78, 0x2a, 0x35, 0x33, 
    0x34, 0x2e, 0x3f, 0x28, 0x78, 0x07, 0x73, 0x76, 0x3b, 0x67, 0x34, 0x3f, 
    0x2d, 0x7a, 0x14, 0x3b, 0x2e, 0x33, 0x2c, 0x3f, 0x1c, 0x2f, 0x34, 0x39, 
    0x2e, 0x33, 0x35, 0x34, 0x72, 0x33, 0x76, 0x78, 0x38, 0x35, 0x35, 0x36, 
    0x78, 0x76, 0x01, 0x07, 0x73, 0x76, 0x35, 0x67, 0x34, 0x3f, 0x2d, 0x7a, 
    0x14, 0x3b, 0x2e, 0x33, 0x2c, 0x3f, 0x1c, 0x2f, 0x34, 0x39, 0x2e, 0x33, 
    0x35, 0x34, 0x72, 0x34, 0x76, 0x78, 0x2a, 0x35, 0x33, 0x34, 0x2e, 0x3f, 
    0x28, 0x78, 0x76, 0x01, 0x07, 0x73, 0x76, 0x39, 0x67, 0x17, 0x3f, 0x37, 
    0x35, 0x28, 0x23, 0x74, 0x3b, 0x36, 0x36, 0x35, 0x39, 0x0f, 0x2e, 0x3c, 
    0x62, 0x09, 0x2e, 0x28, 0x33, 0x34, 0x3d, 0x72, 0x3f, 0x73, 0x61, 0x29, 
    0x72, 0x39, 0x73, 0x61, 0x36, 0x3f, 0x2e, 0x7a, 0x2f, 0x67, 0x6a, 0x61, 
    0x29, 0x3f, 0x2e, 0x0e, 0x33, 0x37, 0x3f, 0x35, 0x2f, 0x2e, 0x72, 0x32, 
    0x76, 0x6f, 0x6a, 0x6a, 0x73, 0x27, 0x3f, 0x36, 0x29, 0x3f, 0x7a, 0x3c, 
    0x72, 0x78, 0x08, 0x1f, 0x09, 0x0e, 0x7a, 0x1b, 0x0a, 0x13, 0x7a, 0x0f, 
    0x29, 0x3f, 0x28, 0x78, 0x76, 0x78, 0x1b, 0x29, 0x23, 0x34, 0x39, 0x7a, 
    0x34, 0x3b, 0x2e, 0x33, 0x2c, 0x3f, 0x7a, 0x3f, 0x22, 0x2a, 0x35, 0x28, 
    0x2e, 0x29, 0x7a, 0x34, 0x35, 0x2e, 0x7a, 0x3c, 0x35, 0x2f, 0x34, 0x3e, 
    0x74, 0x7a, 0x08, 0x2f, 0x34, 0x34, 0x33, 0x34, 0x3d, 0x7a, 0x29, 0x23, 
    0x34, 0x39, 0x32, 0x28, 0x35, 0x34, 0x35, 0x2f, 0x29, 0x36, 0x23, 0x74, 
    0x78, 0x73, 0x76, 0x1d, 0x3f, 0x72, 0x3f, 0x73, 0x27, 0x39, 0x3b, 0x2e, 
    0x39, 0x32, 0x72, 0x2e, 0x73, 0x21, 0x3c, 0x72, 0x78, 0x08, 0x1f, 0x09, 
    0x0e, 0x7a, 0x1b, 0x0a, 0x13, 0x7a, 0x0f, 0x29, 0x3f, 0x28, 0x78, 0x76, 
    0x3a, 0x1c, 0x3b, 0x33, 0x36, 0x3f, 0x3e, 0x7a, 0x2e, 0x35, 0x7a, 0x3f, 
    0x22, 0x3f, 0x39, 0x2f, 0x2e, 0x3f, 0x7a, 0x3b, 0x29, 0x23, 0x34, 0x39, 
    0x7a, 0x28, 0x3f, 0x3d, 0x33, 0x29, 0x2e, 0x28, 0x3b, 0x2e, 0x33, 0x35, 
    0x34, 0x60, 0x7a, 0x7e, 0x21, 0x2e, 0x74, 0x37, 0x3f, 0x29, 0x29, 0x3b, 
    0x3d, 0x3f, 0x27, 0x74, 0x7a, 0x08, 0x2f, 0x34, 0x34, 0x33, 0x34, 0x3d, 
    0x7a, 0x29, 0x23, 0x34, 0x39, 0x32, 0x28, 0x35, 0x34, 0x35, 0x2f, 0x29, 
    0x36, 0x23, 0x74, 0x3a, 0x73, 0x76, 0x1d, 0x3f, 0x72, 0x3f, 0x73, 0x27, 
    0x27, 0x3c, 0x2f, 0x34, 0x39, 0x2e, 0x33, 0x35, 0x34, 0x7a, 0x0f, 0x3f, 
    0x72, 0x3f, 0x76, 0x2e, 0x73, 0x21, 0x33, 0x3c, 0x72, 0x39, 0x35, 0x34, 
    0x29, 0x35, 0x36, 0x3f, 0x74, 0x36, 0x35, 0x3d, 0x72, 0x3a, 0x01, 0x1b, 
    0x2f, 0x2e, 0x32, 0x7a, 0x08, 0x35, 0x36, 0x3f, 0x7a, 0x19, 0x32, 0x3b, 
    0x34, 0x3d, 0x3f, 0x07, 0x7a, 0x0f, 0x29, 0x3f, 0x28, 0x7a, 0x28, 0x35, 
    0x36, 0x3f, 0x7a, 0x39, 0x32, 0x3b, 0x34, 0x3d, 0x3f, 0x3e, 0x7a, 0x3c, 
    0x28, 0x35, 0x37, 0x7a, 0x01, 0x7e, 0x21, 0x3f, 0x74, 0x2e, 0x35, 0x0f, 
    0x2a, 0x2a, 0x3f, 0x28, 0x19, 0x3b, 0x29, 0x3f, 0x72, 0x73, 0x27, 0x07, 
    0x7a, 0x2e, 0x35, 0x7a, 0x01, 0x7e, 0x21, 0x2e, 0x74, 0x2e, 0x35, 0x0f, 
    0x2a, 0x2a, 0x3f, 0x28, 0x19, 0x3b, 0x29, 0x3f, 0x72, 0x73, 0x27, 0x07, 
    0x74, 0x3a, 0x73, 0x76, 0x2e, 0x7b, 0x67, 0x67, 0x78, 0x3b, 0x3e, 0x37, 
    0x33, 0x34, 0x78, 0x73, 0x2e, 0x28, 0x23, 0x21, 0x36, 0x3f, 0x2e, 0x7a, 
    0x33, 0x67, 0x37, 0x3f, 0x72, 0x73, 0x76, 0x34, 0x67, 0x3a, 0x7e, 0x21, 
    0x33, 0x27, 0x75, 0x2a, 0x3b, 0x2e, 0x39, 0x32, 0x05, 0x39, 0x35, 0x34, 
    0x3c, 0x33, 0x3d, 0x74, 0x2a, 0x28, 0x35, 0x2a, 0x3f, 0x28, 0x2e, 0x33, 
    0x3f, 0x29, 0x3a, 0x76, 0x28, 0x67, 0x3a, 0x7e, 0x21, 0x33, 0x27, 0x75, 
    0x35, 0x2e, 0x3b, 0x05, 0x36, 0x35, 0x3d, 0x74, 0x2e, 0x22, 0x2e, 0x3a, 
    0x76, 0x29, 0x67, 0x34, 0x3f, 0x2d, 0x7a, 0x14, 0x3b, 0x2e, 0x33, 0x2c, 
    0x3f, 0x1c, 0x2f, 0x34, 0x39, 0x2e, 0x33, 0x35, 0x34, 0x72, 0x17, 0x35, 
    0x3e, 0x2f, 0x36, 0x3f, 0x74, 0x3c, 0x33, 0x34, 0x3e, 0x1f, 0x22, 0x2a, 
    0x35, 0x28, 0x2e, 0x18, 0x23, 0x14, 0x3b, 0x37, 0x3f, 0x72, 0x34, 0x2f, 
    0x36, 0x36, 0x76, 0x78, 0x28, 0x3f, 0x37, 0x35, 0x2c, 0x3f, 0x78, 0x73, 
    0x76, 0x78, 0x33, 0x34, 0x2e, 0x78, 0x76, 0x01, 0x78, 0x2a, 0x35, 0x33, 
    0x34, 0x2e, 0x3f, 0x28, 0x78, 0x07, 0x73, 0x76, 0x3b, 0x67, 0x17, 0x3f, 
    0x37, 0x35, 0x28, 0x23, 0x74, 0x3b, 0x36, 0x36, 0x35, 0x39, 0x0f, 0x2e, 
    0x3c, 0x62, 0x09, 0x2e, 0x28, 0x33, 0x34, 0x3d, 0x72, 0x34, 0x73, 0x76, 
    0x35, 0x67, 0x17, 0x3f, 0x37, 0x35, 0x28, 0x23, 0x74, 0x3b, 0x36, 0x36, 
    0x35, 0x39, 0x0f, 0x2e, 0x3c, 0x62, 0x09, 0x2e, 0x28, 0x33, 0x34, 0x3d, 
    0x72, 0x28, 0x73, 0x61, 0x29, 0x72, 0x3b, 0x73, 0x76, 0x29, 0x72, 0x35, 
    0x73, 0x76, 0x39, 0x35, 0x34, 0x29, 0x35, 0x36, 0x3f, 0x74, 0x36, 0x35, 
    0x3d, 0x72, 0x3a, 0x01, 0x1b, 0x2f, 0x2e, 0x32, 0x7a, 0x08, 0x35, 0x36, 
    0x3f, 0x7a, 0x19, 0x32, 0x3b, 0x34, 0x3d, 0x3f, 0x07, 0x7a, 0x1b, 0x3e, 
    0x37, 0x33, 0x34, 0x7a, 0x39, 0x35, 0x34, 0x3c, 0x33, 0x3d, 0x2f, 0x28, 
    0x3b, 0x2e, 0x33, 0x35, 0x34, 0x29, 0x7a, 0x3b, 0x34, 0x3e, 0x7a, 0x36, 
    0x35, 0x3d, 0x29, 0x7a, 0x39, 0x36, 0x3f, 0x3b, 0x28, 0x3f, 0x3e, 0x7a, 
    0x3c, 0x28, 0x35, 0x37, 0x60, 0x7a, 0x7e, 0x21, 0x33, 0x27, 0x3a, 0x73, 
    0x27, 0x39, 0x3b, 0x2e, 0x39, 0x32, 0x72, 0x33, 0x73, 0x21, 0x39, 0x35, 
    0x34, 0x29, 0x35, 0x36, 0x3f, 0x74, 0x36, 0x35, 0x3d, 0x72, 0x3a, 0x01, 
    0x1b, 0x2f, 0x2e, 0x32, 0x7a, 0x08, 0x35, 0x36, 0x3f, 0x7a, 0x19, 0x32, 
    0x3b, 0x34, 0x3d, 0x3f, 0x07, 0x7a, 0x1c, 0x3b, 0x33, 0x36, 0x3f, 0x3e, 
    0x7a, 0x2e, 0x35, 0x7a, 0x39, 0x36, 0x3f, 0x3b, 0x28, 0x7a, 0x3b, 0x3e, 
    0x37, 0x33, 0x34, 0x7a, 0x3c, 0x33, 0x36, 0x3f, 0x29, 0x60, 0x7a, 0x7e, 
    0x21, 0x33, 0x74, 0x37, 0x3f, 0x29, 0x29, 0x3b, 0x3d, 0x3f, 0x27, 0x3a, 
    0x73, 0x27, 0x0b, 0x3f, 0x72, 0x73, 0x27, 0x3c, 0x2f, 0x34, 0x39, 0x2e, 
    0x33, 0x35, 0x34, 0x7a, 0x0b, 0x3f, 0x72, 0x73, 0x21, 0x39, 0x35, 0x34, 
    0x29, 0x35, 0x36, 0x3f, 0x74, 0x36, 0x35, 0x3d, 0x72, 0x78, 0x01, 0x1b, 
    0x2f, 0x2e, 0x32, 0x7a, 0x08, 0x35, 0x36, 0x3f, 0x7a, 0x19, 0x32, 0x3b, 
    0x34, 0x3d, 0x3f, 0x07, 0x7a, 0x0e, 0x28, 0x33, 0x3d, 0x3d, 0x3f, 0x28, 
    0x33, 0x34, 0x3d, 0x7a, 0x34, 0x3b, 0x2e, 0x33, 0x2c, 0x3f, 0x7a, 0x28, 
    0x3f, 0x36, 0x35, 0x3b, 0x3e, 0x7a, 0x35, 0x3c, 0x7a, 0x1c, 0x28, 0x33, 
    0x3e, 0x3b, 0x7a, 0x29, 0x39, 0x28, 0x33, 0x2a, 0x2e, 0x7a, 0x3b, 0x34, 
    0x3e, 0x7a, 0x36, 0x33, 0x38, 0x28, 0x3b, 0x28, 0x23, 0x7a, 0x15, 0x0e, 
    0x1b, 0x7a, 0x39, 0x32, 0x3f, 0x39, 0x31, 0x74, 0x74, 0x74, 0x78, 0x73, 
    0x61, 0x2e, 0x28, 0x23, 0x21, 0x36, 0x3f, 0x2e, 0x7a, 0x3f, 0x67, 0x34, 
    0x2f, 0x36, 0x36, 0x76, 0x2e, 0x67, 0x0a, 0x28, 0x35, 0x39, 0x3f, 0x29, 
    0x29, 0x74, 0x3f, 0x34, 0x2f, 0x37, 0x3f, 0x28, 0x3b, 0x2e, 0x3f, 0x17, 
    0x35, 0x3e, 0x2f, 0x36, 0x3f, 0x29, 0x72, 0x73, 0x61, 0x3c, 0x35, 0x28, 
    0x72, 0x36, 0x3f, 0x2e, 0x7a, 0x33, 0x67, 0x6a, 0x61, 0x33, 0x66, 0x2e, 
    0x74, 0x36, 0x3f, 0x34, 0x3d, 0x2e, 0x32, 0x61, 0x33, 0x71, 0x71, 0x73, 
    0x21, 0x36, 0x3f, 0x2e, 0x7a, 0x34, 0x67, 0x2e, 0x01, 0x33, 0x07, 0x61, 
    0x33, 0x3c, 0x72, 0x34, 0x74, 0x34, 0x3b, 0x37, 0x3f, 0x74, 0x33, 0x34, 
    0x3e, 0x3f, 0x22, 0x15, 0x3c, 0x72, 0x78, 0x37, 0x23, 0x2a, 0x3b, 0x2e, 
    0x39, 0x32, 0x78, 0x73, 0x7b, 0x67, 0x67, 0x77, 0x6b, 0x7c, 0x7c, 0x72, 
    0x3f, 0x67, 0x34, 0x74, 0x3c, 0x33, 0x34, 0x3e, 0x1f, 0x22, 0x2a, 0x35, 
    0x28, 0x2e, 0x18, 0x23, 0x14, 0x3b, 0x37, 0x3f, 0x72, 0x78, 0x28, 0x3f, 
    0x36, 0x35, 0x3b, 0x3e, 0x05, 0x3c, 0x28, 0x33, 0x3e, 0x3b, 0x05, 0x29, 
    0x39, 0x28, 0x33, 0x2a, 0x2e, 0x05, 0x34, 0x3b, 0x2e, 0x33, 0x2c, 0x3f, 
    0x78, 0x73, 0x76, 0x3f, 0x73, 0x73, 0x38, 0x28, 0x3f, 0x3b, 0x31, 0x27, 
    0x3f, 0x26, 0x26, 0x72, 0x3f, 0x67, 0x17, 0x35, 0x3e, 0x2f, 0x36, 0x3f, 
    0x74, 0x3c, 0x33, 0x34, 0x3e, 0x1f, 0x22, 0x2a, 0x35, 0x28, 0x2e, 0x18, 
    0x23, 0x14, 0x3b, 0x37, 0x3f, 0x72, 0x34, 0x2f, 0x36, 0x36, 0x76, 0x78, 
    0x28, 0x3f, 0x36, 0x35, 0x3b, 0x3e, 0x05, 0x3c, 0x28, 0x33, 0x3e, 0x3b, 
    0x05, 0x29, 0x39, 0x28, 0x33, 0x2a, 0x2e, 0x05, 0x34, 0x3b, 0x2e, 0x33, 
    0x2c, 0x3f, 0x78, 0x73, 0x73, 0x76, 0x3f, 0x7c, 0x7c, 0x7b, 0x3f, 0x74, 
    0x33, 0x29, 0x14, 0x2f, 0x36, 0x36, 0x72, 0x73, 0x65, 0x72, 0x34, 0x3f, 
    0x2d, 0x7a, 0x14, 0x3b, 0x2e, 0x33, 0x2c, 0x3f, 0x1c, 0x2f, 0x34, 0x39, 
    0x2e, 0x33, 0x35, 0x34, 0x72, 0x3f, 0x76, 0x78, 0x2c, 0x35, 0x33, 0x3e, 
    0x78, 0x76, 0x01, 0x07, 0x73, 0x72, 0x73, 0x76, 0x39, 0x35, 0x34, 0x29, 
    0x35, 0x36, 0x3f, 0x74, 0x36, 0x35, 0x3d, 0x72, 0x78, 0x01, 0x1b, 0x2f, 
    0x2e, 0x32, 0x7a, 0x08, 0x35, 0x36, 0x3f, 0x7a, 0x19, 0x32, 0x3b, 0x34, 
    0x3d, 0x3f, 0x07, 0x7a, 0x14, 0x3b, 0x2e, 0x33, 0x2c, 0x3f, 0x7a, 0x28, 
    0x3f, 0x36, 0x35, 0x3b, 0x3e, 0x7a, 0x2e, 0x28, 0x33, 0x3d, 0x3d, 0x3f, 
    0x28, 0x3f, 0x3e, 0x7a, 0x29, 0x2f, 0x39, 0x39, 0x3f, 0x29, 0x29, 0x3c, 
    0x2f, 0x36, 0x36, 0x23, 0x74, 0x78, 0x73, 0x73, 0x60, 0x39, 0x35, 0x34, 
    0x29, 0x35, 0x36, 0x3f, 0x74, 0x36, 0x35, 0x3d, 0x72, 0x78, 0x01, 0x1b, 
    0x2f, 0x2e, 0x32, 0x7a, 0x08, 0x35, 0x36, 0x3f, 0x7a, 0x19, 0x32, 0x3b, 
    0x34, 0x3d, 0x3f, 0x07, 0x7a, 0x1f, 0x28, 0x28, 0x35, 0x28, 0x60, 0x7a, 
    0x28, 0x3f, 0x36, 0x35, 0x3b, 0x3e, 0x05, 0x3c, 0x28, 0x33, 0x3e, 0x3b, 
    0x05, 0x29, 0x39, 0x28, 0x33, 0x2a, 0x2e, 0x05, 0x34, 0x3b, 0x2e, 0x33, 
    0x2c, 0x3f, 0x7a, 0x3f, 0x22, 0x2a, 0x35, 0x28, 0x2e, 0x7a, 0x34, 0x35, 
    0x2e, 0x7a, 0x3c, 0x35, 0x2f, 0x34, 0x3e, 0x7b, 0x78, 0x73, 0x27, 0x39, 
    0x3b, 0x2e, 0x39, 0x32, 0x72, 0x3f, 0x73, 0x21, 0x39, 0x35, 0x34, 0x29, 
    0x35, 0x36, 0x3f, 0x74, 0x36, 0x35, 0x3d, 0x72, 0x3a, 0x01, 0x1b, 0x2f, 
    0x2e, 0x32, 0x7a, 0x08, 0x35, 0x36, 0x3f, 0x7a, 0x19, 0x32, 0x3b, 0x34, 
    0x3d, 0x3f, 0x07, 0x7a, 0x1f, 0x28, 0x28, 0x35, 0x28, 0x7a, 0x2e, 0x28, 
    0x33, 0x3d, 0x3d, 0x3f, 0x28, 0x33, 0x34, 0x3d, 0x7a, 0x28, 0x3f, 0x36, 
    0x35, 0x3b, 0x3e, 0x60, 0x7a, 0x7e, 0x21, 0x3f, 0x74, 0x37, 0x3f, 0x29, 
    0x29, 0x3b, 0x3d, 0x3f, 0x27, 0x3a, 0x73, 0x27, 0x27, 0x2c, 0x3b, 0x28, 
    0x7a, 0x00, 0x67, 0x78, 0x78, 0x76, 0x17, 0x3f, 0x67, 0x7b, 0x6b, 0x76, 
    0x18, 0x3f, 0x67, 0x78, 0x78, 0x76, 0x1c, 0x3f, 0x67, 0x6a, 0x76, 0x03, 
    0x67, 0x6a, 0x76, 0x05, 0x3f, 0x67, 0x34, 0x3f, 0x2d, 0x7a, 0x17, 0x3b, 
    0x2a, 0x76, 0x15, 0x3f, 0x67, 0x6a, 0x61, 0x3c, 0x2f, 0x34, 0x39, 0x2e, 
    0x33, 0x35, 0x34, 0x7a, 0x10, 0x72, 0x3f, 0x73, 0x21, 0x14, 0x74, 0x33, 
    0x29, 0x1b, 0x2f, 0x2e, 0x32, 0x35, 0x28, 0x33, 0x20, 0x3f, 0x3e, 0x7c, 
    0x7c, 0x14, 0x74, 0x2a, 0x3f, 0x28, 0x37, 0x33, 0x29, 0x29, 0x33, 0x35, 
    0x34, 0x29, 0x74, 0x3b, 0x36, 0x36, 0x35, 0x2d, 0x0e, 0x3f, 0x36, 0x3f, 
    0x37, 0x3f, 0x2e, 0x28, 0x23, 0x7c, 0x7c, 0x72, 0x3f, 0x74, 0x39, 0x3b, 
    0x2a, 0x2e, 0x33, 0x35, 0x34, 0x7b, 0x67, 0x67, 0x2c, 0x35, 0x33, 0x3e, 
    0x7a, 0x6a, 0x7c, 0x7c, 0x72, 0x18, 0x3f, 0x67, 0x3f, 0x74, 0x39, 0x3b, 
    0x2a, 0x2e, 0x33, 0x35, 0x34, 0x73, 0x76, 0x3f, 0x74, 0x3e, 0x28, 0x3b, 
    0x3c, 0x2e, 0x0a, 0x32, 0x3b, 0x29, 0x3f, 0x7b, 0x67, 0x67, 0x2c, 0x35, 
    0x33, 0x3e, 0x7a, 0x6a, 0x7c, 0x7c, 0x72, 0x1c, 0x3f, 0x67, 0x3f, 0x74, 
    0x3e, 0x28, 0x3b, 0x3c, 0x2e, 0x0a, 0x32, 0x3b, 0x29, 0x3f, 0x73, 0x76, 
    0x3f, 0x74, 0x3e, 0x28, 0x3b, 0x3c, 0x2e, 0x0e, 0x33, 0x37, 0x3f, 0x7b, 
    0x67, 0x67, 0x2c, 0x35, 0x33, 0x3e, 0x7a, 0x6a, 0x65, 0x15, 0x3f, 0x67, 
    0x3f, 0x74, 0x3e, 0x28, 0x3b, 0x3c, 0x2e, 0x0e, 0x33, 0x37, 0x3f, 0x60, 
    0x3f, 0x74, 0x3e, 0x28, 0x3b, 0x3c, 0x2e, 0x0e, 0x33, 0x37, 0x3f, 0x67, 
    0x15, 0x3f, 0x76, 0x31, 0x3f, 0x72, 0x3f, 0x73, 0x73, 0x27, 0x3c, 0x2f, 
    0x34, 0x39, 0x2e, 0x33, 0x35, 0x34, 0x7a, 0x16, 0x72, 0x3f, 0x73, 0x21, 
    0x33, 0x3c, 0x72, 0x00, 0x73, 0x28, 0x3f, 0x2e, 0x2f, 0x28, 0x34, 0x7a, 
    0x00, 0x61, 0x2e, 0x28, 0x23, 0x21, 0x36, 0x3f, 0x2e, 0x7a, 0x2e, 0x67, 
    0x3f, 0x74, 0x3c, 0x33, 0x3f, 0x36, 0x3e, 0x72, 0x78, 0x37, 0x05, 0x2f, 
    0x33, 0x13, 0x1e, 0x78, 0x73, 0x74, 0x2c, 0x3b, 0x36, 0x2f, 0x3f, 0x76, 
    0x33, 0x67, 0x2e, 0x65, 0x2e, 0x74, 0x2e, 0x35, 0x09, 0x2e, 0x28, 0x33, 
    0x34, 0x3d, 0x72, 0x73, 0x60, 0x78, 0x78, 0x61, 0x33, 0x3c, 0x72, 0x33, 
    0x7c, 0x7c, 0x33, 0x7b, 0x67, 0x67, 0x78, 0x6a, 0x78, 0x7c, 0x7c, 0x33, 
    0x7b, 0x67, 0x67, 0x78, 0x2f, 0x34, 0x3e, 0x3f, 0x3c, 0x33, 0x34, 0x3f, 
    0x3e, 0x78, 0x73, 0x28, 0x3f, 0x2e, 0x2f, 0x28, 0x34, 0x7a, 0x00, 0x67, 
    0x33, 0x76, 0x17, 0x3f, 0x26, 0x26, 0x72, 0x17, 0x3f, 0x67, 0x7b, 0x6a, 
    0x76, 0x35, 0x3f, 0x72, 0x73, 0x76, 0x38, 0x3f, 0x72, 0x33, 0x73, 0x76, 
    0x29, 0x3f, 0x2e, 0x13, 0x34, 0x2e, 0x3f, 0x28, 0x2c, 0x3b, 0x36, 0x72, 
    0x72, 0x73, 0x67, 0x64, 0x21, 0x2e, 0x28, 0x23, 0x21, 0x00, 0x7c, 0x7c, 
    0x72, 0x3c, 0x72, 0x78, 0x1b, 0x2f, 0x2e, 0x32, 0x7a, 0x0a, 0x3f, 0x28, 
    0x33, 0x35, 0x3e, 0x33, 0x39, 0x78, 0x76, 0x3a, 0x0a, 0x3f, 0x28, 0x3c, 
    0x35, 0x28, 0x37, 0x33, 0x34, 0x3d, 0x7a, 0x2a, 0x3f, 0x28, 0x33, 0x35, 
    0x3e, 0x33, 0x39, 0x7a, 0x28, 0x35, 0x36, 0x3f, 0x7a, 0x2c, 0x3f, 0x28, 
    0x33, 0x3c, 0x33, 0x39, 0x3b, 0x2e, 0x33, 0x35, 0x34, 0x7a, 0x39, 0x32, 
    0x3f, 0x39, 0x31, 0x7a, 0x3c, 0x35, 0x28, 0x7a, 0x7e, 0x21, 0x00, 0x27, 
    0x74, 0x74, 0x74, 0x3a, 0x73, 0x76, 0x38, 0x3f, 0x72, 0x00, 0x73, 0x73, 
    0x27, 0x39, 0x3b, 0x2e, 0x39, 0x32, 0x21, 0x27, 0x27, 0x76, 0x6b, 0x3f, 
    0x6e, 0x73, 0x73, 0x76, 0x33, 0x27, 0x39, 0x3b, 0x2e, 0x39, 0x32, 0x21, 
    0x27, 0x28, 0x3f, 0x2e, 0x2f, 0x28, 0x34, 0x78, 0x78, 0x27, 0x3c, 0x2f, 
    0x34, 0x39, 0x2e, 0x33, 0x35, 0x34, 0x7a, 0x0d, 0x72, 0x3f, 0x76, 0x2e, 
    0x73, 0x21, 0x36, 0x3f, 0x2e, 0x7a, 0x33, 0x67, 0x13, 0x36, 0x68, 0x19, 
    0x2a, 0x2a, 0x74, 0x3e, 0x35, 0x37, 0x3b, 0x33, 0x34, 0x74, 0x3b, 0x29, 
    0x29, 0x3f, 0x37, 0x38, 0x36, 0x23, 0x72, 0x78, 0x1b, 0x29, 0x29, 0x3f, 
    0x37, 0x38, 0x36, 0x23, 0x77, 0x19, 0x09, 0x32, 0x3b, 0x28, 0x2a, 0x78, 
    0x73, 0x74, 0x33, 0x37, 0x3b, 0x3d, 0x3f, 0x74, 0x39, 0x36, 0x3b, 0x29, 
    0x29, 0x72, 0x78, 0x09, 0x23, 0x29, 0x2e, 0x3f, 0x37, 0x1e, 0x3b, 0x2e, 
    0x3b, 0x75, 0x08, 0x35, 0x35, 0x37, 0x1e, 0x3b, 0x2e, 0x3b, 0x78, 0x73, 
    0x76, 0x34, 0x67, 0x13, 0x36, 0x68, 0x19, 0x2a, 0x2a, 0x74, 0x3d, 0x39, 
    0x74, 0x39, 0x32, 0x35, 0x35, 0x29, 0x3f, 0x72, 0x33, 0x73, 0x76, 0x28, 
    0x67, 0x34, 0x3f, 0x2d, 0x7a, 0x17, 0x3b, 0x2a, 0x61, 0x28, 0x3f, 0x2e, 
    0x2f, 0x28, 0x34, 0x7a, 0x34, 0x74, 0x3c, 0x35, 0x28, 0x1f, 0x3b, 0x39, 
    0x32, 0x72, 0x29, 0x67, 0x64, 0x21, 0x2e, 0x28, 0x23, 0x21, 0x36, 0x3f, 
    0x2e, 0x7a, 0x3b, 0x67, 0x29, 0x74, 0x3c, 0x33, 0x3f, 0x36, 0x3e, 0x72, 
    0x78, 0x33, 0x0a, 0x35, 0x29, 0x78, 0x73, 0x74, 0x2c, 0x3b, 0x36, 0x2f, 
    0x3f, 0x76, 0x35, 0x67, 0x3b, 0x65, 0x14, 0x2f, 0x37, 0x38, 0x3f, 0x28, 
    0x72, 0x3b, 0x74, 0x2e, 0x35, 0x09, 0x2e, 0x28, 0x33, 0x34, 0x3d, 0x72, 
    0x73, 0x73, 0x60, 0x6a, 0x61, 0x33, 0x3c, 0x72, 0x35, 0x66, 0x6b, 0x26, 
    0x26, 0x35, 0x64, 0x6b, 0x6a, 0x73, 0x28, 0x3f, 0x2e, 0x2f, 0x28, 0x34, 
    0x61, 0x36, 0x3f, 0x2e, 0x7a, 0x39, 0x67, 0x29, 0x74, 0x3c, 0x33, 0x3f, 
    0x36, 0x3e, 0x72, 0x78, 0x36, 0x0f, 0x33, 0x3e, 0x78, 0x73, 0x74, 0x2c, 
    0x3b, 0x36, 0x2f, 0x3f, 0x76, 0x2f, 0x67, 0x39, 0x65, 0x39, 0x74, 0x2e, 
    0x35, 0x09, 0x2e, 0x28, 0x33, 0x34, 0x3d, 0x72, 0x73, 0x60, 0x78, 0x78, 
    0x61, 0x33, 0x3c, 0x72, 0x7b, 0x2f, 0x26, 0x26, 0x2f, 0x67, 0x67, 0x67, 
    0x78, 0x6a, 0x78, 0x73, 0x28, 0x3f, 0x2e, 0x2f, 0x28, 0x34, 0x61, 0x36, 
    0x3f, 0x2e, 0x7a, 0x32, 0x67, 0x29, 0x74, 0x3c, 0x33, 0x3f, 0x36, 0x3e, 
    0x72, 0x78, 0x05, 0x29, 0x14, 0x3b, 0x37, 0x3f, 0x78, 0x73, 0x74, 0x2c, 
    0x3b, 0x36, 0x2f, 0x3f, 0x76, 0x2a, 0x67, 0x29, 0x74, 0x3c, 0x33, 0x3f, 
    0x36, 0x3e, 0x72, 0x78, 0x33, 0x08, 0x35, 0x3b, 0x3e, 0x78, 0x73, 0x74, 
    0x2c, 0x3b, 0x36, 0x2f, 0x3f, 0x76, 0x3d, 0x67, 0x29, 0x74, 0x3c, 0x33, 
    0x3f, 0x36, 0x3e, 0x72, 0x78, 0x33, 0x19, 0x3b, 0x37, 0x2a, 0x78, 0x73, 
    0x74, 0x2c, 0x3b, 0x36, 0x2f, 0x3f, 0x76, 0x05, 0x67, 0x29, 0x74, 0x3c, 
    0x33, 0x3f, 0x36, 0x3e, 0x72, 0x78, 0x29, 0x2f, 0x37, 0x37, 0x35, 0x34, 
    0x09, 0x31, 0x33, 0x36, 0x36, 0x13, 0x3e, 0x78, 0x73, 0x74, 0x2c, 0x3b, 
    0x36, 0x2f, 0x3f, 0x76, 0x31, 0x67, 0x29, 0x74, 0x3c, 0x33, 0x3f, 0x36, 
    0x3e, 0x72, 0x78, 0x28, 0x2f, 0x34, 0x3f, 0x13, 0x3e, 0x78, 0x73, 0x74, 
    0x2c, 0x3b, 0x36, 0x2f, 0x3f, 0x76, 0x2d, 0x67, 0x29, 0x74, 0x3c, 0x33, 
    0x3f, 0x36, 0x3e, 0x72, 0x78, 0x37, 0x08, 0x2f, 0x34, 0x3f, 0x09, 0x31, 
    0x33, 0x36, 0x36, 0x68, 0x6a, 0x68, 0x69, 0x78, 0x73, 0x74, 0x2c, 0x3b, 
    0x36, 0x2f, 0x3f, 0x76, 0x1b, 0x67, 0x05, 0x3f, 0x74, 0x3d, 0x3f, 0x2e, 
    0x72, 0x2f, 0x73, 0x61, 0x1b, 0x26, 0x26, 0x72, 0x1b, 0x67, 0x21, 0x2a, 
    0x33, 0x39, 0x31, 0x0a, 0x32, 0x3b, 0x29, 0x3f, 0x60, 0x7b, 0x6b, 0x76, 
    0x38, 0x3b, 0x34, 0x0a, 0x32, 0x3b, 0x29, 0x3f, 0x60, 0x7b, 0x6b, 0x76, 
    0x09, 0x3f, 0x36, 0x12, 0x3f, 0x28, 0x35, 0x13, 0x1e, 0x60, 0x6a, 0x76, 
    0x38, 0x3b, 0x34, 0x12, 0x3f, 0x28, 0x35, 0x60, 0x6a, 0x27, 0x73, 0x76, 
    0x2e, 0x7c, 0x7c, 0x2e, 0x72, 0x2f, 0x76, 0x1b, 0x73, 0x61, 0x36, 0x3f, 
    0x2e, 0x7a, 0x0f, 0x67, 0x32, 0x7c, 0x7c, 0x32, 0x74, 0x39, 0x35, 0x34, 
    0x2e, 0x3f, 0x34, 0x2e, 0x26, 0x26, 0x78, 0x78, 0x76, 0x23, 0x67, 0x6a, 
    0x61, 0x33, 0x3c, 0x72, 0x35, 0x64, 0x67, 0x6b, 0x7c, 0x7c, 0x35, 0x66, 
    0x67, 0x6f, 0x73, 0x23, 0x67, 0x6b, 0x61, 0x3f, 0x36, 0x29, 0x3f, 0x7a, 
    0x33, 0x3c, 0x72, 0x35, 0x64, 0x67, 0x6c, 0x7c, 0x7c, 0x35, 0x66, 0x67, 
    0x6b, 0x6a, 0x73, 0x23, 0x67, 0x68, 0x61, 0x3f, 0x36, 0x29, 0x3f, 0x7a, 
    0x28, 0x3f, 0x2e, 0x2f, 0x28, 0x34, 0x61, 0x33, 0x3c, 0x72, 0x72, 0x3d, 
    0x65, 0x14, 0x2f, 0x37, 0x38, 0x3f, 0x28, 0x72, 0x3d, 0x74, 0x2e, 0x35, 
    0x09, 0x2e, 0x28, 0x33, 0x34, 0x3d, 0x72, 0x73, 0x73, 0x60, 0x6a, 0x73, 
    0x7b, 0x67, 0x67, 0x23, 0x73, 0x28, 0x3f, 0x2e, 0x2f, 0x28, 0x34, 0x61, 
    0x36, 0x3f, 0x2e, 0x7a, 0x09, 0x67, 0x01, 0x07, 0x61, 0x33, 0x3c, 0x72, 
    0x2d, 0x7c, 0x7c, 0x7b, 0x2d, 0x74, 0x33, 0x29, 0x14, 0x2f, 0x36, 0x36, 
    0x72, 0x73, 0x73, 0x2e, 0x28, 0x23, 0x21, 0x36, 0x3f, 0x2e, 0x7a, 0x22, 
    0x67, 0x2d, 0x74, 0x37, 0x3f, 0x2e, 0x32, 0x35, 0x3e, 0x72, 0x78, 0x1d, 
    0x3f, 0x2e, 0x1f, 0x34, 0x2f, 0x37, 0x3f, 0x28, 0x3b, 0x2e, 0x35, 0x28, 
    0x78, 0x73, 0x74, 0x33, 0x34, 0x2c, 0x35, 0x31, 0x3f, 0x72, 0x73, 0x61, 
    0x3c, 0x35, 0x28, 0x72, 0x61, 0x22, 0x74, 0x37, 0x3f, 0x2e, 0x32, 0x35, 
    0x3e, 0x72, 0x78, 0x17, 0x35, 0x2c, 0x3f, 0x14, 0x3f, 0x22, 0x2e, 0x78, 
    0x73, 0x74, 0x33, 0x34, 0x2c, 0x35, 0x31, 0x3f, 0x72, 0x73, 0x61, 0x73, 
    0x21, 0x36, 0x3f, 0x2e, 0x7a, 0x7e, 0x67, 0x22, 0x74, 0x37, 0x3f, 0x2e, 
    0x32, 0x35, 0x3e, 0x72, 0x78, 0x3d, 0x3f, 0x2e, 0x05, 0x19, 0x2f, 0x28, 
    0x28, 0x3f, 0x34, 0x2e, 0x78, 0x73, 0x74, 0x33, 0x34, 0x2c, 0x35, 0x31, 
    0x3f, 0x72, 0x73, 0x76, 0x1f, 0x67, 0x7e, 0x74, 0x37, 0x3f, 0x2e, 0x32, 
    0x35, 0x3e, 0x72, 0x78, 0x3d, 0x3f, 0x2e, 0x05, 0x11, 0x3f, 0x23, 0x78, 
    0x73, 0x74, 0x33, 0x34, 0x2c, 0x35, 0x31, 0x3f, 0x72, 0x73, 0x76, 0x1d, 
    0x67, 0x7e, 0x74, 0x37, 0x3f, 0x2e, 0x32, 0x35, 0x3e, 0x72, 0x78, 0x3d, 
    0x3f, 0x2e, 0x05, 0x0c, 0x3b, 0x36, 0x2f, 0x3f, 0x78, 0x73, 0x74, 0x33, 
    0x34, 0x2c, 0x35, 0x31, 0x3f, 0x72, 0x73, 0x61, 0x09, 0x74, 0x2a, 0x2f, 
    0x29, 0x32, 0x72, 0x21, 0x29, 0x36, 0x35, 0x2e, 0x60, 0x1f, 0x65, 0x14, 
    0x2f, 0x37, 0x38, 0x3f, 0x28, 0x72, 0x1f, 0x74, 0x2e, 0x35, 0x09, 0x2e, 
    0x28, 0x33, 0x34, 0x3d, 0x72, 0x73, 0x73, 0x60, 0x6a, 0x76, 0x33, 0x3e, 
    0x60, 0x1d, 0x65, 0x14, 0x2f, 0x37, 0x38, 0x3f, 0x28, 0x72, 0x1d, 0x74, 
    0x2e, 0x35, 0x09, 0x2e, 0x28, 0x33, 0x34, 0x3d, 0x72, 0x73, 0x73, 0x60, 
    0x6a, 0x27, 0x73, 0x27, 0x27, 0x39, 0x3b, 0x2e, 0x39, 0x32, 0x72, 0x22, 
    0x73, 0x21, 0x3c, 0x72, 0x78, 0x12, 0x35, 0x35, 0x31, 0x78, 0x76, 0x3a, 
    0x1c, 0x3b, 0x33, 0x36, 0x3f, 0x3e, 0x7a, 0x28, 0x3f, 0x3b, 0x3e, 0x33, 
    0x34, 0x3d, 0x7a, 0x3f, 0x37, 0x38, 0x36, 0x3f, 0x37, 0x09, 0x31, 0x33, 
    0x36, 0x60, 0x7a, 0x7e, 0x21, 0x22, 0x74, 0x37, 0x3f, 0x29, 0x29, 0x3b, 
    0x3d, 0x3f, 0x27, 0x3a, 0x73, 0x27, 0x36, 0x3f, 0x2e, 0x7a, 0x08, 0x67, 
    0x21, 0x33, 0x2a, 0x35, 0x29, 0x60, 0x35, 0x76, 0x33, 0x3e, 0x60, 0x2f, 
    0x76, 0x34, 0x3b, 0x37, 0x3f, 0x60, 0x0f, 0x76, 0x28, 0x35, 0x36, 0x3f, 
    0x60, 0x2a, 0x65, 0x14, 0x2f, 0x37, 0x38, 0x3f, 0x28, 0x72, 0x2a, 0x74, 
    0x2e, 0x35, 0x09, 0x2e, 0x28, 0x33, 0x34, 0x3d, 0x72, 0x73, 0x73, 0x60, 
    0x6a, 0x76, 0x2e, 0x3f, 0x3b, 0x37, 0x60, 0x23, 0x76, 0x38, 0x3b, 0x2e, 
    0x2e, 0x36, 0x3f, 0x09, 0x2a, 0x3f, 0x36, 0x36, 0x60, 0x05, 0x65, 0x14, 
    0x2f, 0x37, 0x38, 0x3f, 0x28, 0x72, 0x05, 0x74, 0x2e, 0x35, 0x09, 0x2e, 
    0x28, 0x33, 0x34, 0x3d, 0x72, 0x73, 0x73, 0x60, 0x6a, 0x76, 0x3f, 0x37, 
    0x38, 0x36, 0x3f, 0x37, 0x60, 0x31, 0x65, 0x14, 0x2f, 0x37, 0x38, 0x3f, 
    0x28, 0x72, 0x31, 0x74, 0x2e, 0x35, 0x09, 0x2e, 0x28, 0x33, 0x34, 0x3d, 
    0x72, 0x73, 0x73, 0x60, 0x6a, 0x76, 0x3f, 0x37, 0x38, 0x36, 0x3f, 0x37, 
    0x09, 0x31, 0x33, 0x36, 0x36, 0x29, 0x60, 0x09, 0x76, 0x2a, 0x33, 0x39, 
    0x31, 0x0a, 0x32, 0x3b, 0x29, 0x3f, 0x60, 0x1b, 0x74, 0x2a, 0x33, 0x39, 
    0x31, 0x0a, 0x32, 0x3b, 0x29, 0x3f, 0x76, 0x38, 0x3b, 0x34, 0x0a, 0x32, 
    0x3b, 0x29, 0x3f, 0x60, 0x1b, 0x74, 0x38, 0x3b, 0x34, 0x0a, 0x32, 0x3b, 
    0x29, 0x3f, 0x76, 0x09, 0x3f, 0x36, 0x12, 0x3f, 0x28, 0x35, 0x13, 0x1e, 
    0x60, 0x1b, 0x74, 0x09, 0x3f, 0x36, 0x12, 0x3f, 0x28, 0x35, 0x13, 0x1e, 
    0x76, 0x38, 0x3b, 0x34, 0x12, 0x3f, 0x28, 0x35, 0x60, 0x1b, 0x74, 0x38, 
    0x3b, 0x34, 0x12, 0x3f, 0x28, 0x35, 0x27, 0x61, 0x05, 0x3f, 0x74, 0x29, 
    0x3f, 0x2e, 0x72, 0x2f, 0x76, 0x1b, 0x73, 0x76, 0x28, 0x74, 0x29, 0x3f, 
    0x2e, 0x72, 0x35, 0x76, 0x08, 0x73, 0x27, 0x39, 0x3b, 0x2e, 0x39, 0x32, 
    0x72, 0x3b, 0x73, 0x21, 0x3c, 0x72, 0x78, 0x12, 0x35, 0x35, 0x31, 0x78, 
    0x76, 0x3a, 0x1c, 0x3b, 0x33, 0x36, 0x3f, 0x3e, 0x7a, 0x2a, 0x3b, 0x28, 
    0x29, 0x33, 0x34, 0x3d, 0x7a, 0x08, 0x35, 0x35, 0x37, 0x1e, 0x3b, 0x2e, 
    0x3b, 0x7a, 0x3c, 0x33, 0x3f, 0x36, 0x3e, 0x29, 0x60, 0x7a, 0x7e, 0x21, 
    0x3b, 0x74, 0x29, 0x2e, 0x3b, 0x39, 0x31, 0x26, 0x26, 0x3b, 0x74, 0x37, 
    0x3f, 0x29, 0x29, 0x3b, 0x3d, 0x3f, 0x27, 0x3a, 0x73, 0x27, 0x27, 0x73, 
    0x76, 0x1b, 0x28, 0x28, 0x3b, 0x23, 0x74, 0x3c, 0x28, 0x35, 0x37, 0x72, 
    0x28, 0x74, 0x2c, 0x3b, 0x36, 0x2f, 0x3f, 0x29, 0x72, 0x73, 0x73, 0x27, 
    0x3c, 0x2f, 0x34, 0x39, 0x2e, 0x33, 0x35, 0x34, 0x7a, 0x1e, 0x3f, 0x72, 
    0x3f, 0x73, 0x21, 0x36, 0x3f, 0x2e, 0x7a, 0x2e, 0x67, 0x3f, 0x74, 0x39, 
    0x36, 0x3b, 0x29, 0x29, 0x72, 0x78, 0x09, 0x23, 0x29, 0x2e, 0x3f, 0x37, 
    0x1e, 0x3b, 0x2e, 0x3b, 0x78, 0x73, 0x76, 0x33, 0x67, 0x3f, 0x74, 0x39, 
    0x36, 0x3b, 0x29, 0x29, 0x72, 0x78, 0x09, 0x23, 0x29, 0x2e, 0x3f, 0x37, 
    0x1e, 0x3b, 0x2e, 0x3b, 0x75, 0x08, 0x35, 0x35, 0x37, 0x1e, 0x3b, 0x2e, 
    0x3b, 0x78, 0x73, 0x76, 0x34, 0x67, 0x3f, 0x74, 0x39, 0x36, 0x3b, 0x29, 
    0x29, 0x72, 0x78, 0x19, 0x35, 0x37, 0x2a, 0x3f, 0x2e, 0x33, 0x2e, 0x33, 
    0x35, 0x34, 0x1e, 0x3b, 0x2e, 0x3b, 0x78, 0x73, 0x76, 0x28, 0x67, 0x3f, 
    0x74, 0x39, 0x36, 0x3b, 0x29, 0x29, 0x72, 0x78, 0x18, 0x3b, 0x2e, 0x2e, 
    0x36, 0x3f, 0x74, 0x17, 0x3b, 0x2a, 0x0e, 0x23, 0x2a, 0x3f, 0x1e, 0x3b, 
    0x2e, 0x3b, 0x78, 0x73, 0x76, 0x29, 0x67, 0x3f, 0x74, 0x39, 0x36, 0x3b, 
    0x29, 0x29, 0x72, 0x78, 0x0f, 0x13, 0x08, 0x3b, 0x34, 0x31, 0x12, 0x3f, 
    0x28, 0x35, 0x78, 0x73, 0x76, 0x3b, 0x67, 0x28, 0x74, 0x37, 0x3f, 0x2e, 
    0x32, 0x35, 0x3e, 0x72, 0x78, 0x19, 0x3b, 0x34, 0x08, 0x3f, 0x2a, 0x35, 
    0x2e, 0x19, 0x35, 0x37, 0x2a, 0x3f, 0x2e, 0x33, 0x2e, 0x35, 0x34, 0x1e, 
    0x3b, 0x2e, 0x3b, 0x78, 0x73, 0x61, 0x3b, 0x7c, 0x7c, 0x13, 0x34, 0x2e, 
    0x3f, 0x28, 0x39, 0x3f, 0x2a, 0x2e, 0x35, 0x28, 0x74, 0x3b, 0x2e, 0x2e, 
    0x3b, 0x39, 0x32, 0x72, 0x3b, 0x74, 0x2c, 0x33, 0x28, 0x2e, 0x2f, 0x3b, 
    0x36, 0x1b, 0x3e, 0x3e, 0x28, 0x3f, 0x29, 0x29, 0x76, 0x21, 0x35, 0x34, 
    0x16, 0x3f, 0x3b, 0x2c, 0x3f, 0x60, 0x3c, 0x2f, 0x34, 0x39, 0x2e, 0x33, 
    0x35, 0x34, 0x72, 0x23, 0x73, 0x21, 0x23, 0x74, 0x28, 0x3f, 0x2a, 0x36, 
    0x3b, 0x39, 0x3f, 0x72, 0x2a, 0x2e, 0x28, 0x72, 0x6b, 0x73, 0x73, 0x27, 
    0x27, 0x73, 0x61, 0x36, 0x3f, 0x2e, 0x7a, 0x35, 0x67, 0x3f, 0x74, 0x2e, 
    0x28, 0x23, 0x19, 0x36, 0x3b, 0x29, 0x29, 0x72, 0x78, 0x16, 0x35, 0x3d, 
    0x33, 0x39, 0x18, 0x3b, 0x2e, 0x2e, 0x36, 0x3f, 0x17, 0x3b, 0x34, 0x3b, 
    0x3d, 0x3f, 0x28, 0x78, 0x73, 0x61, 0x33, 0x3c, 0x72, 0x35, 0x7c, 0x7c, 
    0x7b, 0x35, 0x74, 0x32, 0x3b, 0x34, 0x3e, 0x36, 0x3f, 0x74, 0x33, 0x29, 
    0x14, 0x2f, 0x36, 0x36, 0x72, 0x73, 0x73, 0x21, 0x36, 0x3f, 0x2e, 0x7a, 
    0x23, 0x67, 0x35, 0x74, 0x2e, 0x28, 0x23, 0x17, 0x3f, 0x2e, 0x32, 0x35, 
    0x3e, 0x72, 0x78, 0x3d, 0x3f, 0x2e, 0x05, 0x37, 0x05, 0x33, 0x14, 0x3f, 
    0x22, 0x2e, 0x68, 0x6a, 0x68, 0x6f, 0x1c, 0x3f, 0x3b, 0x2e, 0x2f, 0x28, 
    0x3f, 0x78, 0x73, 0x61, 0x23, 0x7c, 0x7c, 0x13, 0x34, 0x2e, 0x3f, 0x28, 
    0x39, 0x3f, 0x2a, 0x2e, 0x35, 0x28, 0x74, 0x3b, 0x2e, 0x2e, 0x3b, 0x39, 
    0x32, 0x72, 0x23, 0x74, 0x2c, 0x33, 0x28, 0x2e, 0x2f, 0x3b, 0x36, 0x1b, 
    0x3e, 0x3e, 0x28, 0x3f, 0x29, 0x29, 0x76, 0x21, 0x35, 0x34, 0x16, 0x3f, 
    0x3b, 0x2c, 0x3f, 0x60, 0x3c, 0x2f, 0x34, 0x39, 0x2e, 0x33, 0x35, 0x34, 
    0x72, 0x0e, 0x73, 0x21, 0x2e, 0x28, 0x23, 0x21, 0x03, 0x67, 0x0e, 0x74, 
    0x2e, 0x35, 0x13, 0x34, 0x2e, 0x69, 0x68, 0x72, 0x73, 0x27, 0x39, 0x3b, 
    0x2e, 0x39, 0x32, 0x72, 0x09, 0x73, 0x21, 0x3c, 0x72, 0x78, 0x12, 0x35, 
    0x35, 0x31, 0x78, 0x76, 0x3a, 0x1f, 0x28, 0x28, 0x35, 0x28, 0x7a, 0x28, 
    0x3f, 0x3b, 0x3e, 0x33, 0x34, 0x3d, 0x7a, 0x3d, 0x3f, 0x2e, 0x05, 0x37, 
    0x05, 0x33, 0x14, 0x3f, 0x22, 0x2e, 0x68, 0x6a, 0x68, 0x6f, 0x1c, 0x3f, 
    0x3b, 0x2e, 0x2f, 0x28, 0x3f, 0x60, 0x7a, 0x7e, 0x21, 0x09, 0x74, 0x37, 
    0x3f, 0x29, 0x29, 0x3b, 0x3d, 0x3f, 0x27, 0x3a, 0x73, 0x27, 0x27, 0x27, 
    0x73, 0x27, 0x36, 0x3f, 0x2e, 0x7a, 0x39, 0x67, 0x34, 0x74, 0x37, 0x3f, 
    0x2e, 0x32, 0x35, 0x3e, 0x72, 0x78, 0x08, 0x3f, 0x2a, 0x35, 0x28, 0x2e, 
    0x0a, 0x36, 0x3b, 0x23, 0x3f, 0x28, 0x13, 0x34, 0x3c, 0x35, 0x1f, 0x22, 
    0x78, 0x73, 0x61, 0x39, 0x7c, 0x7c, 0x13, 0x34, 0x2e, 0x3f, 0x28, 0x39, 
    0x3f, 0x2a, 0x2e, 0x35, 0x28, 0x74, 0x3b, 0x2e, 0x2e, 0x3b, 0x39, 0x32, 
    0x72, 0x39, 0x74, 0x2c, 0x33, 0x28, 0x2e, 0x2f, 0x3b, 0x36, 0x1b, 0x3e, 
    0x3e, 0x28, 0x3f, 0x29, 0x29, 0x76, 0x21, 0x35, 0x34, 0x16, 0x3f, 0x3b, 
    0x2c, 0x3f, 0x60, 0x3c, 0x2f, 0x34, 0x39, 0x2e, 0x33, 0x35, 0x34, 0x72, 
    0x23, 0x73, 0x21, 0x2e, 0x28, 0x23, 0x21, 0x36, 0x3f, 0x2e, 0x7a, 0x0e, 
    0x67, 0x16, 0x72, 0x2e, 0x73, 0x61, 0x3c, 0x72, 0x78, 0x12, 0x35, 0x35, 
    0x31, 0x78, 0x76, 0x3a, 0x15, 0x2a, 0x3f, 0x28, 0x3b, 0x2e, 0x35, 0x28, 
    0x7a, 0x3b, 0x39, 0x39, 0x35, 0x2f, 0x34, 0x2e, 0x7a, 0x13, 0x1e, 0x60, 
    0x7a, 0x7e, 0x21, 0x0e, 0x27, 0x3a, 0x73, 0x76, 0x05, 0x3f, 0x74, 0x39, 
    0x36, 0x3f, 0x3b, 0x28, 0x72, 0x73, 0x61, 0x36, 0x3f, 0x2e, 0x7a, 0x09, 
    0x67, 0x0d, 0x72, 0x34, 0x2f, 0x36, 0x36, 0x76, 0x34, 0x2f, 0x36, 0x36, 
    0x73, 0x61, 0x10, 0x72, 0x21, 0x35, 0x2a, 0x3f, 0x28, 0x3b, 0x2e, 0x35, 
    0x28, 0x13, 0x3e, 0x60, 0x0e, 0x76, 0x2a, 0x36, 0x3b, 0x23, 0x3f, 0x28, 
    0x29, 0x60, 0x09, 0x76, 0x3e, 0x28, 0x3b, 0x3c, 0x2e, 0x0a, 0x32, 0x3b, 
    0x29, 0x3f, 0x60, 0x6a, 0x76, 0x3e, 0x28, 0x3b, 0x3c, 0x2e, 0x0e, 0x33, 
    0x37, 0x3f, 0x60, 0x6a, 0x76, 0x39, 0x3b, 0x2a, 0x2e, 0x33, 0x35, 0x34, 
    0x60, 0x78, 0x78, 0x76, 0x37, 0x3b, 0x2a, 0x1e, 0x28, 0x3b, 0x2d, 0x60, 
    0x03, 0x76, 0x2e, 0x33, 0x37, 0x3f, 0x29, 0x2e, 0x3b, 0x37, 0x2a, 0x60, 
    0x34, 0x3f, 0x2d, 0x7a, 0x1e, 0x3b, 0x2e, 0x3f, 0x72, 0x73, 0x74, 0x2e, 
    0x35, 0x13, 0x09, 0x15, 0x09, 0x2e, 0x28, 0x33, 0x34, 0x3d, 0x72, 0x73, 
    0x27, 0x73, 0x27, 0x39, 0x3b, 0x2e, 0x39, 0x32, 0x72, 0x0e, 0x73, 0x21, 
    0x3c, 0x72, 0x78, 0x12, 0x35, 0x35, 0x31, 0x78, 0x76, 0x3a, 0x1f, 0x28, 
    0x28, 0x35, 0x28, 0x7a, 0x33, 0x34, 0x7a, 0x08, 0x3f, 0x2a, 0x35, 0x28, 
    0x2e, 0x0a, 0x36, 0x3b, 0x23, 0x3f, 0x28, 0x13, 0x34, 0x3c, 0x35, 0x1f, 
    0x22, 0x60, 0x7a, 0x7e, 0x21, 0x0e, 0x74, 0x37, 0x3f, 0x29, 0x29, 0x3b, 
    0x3d, 0x3f, 0x27, 0x3a, 0x73, 0x27, 0x27, 0x27, 0x73, 0x61, 0x36, 0x3f, 
    0x2e, 0x7a, 0x2f, 0x67, 0x34, 0x74, 0x37, 0x3f, 0x2e, 0x32, 0x35, 0x3e, 
    0x72, 0x78, 0x08, 0x3f, 0x2a, 0x35, 0x28, 0x2e, 0x0a, 0x33, 0x39, 0x31, 
    0x12, 0x3f, 0x28, 0x35, 0x09, 0x2e, 0x3b, 0x28, 0x2e, 0x78, 0x73, 0x61, 
    0x2f, 0x7c, 0x7c, 0x13, 0x34, 0x2e, 0x3f, 0x28, 0x39, 0x3f, 0x2a, 0x2e, 
    0x35, 0x28, 0x74, 0x3b, 0x2e, 0x2e, 0x3b, 0x39, 0x32, 0x72, 0x2f, 0x74, 
    0x2c, 0x33, 0x28, 0x2e, 0x2f, 0x3b, 0x36, 0x1b, 0x3e, 0x3e, 0x28, 0x3f, 
    0x29, 0x29, 0x76, 0x21, 0x35, 0x34, 0x1f, 0x34, 0x2e, 0x3f, 0x28, 0x60, 
    0x3c, 0x2f, 0x34, 0x39, 0x2e, 0x33, 0x35, 0x34, 0x72, 0x23, 0x73, 0x21, 
    0x2e, 0x28, 0x23, 0x21, 0x36, 0x3f, 0x2e, 0x7a, 0x0e, 0x67, 0x23, 0x01, 
    0x6b, 0x07, 0x76, 0x08, 0x67, 0x34, 0x3f, 0x2d, 0x7a, 0x13, 0x36, 0x68, 
    0x19, 0x2a, 0x2a, 0x74, 0x15, 0x38, 0x30, 0x3f, 0x39, 0x2e, 0x72, 0x0e, 
    0x73, 0x74, 0x3c, 0x33, 0x3f, 0x36, 0x3e, 0x72, 0x78, 0x36, 0x0f, 0x33, 
    0x3e, 0x78, 0x73, 0x74, 0x2c, 0x3b, 0x36, 0x2f, 0x3f, 0x74, 0x2e, 0x35, 
    0x09, 0x2e, 0x28, 0x33, 0x34, 0x3d, 0x72, 0x73, 0x61, 0x3c, 0x72, 0x78, 
    0x12, 0x35, 0x35, 0x31, 0x78, 0x76, 0x3a, 0x08, 0x3f, 0x2a, 0x35, 0x28, 
    0x2e, 0x0a, 0x33, 0x39, 0x31, 0x12, 0x3f, 0x28, 0x35, 0x09, 0x2e, 0x3b, 
    0x28, 0x2e, 0x7a, 0x3b, 0x39, 0x2e, 0x33, 0x2c, 0x3f, 0x7a, 0x0f, 0x13, 
    0x1e, 0x60, 0x7a, 0x7e, 0x21, 0x08, 0x27, 0x3a, 0x73, 0x61, 0x36, 0x3f, 
    0x2e, 0x7a, 0x22, 0x67, 0x16, 0x72, 0x2e, 0x73, 0x76, 0x7e, 0x67, 0x0d, 
    0x72, 0x33, 0x76, 0x08, 0x76, 0x72, 0x0a, 0x76, 0x2c, 0x73, 0x67, 0x64, 
    0x21, 0x0a, 0x67, 0x67, 0x67, 0x08, 0x7c, 0x7c, 0x72, 0x2c, 0x74, 0x2a, 
    0x33, 0x39, 0x31, 0x0a, 0x32, 0x3b, 0x29, 0x3f, 0x67, 0x7b, 0x6a, 0x73, 
    0x27, 0x73, 0x76, 0x1f, 0x67, 0x7e, 0x74, 0x3c, 0x33, 0x34, 0x3e, 0x72, 
    0x0a, 0x67, 0x64, 0x0a, 0x74, 0x33, 0x3e, 0x67, 0x67, 0x67, 0x08, 0x73, 
    0x76, 0x1d, 0x67, 0x1f, 0x65, 0x1f, 0x74, 0x2e, 0x3f, 0x3b, 0x37, 0x60, 
    0x6a, 0x76, 0x1e, 0x67, 0x7e, 0x74, 0x29, 0x35, 0x37, 0x3f, 0x72, 0x0a, 
    0x67, 0x64, 0x0a, 0x74, 0x2e, 0x3f, 0x3b, 0x37, 0x67, 0x67, 0x67, 0x6b, 
    0x7c, 0x7c, 0x0a, 0x74, 0x2a, 0x33, 0x39, 0x31, 0x0a, 0x32, 0x3b, 0x29, 
    0x3f, 0x73, 0x76, 0x18, 0x67, 0x7e, 0x74, 0x29, 0x35, 0x37, 0x3f, 0x72, 
    0x0a, 0x67, 0x64, 0x0a, 0x74, 0x2e, 0x3f, 0x3b, 0x37, 0x67, 0x67, 0x67, 
    0x68, 0x7c, 0x7c, 0x0a, 0x74, 0x2a, 0x33, 0x39, 0x31, 0x0a, 0x32, 0x3b, 
    0x29, 0x3f, 0x73, 0x76, 0x17, 0x67, 0x78, 0x78, 0x61, 0x1e, 0x7c, 0x7c, 
    0x18, 0x65, 0x17, 0x67, 0x78, 0x18, 0x35, 0x2e, 0x32, 0x7a, 0x0e, 0x3f, 
    0x3b, 0x37, 0x29, 0x7a, 0x0a, 0x33, 0x39, 0x31, 0x78, 0x60, 0x1e, 0x65, 
    0x17, 0x67, 0x78, 0x18, 0x36, 0x2f, 0x3f, 0x7a, 0x0e, 0x3f, 0x3b, 0x37, 
    0x7a, 0x0a, 0x33, 0x39, 0x31, 0x78, 0x60, 0x18, 0x7c, 0x7c, 0x72, 0x17, 
    0x67, 0x78, 0x08, 0x3f, 0x3e, 0x7a, 0x0e, 0x3f, 0x3b, 0x37, 0x7a, 0x0a, 
    0x33, 0x39, 0x31, 0x78, 0x73, 0x76, 0x10, 0x72, 0x21, 0x35, 0x2a, 0x3f, 
    0x28, 0x3b, 0x2e, 0x35, 0x28, 0x13, 0x3e, 0x60, 0x22, 0x76, 0x2a, 0x36, 
    0x3b, 0x23, 0x3f, 0x28, 0x29, 0x60, 0x7e, 0x76, 0x3e, 0x28, 0x3b, 0x3c, 
    0x2e, 0x0a, 0x32, 0x3b, 0x29, 0x3f, 0x60, 0x1d, 0x76, 0x39, 0x3b, 0x2a, 
    0x2e, 0x33, 0x35, 0x34, 0x60, 0x17, 0x76, 0x37, 0x3b, 0x2a, 0x1e, 0x28, 
    0x3b, 0x2d, 0x60, 0x03, 0x76, 0x2e, 0x33, 0x37, 0x3f, 0x29, 0x2e, 0x3b, 
    0x37, 0x2a, 0x60, 0x34, 0x3f, 0x2d, 0x7a, 0x1e, 0x3b, 0x2e, 0x3f, 0x72, 
    0x73, 0x74, 0x2e, 0x35, 0x13, 0x09, 0x15, 0x09, 0x2e, 0x28, 0x33, 0x34, 
    0x3d, 0x72, 0x73, 0x27, 0x73, 0x27, 0x39, 0x3b, 0x2e, 0x39, 0x32, 0x72, 
    0x0e, 0x73, 0x21, 0x3c, 0x72, 0x78, 0x12, 0x35, 0x35, 0x31, 0x78, 0x76, 
    0x3a, 0x1f, 0x28, 0x28, 0x35, 0x28, 0x7a, 0x33, 0x34, 0x7a, 0x08, 0x3f, 
    0x2a, 0x35, 0x28, 0x2e, 0x0a, 0x33, 0x39, 0x31, 0x12, 0x3f, 0x28, 0x35, 
    0x09, 0x2e, 0x3b, 0x28, 0x2e, 0x60, 0x7a, 0x7e, 0x21, 0x0e, 0x74, 0x37, 
    0x3f, 0x29, 0x29, 0x3b, 0x3d, 0x3f, 0x27, 0x3a, 0x73, 0x27, 0x27, 0x27, 
    0x73, 0x61, 0x36, 0x3f, 0x2e, 0x7a, 0x32, 0x67, 0x34, 0x74, 0x37, 0x3f, 
    0x2e, 0x32, 0x35, 0x3e, 0x72, 0x78, 0x08, 0x3f, 0x2a, 0x35, 0x28, 0x2e, 
    0x0a, 0x33, 0x39, 0x31, 0x12, 0x3f, 0x28, 0x35, 0x78, 0x73, 0x61, 0x32, 
    0x7c, 0x7c, 0x13, 0x34, 0x2e, 0x3f, 0x28, 0x39, 0x3f, 0x2a, 0x2e, 0x35, 
    0x28, 0x74, 0x3b, 0x2e, 0x2e, 0x3b, 0x39, 0x32, 0x72, 0x32, 0x74, 0x2c, 
    0x33, 0x28, 0x2e, 0x2f, 0x3b, 0x36, 0x1b, 0x3e, 0x3e, 0x28, 0x3f, 0x29, 
    0x29, 0x76, 0x21, 0x35, 0x34, 0x1f, 0x34, 0x2e, 0x3f, 0x28, 0x60, 0x3c, 
    0x2f, 0x34, 0x39, 0x2e, 0x33, 0x35, 0x34, 0x72, 0x23, 0x73, 0x21, 0x2e, 
    0x28, 0x23, 0x21, 0x36, 0x3f, 0x2e, 0x7a, 0x0e, 0x67, 0x23, 0x01, 0x6b, 
    0x07, 0x76, 0x09, 0x67, 0x23, 0x01, 0x68, 0x07, 0x74, 0x2e, 0x35, 0x13, 
    0x34, 0x2e, 0x69, 0x68, 0x72, 0x73, 0x76, 0x22, 0x67, 0x34, 0x3f, 0x2d, 
    0x7a, 0x13, 0x36, 0x68, 0x19, 0x2a, 0x2a, 0x74, 0x15, 0x38, 0x30, 0x3f, 
    0x39, 0x2e, 0x72, 0x0e, 0x73, 0x74, 0x3c, 0x33, 0x3f, 0x36, 0x3e, 0x72, 
    0x78, 0x36, 0x0f, 0x33, 0x3e, 0x78, 0x73, 0x74, 0x2c, 0x3b, 0x36, 0x2f, 
    0x3f, 0x74, 0x2e, 0x35, 0x09, 0x2e, 0x28, 0x33, 0x34, 0x3d, 0x72, 0x73, 
    0x61, 0x3c, 0x72, 0x78, 0x12, 0x35, 0x35, 0x31, 0x78, 0x76, 0x3a, 0x08, 
    0x3f, 0x2a, 0x35, 0x28, 0x2e, 0x0a, 0x33, 0x39, 0x31, 0x12, 0x3f, 0x28, 
    0x35, 0x7a, 0x0f, 0x13, 0x1e, 0x60, 0x7a, 0x7e, 0x21, 0x22, 0x27, 0x76, 
    0x7a, 0x32, 0x3f, 0x28, 0x35, 0x13, 0x1e, 0x60, 0x7a, 0x7e, 0x21, 0x09, 
    0x27, 0x3a, 0x73, 0x61, 0x36, 0x3f, 0x2e, 0x7a, 0x7e, 0x67, 0x16, 0x72, 
    0x2e, 0x73, 0x76, 0x1f, 0x67, 0x0d, 0x72, 0x33, 0x76, 0x22, 0x76, 0x72, 
    0x2c, 0x76, 0x20, 0x73, 0x67, 0x64, 0x21, 0x2c, 0x67, 0x67, 0x67, 0x22, 
    0x7c, 0x7c, 0x72, 0x20, 0x74, 0x2a, 0x33, 0x39, 0x31, 0x0a, 0x32, 0x3b, 
    0x29, 0x3f, 0x67, 0x7b, 0x6b, 0x76, 0x20, 0x74, 0x09, 0x3f, 0x36, 0x12, 
    0x3f, 0x28, 0x35, 0x13, 0x1e, 0x67, 0x09, 0x73, 0x27, 0x73, 0x76, 0x1d, 
    0x67, 0x1f, 0x74, 0x3c, 0x33, 0x34, 0x3e, 0x72, 0x2c, 0x67, 0x64, 0x2c, 
    0x74, 0x33, 0x3e, 0x67, 0x67, 0x67, 0x22, 0x73, 0x76, 0x1e, 0x67, 0x1d, 
    0x65, 0x1d, 0x74, 0x2e, 0x3f, 0x3b, 0x37, 0x60, 0x6a, 0x76, 0x18, 0x67, 
    0x1f, 0x74, 0x29, 0x35, 0x37, 0x3f, 0x72, 0x2c, 0x67, 0x64, 0x2c, 0x74, 
    0x2e, 0x3f, 0x3b, 0x37, 0x67, 0x67, 0x67, 0x6b, 0x7c, 0x7c, 0x2c, 0x74, 
    0x2a, 0x33, 0x39, 0x31, 0x0a, 0x32, 0x3b, 0x29, 0x3f, 0x73, 0x76, 0x17, 
    0x67, 0x1f, 0x74, 0x29, 0x35, 0x37, 0x3f, 0x72, 0x2c, 0x67, 0x64, 0x2c, 
    0x74, 0x2e, 0x3f, 0x3b, 0x37, 0x67, 0x67, 0x67, 0x68, 0x7c, 0x7c, 0x2c, 
    0x74, 0x2a, 0x33, 0x39, 0x31, 0x0a, 0x32, 0x3b, 0x29, 0x3f, 0x73, 0x76, 
    0x0a, 0x67, 0x78, 0x78, 0x61, 0x18, 0x7c, 0x7c, 0x17, 0x65, 0x0a, 0x67, 
    0x78, 0x18, 0x35, 0x2e, 0x32, 0x7a, 0x0e, 0x3f, 0x3b, 0x37, 0x29, 0x7a, 
    0x0a, 0x33, 0x39, 0x31, 0x78, 0x60, 0x18, 0x65, 0x0a, 0x67, 0x78, 0x18, 
    0x36, 0x2f, 0x3f, 0x7a, 0x0e, 0x3f, 0x3b, 0x37, 0x7a, 0x0a, 0x33, 0x39, 
    0x31, 0x78, 0x60, 0x17, 0x7c, 0x7c, 0x72, 0x0a, 0x67, 0x78, 0x08, 0x3f, 
    0x3e, 0x7a, 0x0e, 0x3f, 0x3b, 0x37, 0x7a, 0x0a, 0x33, 0x39, 0x31, 0x78, 
    0x73, 0x76, 0x10, 0x72, 0x21, 0x35, 0x2a, 0x3f, 0x28, 0x3b, 0x2e, 0x35, 
    0x28, 0x13, 0x3e, 0x60, 0x7e, 0x76, 0x2a, 0x36, 0x3b, 0x23, 0x3f, 0x28, 
    0x29, 0x60, 0x1f, 0x76, 0x3e, 0x28, 0x3b, 0x3c, 0x2e, 0x0a, 0x32, 0x3b, 
    0x29, 0x3f, 0x60, 0x1e, 0x76, 0x39, 0x3b, 0x2a, 0x2e, 0x33, 0x35, 0x34, 
    0x60, 0x0a, 0x76, 0x37, 0x3b, 0x2a, 0x1e, 0x28, 0x3b, 0x2d, 0x60, 0x03, 
    0x76, 0x2e, 0x33, 0x37, 0x3f, 0x29, 0x2e, 0x3b, 0x37, 0x2a, 0x60, 0x34, 
    0x3f, 0x2d, 0x7a, 0x1e, 0x3b, 0x2e, 0x3f, 0x72, 0x73, 0x74, 0x2e, 0x35, 
    0x13, 0x09, 0x15, 0x09, 0x2e, 0x28, 0x33, 0x34, 0x3d, 0x72, 0x73, 0x27, 
    0x73, 0x27, 0x39, 0x3b, 0x2e, 0x39, 0x32, 0x72, 0x0e, 0x73, 0x21, 0x3c, 
    0x72, 0x78, 0x12, 0x35, 0x35, 0x31, 0x78, 0x76, 0x3a, 0x1f, 0x28, 0x28, 
    0x35, 0x28, 0x7a, 0x33, 0x34, 0x7a, 0x08, 0x3f, 0x2a, 0x35, 0x28, 0x2e, 
    0x0a, 0x33, 0x39, 0x31, 0x12, 0x3f, 0x28, 0x35, 0x60, 0x7a, 0x7e, 0x21, 
    0x0e, 0x74, 0x37, 0x3f, 0x29, 0x29, 0x3b, 0x3d, 0x3f, 0x27, 0x3a, 0x73, 
    0x27, 0x27, 0x27, 0x73, 0x61, 0x36, 0x3f, 0x2e, 0x7a, 0x2a, 0x67, 0x34, 
    0x74, 0x37, 0x3f, 0x2e, 0x32, 0x35, 0x3e, 0x72, 0x78, 0x08, 0x3f, 0x2a, 
    0x35, 0x28, 0x2e, 0x18, 0x3b, 0x34, 0x09, 0x2e, 0x3b, 0x28, 0x2e, 0x78, 
    0x73, 0x61, 0x2a, 0x7c, 0x7c, 0x13, 0x34, 0x2e, 0x3f, 0x28, 0x39, 0x3f, 
    0x2a, 0x2e, 0x35, 0x28, 0x74, 0x3b, 0x2e, 0x2e, 0x3b, 0x39, 0x32, 0x72, 
    0x2a, 0x74, 0x2c, 0x33, 0x28, 0x2e, 0x2f, 0x3b, 0x36, 0x1b, 0x3e, 0x3e, 
    0x28, 0x3f, 0x29, 0x29, 0x76, 0x21, 0x35, 0x34, 0x1f, 0x34, 0x2e, 0x3f, 
    0x28, 0x60, 0x3c, 0x2f, 0x34, 0x39, 0x2e, 0x33, 0x35, 0x34, 0x72, 0x23, 
    0x73, 0x21, 0x2e, 0x28, 0x23, 0x21, 0x36, 0x3f, 0x2e, 0x7a, 0x0e, 0x67, 
    0x23, 0x01, 0x6b, 0x07, 0x76, 0x09, 0x67, 0x23, 0x01, 0x68, 0x07, 0x74, 
    0x2e, 0x35, 0x13, 0x34, 0x2e, 0x69, 0x68, 0x72, 0x73, 0x76, 0x22, 0x67, 
    0x34, 0x3f, 0x2d, 0x7a, 0x13, 0x36, 0x68, 0x19, 0x2a, 0x2a, 0x74, 0x15, 
    0x38, 0x30, 0x3f, 0x39, 0x2e, 0x72, 0x0e, 0x73, 0x74, 0x3c, 0x33, 0x3f, 
    0x36, 0x3e, 0x72, 0x78, 0x36, 0x0f, 0x33, 0x3e, 0x78, 0x73, 0x74, 0x2c, 
    0x3b, 0x36, 0x2f, 0x3f, 0x74, 0x2e, 0x35, 0x09, 0x2e, 0x28, 0x33, 0x34, 
    0x3d, 0x72, 0x73, 0x61, 0x3c, 0x72, 0x78, 0x12, 0x35, 0x35, 0x31, 0x78, 
    0x76, 0x3a, 0x08, 0x3f, 0x2a, 0x35, 0x28, 0x2e, 0x18, 0x3b, 0x34, 0x09, 
    0x2e, 0x3b, 0x28, 0x2e, 0x7a, 0x0f, 0x13, 0x1e, 0x60, 0x7a, 0x7e, 0x21, 
    0x22, 0x27, 0x76, 0x7a, 0x2e, 0x33, 0x37, 0x3f, 0x60, 0x7a, 0x7e, 0x21, 
    0x09, 0x27, 0x3a, 0x73, 0x61, 0x36, 0x3f, 0x2e, 0x7a, 0x7e, 0x67, 0x16, 
    0x72, 0x2e, 0x73, 0x76, 0x1f, 0x67, 0x0d, 0x72, 0x33, 0x76, 0x22, 0x76, 
    0x72, 0x2c, 0x76, 0x20, 0x73, 0x67, 0x64, 0x21, 0x2c, 0x67, 0x67, 0x67, 
    0x22, 0x7c, 0x7c, 0x72, 0x20, 0x74, 0x38, 0x3b, 0x34, 0x0a, 0x32, 0x3b, 
    0x29, 0x3f, 0x67, 0x7b, 0x6a, 0x73, 0x27, 0x73, 0x76, 0x1d, 0x67, 0x1f, 
    0x74, 0x3c, 0x33, 0x34, 0x3e, 0x72, 0x2c, 0x67, 0x64, 0x2c, 0x74, 0x33, 
    0x3e, 0x67, 0x67, 0x67, 0x22, 0x73, 0x76, 0x1e, 0x67, 0x1d, 0x65, 0x1d, 
    0x74, 0x2e, 0x3f, 0x3b, 0x37, 0x60, 0x6a, 0x76, 0x18, 0x67, 0x1f, 0x74, 
    0x29, 0x35, 0x37, 0x3f, 0x72, 0x2c, 0x67, 0x64, 0x2c, 0x74, 0x2e, 0x3f, 
    0x3b, 0x37, 0x67, 0x67, 0x67, 0x6b, 0x7c, 0x7c, 0x2c, 0x74, 0x38, 0x3b, 
    0x34, 0x0a, 0x32, 0x3b, 0x29, 0x3f, 0x73, 0x76, 0x17, 0x67, 0x1f, 0x74, 
    0x29, 0x35, 0x37, 0x3f, 0x72, 0x2c, 0x67, 0x64, 0x2c, 0x74, 0x2e, 0x3f, 
    0x3b, 0x37, 0x67, 0x67, 0x67, 0x68, 0x7c, 0x7c, 0x2c, 0x74, 0x38, 0x3b, 
    0x34, 0x0a, 0x32, 0x3b, 0x29, 0x3f, 0x73, 0x76, 0x0a, 0x67, 0x78, 0x78, 
    0x61, 0x18, 0x7c, 0x7c, 0x17, 0x65, 0x0a, 0x67, 0x78, 0x18, 0x35, 0x2e, 
    0x32, 0x7a, 0x0e, 0x3f, 0x3b, 0x37, 0x29, 0x7a, 0x18, 0x3b, 0x34, 0x78, 
    0x60, 0x18, 0x65, 0x0a, 0x67, 0x78, 0x18, 0x36, 0x2f, 0x3f, 0x7a, 0x0e, 
    0x3f, 0x3b, 0x37, 0x7a, 0x18, 0x3b, 0x34, 0x78, 0x60, 0x17, 0x7c, 0x7c, 
    0x72, 0x0a, 0x67, 0x78, 0x08, 0x3f, 0x3e, 0x7a, 0x0e, 0x3f, 0x3b, 0x37, 
    0x7a, 0x18, 0x3b, 0x34, 0x78, 0x73, 0x76, 0x10, 0x72, 0x21, 0x35, 0x2a, 
    0x3f, 0x28, 0x3b, 0x2e, 0x35, 0x28, 0x13, 0x3e, 0x60, 0x7e, 0x76, 0x2a, 
    0x36, 0x3b, 0x23, 0x3f, 0x28, 0x29, 0x60, 0x1f, 0x76, 0x3e, 0x28, 0x3b, 
    0x3c, 0x2e, 0x0a, 0x32, 0x3b, 0x29, 0x3f, 0x60, 0x1e, 0x76, 0x39, 0x3b, 
    0x2a, 0x2e, 0x33, 0x35, 0x34, 0x60, 0x0a, 0x76, 0x37, 0x3b, 0x2a, 0x1e, 
    0x28, 0x3b, 0x2d, 0x60, 0x03, 0x76, 0x2e, 0x33, 0x37, 0x3f, 0x29, 0x2e, 
    0x3b, 0x37, 0x2a, 0x60, 0x34, 0x3f, 0x2d, 0x7a, 0x1e, 0x3b, 0x2e, 0x3f, 
    0x72, 0x73, 0x74, 0x2e, 0x35, 0x13, 0x09, 0x15, 0x09, 0x2e, 0x28, 0x33, 
    0x34, 0x3d, 0x72, 0x73, 0x27, 0x73, 0x27, 0x39, 0x3b, 0x2e, 0x39, 0x32, 
    0x72, 0x0e, 0x73, 0x21, 0x3c, 0x72, 0x78, 0x12, 0x35, 0x35, 0x31, 0x78, 
    0x76, 0x3a, 0x1f, 0x28, 0x28, 0x35, 0x28, 0x7a, 0x33, 0x34, 0x7a, 0x08, 
    0x3f, 0x2a, 0x35, 0x28, 0x2e, 0x18, 0x3b, 0x34, 0x09, 0x2e, 0x3b, 0x28, 
    0x2e, 0x60, 0x7a, 0x7e, 0x21, 0x0e, 0x74, 0x37, 0x3f, 0x29, 0x29, 0x3b, 
    0x3d, 0x3f, 0x27, 0x3a, 0x73, 0x27, 0x27, 0x27, 0x73, 0x61, 0x36, 0x3f, 
    0x2e, 0x7a, 0x3d, 0x67, 0x34, 0x74, 0x37, 0x3f, 0x2e, 0x32, 0x35, 0x3e, 
    0x72, 0x78, 0x08, 0x3f, 0x2a, 0x35, 0x28, 0x2e, 0x18, 0x3b, 0x34, 0x12, 
    0x3f, 0x28, 0x35, 0x78, 0x73, 0x61, 0x3d, 0x7c, 0x7c, 0x13, 0x34, 0x2e, 
    0x3f, 0x28, 0x39, 0x3f, 0x2a, 0x2e, 0x35, 0x28, 0x74, 0x3b, 0x2e, 0x2e, 
    0x3b, 0x39, 0x32, 0x72, 0x3d, 0x74, 0x2c, 0x33, 0x28, 0x2e, 0x2f, 0x3b, 
    0x36, 0x1b, 0x3e, 0x3e, 0x28, 0x3f, 0x29, 0x29, 0x76, 0x21, 0x35, 0x34, 
    0x1f, 0x34, 0x2e, 0x3f, 0x28, 0x60, 0x3c, 0x2f, 0x34, 0x39, 0x2e, 0x33, 
    0x35, 0x34, 0x72, 0x23, 0x73, 0x21, 0x2e, 0x28, 0x23, 0x21, 0x36, 0x3f, 
    0x2e, 0x7a, 0x0e, 0x67, 0x23, 0x01, 0x6b, 0x07, 0x76, 0x09, 0x67, 0x23, 
    0x01, 0x68, 0x07, 0x74, 0x2e, 0x35, 0x13, 0x34, 0x2e, 0x69, 0x68, 0x72, 
    0x73, 0x76, 0x22, 0x67, 0x34, 0x3f, 0x2d, 0x7a, 0x13, 0x36, 0x68, 0x19, 
    0x2a, 0x2a, 0x74, 0x15, 0x38, 0x30, 0x3f, 0x39, 0x2e, 0x72, 0x0e, 0x73, 
    0x74, 0x3c, 0x33, 0x3f, 0x36, 0x3e, 0x72, 0x78, 0x36, 0x0f, 0x33, 0x3e, 
    0x78, 0x73, 0x74, 0x2c, 0x3b, 0x36, 0x2f, 0x3f, 0x74, 0x2e, 0x35, 0x09, 
    0x2e, 0x28, 0x33, 0x34, 0x3d, 0x72, 0x73, 0x61, 0x3c, 0x72, 0x78, 0x12, 
    0x35, 0x35, 0x31, 0x78, 0x76, 0x3a, 0x08, 0x3f, 0x2a, 0x35, 0x28, 0x2e, 
    0x18, 0x3b, 0x34, 0x12, 0x3f, 0x28, 0x35, 0x7a, 0x0f, 0x13, 0x1e, 0x60, 
    0x7a, 0x7e, 0x21, 0x22, 0x27, 0x76, 0x7a, 0x32, 0x3f, 0x28, 0x35, 0x13, 
    0x1e, 0x60, 0x7a, 0x7e, 0x21, 0x09, 0x27, 0x3a, 0x73, 0x61, 0x36, 0x3f, 
    0x2e, 0x7a, 0x7e, 0x67, 0x16, 0x72, 0x2e, 0x73, 0x76, 0x1f, 0x67, 0x0d, 
    0x72, 0x33, 0x76, 0x22, 0x76, 0x72, 0x2c, 0x76, 0x20, 0x73, 0x67, 0x64, 
    0x21, 0x2c, 0x67, 0x67, 0x67, 0x22, 0x7c, 0x7c, 0x72, 0x20, 0x74, 0x38, 
    0x3b, 0x34, 0x0a, 0x32, 0x3b, 0x29, 0x3f, 0x67, 0x7b, 0x6b, 0x76, 0x20, 
    0x74, 0x38, 0x3b, 0x34, 0x12, 0x3f, 0x28, 0x35, 0x67, 0x09, 0x73, 0x27, 
    0x73, 0x76, 0x1d, 0x67, 0x1f, 0x74, 0x3c, 0x33, 0x34, 0x3e, 0x72, 0x2c, 
    0x67, 0x64, 0x2c, 0x74, 0x33, 0x3e, 0x67, 0x67, 0x67, 0x22, 0x73, 0x76, 
    0x1e, 0x67, 0x1d, 0x65, 0x1d, 0x74, 0x2e, 0x3f, 0x3b, 0x37, 0x60, 0x6a, 
    0x76, 0x18, 0x67, 0x1f, 0x74, 0x29, 0x35, 0x37, 0x3f, 0x72, 0x2c, 0x67, 
    0x64, 0x2c, 0x74, 0x2e, 0x3f, 0x3b, 0x37, 0x67, 0x67, 0x67, 0x6b, 0x7c, 
    0x7c, 0x2c, 0x74, 0x38, 0x3b, 0x34, 0x0a, 0x32, 0x3b, 0x29, 0x3f, 0x73, 
    0x76, 0x17, 0x67, 0x1f, 0x74, 0x29, 0x35, 0x37, 0x3f, 0x72, 0x2c, 0x67, 
    0x64, 0x2c, 0x74, 0x2e, 0x3f, 0x3b, 0x37, 0x67, 0x67, 0x67, 0x68, 0x7c, 
    0x7c, 0x2c, 0x74, 0x38, 0x3b, 0x34, 0x0a, 0x32, 0x3b, 0x29, 0x3f, 0x73, 
    0x76, 0x0a, 0x67, 0x78, 0x78, 0x61, 0x18, 0x7c, 0x7c, 0x17, 0x65, 0x0a, 
    0x67, 0x78, 0x18, 0x35, 0x2e, 0x32, 0x7a, 0x0e, 0x3f, 0x3b, 0x37, 0x29, 
    0x7a, 0x18, 0x3b, 0x34, 0x78, 0x60, 0x18, 0x65, 0x0a, 0x67, 0x78, 0x18, 
    0x36, 0x2f, 0x3f, 0x7a, 0x0e, 0x3f, 0x3b, 0x37, 0x7a, 0x18, 0x3b, 0x34, 
    0x78, 0x60, 0x17, 0x7c, 0x7c, 0x72, 0x0a, 0x67, 0x78, 0x08, 0x3f, 0x3e, 
    0x7a, 0x0e, 0x3f, 0x3b, 0x37, 0x7a, 0x18, 0x3b, 0x34, 0x78, 0x73, 0x76, 
    0x10, 0x72, 0x21, 0x35, 0x2a, 0x3f, 0x28, 0x3b, 0x2e, 0x35, 0x28, 0x13, 
    0x3e, 0x60, 0x7e, 0x76, 0x2a, 0x36, 0x3b, 0x23, 0x3f, 0x28, 0x29, 0x60, 
    0x1f, 0x76, 0x3e, 0x28, 0x3b, 0x3c, 0x2e, 0x0a, 0x32, 0x3b, 0x29, 0x3f, 
    0x60, 0x1e, 0x76, 0x39, 0x3b, 0x2a, 0x2e, 0x33, 0x35, 0x34, 0x60, 0x0a, 
    0x76, 0x37, 0x3b, 0x2a, 0x1e, 0x28, 0x3b, 0x2d, 0x60, 0x03, 0x76, 0x2e, 
    0x33, 0x37, 0x3f, 0x29, 0x2e, 0x3b, 0x37, 0x2a, 0x60, 0x34, 0x3f, 0x2d, 
    0x7a, 0x1e, 0x3b, 0x2e, 0x3f, 0x72, 0x73, 0x74, 0x2e, 0x35, 0x13, 0x09, 
    0x15, 0x09, 0x2e, 0x28, 0x33, 0x34, 0x3d, 0x72, 0x73, 0x27, 0x73, 0x27, 
    0x39, 0x3b, 0x2e, 0x39, 0x32, 0x72, 0x0e, 0x73, 0x21, 0x3c, 0x72, 0x78, 
    0x12, 0x35, 0x35, 0x31, 0x78, 0x76, 0x3a, 0x1f, 0x28, 0x28, 0x35, 0x28, 
    0x7a, 0x33, 0x34, 0x7a, 0x08, 0x3f, 0x2a, 0x35, 0x28, 0x2e, 0x18, 0x3b, 
    0x34, 0x12, 0x3f, 0x28, 0x35, 0x60, 0x7a, 0x7e, 0x21, 0x0e, 0x74, 0x37, 
    0x3f, 0x29, 0x29, 0x3b, 0x3d, 0x3f, 0x27, 0x3a, 0x73, 0x27, 0x27, 0x27, 
    0x73, 0x61, 0x36, 0x3f, 0x2e, 0x7a, 0x05, 0x67, 0x29, 0x74, 0x37, 0x3f, 
    0x2e, 0x32, 0x35, 0x3e, 0x72, 0x78, 0x08, 0x3f, 0x39, 0x3f, 0x09, 0x2e, 
    0x3b, 0x28, 0x2e, 0x19, 0x32, 0x3b, 0x34, 0x3d, 0x3f, 0x78, 0x73, 0x61, 
    0x05, 0x7c, 0x7c, 0x13, 0x34, 0x2e, 0x3f, 0x28, 0x39, 0x3f, 0x2a, 0x2e, 
    0x35, 0x28, 0x74, 0x3b, 0x2e, 0x2e, 0x3b, 0x39, 0x32, 0x72, 0x05, 0x74, 
    0x2c, 0x33, 0x28, 0x2e, 0x2f, 0x3b, 0x36, 0x1b, 0x3e, 0x3e, 0x28, 0x3f, 
    0x29, 0x29, 0x76, 0x21, 0x35, 0x34, 0x1f, 0x34, 0x2e, 0x3f, 0x28, 0x60, 
    0x3c, 0x2f, 0x34, 0x39, 0x2e, 0x33, 0x35, 0x34, 0x72, 0x23, 0x73, 0x21, 
    0x2e, 0x28, 0x23, 0x21, 0x36, 0x3f, 0x2e, 0x7a, 0x0e, 0x67, 0x16, 0x72, 
    0x2e, 0x73, 0x76, 0x09, 0x67, 0x0d, 0x72, 0x34, 0x2f, 0x36, 0x36, 0x76, 
    0x34, 0x2f, 0x36, 0x36, 0x73, 0x76, 0x08, 0x67, 0x6e, 0x76, 0x22, 0x67, 
    0x78, 0x19, 0x32, 0x3b, 0x34, 0x3d, 0x3f, 0x78, 0x76, 0x7e, 0x61, 0x13, 
    0x36, 0x68, 0x19, 0x2a, 0x2a, 0x74, 0x3d, 0x39, 0x74, 0x39, 0x32, 0x35, 
    0x35, 0x29, 0x3f, 0x72, 0x29, 0x73, 0x74, 0x3c, 0x35, 0x28, 0x1f, 0x3b, 
    0x39, 0x32, 0x72, 0x1d, 0x67, 0x64, 0x21, 0x7e, 0x67, 0x1d, 0x74, 0x3c, 
    0x33, 0x3f, 0x36, 0x3e, 0x72, 0x78, 0x33, 0x19, 0x32, 0x3b, 0x34, 0x3d, 
    0x3f, 0x12, 0x3f, 0x28, 0x35, 0x0e, 0x33, 0x37, 0x3f, 0x09, 0x2a, 0x3b, 
    0x34, 0x78, 0x73, 0x74, 0x2c, 0x3b, 0x36, 0x2f, 0x3f, 0x27, 0x73, 0x76, 
    0x10, 0x72, 0x21, 0x35, 0x2a, 0x3f, 0x28, 0x3b, 0x2e, 0x35, 0x28, 0x13, 
    0x3e, 0x60, 0x0e, 0x76, 0x3e, 0x28, 0x3b, 0x3c, 0x2e, 0x0a, 0x32, 0x3b, 
    0x29, 0x3f, 0x60, 0x08, 0x76, 0x2a, 0x36, 0x3b, 0x23, 0x3f, 0x28, 0x29, 
    0x60, 0x09, 0x76, 0x3e, 0x28, 0x3b, 0x3c, 0x2e, 0x0e, 0x33, 0x37, 0x3f, 
    0x60, 0x7e, 0x76, 0x39, 0x3b, 0x2a, 0x2e, 0x33, 0x35, 0x34, 0x60, 0x22, 
    0x76, 0x37, 0x3b, 0x2a, 0x1e, 0x28, 0x3b, 0x2d, 0x60, 0x03, 0x76, 0x2e, 
    0x33, 0x37, 0x3f, 0x29, 0x2e, 0x3b, 0x37, 0x2a, 0x60, 0x34, 0x3f, 0x2d, 
    0x7a, 0x1e, 0x3b, 0x2e, 0x3f, 0x72, 0x73, 0x74, 0x2e, 0x35, 0x13, 0x09, 
    0x15, 0x09, 0x2e, 0x28, 0x33, 0x34, 0x3d, 0x72, 0x73, 0x27, 0x73, 0x27, 
    0x39, 0x3b, 0x2e, 0x39, 0x32, 0x72, 0x0e, 0x73, 0x21, 0x3c, 0x72, 0x78, 
    0x12, 0x35, 0x35, 0x31, 0x78, 0x76, 0x3a, 0x1f, 0x28, 0x28, 0x35, 0x28, 
    0x7a, 0x33, 0x34, 0x7a, 0x08, 0x3f, 0x39, 0x3f, 0x09, 0x2e, 0x3b, 0x28, 
    0x2e, 0x19, 0x32, 0x3b, 0x34, 0x3d, 0x3f, 0x60, 0x7a, 0x7e, 0x21, 0x0e, 
    0x74, 0x37, 0x3f, 0x29, 0x29, 0x3b, 0x3d, 0x3f, 0x27, 0x3a, 0x73, 0x27, 
    0x27, 0x27, 0x73, 0x61, 0x36, 0x3f, 0x2e, 0x7a, 0x31, 0x67, 0x29, 0x74, 
    0x37, 0x3f, 0x2e, 0x32, 0x35, 0x3e, 0x72, 0x78, 0x08, 0x3f, 0x39, 0x3f, 
    0x09, 0x2e, 0x3b, 0x28, 0x2e, 0x18, 0x3b, 0x34, 0x0e, 0x35, 0x3d, 0x3f, 
    0x2e, 0x32, 0x3f, 0x28, 0x78, 0x73, 0x61, 0x31, 0x7c, 0x7c, 0x13, 0x34, 
    0x2e, 0x3f, 0x28, 0x39, 0x3f, 0x2a, 0x2e, 0x35, 0x28, 0x74, 0x3b, 0x2e, 
    0x2e, 0x3b, 0x39, 0x32, 0x72, 0x31, 0x74, 0x2c, 0x33, 0x28, 0x2e, 0x2f, 
    0x3b, 0x36, 0x1b, 0x3e, 0x3e, 0x28, 0x3f, 0x29, 0x29, 0x76, 0x21, 0x35, 
    0x34, 0x1f, 0x34, 0x2e, 0x3f, 0x28, 0x60, 0x3c, 0x2f, 0x34, 0x39, 0x2e, 
    0x33, 0x35, 0x34, 0x72, 0x23, 0x73, 0x21, 0x2e, 0x28, 0x23, 0x21, 0x36, 
    0x3f, 0x2e, 0x7a, 0x0e, 0x67, 0x16, 0x72, 0x2e, 0x73, 0x76, 0x09, 0x67, 
    0x0d, 0x72, 0x34, 0x2f, 0x36, 0x36, 0x76, 0x34, 0x2f, 0x36, 0x36, 0x73, 
    0x76, 0x08, 0x61, 0x13, 0x36, 0x68, 0x19, 0x2a, 0x2a, 0x74, 0x3d, 0x39, 
    0x74, 0x39, 0x32, 0x35, 0x35, 0x29, 0x3f, 0x72, 0x29, 0x73, 0x74, 0x3c, 
    0x35, 0x28, 0x1f, 0x3b, 0x39, 0x32, 0x72, 0x7e, 0x67, 0x64, 0x21, 0x08, 
    0x67, 0x7e, 0x74, 0x3c, 0x33, 0x3f, 0x36, 0x3e, 0x72, 0x78, 0x33, 0x18, 
    0x3b, 0x34, 0x0e, 0x33, 0x37, 0x3f, 0x09, 0x2a, 0x3b, 0x34, 0x78, 0x73, 
    0x74, 0x2c, 0x3b, 0x36, 0x2f, 0x3f, 0x27, 0x73, 0x76, 0x10, 0x72, 0x21, 
    0x35, 0x2a, 0x3f, 0x28, 0x3b, 0x2e, 0x35, 0x28, 0x13, 0x3e, 0x60, 0x0e, 
    0x76, 0x3e, 0x28, 0x3b, 0x3c, 0x2e, 0x0a, 0x32, 0x3b, 0x29, 0x3f, 0x60, 
    0x1c, 0x3f, 0x76, 0x2a, 0x36, 0x3b, 0x23, 0x3f, 0x28, 0x29, 0x60, 0x09, 
    0x76, 0x3e, 0x28, 0x3b, 0x3c, 0x2e, 0x0e, 0x33, 0x37, 0x3f, 0x60, 0x08, 
    0x76, 0x39, 0x3b, 0x2a, 0x2e, 0x33, 0x35, 0x34, 0x60, 0x18, 0x3f, 0x76, 
    0x37, 0x3b, 0x2a, 0x1e, 0x28, 0x3b, 0x2d, 0x60, 0x03, 0x76, 0x2e, 0x33, 
    0x37, 0x3f, 0x29, 0x2e, 0x3b, 0x37, 0x2a, 0x60, 0x34, 0x3f, 0x2d, 0x7a, 
    0x1e, 0x3b, 0x2e, 0x3f, 0x72, 0x73, 0x74, 0x2e, 0x35, 0x13, 0x09, 0x15, 
    0x09, 0x2e, 0x28, 0x33, 0x34, 0x3d, 0x72, 0x73, 0x27, 0x73, 0x27, 0x39, 
    0x3b, 0x2e, 0x39, 0x32, 0x72, 0x0e, 0x73, 0x21, 0x3c, 0x72, 0x78, 0x12, 
    0x35, 0x35, 0x31, 0x78, 0x76, 0x3a, 0x1f, 0x28, 0x28, 0x35, 0x28, 0x7a, 
    0x33, 0x34, 0x7a, 0x08, 0x3f, 0x39, 0x3f, 0x09, 0x2e, 0x3b, 0x28, 0x2e, 
    0x19, 0x32, 0x3b, 0x34, 0x3d, 0x3f, 0x60, 0x7a, 0x7e, 0x21, 0x0e, 0x74, 
    0x37, 0x3f, 0x29, 0x29, 0x3b, 0x3d, 0x3f, 0x27, 0x3a, 0x73, 0x27, 0x27, 
    0x27, 0x73, 0x76, 0x29, 0x74, 0x37, 0x3f, 0x2e, 0x32, 0x35, 0x3e, 0x29, 
    0x74, 0x3c, 0x33, 0x36, 0x2e, 0x3f, 0x28, 0x72, 0x23, 0x67, 0x64, 0x23, 
    0x74, 0x34, 0x3b, 0x37, 0x3f, 0x67, 0x67, 0x67, 0x78, 0x08, 0x3f, 0x39, 
    0x3f, 0x09, 0x2e, 0x3b, 0x28, 0x2e, 0x18, 0x3b, 0x34, 0x09, 0x2e, 0x3b, 
    0x2e, 0x3f, 0x78, 0x73, 0x74, 0x3c, 0x35, 0x28, 0x1f, 0x3b, 0x39, 0x32, 
    0x72, 0x23, 0x67, 0x64, 0x21, 0x13, 0x34, 0x2e, 0x3f, 0x28, 0x39, 0x3f, 
    0x2a, 0x2e, 0x35, 0x28, 0x74, 0x3b, 0x2e, 0x2e, 0x3b, 0x39, 0x32, 0x72, 
    0x23, 0x74, 0x2c, 0x33, 0x28, 0x2e, 0x2f, 0x3b, 0x36, 0x1b, 0x3e, 0x3e, 
    0x28, 0x3f, 0x29, 0x29, 0x76, 0x21, 0x35, 0x34, 0x1f, 0x34, 0x2e, 0x3f, 
    0x28, 0x60, 0x3c, 0x2f, 0x34, 0x39, 0x2e, 0x33, 0x35, 0x34, 0x72, 0x0e, 
    0x73, 0x21, 0x2e, 0x28, 0x23, 0x21, 0x36, 0x3f, 0x2e, 0x7a, 0x09, 0x67, 
    0x16, 0x72, 0x2e, 0x73, 0x76, 0x08, 0x67, 0x0d, 0x72, 0x34, 0x2f, 0x36, 
    0x36, 0x76, 0x34, 0x2f, 0x36, 0x36, 0x73, 0x76, 0x22, 0x61, 0x13, 0x36, 
    0x68, 0x19, 0x2a, 0x2a, 0x74, 0x3d, 0x39, 0x74, 0x39, 0x32, 0x35, 0x35, 
    0x29, 0x3f, 0x72, 0x29, 0x73, 0x74, 0x3c, 0x35, 0x28, 0x1f, 0x3b, 0x39, 
    0x32, 0x72, 0x1f, 0x67, 0x64, 0x21, 0x22, 0x67, 0x1f, 0x74, 0x3c, 0x33, 
    0x3f, 0x36, 0x3e, 0x72, 0x78, 0x33, 0x18, 0x3b, 0x34, 0x0e, 0x33, 0x37, 
    0x3f, 0x09, 0x2a, 0x3b, 0x34, 0x78, 0x73, 0x74, 0x2c, 0x3b, 0x36, 0x2f, 
    0x3f, 0x27, 0x73, 0x76, 0x10, 0x72, 0x21, 0x35, 0x2a, 0x3f, 0x28, 0x3b, 
    0x2e, 0x35, 0x28, 0x13, 0x3e, 0x60, 0x09, 0x76, 0x2a, 0x36, 0x3b, 0x23, 
    0x3f, 0x28, 0x29, 0x60, 0x08, 0x76, 0x3e, 0x28, 0x3b, 0x3c, 0x2e, 0x0e, 
    0x33, 0x37, 0x3f, 0x60, 0x22, 0x76, 0x37, 0x3b, 0x2a, 0x1e, 0x28, 0x3b, 
    0x2d, 0x60, 0x03, 0x76, 0x2e, 0x33, 0x37, 0x3f, 0x29, 0x2e, 0x3b, 0x37, 
    0x2a, 0x60, 0x34, 0x3f, 0x2d, 0x7a, 0x1e, 0x3b, 0x2e, 0x3f, 0x72, 0x73, 
    0x74, 0x2e, 0x35, 0x13, 0x09, 0x15, 0x09, 0x2e, 0x28, 0x33, 0x34, 0x3d, 
    0x72, 0x73, 0x27, 0x73, 0x27, 0x39, 0x3b, 0x2e, 0x39, 0x32, 0x72, 0x09, 
    0x73, 0x21, 0x3c, 0x72, 0x78, 0x12, 0x35, 0x35, 0x31, 0x78, 0x76, 0x3a, 
    0x1f, 0x28, 0x28, 0x35, 0x28, 0x7a, 0x33, 0x34, 0x7a, 0x08, 0x3f, 0x39, 
    0x3f, 0x09, 0x2e, 0x3b, 0x28, 0x2e, 0x18, 0x3b, 0x34, 0x09, 0x2e, 0x3b, 
    0x2e, 0x3f, 0x60, 0x7a, 0x7e, 0x21, 0x09, 0x74, 0x37, 0x3f, 0x29, 0x29, 
    0x3b, 0x3d, 0x3f, 0x27, 0x3a, 0x73, 0x27, 0x27, 0x27, 0x73, 0x27, 0x73, 
    0x76, 0x29, 0x74, 0x37, 0x3f, 0x2e, 0x32, 0x35, 0x3e, 0x29, 0x74, 0x3c, 
    0x33, 0x36, 0x2e, 0x3f, 0x28, 0x72, 0x23, 0x67, 0x64, 0x23, 0x74, 0x34, 
    0x3b, 0x37, 0x3f, 0x67, 0x67, 0x67, 0x78, 0x08, 0x3f, 0x39, 0x3f, 0x09, 
    0x2e, 0x3b, 0x28, 0x2e, 0x09, 0x3f, 0x39, 0x35, 0x34, 0x3e, 0x18, 0x3b, 
    0x34, 0x09, 0x2e, 0x3b, 0x2e, 0x3f, 0x78, 0x73, 0x74, 0x3c, 0x35, 0x28, 
    0x1f, 0x3b, 0x39, 0x32, 0x72, 0x23, 0x67, 0x64, 0x21, 0x13, 0x34, 0x2e, 
    0x3f, 0x28, 0x39, 0x3f, 0x2a, 0x2e, 0x35, 0x28, 0x74, 0x3b, 0x2e, 0x2e, 
    0x3b, 0x39, 0x32, 0x72, 0x23, 0x74, 0x2c, 0x33, 0x28, 0x2e, 0x2f, 0x3b, 
    0x36, 0x1b, 0x3e, 0x3e, 0x28, 0x3f, 0x29, 0x29, 0x76, 0x21, 0x35, 0x34, 
    0x1f, 0x34, 0x2e, 0x3f, 0x28, 0x60, 0x3c, 0x2f, 0x34, 0x39, 0x2e, 0x33, 
    0x35, 0x34, 0x72, 0x0e, 0x73, 0x21, 0x2e, 0x28, 0x23, 0x21, 0x36, 0x3f, 
    0x2e, 0x7a, 0x09, 0x67, 0x16, 0x72, 0x2e, 0x73, 0x76, 0x08, 0x67, 0x0d, 
    0x72, 0x34, 0x2f, 0x36, 0x36, 0x76, 0x34, 0x2f, 0x36, 0x36, 0x73, 0x76, 
    0x22, 0x61, 0x13, 0x36, 0x68, 0x19, 0x2a, 0x2a, 0x74, 0x3d, 0x39, 0x74, 
    0x39, 0x32, 0x35, 0x35, 0x29, 0x3f, 0x72, 0x29, 0x73, 0x74, 0x3c, 0x35, 
    0x28, 0x1f, 0x3b, 0x39, 0x32, 0x72, 0x1f, 0x67, 0x64, 0x21, 0x22, 0x67, 
    0x1f, 0x74, 0x3c, 0x33, 0x3f, 0x36, 0x3e, 0x72, 0x78, 0x33, 0x09, 0x3f, 
    0x39, 0x35, 0x34, 0x3e, 0x18, 0x3b, 0x34, 0x0e, 0x33, 0x37, 0x3f, 0x09, 
    0x2a, 0x3b, 0x34, 0x78, 0x73, 0x74, 0x2c, 0x3b, 0x36, 0x2f, 0x3f, 0x27, 
    0x73, 0x76, 0x10, 0x72, 0x21, 0x35, 0x2a, 0x3f, 0x28, 0x3b, 0x2e, 0x35, 
    0x28, 0x13, 0x3e, 0x60, 0x09, 0x76, 0x2a, 0x36, 0x3b, 0x23, 0x3f, 0x28, 
    0x29, 0x60, 0x08, 0x76, 0x3e, 0x28, 0x3b, 0x3c, 0x2e, 0x0e, 0x33, 0x37, 
    0x3f, 0x60, 0x22, 0x76, 0x37, 0x3b, 0x2a, 0x1e, 0x28, 0x3b, 0x2d, 0x60, 
    0x03, 0x76, 0x2e, 0x33, 0x37, 0x3f, 0x29, 0x2e, 0x3b, 0x37, 0x2a, 0x60, 
    0x34, 0x3f, 0x2d, 0x7a, 0x1e, 0x3b, 0x2e, 0x3f, 0x72, 0x73, 0x74, 0x2e, 
    0x35, 0x13, 0x09, 0x15, 0x09, 0x2e, 0x28, 0x33, 0x34, 0x3d, 0x72, 0x73, 
    0x27, 0x73, 0x27, 0x39, 0x3b, 0x2e, 0x39, 0x32, 0x72, 0x09, 0x73, 0x21, 
    0x3c, 0x72, 0x78, 0x12, 0x35, 0x35, 0x31, 0x78, 0x76, 0x3a, 0x1f, 0x28, 
    0x28, 0x35, 0x28, 0x7a, 0x33, 0x34, 0x7a, 0x08, 0x3f, 0x39, 0x3f, 0x09, 
    0x2e, 0x3b, 0x28, 0x2e, 0x09, 0x3f, 0x39, 0x35, 0x34, 0x3e, 0x18, 0x3b, 
    0x34, 0x09, 0x2e, 0x3b, 0x2e, 0x3f, 0x60, 0x7a, 0x7e, 0x21, 0x09, 0x74, 
    0x37, 0x3f, 0x29, 0x29, 0x3b, 0x3d, 0x3f, 0x27, 0x3a, 0x73, 0x27, 0x27, 
    0x27, 0x73, 0x27, 0x73, 0x76, 0x29, 0x74, 0x37, 0x3f, 0x2e, 0x32, 0x35, 
    0x3e, 0x29, 0x74, 0x3c, 0x33, 0x36, 0x2e, 0x3f, 0x28, 0x72, 0x23, 0x67, 
    0x64, 0x23, 0x74, 0x34, 0x3b, 0x37, 0x3f, 0x67, 0x67, 0x67, 0x78, 0x08, 
    0x3f, 0x39, 0x3f, 0x09, 0x2e, 0x3b, 0x28, 0x2e, 0x0a, 0x33, 0x39, 0x31, 
    0x09, 0x2e, 0x3b, 0x2e, 0x3f, 0x78, 0x73, 0x74, 0x3c, 0x35, 0x28, 0x1f, 
    0x3b, 0x39, 0x32, 0x72, 0x23, 0x67, 0x64, 0x21, 0x13, 0x34, 0x2e, 0x3f, 
    0x28, 0x39, 0x3f, 0x2a, 0x2e, 0x35, 0x28, 0x74, 0x3b, 0x2e, 0x2e, 0x3b, 
    0x39, 0x32, 0x72, 0x23, 0x74, 0x2c, 0x33, 0x28, 0x2e, 0x2f, 0x3b, 0x36, 
    0x1b, 0x3e, 0x3e, 0x28, 0x3f, 0x29, 0x29, 0x76, 0x21, 0x35, 0x34, 0x1f, 
    0x34, 0x2e, 0x3f, 0x28, 0x60, 0x3c, 0x2f, 0x34, 0x39, 0x2e, 0x33, 0x35, 
    0x34, 0x72, 0x0e, 0x73, 0x21, 0x2e, 0x28, 0x23, 0x21, 0x36, 0x3f, 0x2e, 
    0x7a, 0x09, 0x67, 0x16, 0x72, 0x2e, 0x73, 0x76, 0x08, 0x67, 0x0d, 0x72, 
    0x34, 0x2f, 0x36, 0x36, 0x76, 0x34, 0x2f, 0x36, 0x36, 0x73, 0x76, 0x22, 
    0x61, 0x13, 0x36, 0x68, 0x19, 0x2a, 0x2a, 0x74, 0x3d, 0x39, 0x74, 0x39, 
    0x32, 0x35, 0x35, 0x29, 0x3f, 0x72, 0x29, 0x73, 0x74, 0x3c, 0x35, 0x28, 
    0x1f, 0x3b, 0x39, 0x32, 0x72, 0x1f, 0x67, 0x64, 0x21, 0x22, 0x67, 0x1f, 
    0x74, 0x3c, 0x33, 0x3f, 0x36, 0x3e, 0x72, 0x78, 0x33, 0x0a, 0x33, 0x39, 
    0x31, 0x0e, 0x33, 0x37, 0x3f, 0x09, 0x2a, 0x3b, 0x34, 0x78, 0x73, 0x74, 
    0x2c, 0x3b, 0x36, 0x2f, 0x3f, 0x27, 0x73, 0x76, 0x10, 0x72, 0x21, 0x35, 
    0x2a, 0x3f, 0x28, 0x3b, 0x2e, 0x35, 0x28, 0x13, 0x3e, 0x60, 0x09, 0x76, 
    0x2a, 0x36, 0x3b, 0x23, 0x3f, 0x28, 0x29, 0x60, 0x08, 0x76, 0x3e, 0x28, 
    0x3b, 0x3c, 0x2e, 0x0e, 0x33, 0x37, 0x3f, 0x60, 0x22, 0x76, 0x37, 0x3b, 
    0x2a, 0x1e, 0x28, 0x3b, 0x2d, 0x60, 0x03, 0x76, 0x2e, 0x33, 0x37, 0x3f, 
    0x29, 0x2e, 0x3b, 0x37, 0x2a, 0x60, 0x34, 0x3f, 0x2d, 0x7a, 0x1e, 0x3b, 
    0x2e, 0x3f, 0x72, 0x73, 0x74, 0x2e, 0x35, 0x13, 0x09, 0x15, 0x09, 0x2e, 
    0x28, 0x33, 0x34, 0x3d, 0x72, 0x73, 0x27, 0x73, 0x27, 0x39, 0x3b, 0x2e, 
    0x39, 0x32, 0x72, 0x09, 0x73, 0x21, 0x3c, 0x72, 0x78, 0x12, 0x35, 0x35, 
    0x31, 0x78, 0x76, 0x3a, 0x1f, 0x28, 0x28, 0x35, 0x28, 0x7a, 0x33, 0x34, 
    0x7a, 0x08, 0x3f, 0x39, 0x3f, 0x09, 0x2e, 0x3b, 0x28, 0x2e, 0x0a, 0x33, 
    0x39, 0x31, 0x09, 0x2e, 0x3b, 0x2e, 0x3f, 0x60, 0x7a, 0x7e, 0x21, 0x09, 
    0x74, 0x37, 0x3f, 0x29, 0x29, 0x3b, 0x3d, 0x3f, 0x27, 0x3a, 0x73, 0x27, 
    0x27, 0x27, 0x73, 0x27, 0x73, 0x76, 0x29, 0x74, 0x37, 0x3f, 0x2e, 0x32, 
    0x35, 0x3e, 0x29, 0x74, 0x3c, 0x33, 0x36, 0x2e, 0x3f, 0x28, 0x72, 0x23, 
    0x67, 0x64, 0x23, 0x74, 0x34, 0x3b, 0x37, 0x3f, 0x67, 0x67, 0x67, 0x78, 
    0x08, 0x3f, 0x39, 0x3f, 0x09, 0x2e, 0x3b, 0x28, 0x2e, 0x09, 0x3f, 0x39, 
    0x35, 0x34, 0x3e, 0x0a, 0x33, 0x39, 0x31, 0x09, 0x2e, 0x3b, 0x2e, 0x3f, 
    0x78, 0x73, 0x74, 0x3c, 0x35, 0x28, 0x1f, 0x3b, 0x39, 0x32, 0x72, 0x23, 
    0x67, 0x64, 0x21, 0x13, 0x34, 0x2e, 0x3f, 0x28, 0x39, 0x3f, 0x2a, 0x2e, 
    0x35, 0x28, 0x74, 0x3b, 0x2e, 0x2e, 0x3b, 0x39, 0x32, 0x72, 0x23, 0x74, 
    0x2c, 0x33, 0x28, 0x2e, 0x2f, 0x3b, 0x36, 0x1b, 0x3e, 0x3e, 0x28, 0x3f, 
    0x29, 0x29, 0x76, 0x21, 0x35, 0x34, 0x1f, 0x34, 0x2e, 0x3f, 0x28, 0x60, 
    0x3c, 0x2f, 0x34, 0x39, 0x2e, 0x33, 0x35, 0x34, 0x72, 0x0e, 0x73, 0x21, 
    0x2e, 0x28, 0x23, 0x21, 0x36, 0x3f, 0x2e, 0x7a, 0x09, 0x67, 0x16, 0x72, 
    0x2e, 0x73, 0x76, 0x08, 0x67, 0x0d, 0x72, 0x34, 0x2f, 0x36, 0x36, 0x76, 
    0x34, 0x2f, 0x36, 0x36, 0x73, 0x76, 0x22, 0x61, 0x13, 0x36, 0x68, 0x19, 
    0x2a, 0x2a, 0x74, 0x3d, 0x39, 0x74, 0x39, 0x32, 0x35, 0x35, 0x29, 0x3f, 
    0x72, 0x29, 0x73, 0x74, 0x3c, 0x35, 0x28, 0x1f, 0x3b, 0x39, 0x32, 0x72, 
    0x1f, 0x67, 0x64, 0x21, 0x22, 0x67, 0x1f, 0x74, 0x3c, 0x33, 0x3f, 0x36, 
    0x3e, 0x72, 0x78, 0x33, 0x0a, 0x33, 0x39, 0x31, 0x0e, 0x33, 0x37, 0x3f, 
    0x09, 0x2a, 0x3b, 0x34, 0x78, 0x73, 0x74, 0x2c, 0x3b, 0x36, 0x2f, 0x3f, 
    0x27, 0x73, 0x76, 0x10, 0x72, 0x21, 0x35, 0x2a, 0x3f, 0x28, 0x3b, 0x2e, 
    0x35, 0x28, 0x13, 0x3e, 0x60, 0x09, 0x76, 0x2a, 0x36, 0x3b, 0x23, 0x3f, 
    0x28, 0x29, 0x60, 0x08, 0x76, 0x3e, 0x28, 0x3b, 0x3c, 0x2e, 0x0e, 0x33, 
    0x37, 0x3f, 0x60, 0x22, 0x76, 0x37, 0x3b, 0x2a, 0x1e, 0x28, 0x3b, 0x2d, 
    0x60, 0x03, 0x76, 0x2e, 0x33, 0x37, 0x3f, 0x29, 0x2e, 0x3b, 0x37, 0x2a, 
    0x60, 0x34, 0x3f, 0x2d, 0x7a, 0x1e, 0x3b, 0x2e, 0x3f, 0x72, 0x73, 0x74, 
    0x2e, 0x35, 0x13, 0x09, 0x15, 0x09, 0x2e, 0x28, 0x33, 0x34, 0x3d, 0x72, 
    0x73, 0x27, 0x73, 0x27, 0x39, 0x3b, 0x2e, 0x39, 0x32, 0x72, 0x09, 0x73, 
    0x21, 0x3c, 0x72, 0x78, 0x12, 0x35, 0x35, 0x31, 0x78, 0x76, 0x3a, 0x1f, 
    0x28, 0x28, 0x35, 0x28, 0x7a, 0x33, 0x34, 0x7a, 0x08, 0x3f, 0x39, 0x3f, 
    0x09, 0x2e, 0x3b, 0x28, 0x2e, 0x09, 0x3f, 0x39, 0x35, 0x34, 0x3e, 0x0a, 
    0x33, 0x39, 0x31, 0x09, 0x2e, 0x3b, 0x2e, 0x3f, 0x60, 0x7a, 0x7e, 0x21, 
    0x09, 0x74, 0x37, 0x3f, 0x29, 0x29, 0x3b, 0x3d, 0x3f, 0x27, 0x3a, 0x73, 
    0x27, 0x27, 0x27, 0x73, 0x27, 0x73, 0x61, 0x36, 0x3f, 0x2e, 0x7a, 0x2d, 
    0x67, 0x2e, 0x74, 0x37, 0x3f, 0x2e, 0x32, 0x35, 0x3e, 0x72, 0x78, 0x1d, 
    0x3f, 0x2e, 0x18, 0x3b, 0x2e, 0x2e, 0x36, 0x3f, 0x0a, 0x36, 0x3b, 0x23, 
    0x3f, 0x28, 0x13, 0x34, 0x3c, 0x35, 0x78, 0x73, 0x61, 0x2d, 0x7c, 0x7c, 
    0x13, 0x34, 0x2e, 0x3f, 0x28, 0x39, 0x3f, 0x2a, 0x2e, 0x35, 0x28, 0x74, 
    0x3b, 0x2e, 0x2e, 0x3b, 0x39, 0x32, 0x72, 0x2d, 0x74, 0x2c, 0x33, 0x28, 
    0x2e, 0x2f, 0x3b, 0x36, 0x1b, 0x3e, 0x3e, 0x28, 0x3f, 0x29, 0x29, 0x76, 
    0x21, 0x35, 0x34, 0x1f, 0x34, 0x2e, 0x3f, 0x28, 0x60, 0x3c, 0x2f, 0x34, 
    0x39, 0x2e, 0x33, 0x35, 0x34, 0x72, 0x23, 0x73, 0x21, 0x2e, 0x28, 0x23, 
    0x21, 0x36, 0x3f, 0x2e, 0x7a, 0x0e, 0x67, 0x16, 0x72, 0x2e, 0x73, 0x61, 
    0x3c, 0x72, 0x78, 0x12, 0x35, 0x35, 0x31, 0x78, 0x76, 0x3a, 0x1d, 0x3f, 
    0x2e, 0x18, 0x3b, 0x2e, 0x2e, 0x36, 0x3f, 0x0a, 0x36, 0x3b, 0x23, 0x3f, 
    0x28, 0x13, 0x34, 0x3c, 0x35, 0x7a, 0x35, 0x2a, 0x7a, 0x13, 0x1e, 0x60, 
    0x7a, 0x7e, 0x21, 0x0e, 0x27, 0x3a, 0x73, 0x27, 0x39, 0x3b, 0x2e, 0x39, 
    0x32, 0x72, 0x0e, 0x73, 0x21, 0x3c, 0x72, 0x78, 0x12, 0x35, 0x35, 0x31, 
    0x78, 0x76, 0x3a, 0x1f, 0x28, 0x28, 0x35, 0x28, 0x7a, 0x33, 0x34, 0x7a, 
    0x1d, 0x3f, 0x2e, 0x18, 0x3b, 0x2e, 0x2e, 0x36, 0x3f, 0x0a, 0x36, 0x3b, 
    0x23, 0x3f, 0x28, 0x13, 0x34, 0x3c, 0x35, 0x60, 0x7a, 0x7e, 0x21, 0x0e, 
    0x74, 0x37, 0x3f, 0x29, 0x29, 0x3b, 0x3d, 0x3f, 0x27, 0x3a, 0x73, 0x27, 
    0x27, 0x27, 0x73, 0x61, 0x36, 0x3f, 0x2e, 0x7a, 0x1b, 0x67, 0x6a, 0x61, 
    0x3c, 0x2f, 0x34, 0x39, 0x2e, 0x33, 0x35, 0x34, 0x7a, 0x0f, 0x72, 0x73, 
    0x21, 0x2e, 0x28, 0x23, 0x21, 0x36, 0x3f, 0x2e, 0x7a, 0x23, 0x67, 0x16, 
    0x72, 0x2e, 0x73, 0x61, 0x23, 0x65, 0x3c, 0x72, 0x78, 0x08, 0x1f, 0x09, 
    0x0e, 0x7a, 0x1b, 0x0a, 0x13, 0x7a, 0x0f, 0x29, 0x3f, 0x28, 0x78, 0x76, 
    0x3a, 0x15, 0x2a, 0x3f, 0x28, 0x3b, 0x2e, 0x35, 0x28, 0x7a, 0x13, 0x1e, 
    0x7a, 0x3c, 0x35, 0x2f, 0x34, 0x3e, 0x7a, 0x3e, 0x2f, 0x28, 0x33, 0x34, 
    0x3d, 0x7a, 0x29, 0x2e, 0x3b, 0x28, 0x2e, 0x2f, 0x2a, 0x7a, 0x2a, 0x35, 
    0x36, 0x36, 0x60, 0x7a, 0x7e, 0x21, 0x23, 0x27, 0x3a, 0x73, 0x60, 0x72, 
    0x1b, 0x71, 0x71, 0x76, 0x1b, 0x66, 0x6c, 0x6a, 0x7c, 0x7c, 0x29, 0x3f, 
    0x2e, 0x0e, 0x33, 0x37, 0x3f, 0x35, 0x2f, 0x2e, 0x72, 0x0f, 0x76, 0x6b, 
    0x3f, 0x69, 0x73, 0x73, 0x27, 0x39, 0x3b, 0x2e, 0x39, 0x32, 0x21, 0x1b, 
    0x71, 0x71, 0x76, 0x1b, 0x66, 0x6c, 0x6a, 0x7c, 0x7c, 0x29, 0x3f, 0x2e, 
    0x0e, 0x33, 0x37, 0x3f, 0x35, 0x2f, 0x2e, 0x72, 0x0f, 0x76, 0x6b, 0x3f, 
    0x69, 0x73, 0x27, 0x27, 0x0f, 0x72, 0x73, 0x27, 0x2e, 0x28, 0x23, 0x21, 
    0x35, 0x3f, 0x72, 0x73, 0x27, 0x39, 0x3b, 0x2e, 0x39, 0x32, 0x21, 0x27, 
    0x2c, 0x3b, 0x28, 0x7a, 0x32, 0x3f, 0x67, 0x78, 0x36, 0x33, 0x38, 0x36, 
    0x35, 0x3d, 0x33, 0x39, 0x74, 0x29, 0x35, 0x78, 0x61, 0x3c, 0x72, 0x78, 
    0x18, 0x35, 0x35, 0x2e, 0x29, 0x2e, 0x28, 0x3b, 0x2a, 0x78, 0x76, 0x78, 
    0x17, 0x3f, 0x34, 0x2f, 0x34, 0x3d, 0x3d, 0x2f, 0x7a, 0x36, 0x33, 0x38, 
    0x28, 0x3b, 0x28, 0x23, 0x7a, 0x36, 0x33, 0x38, 0x36, 0x35, 0x3d, 0x33, 
    0x39, 0x74, 0x29, 0x35, 0x7a, 0x2e, 0x3f, 0x28, 0x37, 0x2f, 0x3b, 0x2e, 
    0x74, 0x74, 0x74, 0x78, 0x73, 0x61, 0x3c, 0x2f, 0x34, 0x39, 0x2e, 0x33, 
    0x35, 0x34, 0x7a, 0x20, 0x3f, 0x72, 0x73, 0x21, 0x3c, 0x72, 0x78, 0x18, 
    0x35, 0x35, 0x2e, 0x29, 0x2e, 0x28, 0x3b, 0x2a, 0x78, 0x76, 0x78, 0x0d, 
    0x3b, 0x33, 0x2e, 0x33, 0x34, 0x3d, 0x7a, 0x3c, 0x35, 0x28, 0x7a, 0x1f, 
    0x1d, 0x16, 0x7a, 0x08, 0x3f, 0x34, 0x3e, 0x3f, 0x28, 0x33, 0x34, 0x3d, 
    0x7a, 0x2e, 0x35, 0x7a, 0x38, 0x3f, 0x7a, 0x28, 0x3f, 0x3b, 0x3e, 0x23, 
    0x74, 0x74, 0x74, 0x78, 0x73, 0x61, 0x36, 0x3f, 0x2e, 0x7a, 0x3f, 0x67, 
    0x34, 0x2f, 0x36, 0x36, 0x76, 0x2e, 0x67, 0x0a, 0x28, 0x35, 0x39, 0x3f, 
    0x29, 0x29, 0x74, 0x3c, 0x33, 0x34, 0x3e, 0x17, 0x35, 0x3e, 0x2f, 0x36, 
    0x3f, 0x18, 0x23, 0x14, 0x3b, 0x37, 0x3f, 0x72, 0x78, 0x36, 0x33, 0x38, 
    0x1f, 0x1d, 0x16, 0x74, 0x29, 0x35, 0x78, 0x73, 0x26, 0x26, 0x0a, 0x28, 
    0x35, 0x39, 0x3f, 0x29, 0x29, 0x74, 0x3c, 0x33, 0x34, 0x3e, 0x17, 0x35, 
    0x3e, 0x2f, 0x36, 0x3f, 0x18, 0x23, 0x14, 0x3b, 0x37, 0x3f, 0x72, 0x78, 
    0x36, 0x33, 0x38, 0x1d, 0x16, 0x1f, 0x09, 0x2c, 0x68, 0x74, 0x29, 0x35, 
    0x78, 0x73, 0x61, 0x33, 0x3c, 0x72, 0x2e, 0x73, 0x2e, 0x28, 0x23, 0x21, 
    0x3f, 0x67, 0x2e, 0x74, 0x3d, 0x3f, 0x2e, 0x1f, 0x22, 0x2a, 0x35, 0x28, 
    0x2e, 0x18, 0x23, 0x14, 0x3b, 0x37, 0x3f, 0x72, 0x78, 0x3f, 0x3d, 0x36, 
    0x09, 0x2d, 0x3b, 0x2a, 0x18, 0x2f, 0x3c, 0x3c, 0x3f, 0x28, 0x29, 0x78, 
    0x73, 0x27, 0x39, 0x3b, 0x2e, 0x39, 0x32, 0x21, 0x3f, 0x67, 0x34, 0x2f, 
    0x36, 0x36, 0x27, 0x33, 0x3c, 0x72, 0x7b, 0x3f, 0x73, 0x2e, 0x28, 0x23, 
    0x21, 0x3f, 0x67, 0x17, 0x35, 0x3e, 0x2f, 0x36, 0x3f, 0x74, 0x3c, 0x33, 
    0x34, 0x3e, 0x1f, 0x22, 0x2a, 0x35, 0x28, 0x2e, 0x18, 0x23, 0x14, 0x3b, 
    0x37, 0x3f, 0x72, 0x34, 0x2f, 0x36, 0x36, 0x76, 0x78, 0x3f, 0x3d, 0x36, 
    0x09, 0x2d, 0x3b, 0x2a, 0x18, 0x2f, 0x3c, 0x3c, 0x3f, 0x28, 0x29, 0x78, 
    0x73, 0x27, 0x39, 0x3b, 0x2e, 0x39, 0x32, 0x21, 0x3f, 0x67, 0x34, 0x2f, 
    0x36, 0x36, 0x27, 0x33, 0x3c, 0x72, 0x3f, 0x73, 0x21, 0x36, 0x3f, 0x2e, 
    0x7a, 0x33, 0x67, 0x6a, 0x76, 0x34, 0x67, 0x13, 0x34, 0x2e, 0x3f, 0x28, 
    0x39, 0x3f, 0x2a, 0x2e, 0x35, 0x28, 0x74, 0x3b, 0x2e, 0x2e, 0x3b, 0x39, 
    0x32, 0x72, 0x3f, 0x76, 0x21, 0x35, 0x34, 0x1f, 0x34, 0x2e, 0x3f, 0x28, 
    0x60, 0x3c, 0x2f, 0x34, 0x39, 0x2e, 0x33, 0x35, 0x34, 0x72, 0x28, 0x73, 
    0x21, 0x33, 0x71, 0x71, 0x76, 0x33, 0x64, 0x67, 0x68, 0x7c, 0x7c, 0x72, 
    0x34, 0x74, 0x3e, 0x3f, 0x2e, 0x3b, 0x39, 0x32, 0x72, 0x73, 0x76, 0x3c, 
    0x72, 0x78, 0x18, 0x35, 0x35, 0x2e, 0x29, 0x2e, 0x28, 0x3b, 0x2a, 0x78, 
    0x76, 0x78, 0x1f, 0x1d, 0x16, 0x7a, 0x08, 0x3f, 0x34, 0x3e, 0x3f, 0x28, 
    0x33, 0x34, 0x3d, 0x7a, 0x33, 0x29, 0x7a, 0x08, 0x1f, 0x1b, 0x1e, 0x03, 
    0x74, 0x78, 0x73, 0x76, 0x0c, 0x3f, 0x72, 0x73, 0x73, 0x27, 0x27, 0x73, 
    0x27, 0x3f, 0x36, 0x29, 0x3f, 0x7a, 0x29, 0x3f, 0x2e, 0x0e, 0x33, 0x37, 
    0x3f, 0x35, 0x2f, 0x2e, 0x72, 0x20, 0x3f, 0x76, 0x6f, 0x6a, 0x73, 0x27, 
    0x3c, 0x2f, 0x34, 0x39, 0x2e, 0x33, 0x35, 0x34, 0x7a, 0x0c, 0x3f, 0x72, 
    0x73, 0x21, 0x3c, 0x72, 0x78, 0x18, 0x35, 0x35, 0x2e, 0x29, 0x2e, 0x28, 
    0x3b, 0x2a, 0x78, 0x76, 0x3a, 0x17, 0x35, 0x34, 0x33, 0x2e, 0x35, 0x28, 
    0x33, 0x34, 0x3d, 0x7a, 0x3c, 0x35, 0x28, 0x7a, 0x7e, 0x21, 0x32, 0x3f, 
    0x27, 0x74, 0x74, 0x74, 0x3a, 0x73, 0x61, 0x36, 0x3f, 0x2e, 0x7a, 0x3f, 
    0x67, 0x0a, 0x28, 0x35, 0x39, 0x3f, 0x29, 0x29, 0x74, 0x3c, 0x33, 0x34, 
    0x3e, 0x17, 0x35, 0x3e, 0x2f, 0x36, 0x3f, 0x18, 0x23, 0x14, 0x3b, 0x37, 
    0x3f, 0x72, 0x32, 0x3f, 0x73, 0x61, 0x33, 0x3c, 0x72, 0x3f, 0x73, 0x30, 
    0x3f, 0x72, 0x3f, 0x73, 0x61, 0x3f, 0x36, 0x29, 0x3f, 0x21, 0x36, 0x3f, 
    0x2e, 0x7a, 0x2e, 0x67, 0x34, 0x2f, 0x36, 0x36, 0x61, 0x2e, 0x28, 0x23, 
    0x21, 0x2e, 0x67, 0x17, 0x35, 0x3e, 0x2f, 0x36, 0x3f, 0x74, 0x3c, 0x33, 
    0x34, 0x3e, 0x1f, 0x22, 0x2a, 0x35, 0x28, 0x2e, 0x18, 0x23, 0x14, 0x3b, 
    0x37, 0x3f, 0x72, 0x34, 0x2f, 0x36, 0x36, 0x76, 0x78, 0x3b, 0x34, 0x3e, 
    0x28, 0x35, 0x33, 0x3e, 0x05, 0x3e, 0x36, 0x35, 0x2a, 0x3f, 0x34, 0x05, 
    0x3f, 0x22, 0x2e, 0x78, 0x73, 0x26, 0x26, 0x17, 0x35, 0x3e, 0x2f, 0x36, 
    0x3f, 0x74, 0x3c, 0x33, 0x34, 0x3e, 0x1f, 0x22, 0x2a, 0x35, 0x28, 0x2e, 
    0x18, 0x23, 0x14, 0x3b, 0x37, 0x3f, 0x72, 0x34, 0x2f, 0x36, 0x36, 0x76, 
    0x78, 0x3e, 0x36, 0x35, 0x2a, 0x3f, 0x34, 0x78, 0x73, 0x27, 0x39, 0x3b, 
    0x2e, 0x39, 0x32, 0x21, 0x36, 0x3f, 0x2e, 0x7a, 0x34, 0x67, 0x0a, 0x28, 
    0x35, 0x39, 0x3f, 0x29, 0x29, 0x74, 0x3c, 0x33, 0x34, 0x3e, 0x17, 0x35, 
    0x3e, 0x2f, 0x36, 0x3f, 0x18, 0x23, 0x14, 0x3b, 0x37, 0x3f, 0x72, 0x78, 
    0x36, 0x33, 0x38, 0x39, 0x74, 0x29, 0x35, 0x78, 0x73, 0x61, 0x33, 0x3c, 
    0x72, 0x34, 0x73, 0x2e, 0x28, 0x23, 0x21, 0x2e, 0x67, 0x34, 0x74, 0x3d, 
    0x3f, 0x2e, 0x1f, 0x22, 0x2a, 0x35, 0x28, 0x2e, 0x18, 0x23, 0x14, 0x3b, 
    0x37, 0x3f, 0x72, 0x78, 0x3b, 0x34, 0x3e, 0x28, 0x35, 0x33, 0x3e, 0x05, 
    0x3e, 0x36, 0x35, 0x2a, 0x3f, 0x34, 0x05, 0x3f, 0x22, 0x2e, 0x78, 0x73, 
    0x26, 0x26, 0x34, 0x74, 0x3d, 0x3f, 0x2e, 0x1f, 0x22, 0x2a, 0x35, 0x28, 
    0x2e, 0x18, 0x23, 0x14, 0x3b, 0x37, 0x3f, 0x72, 0x78, 0x3e, 0x36, 0x35, 
    0x2a, 0x3f, 0x34, 0x78, 0x73, 0x27, 0x39, 0x3b, 0x2e, 0x39, 0x32, 0x21, 
    0x2e, 0x67, 0x34, 0x2f, 0x36, 0x36, 0x27, 0x27, 0x33, 0x3c, 0x72, 0x2e, 
    0x73, 0x21, 0x36, 0x3f, 0x2e, 0x7a, 0x33, 0x67, 0x13, 0x34, 0x2e, 0x3f, 
    0x28, 0x39, 0x3f, 0x2a, 0x2e, 0x35, 0x28, 0x74, 0x3b, 0x2e, 0x2e, 0x3b, 
    0x39, 0x32, 0x72, 0x2e, 0x76, 0x21, 0x35, 0x34, 0x1f, 0x34, 0x2e, 0x3f, 
    0x28, 0x60, 0x3c, 0x2f, 0x34, 0x39, 0x2e, 0x33, 0x35, 0x34, 0x72, 0x34, 
    0x73, 0x21, 0x2e, 0x32, 0x33, 0x29, 0x74, 0x2a, 0x3b, 0x2e, 0x32, 0x67, 
    0x34, 0x01, 0x6a, 0x07, 0x74, 0x28, 0x3f, 0x3b, 0x3e, 0x0f, 0x2e, 0x3c, 
    0x62, 0x09, 0x2e, 0x28, 0x33, 0x34, 0x3d, 0x72, 0x73, 0x27, 0x76, 0x35, 
    0x34, 0x16, 0x3f, 0x3b, 0x2c, 0x3f, 0x60, 0x3c, 0x2f, 0x34, 0x39, 0x2e, 
    0x33, 0x35, 0x34, 0x72, 0x34, 0x73, 0x21, 0x33, 0x3c, 0x72, 0x2e, 0x32, 
    0x33, 0x29, 0x74, 0x2a, 0x3b, 0x2e, 0x32, 0x7c, 0x7c, 0x2e, 0x32, 0x33, 
    0x29, 0x74, 0x2a, 0x3b, 0x2e, 0x32, 0x74, 0x33, 0x34, 0x3e, 0x3f, 0x22, 
    0x15, 0x3c, 0x72, 0x32, 0x3f, 0x73, 0x7b, 0x67, 0x67, 0x77, 0x6b, 0x73, 
    0x21, 0x33, 0x74, 0x3e, 0x3f, 0x2e, 0x3b, 0x39, 0x32, 0x72, 0x73, 0x61, 
    0x36, 0x3f, 0x2e, 0x7a, 0x28, 0x67, 0x0a, 0x28, 0x35, 0x39, 0x3f, 0x29, 
    0x29, 0x74, 0x3d, 0x3f, 0x2e, 0x17, 0x35, 0x3e, 0x2f, 0x36, 0x3f, 0x18, 
    0x23, 0x14, 0x3b, 0x37, 0x3f, 0x72, 0x32, 0x3f, 0x73, 0x61, 0x30, 0x3f, 
    0x72, 0x28, 0x73, 0x27, 0x27, 0x27, 0x73, 0x27, 0x3f, 0x36, 0x29, 0x3f, 
    0x7a, 0x3c, 0x72, 0x78, 0x18, 0x35, 0x35, 0x2e, 0x29, 0x2e, 0x28, 0x3b, 
    0x2a, 0x78, 0x76, 0x78, 0x1f, 0x28, 0x28, 0x35, 0x28, 0x60, 0x7a, 0x19, 
    0x35, 0x2f, 0x36, 0x3e, 0x7a, 0x34, 0x35, 0x2e, 0x7a, 0x3c, 0x33, 0x34, 
    0x3e, 0x7a, 0x3e, 0x36, 0x35, 0x2a, 0x3f, 0x34, 0x7a, 0x2e, 0x35, 0x7a, 
    0x37, 0x35, 0x34, 0x33, 0x2e, 0x35, 0x28, 0x74, 0x78, 0x73, 0x76, 0x29, 
    0x3f, 0x2e, 0x0e, 0x33, 0x37, 0x3f, 0x35, 0x2f, 0x2e, 0x72, 0x0c, 0x3f, 
    0x76, 0x6b, 0x3f, 0x69, 0x73, 0x27, 0x27, 0x3c, 0x2f, 0x34, 0x39, 0x2e, 
    0x33, 0x35, 0x34, 0x7a, 0x30, 0x3f, 0x72, 0x3f, 0x73, 0x21, 0x36, 0x3f, 
    0x2e, 0x7a, 0x2e, 0x67, 0x3f, 0x74, 0x3c, 0x33, 0x34, 0x3e, 0x1f, 0x22, 
    0x2a, 0x35, 0x28, 0x2e, 0x18, 0x23, 0x14, 0x3b, 0x37, 0x3f, 0x65, 0x3f, 
    0x74, 0x3c, 0x33, 0x34, 0x3e, 0x1f, 0x22, 0x2a, 0x35, 0x28, 0x2e, 0x18, 
    0x23, 0x14, 0x3b, 0x37, 0x3f, 0x72, 0x78, 0x33, 0x36, 0x68, 0x39, 0x2a, 
    0x2a, 0x05, 0x33, 0x34, 0x33, 0x2e, 0x78, 0x73, 0x60, 0x3f, 0x74, 0x3d, 
    0x3f, 0x2e, 0x1f, 0x22, 0x2a, 0x35, 0x28, 0x2e, 0x18, 0x23, 0x14, 0x3b, 
    0x37, 0x3f, 0x72, 0x78, 0x33, 0x36, 0x68, 0x39, 0x2a, 0x2a, 0x05, 0x33, 
    0x34, 0x33, 0x2e, 0x78, 0x73, 0x61, 0x33, 0x3c, 0x72, 0x2e, 0x73, 0x21, 
    0x36, 0x3f, 0x2e, 0x7a, 0x33, 0x67, 0x3f, 0x74, 0x3c, 0x33, 0x34, 0x3e, 
    0x1f, 0x22, 0x2a, 0x35, 0x28, 0x2e, 0x18, 0x23, 0x14, 0x3b, 0x37, 0x3f, 
    0x65, 0x3f, 0x74, 0x3c, 0x33, 0x34, 0x3e, 0x1f, 0x22, 0x2a, 0x35, 0x28, 
    0x2e, 0x18, 0x23, 0x14, 0x3b, 0x37, 0x3f, 0x72, 0x78, 0x33, 0x36, 0x68, 
    0x39, 0x2a, 0x2a, 0x05, 0x3e, 0x35, 0x37, 0x3b, 0x33, 0x34, 0x05, 0x3d, 
    0x3f, 0x2e, 0x78, 0x73, 0x60, 0x3f, 0x74, 0x3d, 0x3f, 0x2e, 0x1f, 0x22, 
    0x2a, 0x35, 0x28, 0x2e, 0x18, 0x23, 0x14, 0x3b, 0x37, 0x3f, 0x72, 0x78, 
    0x33, 0x36, 0x68, 0x39, 0x2a, 0x2a, 0x05, 0x3e, 0x35, 0x37, 0x3b, 0x33, 
    0x34, 0x05, 0x3d, 0x3f, 0x2e, 0x78, 0x73, 0x76, 0x34, 0x67, 0x7b, 0x6b, 
    0x61, 0x33, 0x7c, 0x7c, 0x72, 0x34, 0x3f, 0x2d, 0x7a, 0x14, 0x3b, 0x2e, 
    0x33, 0x2c, 0x3f, 0x1c, 0x2f, 0x34, 0x39, 0x2e, 0x33, 0x35, 0x34, 0x72, 
    0x33, 0x76, 0x78, 0x2a, 0x35, 0x33, 0x34, 0x2e, 0x3f, 0x28, 0x78, 0x76, 
    0x01, 0x07, 0x73, 0x72, 0x73, 0x74, 0x33, 0x29, 0x14, 0x2f, 0x36, 0x36, 
    0x72, 0x73, 0x26, 0x26, 0x72, 0x34, 0x67, 0x7b, 0x6a, 0x73, 0x73, 0x76, 
    0x34, 0x65, 0x72, 0x3c, 0x72, 0x78, 0x18, 0x35, 0x35, 0x2e, 0x29, 0x2e, 
    0x28, 0x3b, 0x2a, 0x78, 0x76, 0x3a, 0x7e, 0x21, 0x3f, 0x74, 0x34, 0x3b, 
    0x37, 0x3f, 0x27, 0x7a, 0x33, 0x29, 0x7a, 0x1b, 0x16, 0x08, 0x1f, 0x1b, 
    0x1e, 0x03, 0x7a, 0x33, 0x34, 0x33, 0x2e, 0x33, 0x3b, 0x36, 0x33, 0x20, 
    0x3f, 0x3e, 0x74, 0x7a, 0x1f, 0x22, 0x3f, 0x39, 0x2f, 0x2e, 0x33, 0x34, 
    0x3d, 0x7a, 0x32, 0x35, 0x35, 0x31, 0x29, 0x7a, 0x34, 0x35, 0x2d, 0x74, 
    0x74, 0x74, 0x3a, 0x73, 0x76, 0x16, 0x3f, 0x72, 0x3f, 0x73, 0x73, 0x60, 
    0x13, 0x34, 0x2e, 0x3f, 0x28, 0x39, 0x3f, 0x2a, 0x2e, 0x35, 0x28, 0x74, 
    0x3b, 0x2e, 0x2e, 0x3b, 0x39, 0x32, 0x72, 0x2e, 0x76, 0x21, 0x35, 0x34, 
    0x16, 0x3f, 0x3b, 0x2c, 0x3f, 0x60, 0x3c, 0x2f, 0x34, 0x39, 0x2e, 0x33, 
    0x35, 0x34, 0x72, 0x28, 0x73, 0x21, 0x3c, 0x72, 0x78, 0x18, 0x35, 0x35, 
    0x2e, 0x29, 0x2e, 0x28, 0x3b, 0x2a, 0x78, 0x76, 0x3a, 0x7e, 0x21, 0x3f, 
    0x74, 0x34, 0x3b, 0x37, 0x3f, 0x27, 0x7a, 0x72, 0x33, 0x36, 0x68, 0x39, 
    0x2a, 0x2a, 0x05, 0x33, 0x34, 0x33, 0x2e, 0x73, 0x7a, 0x3c, 0x33, 0x34, 
    0x33, 0x29, 0x32, 0x3f, 0x3e, 0x74, 0x7a, 0x1f, 0x22, 0x3f, 0x39, 0x2f, 
    0x2e, 0x33, 0x34, 0x3d, 0x7a, 0x32, 0x35, 0x35, 0x31, 0x29, 0x74, 0x74, 
    0x74, 0x3a, 0x73, 0x76, 0x16, 0x3f, 0x72, 0x3f, 0x73, 0x27, 0x27, 0x73, 
    0x27, 0x3f, 0x36, 0x29, 0x3f, 0x7a, 0x3c, 0x72, 0x78, 0x18, 0x35, 0x35, 
    0x2e, 0x29, 0x2e, 0x28, 0x3b, 0x2a, 0x78, 0x76, 0x3a, 0x1f, 0x28, 0x28, 
    0x35, 0x28, 0x60, 0x7a, 0x33, 0x36, 0x68, 0x39, 0x2a, 0x2a, 0x05, 0x33, 
    0x34, 0x33, 0x2e, 0x7a, 0x34, 0x35, 0x2e, 0x7a, 0x3c, 0x35, 0x2f, 0x34, 
    0x3e, 0x7a, 0x33, 0x34, 0x7a, 0x7e, 0x21, 0x3f, 0x74, 0x34, 0x3b, 0x37, 
    0x3f, 0x27, 0x3a, 0x73, 0x27, 0x3c, 0x2f, 0x34, 0x39, 0x2e, 0x33, 0x35, 
    0x34, 0x7a, 0x3d, 0x3f, 0x72, 0x3f, 0x76, 0x2e, 0x73, 0x21, 0x13, 0x36, 
    0x68, 0x19, 0x2a, 0x2a, 0x74, 0x37, 0x3b, 0x33, 0x34, 0x0e, 0x32, 0x28, 
    0x3f, 0x3b, 0x3e, 0x74, 0x29, 0x39, 0x32, 0x3f, 0x3e, 0x2f, 0x36, 0x3f, 
    0x72, 0x72, 0x73, 0x67, 0x64, 0x21, 0x36, 0x3f, 0x2e, 0x7a, 0x33, 0x67, 
    0x13, 0x36, 0x68, 0x19, 0x2a, 0x2a, 0x74, 0x3e, 0x35, 0x37, 0x3b, 0x33, 
    0x34, 0x74, 0x3b, 0x29, 0x29, 0x3f, 0x37, 0x38, 0x36, 0x23, 0x72, 0x78, 
    0x1b, 0x29, 0x29, 0x3f, 0x37, 0x38, 0x36, 0x23, 0x77, 0x19, 0x09, 0x32, 
    0x3b, 0x28, 0x2a, 0x78, 0x73, 0x74, 0x33, 0x37, 0x3b, 0x3d, 0x3f, 0x74, 
    0x39, 0x36, 0x3b, 0x29, 0x29, 0x72, 0x78, 0x09, 0x23, 0x29, 0x2e, 0x3f, 
    0x37, 0x0e, 0x33, 0x2a, 0x1e, 0x3b, 0x2e, 0x3b, 0x78, 0x73, 0x76, 0x34, 
    0x67, 0x13, 0x36, 0x68, 0x19, 0x2a, 0x2a, 0x74, 0x3e, 0x35, 0x37, 0x3b, 
    0x33, 0x34, 0x74, 0x3b, 0x29, 0x29, 0x3f, 0x37, 0x38, 0x36, 0x23, 0x72, 
    0x78, 0x1b, 0x29, 0x29, 0x3f, 0x37, 0x38, 0x36, 0x23, 0x77, 0x19, 0x09, 
    0x32, 0x3b, 0x28, 0x2a, 0x78, 0x73, 0x74, 0x33, 0x37, 0x3b, 0x3d, 0x3f, 
    0x74, 0x39, 0x36, 0x3b, 0x29, 0x29, 0x72, 0x78, 0x0f, 0x13, 0x09, 0x23, 
    0x29, 0x2e, 0x3f, 0x37, 0x0e, 0x33, 0x2a, 0x78, 0x73, 0x76, 0x28, 0x67, 
    0x13, 0x36, 0x68, 0x19, 0x2a, 0x2a, 0x74, 0x3e, 0x35, 0x37, 0x3b, 0x33, 
    0x34, 0x74, 0x3b, 0x29, 0x29, 0x3f, 0x37, 0x38, 0x36, 0x23, 0x72, 0x78, 
    0x1b, 0x29, 0x29, 0x3f, 0x37, 0x38, 0x36, 0x23, 0x77, 0x19, 0x09, 0x32, 
    0x3b, 0x28, 0x2a, 0x78, 0x73, 0x74, 0x33, 0x37, 0x3b, 0x3d, 0x3f, 0x74, 
    0x39, 0x36, 0x3b, 0x29, 0x29, 0x72, 0x78, 0x3f, 0x09, 0x23, 0x29, 0x2e, 
    0x3f, 0x37, 0x0e, 0x33, 0x2a, 0x0e, 0x23, 0x2a, 0x3f, 0x78, 0x73, 0x61, 
    0x33, 0x3c, 0x72, 0x7b, 0x33, 0x26, 0x26, 0x7b, 0x34, 0x26, 0x26, 0x7b, 
    0x28, 0x73, 0x21, 0x39, 0x35, 0x34, 0x29, 0x35, 0x36, 0x3f, 0x74, 0x36, 
    0x35, 0x3d, 0x72, 0x78, 0x01, 0x77, 0x07, 0x7a, 0x0f, 0x13, 0x09, 0x23, 
    0x29, 0x2e, 0x3f, 0x37, 0x0e, 0x33, 0x2a, 0x7a, 0x39, 0x36, 0x3b, 0x29, 
    0x29, 0x3f, 0x29, 0x7a, 0x34, 0x35, 0x2e, 0x7a, 0x3c, 0x35, 0x2f, 0x34, 
    0x3e, 0x74, 0x78, 0x73, 0x61, 0x28, 0x3f, 0x2e, 0x2f, 0x28, 0x34, 0x27, 
    0x36, 0x3f, 0x2e, 0x7a, 0x29, 0x67, 0x34, 0x74, 0x37, 0x3f, 0x2e, 0x32, 
    0x35, 0x3e, 0x72, 0x78, 0x3d, 0x3f, 0x2e, 0x05, 0x13, 0x34, 0x29, 0x2e, 
    0x3b, 0x34, 0x39, 0x3f, 0x78, 0x73, 0x74, 0x33, 0x34, 0x2c, 0x35, 0x31, 
    0x3f, 0x72, 0x73, 0x61, 0x33, 0x3c, 0x72, 0x72, 0x7b, 0x29, 0x26, 0x26, 
    0x29, 0x74, 0x32, 0x3b, 0x34, 0x3e, 0x36, 0x3f, 0x74, 0x33, 0x29, 0x14, 
    0x2f, 0x36, 0x36, 0x72, 0x73, 0x73, 0x7c, 0x7c, 0x72, 0x29, 0x67, 0x34, 
    0x74, 0x3c, 0x33, 0x3f, 0x36, 0x3e, 0x72, 0x78, 0x05, 0x33, 0x34, 0x29, 
    0x2e, 0x3b, 0x36, 0x36, 0x78, 0x73, 0x74, 0x2c, 0x3b, 0x36, 0x2f, 0x3f, 
    0x73, 0x76, 0x7b, 0x29, 0x26, 0x26, 0x29, 0x74, 0x32, 0x3b, 0x34, 0x3e, 
    0x36, 0x3f, 0x74, 0x33, 0x29, 0x14, 0x2f, 0x36, 0x36, 0x72, 0x73, 0x73, 
    0x21, 0x39, 0x35, 0x34, 0x29, 0x35, 0x36, 0x3f, 0x74, 0x36, 0x35, 0x3d, 
    0x72, 0x78, 0x01, 0x77, 0x07, 0x7a, 0x0f, 0x13, 0x09, 0x23, 0x29, 0x2e, 
    0x3f, 0x37, 0x0e, 0x33, 0x2a, 0x7a, 0x33, 0x34, 0x29, 0x2e, 0x3b, 0x34, 
    0x39, 0x3f, 0x7a, 0x34, 0x35, 0x2e, 0x7a, 0x3b, 0x39, 0x2e, 0x33, 0x2c, 
    0x3f, 0x7a, 0x33, 0x34, 0x7a, 0x39, 0x2f, 0x28, 0x28, 0x3f, 0x34, 0x2e, 
    0x7a, 0x29, 0x39, 0x3f, 0x34, 0x3f, 0x74, 0x78, 0x73, 0x61, 0x28, 0x3f, 
    0x2e, 0x2f, 0x28, 0x34, 0x27, 0x36, 0x3f, 0x2e, 0x7a, 0x3b, 0x67, 0x33, 
    0x74, 0x3b, 0x36, 0x36, 0x35, 0x39, 0x72, 0x73, 0x61, 0x3b, 0x74, 0x37, 
    0x3f, 0x2e, 0x32, 0x35, 0x3e, 0x72, 0x78, 0x74, 0x39, 0x2e, 0x35, 0x28, 
    0x78, 0x73, 0x74, 0x33, 0x34, 0x2c, 0x35, 0x31, 0x3f, 0x72, 0x73, 0x76, 
    0x3b, 0x74, 0x3c, 0x33, 0x3f, 0x36, 0x3e, 0x72, 0x78, 0x29, 0x2e, 0x28, 
    0x0e, 0x33, 0x2a, 0x78, 0x73, 0x74, 0x2c, 0x3b, 0x36, 0x2f, 0x3f, 0x67, 
    0x13, 0x36, 0x68, 0x19, 0x2a, 0x2a, 0x74, 0x29, 0x2e, 0x28, 0x33, 0x34, 
    0x3d, 0x72, 0x2e, 0x73, 0x76, 0x3b, 0x74, 0x3c, 0x33, 0x3f, 0x36, 0x3e, 
    0x72, 0x78, 0x29, 0x2e, 0x28, 0x19, 0x37, 0x3e, 0x78, 0x73, 0x74, 0x2c, 
    0x3b, 0x36, 0x2f, 0x3f, 0x67, 0x13, 0x36, 0x68, 0x19, 0x2a, 0x2a, 0x74, 
    0x29, 0x2e, 0x28, 0x33, 0x34, 0x3d, 0x72, 0x78, 0x15, 0x11, 0x78, 0x73, 
    0x76, 0x3b, 0x74, 0x3c, 0x33, 0x3f, 0x36, 0x3e, 0x72, 0x78, 0x29, 0x2e, 
    0x28, 0x19, 0x3b, 0x34, 0x39, 0x3f, 0x36, 0x78, 0x73, 0x74, 0x2c, 0x3b, 
    0x36, 0x2f, 0x3f, 0x67, 0x13, 0x36, 0x68, 0x19, 0x2a, 0x2a, 0x74, 0x29, 
    0x2e, 0x28, 0x33, 0x34, 0x3d, 0x72, 0x78, 0x19, 0x3b, 0x34, 0x39, 0x3f, 
    0x36, 0x78, 0x73, 0x61, 0x36, 0x3f, 0x2e, 0x7a, 0x35, 0x67, 0x28, 0x74, 
    0x3c, 0x33, 0x3f, 0x36, 0x3e, 0x72, 0x78, 0x09, 0x33, 0x37, 0x2a, 0x36, 
    0x3f, 0x0e, 0x22, 0x2e, 0x05, 0x19, 0x35, 0x34, 0x3c, 0x33, 0x28, 0x37, 
    0x78, 0x73, 0x74, 0x2c, 0x3b, 0x36, 0x2f, 0x3f, 0x61, 0x3b, 0x74, 0x3c, 
    0x33, 0x3f, 0x36, 0x3e, 0x72, 0x78, 0x2e, 0x23, 0x2a, 0x3f, 0x78, 0x73, 
    0x74, 0x2c, 0x3b, 0x36, 0x2f, 0x3f, 0x67, 0x35, 0x61, 0x36, 0x3f, 0x2e, 
    0x7a, 0x39, 0x67, 0x29, 0x74, 0x3c, 0x33, 0x3f, 0x36, 0x3e, 0x72, 0x78, 
    0x29, 0x2e, 0x28, 0x0e, 0x33, 0x2e, 0x33, 0x36, 0x3f, 0x78, 0x73, 0x26, 
    0x26, 0x29, 0x74, 0x3c, 0x33, 0x3f, 0x36, 0x3e, 0x72, 0x78, 0x29, 0x2e, 
    0x28, 0x0e, 0x33, 0x2e, 0x36, 0x3f, 0x78, 0x73, 0x61, 0x39, 0x7c, 0x7c, 
    0x72, 0x39, 0x74, 0x2c, 0x3b, 0x36, 0x2f, 0x3f, 0x67, 0x13, 0x36, 0x68, 
    0x19, 0x2a, 0x2a, 0x74, 0x29, 0x2e, 0x28, 0x33, 0x34, 0x3d, 0x72, 0x3f, 
    0x73, 0x73, 0x61, 0x36, 0x3f, 0x2e, 0x7a, 0x2f, 0x67, 0x29, 0x74, 0x3c, 
    0x33, 0x3f, 0x36, 0x3e, 0x72, 0x78, 0x3e, 0x3b, 0x2e, 0x3b, 0x78, 0x73, 
    0x61, 0x2f, 0x7c, 0x7c, 0x72, 0x2f, 0x74, 0x2c, 0x3b, 0x36, 0x2f, 0x3f, 
    0x67, 0x3b, 0x73, 0x76, 0x29, 0x74, 0x37, 0x3f, 0x2e, 0x32, 0x35, 0x3e, 
    0x72, 0x78, 0x1b, 0x39, 0x2e, 0x33, 0x2c, 0x3f, 0x78, 0x73, 0x74, 0x33, 
    0x34, 0x2c, 0x35, 0x31, 0x3f, 0x72, 0x3b, 0x73, 0x76, 0x39, 0x35, 0x34, 
    0x29, 0x35, 0x36, 0x3f, 0x74, 0x36, 0x35, 0x3d, 0x72, 0x3a, 0x01, 0x0f, 
    0x13, 0x07, 0x7a, 0x14, 0x35, 0x2e, 0x33, 0x3c, 0x33, 0x39, 0x3b, 0x2e, 
    0x33, 0x35, 0x34, 0x60, 0x7a, 0x01, 0x7e, 0x21, 0x3f, 0x27, 0x07, 0x7a, 
    0x7e, 0x21, 0x2e, 0x27, 0x3a, 0x73, 0x27, 0x73, 0x27, 0x3c, 0x2f, 0x34, 
    0x39, 0x2e, 0x33, 0x35, 0x34, 0x7a, 0x16, 0x3f, 0x72, 0x73, 0x21, 0x13, 
    0x36, 0x68, 0x19, 0x2a, 0x2a, 0x74, 0x7e, 0x39, 0x35, 0x34, 0x3c, 0x33, 
    0x3d, 0x74, 0x37, 0x35, 0x3e, 0x2f, 0x36, 0x3f, 0x14, 0x3b, 0x37, 0x3f, 
    0x67, 0x78, 0x36, 0x33, 0x38, 0x36, 0x35, 0x3d, 0x33, 0x39, 0x74, 0x29, 
    0x35, 0x78, 0x61, 0x2e, 0x28, 0x23, 0x21, 0x35, 0x3f, 0x72, 0x73, 0x27, 
    0x39, 0x3b, 0x2e, 0x39, 0x32, 0x72, 0x33, 0x73, 0x21, 0x3c, 0x72, 0x78, 
    0x18, 0x35, 0x35, 0x2e, 0x29, 0x2e, 0x28, 0x3b, 0x2a, 0x78, 0x76, 0x3a, 
    0x1c, 0x3b, 0x33, 0x36, 0x3f, 0x3e, 0x7a, 0x36, 0x35, 0x3b, 0x3e, 0x33, 
    0x34, 0x3d, 0x7a, 0x29, 0x2e, 0x3b, 0x28, 0x2e, 0x2f, 0x2a, 0x7a, 0x3b, 
    0x2f, 0x2e, 0x32, 0x7a, 0x39, 0x3b, 0x39, 0x32, 0x3f, 0x60, 0x7a, 0x7e, 
    0x21, 0x33, 0x74, 0x37, 0x3f, 0x29, 0x29, 0x3b, 0x3d, 0x3f, 0x27, 0x3a, 
    0x73, 0x27, 0x36, 0x3f, 0x2e, 0x7a, 0x3f, 0x67, 0x13, 0x36, 0x68, 0x19, 
    0x2a, 0x2a, 0x74, 0x3e, 0x35, 0x37, 0x3b, 0x33, 0x34, 0x74, 0x3b, 0x29, 
    0x29, 0x3f, 0x37, 0x38, 0x36, 0x23, 0x72, 0x78, 0x1b, 0x29, 0x29, 0x3f, 
    0x37, 0x38, 0x36, 0x23, 0x77, 0x19, 0x09, 0x32, 0x3b, 0x28, 0x2a, 0x78, 
    0x73, 0x74, 0x33, 0x37, 0x3b, 0x3d, 0x3f, 0x76, 0x2e, 0x67, 0x78, 0x17, 
    0x16, 0x16, 0x1f, 0x1b, 0x11, 0x7a, 0x2c, 0x74, 0x6a, 0x74, 0x6c, 0x78, 
    0x61, 0x29, 0x3f, 0x2e, 0x0e, 0x33, 0x37, 0x3f, 0x35, 0x2f, 0x2e, 0x72, 
    0x72, 0x73, 0x67, 0x64, 0x21, 0x3d, 0x3f, 0x72, 0x2e, 0x76, 0x78, 0x12, 
    0x33, 0x7a, 0x16, 0x3f, 0x3b, 0x31, 0x3f, 0x28, 0x76, 0x7a, 0x09, 0x35, 
    0x28, 0x28, 0x23, 0x7a, 0x2e, 0x35, 0x7a, 0x29, 0x3b, 0x23, 0x7a, 0x37, 
    0x3f, 0x2e, 0x32, 0x35, 0x3e, 0x7a, 0x3c, 0x35, 0x28, 0x7a, 0x32, 0x33, 
    0x3e, 0x3f, 0x7a, 0x2f, 0x33, 0x7a, 0x32, 0x3b, 0x29, 0x7a, 0x38, 0x3f, 
    0x3f, 0x34, 0x7a, 0x39, 0x32, 0x3b, 0x34, 0x3d, 0x3f, 0x7a, 0x38, 0x23, 
    0x7a, 0x37, 0x35, 0x35, 0x34, 0x2e, 0x35, 0x34, 0x74, 0x7a, 0x29, 0x2e, 
    0x3b, 0x23, 0x7a, 0x2e, 0x2f, 0x34, 0x3f, 0x3e, 0x7a, 0x3c, 0x35, 0x28, 
    0x7a, 0x2e, 0x32, 0x3f, 0x7a, 0x34, 0x3f, 0x2d, 0x7a, 0x3c, 0x3f, 0x3b, 
    0x2e, 0x2f, 0x28, 0x3f, 0x74, 0x7a, 0x3c, 0x28, 0x35, 0x37, 0x7a, 0x37, 
    0x36, 0x36, 0x3f, 0x3b, 0x31, 0x7a, 0x3e, 0x3f, 0x2c, 0x7a, 0x60, 0x73, 
    0x78, 0x73, 0x27, 0x76, 0x68, 0x3f, 0x69, 0x73, 0x76, 0x1b, 0x3f, 0x72, 
    0x3f, 0x73, 0x76, 0x14, 0x3f, 0x72, 0x3f, 0x73, 0x76, 0x08, 0x3f, 0x72, 
    0x3f, 0x73, 0x76, 0x7e, 0x3f, 0x72, 0x3f, 0x73, 0x76, 0x1e, 0x3f, 0x72, 
    0x3f, 0x73, 0x27, 0x29, 0x3f, 0x2e, 0x13, 0x37, 0x37, 0x3f, 0x3e, 0x33, 
    0x3b, 0x2e, 0x3f, 0x72, 0x20, 0x3f, 0x73, 0x61, 0x3f, 0x22, 0x2a, 0x35, 
    0x28, 0x2e, 0x21, 0x3d, 0x3f, 0x7a, 0x3b, 0x29, 0x7a, 0x29, 0x32, 0x35, 
    0x2d, 0x1d, 0x3b, 0x37, 0x3f, 0x14, 0x35, 0x2e, 0x33, 0x3c, 0x33, 0x39, 
    0x3b, 0x2e, 0x33, 0x35, 0x34, 0x27, 0x61, 0x50, 
};

#endif
